floorA_days,coupledA_days,floorB_days,coupledB_days
2.220770969537107231e-01,4.534942643423253705e-01,1.455812303526093088e-01,3.892923726533498857e-02
5.077182571161132502e-02,2.638393779229096167e-02,5.607209158234998547e+00,2.686337145184706010e+00
5.876486147514807801e-01,3.026514127791912756e-01,4.060010063736857688e+00,2.554512201656731651e+00
9.816330269581051704e-01,2.030117894460454209e-01,2.071379861411425161e+00,3.451010461240057392e+00
1.098370465340881230e+00,3.648118775780255230e-01,1.119424582094517229e+00,6.974918028586764018e-01
2.867203155350639410e-01,6.012676835142364284e-01,5.888226371238750589e-01,8.874363242123062268e-01
4.859567176319333770e-01,1.511220150826463604e-01,2.215550982389078993e-01,3.771994844150008408e-01
2.431756468044484198e-01,2.142648612857996904e-01,1.010677371928537793e+00,7.789201050164348272e-01
1.390123101902468017e+00,4.942029242765436647e-01,4.203209400738740165e+00,1.413214163483109465e+00
1.100302400573273998e+00,1.612160919657637803e-01,5.906262363474260368e+00,3.174549944241976118e-01
1.494033583364399842e+00,1.077949117798144840e-01,3.344769126160291456e-02,1.033746272856798064e-02
2.029601582749685218e-01,2.400864946657003951e-01,2.341850202995942709e+00,1.061415446594524425e+01
1.484445315713599500e-01,3.085138625481600450e-01,4.163167466639498215e+00,6.865664540665218363e-01
1.926307429467872256e-01,3.556865403467665554e-01,1.276510241380348187e+00,7.813600597718450835e+00
7.953883064566003025e-02,1.458361850917916147e+00,3.091433325481018901e-02,5.968838158918983172e-01
2.298611662065658923e+00,1.182193301578611466e+00,3.326104195996111290e-01,5.975308815883922930e-02
2.250705215390778613e-01,1.042430273339708113e-01,3.261242816806899092e-01,6.986180297470402145e+00
1.207545468336900935e-01,2.029027481829230595e-01,1.025521806168978145e+00,2.349286952071022228e+00
2.297136569968034170e+00,3.202451102885982004e-01,2.176967233699368676e-01,7.597306698407301218e-01
2.029234941194493214e+00,1.594619641587128808e-02,1.689250564692699463e-01,3.242570300692734220e-01
3.551988905126989837e-01,1.417704512414715567e-01,4.295677820684901782e+00,6.994517462436507238e-02
1.606578183230961965e-01,3.939164464786482078e-01,1.953077303731048098e-01,1.124428052741829998e+00
2.974177763314319045e-01,1.663517958413995301e-01,7.048609200940140207e-01,6.622153605171736401e-02
3.119770086023996858e-01,6.597749683585779623e-01,2.860294710651062999e+00,1.075164047626858688e+00
1.281128599829628179e-01,3.915857762126978003e-01,1.067208851736849873e+00,1.021128041094198968e+00
6.530274671631695893e-02,1.335827384154085196e-01,1.004885023622466705e-01,1.029384834762081979e+00
3.313062851556204391e-01,3.082306165495314887e-01,9.759099106250735955e-01,2.722099550937527937e-02
3.251332913647026590e+00,2.960032488881375601e-01,1.202439453856377227e+01,1.272860721018332919e+00
4.803837561252284338e-01,9.699333496516542308e-01,1.417375152955918871e+00,3.881121530697814181e-01
6.073876359860767016e-01,2.040577081909464019e-01,2.005646932723704978e+00,1.416313476272222038e+00
2.679036339663423694e-01,5.559298083671040253e-02,1.535759416990719384e+00,4.476162430992983721e-01
9.432127696463231681e-01,1.322314227247969320e+00,1.091052968431019510e+00,2.925891114332327542e-02
1.770747637127332019e-01,2.145486984381426154e-01,3.353594390059793540e+00,8.066178372238333449e-02
2.121029184730627293e+00,8.398869098822220325e-01,8.491134296002659232e-01,2.680313951114252635e-01
3.089403480270179192e-01,4.476617518879059121e-01,1.333109241537539180e+00,3.923529909865658971e-01
3.367592811824707155e+00,8.272765551153164754e-02,5.741284048856742928e+00,3.481874549989373568e-02
1.473810223505635397e+00,3.193424995824017398e-01,3.502841658348331055e+00,9.361847329158009545e-01
1.338211175951543319e-01,8.009555164793883408e-01,2.043923564717829766e+00,5.706272146910507104e-01
4.089899799326359719e+00,8.639909906691930486e-01,1.462157718636651005e+00,2.803729817664155632e-01
1.288749130227756501e+00,1.431374475830677895e+00,5.092341175972293854e+00,2.072900171558090740e-02
2.229126316504458916e-01,4.904195799637011133e-01,8.283659868260603854e-02,3.157944901424704076e-01
1.923078626234032140e-01,4.418190059619161447e-01,7.283939663149162413e+00,6.000327274865747684e-01
6.363461201236764175e-01,2.610694636384097156e-01,1.748710242263622927e+00,7.944401282014278420e-01
5.995788888183622989e-01,2.975598701490054232e-01,2.421705470227589085e+00,2.120052766781425208e-02
1.661089750766468476e-01,1.618782506739130933e-01,2.170177382623424689e-01,6.664021896617490504e-02
5.073654154590342413e-01,3.977630889870764630e-01,5.998311567488904039e+00,2.383978990101311146e-01
5.241036233270015554e-01,8.577642688072470434e-02,1.496779451948398565e+00,1.022821322669857702e+00
1.656025680192609040e-01,1.362547008154650630e-01,2.720789195992598053e+00,5.077030651031776837e-02
5.995397757811842671e-02,6.426734848764124007e-03,1.326770474088397656e+00,1.864148522937330299e-01
9.877198831219564934e-02,1.751228974638279270e-02,8.936210454073086062e-02,2.641595442599132260e-01
8.984142415470224297e-01,7.274749938075013578e-01,9.259593918928569201e-01,1.746216036720008802e+00
5.494120840879241907e-01,1.117263294381688699e+00,1.934101164944795892e+00,9.016423320533434316e-01
7.008842691843021333e-01,2.120021952253346442e-01,2.119043931145874637e+00,9.830485084365077064e-01
5.014215648290550886e-01,2.168355668140098391e+00,3.441629069559093979e-01,8.821909896742868851e-01
3.368489061478874835e-01,1.258425088974529871e+00,1.444830377730027093e+00,5.954586328925301153e+00
1.084597470497325800e+00,9.357930339812339793e-02,4.429614751835873498e+00,5.030880632680015951e-01
2.842013894826269649e-01,4.820776356988247247e-01,5.274192851614687427e-01,1.878595189945560850e+00
1.482742747878903755e-01,2.669539331948024563e-02,2.856740763961968188e+00,2.355006637201868813e-01
5.092474767832771976e-01,4.389735210738714838e-02,1.094215974703225180e+00,7.193205086959907346e-01
1.384516326038180180e-02,1.661877860703307785e+00,1.600510626197072794e-01,3.604880701657400821e-02
3.984255348350367737e-02,1.997556134389187055e-01,3.110533015320458006e+00,1.144002153303023350e+00
1.102792995817951649e-01,8.847191159254824688e-01,6.559694861500781071e-02,6.643047335530701814e-01
2.236514753221897633e-01,2.747205153423007418e-01,1.769042860434244080e+00,2.676434854390452589e-01
6.372124583203316872e-01,2.644092033578141487e-01,1.149408958746685139e+00,3.399691066215205559e+00
2.902905761477698188e-01,7.720544820154044696e-02,2.330326207481432821e+00,9.995036235673046554e-02
6.181734923147217398e-01,7.193548523527067140e-02,5.665764303727578444e+00,9.785037529464459816e-01
2.056350787568395899e-01,2.897384802731536434e-03,1.889351772801227236e+00,3.539409392871763593e+00
6.842125832591632317e-01,4.047070507392764860e-01,1.069348526805840721e-01,2.434617634926429519e-01
1.239155489017280232e+00,6.441605252212758703e-01,4.995985494200095856e-01,2.215910224106790061e+00
1.276814229538644652e+00,5.410701130115195268e-01,5.477173911111489213e-01,1.866231792155401692e-01
2.020169561036655903e+00,5.091193336982601236e-01,1.469806284633950466e-01,1.870842260900525966e+00
5.332146928332290869e-01,5.235463973817218175e-01,1.363149710470734410e+00,5.833019990062311422e-01
5.247707097303868640e-01,9.656780584309183624e-01,1.379716759605544851e+00,4.448121562997615630e-01
2.164390754959127638e-01,1.990982812590074424e-01,7.755735297738398648e-01,2.854448600364026811e-01
4.956613859518445575e-01,4.220551633420821513e-01,2.553248600544559821e-01,1.440804584131598065e-01
6.265282886930678696e-01,5.620712730223494935e-01,6.677804744166729867e-01,1.086873904589302331e+00
3.913899318625948531e-01,4.344010551128305031e-01,7.058517512689764795e-01,5.545764720680139426e-02
1.668993327360321910e+00,1.766969438887296517e+00,4.884072861607230642e+00,3.783878140741348539e-01
4.510864092190057795e-01,5.800062982552242064e-01,1.356074472071008064e+00,2.158423732193804900e-01
5.252066454310271304e-01,3.284424371001797294e-01,3.607733543237074514e+00,4.143288499424883753e+00
1.136680751453640753e-01,1.413570513678122087e-01,1.972934097157217570e+00,2.872903461820532023e+00
2.432212790096447974e-01,1.700887111572906840e-01,2.643092480534989797e+00,5.055014099082241197e-01
3.123473149800061743e-01,3.490475017416867498e-01,1.641332982633264104e+00,3.706574021750474124e+00
3.292899555416805235e+00,1.181784905810443903e-01,2.006330947297333550e-02,1.164123194088046015e-01
3.415715051671401881e-01,1.848182827906018899e-01,1.543309595649514199e+00,1.484169264747477079e+01
3.362847020079123284e-01,8.048035750661544641e-02,3.683043725492954334e-01,1.180883195339398117e+00
4.338015824810306231e-01,3.251318959211126902e-01,3.444775808288124797e+00,5.792676859521771471e-01
2.706094756563301451e-01,9.922658503794495877e-01,3.178672112322561416e-01,1.044885510383128657e-01
8.316306629340107781e-01,3.356493938227849139e-01,3.788295038525162917e-01,1.110094538987116825e-01
5.722192563657284570e-01,8.273385067089684686e-01,9.807177267185743785e-01,5.642396490371927309e-02
2.286932419468937494e-01,2.701887981618943113e-02,3.401566806643150503e-02,5.564881017619285331e-01
1.514549817187507141e-01,2.317586594336372707e-01,8.695217476686875058e-01,4.009521043998052758e-01
1.077251621364693435e+00,2.401339105655953265e-01,3.379615228732891774e-01,2.830362811169926940e-01
1.992723126869383465e+00,1.754085689007957860e-01,2.425093420036465997e+00,4.780623293276302643e-01
1.262540870229029444e-01,9.799111701870738544e-01,3.703756412863331571e-01,8.038825231900682544e-01
1.418381295733334713e-01,4.865089208325584780e-01,2.926285243610822207e-01,1.014105709006348555e+00
1.302886957072947105e+00,5.290092313759018339e-01,2.242896744462397951e+00,1.389696709296802668e+00
9.021118434882630099e-01,1.800734388495452837e-02,2.486750100181784440e+00,3.521273827832725467e-01
5.720648894585146360e-01,3.690668848152696691e-01,9.794826756630797826e-02,4.914820583235386398e-01
4.471412070729071653e-01,4.320356618740705534e-01,5.347663689764727835e-01,7.420365841998600720e-01
1.537838928965501228e+00,1.048720531497681074e-01,3.698715534643361447e-01,1.802746458216465952e-01
6.253833837758849823e-01,1.808649850568593842e-01,6.781850600759107284e-01,1.818630901030363622e-01
1.808167219339175125e-01,2.175318477078840851e-01,4.474284018186339695e-01,1.982448696185503401e-01
3.025141339528952256e-01,4.558580065156371194e-03,1.651594628577248924e+00,7.303410023855319011e-01
4.169443352140311254e-01,5.957790604940839396e-02,1.742085426353036925e-01,2.264162540756665010e+00
9.210211612097167488e-03,2.050751685265326807e-01,1.443913238150939726e+01,1.245856584778759935e+00
1.322796137352965973e+00,6.330096951577717235e-01,3.923660884269626781e+00,5.691921079660187122e-01
7.894914080667762013e-01,7.291444044892674003e-02,2.251466350321498222e+00,1.161036345303829043e+00
1.089223896354437199e-01,1.704143207204108224e-01,8.013715228691367543e+00,2.776311295625803477e-01
9.428387674176428312e-01,1.661845252350762636e-01,1.676963658813401370e+00,1.099901051328570356e-01
2.210220016914429486e+00,5.177253717667002625e-02,1.965861729291613624e-01,7.862291885266554647e-01
1.061455202912681361e+00,1.457338259934674918e+00,2.129402667317368061e-02,2.028362432788489045e+00
3.600187234770318989e-01,1.186384649305076144e-01,2.599965066965829852e+00,1.303008647275969156e-01
1.931898256662362590e+00,2.516597907767610387e-01,4.347136874500085568e+00,1.992348627169240882e-01
9.170119382751584780e-01,1.767525839916926911e-01,1.949859894735822774e+00,7.786302488938020572e-01
3.773690663116345267e-01,1.047911009671573523e-01,4.083240713393302634e+00,7.765648344462661168e-01
9.893636525051543451e-01,1.129712564771483407e-01,1.883116548943915447e+00,2.493969463402922582e+00
3.037834065379786952e-01,8.198175565444019985e-02,9.958623549904227490e-02,8.641914581593712619e-02
9.932410565845443962e-02,1.802430318960537570e-01,1.272033960383782913e+00,8.519677362269777177e-02
1.270748897225184804e+00,9.177520157775598264e-01,1.311953426681003787e+00,1.040337152457324471e-01
4.257544767226419946e-01,2.993360884282939699e-02,3.293900637814381582e+00,7.142781895959797289e+00
1.255291626303119690e-01,2.061672925700449022e-01,1.721285870870631340e+00,4.573918489134926046e-02
6.649000949490238010e-01,3.827440037300181008e-01,3.090197176296768600e+00,2.011428232163060270e-01
6.367129965382313239e-01,1.002685682066005279e+00,7.847250603062189134e-01,4.141410995061225453e-01
2.423617055235620932e-01,1.418987461865872102e-01,5.928522457579328275e-01,1.749964636603341672e-01
1.007320385198436474e+00,6.876956322246317033e-01,4.798320687295923315e-01,1.643142056981888310e-01
5.212571955326701367e-01,3.257515624252956266e-01,1.937382999265149008e+00,2.397419291798791596e-01
1.593788688654507846e+00,2.439791744847343360e-02,9.205034346427554137e-01,9.524396340081518753e-02
2.760008754190027003e-02,2.014220902238613498e+00,1.042015935408270755e+00,6.538967663365775895e-02
4.837331945760817847e-02,5.097342228696739586e-01,3.876664958007558059e+00,3.523652513911702755e+00
5.584463022562441079e-03,1.610038059507415409e-01,1.370554447226070893e+00,6.719860122337836250e-01
2.800923079880411670e+00,1.394566881108732836e+00,3.919667218302060441e+00,1.336398562037173776e-01
4.412873193838628416e-01,1.395905961470634005e-01,1.992707972511623682e+00,4.291723175354617559e-01
2.809087883345816605e-01,6.907429822381022655e-01,1.106300311622336219e+00,1.769387556337961576e-01
2.076449924212617759e-01,6.869502209168198981e-02,3.592545811773986686e-01,2.416886574713652536e-01
7.109049083205660757e-01,3.152824941367470268e-01,7.547159116376090937e-01,2.575920318084249927e-01
4.118518131491223366e-01,2.202818738846286373e-01,2.493370304976356699e-01,5.212950133828952309e-02
1.048408257945918631e-01,6.742851378714285193e-01,1.124615868780795225e+00,1.967160470386252191e+00
6.310040902975845301e-01,7.915072288462906558e-01,2.017139794795703711e+00,3.014847068246444550e-01
8.315853156080861563e-02,1.341144475361743249e-01,1.279084601522660902e-01,2.057778231001253233e-01
3.582844541987559861e-01,1.168427965764593957e+00,3.310453325743066277e-01,9.553753308500912977e-01
1.150257781169145899e+00,6.047685183891251537e-01,1.672578934724141542e-01,7.270290338346617753e-01
6.811418605872289478e-02,1.465751873450502396e+00,1.161179473477394364e+00,2.041588954338373341e-01
1.303161361068181368e-01,2.761609351318734459e-02,1.336705357321549048e+00,8.860318332948315112e-02
3.955912846852138731e-01,1.315345881671426964e-01,1.725287451329571065e+00,1.705797354415491407e+00
5.317893561341788811e-01,1.577063225950523229e-01,1.154066609398642473e+00,2.114182978162287285e-01
1.596161294991181645e+00,4.286608192127424055e-01,2.539310184736869314e+00,3.055895033298915209e+00
2.264641161489825139e-01,3.603066871165319096e-01,4.959536907131281147e-01,1.303189047593915850e+00
2.401819544960398733e+00,2.035199856328703538e-01,1.413829420222476374e+00,1.063401883637041356e+00
2.631955269075701431e-01,1.961391722282767591e-01,4.594687245510666040e-02,5.034535946210789981e-02
2.304561281334307765e-01,2.222159953134109911e-01,3.006696889119136351e+00,4.989463071254816029e-01
2.081261954645412249e-01,2.183582537347890928e-01,1.014474259657950128e+00,7.790950882780937892e-02
2.244442204233507265e+00,3.943384242516727589e+00,8.340091029727465965e+00,1.609318809866022715e+00
3.615364940887738077e-01,2.804448213001478063e-01,6.811348130790580990e-01,4.497571196654123193e-01
9.202443554174183360e-02,8.175311472922019984e-01,4.200843781361895402e-01,5.159389813292545313e-01
6.383923589923629072e-01,4.105668991420989289e-01,4.713339019757792236e+00,6.437679994156569885e-01
7.706643819539693574e-01,3.139686751358984118e+00,1.923030064768862235e-01,2.691766838746788348e+00
5.677898802022158797e-01,4.150213687542908536e-01,6.406000314028603704e-01,2.568815463916090946e-01
1.333372807079559463e-01,2.722909277146952009e-02,1.606321680111851835e+00,1.805285878316411075e-01
1.264434990094938094e+00,1.161706393973528789e-01,5.788008072998172437e+00,1.164352801133287096e+00
9.413940712493202856e-01,9.549816933266425112e-01,3.541037798791031310e-01,2.102340574910905868e+00
5.408801788157697743e-01,1.446054064425268126e-01,7.632943101613486325e-01,7.477747684663590411e-01
1.275692615296522558e-01,2.221724659131678881e-01,7.379532777681363509e-01,4.165115045083600087e+00
2.497877066774364940e-01,1.574364344361136800e-02,3.620681994694621597e+00,1.718626226385978617e+00
2.097005188271380050e+00,1.844684234540088785e-01,3.993564340907403837e-02,4.072612412428560091e+00
9.956824902034179248e-01,1.786729412885705581e-01,7.005775305466457326e-01,2.014476177141412361e+00
5.400773017993948377e-01,4.975681426565523036e-01,2.688262326893646303e+00,7.352309738038259601e-01
2.247907545315874223e-01,7.853644294246615865e-02,1.804636552130747029e+00,9.766446577724842149e-01
1.378493378566317817e+00,6.598150660763747212e-03,2.081766460156491583e+00,7.573811307999156472e-01
1.017625471034125040e+00,1.100838513214692060e+00,2.755630799550127463e+00,1.722438534510514208e+00
1.673908748704393545e+00,8.369444358173763199e-01,2.220118858198300238e+00,4.117472414545546022e-01
4.109286366169727089e-01,8.090337952626869278e-02,2.818086604286492936e+00,6.143320822584042579e-02
2.784662727385847081e+00,4.639013973096230842e-02,2.407487722681056930e+00,2.897801943274175951e+00
3.665551415843487093e-01,1.051458105567903090e+00,7.856014667249670014e-01,3.557349917546291707e+00
1.585716939218391186e+00,5.500063992552577108e-02,2.305011813568426771e+00,2.233624041732779619e-01
4.158991069033445287e-01,2.556750557606642715e+00,7.840808877879578143e-01,4.111744825561692296e-01
4.428658721345252181e-01,1.204507887927557253e+00,1.367694674383405973e+00,1.528147419661707085e+00
1.180069850339308772e-02,2.356522723047402550e-03,1.989487597767654881e-01,1.578621116377802447e-01
1.007833458111436764e+00,5.450589521346164285e-02,8.241758774536226406e-01,3.048570920287913336e-02
4.004777538012885274e-01,2.683259192509088731e-01,6.863365591001598931e-01,1.293352351418664226e+00
2.950724025408155260e+00,1.468520099009127389e-01,1.002661268348201240e+00,2.831547453100522471e-01
3.934165774625454914e-01,9.738486113117619802e-02,4.642528709777684170e+00,4.115636319621199246e-01
1.333032515439961097e-01,9.206872087188020318e-03,2.303566462126059200e+00,1.117091749017269153e+00
8.715525211813259787e-01,8.579210835371801902e-02,4.502187844327750099e+00,1.158845391292142812e+00
1.165893430221799643e-01,3.527227211064083712e-02,3.720150443593147060e-01,7.041201878364391487e-01
3.001235768759514810e-01,4.160990086749930761e+00,3.502391830180160426e+00,4.107926985778970197e-01
4.494294826480498273e-01,2.455697390789275958e-01,1.798612651776841098e-01,2.518470664865622433e-01
7.637088138260450521e-01,5.211606422315417930e-01,3.605401201968677638e-01,5.433756406030569863e-01
1.263178286414486928e-01,2.308066965370942636e-01,1.292757323963107385e+00,2.382763249275350048e-01
2.923906052685586232e+00,6.144369465267346397e-02,9.188787822284466555e-01,9.467631481360117007e-01
4.855629800509294047e-01,2.973439480917661748e-01,4.481040818617802124e+00,5.031753386417157081e+00
6.899625940239998423e-01,9.118014611631224120e-02,3.821162821733475323e-01,3.610817779345646961e-01
6.967984112848345513e-01,1.554741807808961152e-02,2.562587405299509569e-01,6.683203803284855082e-01
3.588815836812040971e-01,9.344836977241819387e-01,1.747606993298332467e+00,2.258633021258948381e-01
1.175594909739561933e+00,2.048823130674599646e-01,2.059741914173283561e+00,3.618566546215602475e-01
5.695034302444040852e-02,2.070272258416674116e-01,8.181357735383769370e-02,2.771229537226763906e+00
3.516860673700950568e-01,6.777003725589819672e-02,2.264540789796003040e+00,3.888227332142080717e-01
1.695701162566118914e-01,2.384489060093113177e-01,1.573544971408952886e+00,1.139953810355443659e-01
6.806499319697055794e-01,1.195838360376496157e+00,7.357951694185002056e-01,3.663051765615980004e-01
1.818399278678345388e+00,1.177185488495522819e-01,3.978186531425179862e+00,1.088400999417199255e+00
1.069381337036378721e+00,8.256351975866456083e-01,7.849536648931609850e-01,1.000747070376112879e-01
1.385048518300627529e-01,7.786123845566620405e-01,9.837838576563772364e+00,2.199900322990480939e-01
1.636211123339423645e+00,1.421865548385793376e-01,2.152866788752644034e+00,1.588679581678822117e-01
1.691672189714824026e-02,9.956279006524211550e-02,4.807684697910988292e-01,2.725673436682361839e+00
1.241489972929538554e+00,4.698207204695267758e-01,7.251314552732005536e-01,2.038233820680951158e+00
1.698379501354057020e-01,2.255188798374848869e+00,1.181214986895108510e+00,4.410945327525090498e+00
1.051079959797338592e+00,1.949467182911064356e+00,3.585083565701018271e-01,1.338841126381839386e+00
2.728743089486531659e-01,7.362994296361721203e-01,3.393126815127518459e+00,3.875291262048300434e-01
2.466667652014077061e-01,6.942275481846190699e-01,1.212901551025626024e+00,9.395057625454570349e-01
6.147478523834688513e-01,4.441926446350193125e-02,2.526640670168565528e+00,6.008456234009866836e-01
9.225273243843824522e-01,6.646134766207226763e-01,4.614629631164648416e+00,1.354964569439141364e+01
3.661514210629244759e-01,1.384281210749460866e+00,9.951146744960460699e-01,1.784960497977941540e-01
1.798102705693813474e+00,6.598577955997951550e-02,4.038437061370780512e+00,2.512357952444447262e-01
2.980488440797273708e-01,1.211228970551147643e+00,1.762875877915268896e+00,1.653752367577184135e+00
2.390597061677094404e-01,3.755915648465576462e-01,1.552891125901408653e+00,3.037925797047988485e+00
2.403370132039018836e-01,3.817328021193562571e-02,3.452876364846504953e-01,3.103245721699607329e-01
1.366217081979881898e-01,1.349893401301412443e-01,9.295068386771767610e-01,6.300433171624330031e-01
2.010418146814548557e+00,1.059368960811602096e-02,1.418204330164586635e-01,7.610334307196237047e-01
1.257048796558582815e+00,5.334957670354620873e-01,4.250674005041747971e-01,9.234920709344932588e-01
6.849209891939666006e-01,7.341713324209853987e-03,1.807208086580026851e+00,1.025544315903862191e+00
9.537339069749435350e-01,1.918376801754629463e-02,2.107699787175169703e+00,1.675974378416473023e-02
2.035211752808701313e-01,1.551482857681212198e-02,1.044668390002150060e+00,4.161825098715088989e-01
1.066719658443438190e+00,5.858481940886699907e-02,1.403628735969505659e+00,1.472388434317925654e+00
2.726758861041103099e-01,1.928383924931675042e-01,1.739043688529841258e+00,8.088201042434640942e-02
7.328106030164928397e-02,1.003839410230248141e+00,3.730484495627862662e-01,2.662285506039706373e+00
2.540687194450677935e-02,2.591705975865593037e-01,1.516001742999347535e+00,1.852189394547479606e-01
1.830588415222906606e+00,5.720747938869756577e-02,3.906378851935822460e+00,6.636477104274188799e-01
1.054591961142501866e+00,5.899383811196864946e-02,6.817368166119280870e-01,2.419478970451607758e+00
9.511440987294443872e-01,5.364169872061212985e-01,1.610547281547318743e+00,8.266738853048367919e-02
3.063291141690546726e-01,1.787112575678462267e-02,7.647170971740935297e-01,7.791360527585043660e-02
3.930570924972563024e-02,1.130468017758713140e-01,9.576372557914947237e-01,4.142459833719507878e-01
1.448981637138436751e+00,3.814685295163927625e-01,8.237702148874465058e-01,7.771494401081328052e-01
1.133969465840280799e+00,2.408194363451892639e-01,3.559102787671359902e-01,3.694799589729502731e-02
4.652493547264154872e-01,4.686113596051111330e-01,7.964919402420596040e-01,5.874085211045192434e-01
4.869861897938190243e-01,2.115378804627345843e-01,1.836644455228757244e-01,1.817162847231550415e-01
2.100676053179387770e-01,2.751637834474384703e-01,6.895010330236852614e-01,1.818236073095149674e+00
9.923932623454868596e-01,1.159425713453828000e-01,6.571714525791177985e-01,1.897155515132873171e+00
1.084592099176685975e+00,1.689601573086360331e-01,3.712897675846553724e-01,2.206198829730480426e+00
3.913209173056401702e-01,3.316837777182912173e-01,1.624798105761996236e+00,1.231363654255021700e+00
2.338176796032122307e-02,4.566518947089131392e-02,1.949462664608833995e+00,2.750848363775361127e-01
2.186392238735855198e+00,7.161481433392220541e-01,2.458951883183869924e+00,1.153882772966492443e-01
5.766082084109770411e-01,3.817714851704754331e-01,1.758276768984279759e+00,7.812591983098454707e-02
7.685263163009355969e-01,1.721659320353609857e-01,2.899709851761895330e+00,6.984022050713035723e-01
2.939325197702409298e-01,4.985924877060648325e-02,8.216404990243015849e-01,4.031275445292633597e-01
1.536289433280438654e+00,1.974287165474244654e+00,6.220297813967965439e+00,7.831130275513329408e-01
4.582706070897658163e-02,1.024414143451401332e-01,1.061746277438345709e+00,8.932855649858609803e-01
1.169504834781609076e-01,2.602484412544400771e-01,7.162013430923342971e-01,9.109827069628663176e-01
2.422531516559236209e-01,8.637328654385747484e-01,9.268686266403094454e-01,3.458333616555590240e+00
7.150472738440381004e-01,1.340715273197663482e-01,4.196817673318212760e-01,1.160782223198931901e-01
5.014015869427900229e-01,3.678247813263856025e-02,1.647805277296372273e+00,1.104202179788831423e-01
1.622837467950865031e-01,1.654617550773738316e-02,3.869698503758149943e+00,1.200434226116934955e+00
7.875362596603001364e-02,7.967452253660187167e-02,9.959117040979998947e-01,4.172024711794389273e-02
5.688053531699303056e-01,1.897759667725969490e-01,3.050543409140094031e+00,3.352588890915662589e-01
1.302220208771205368e+00,7.670540438435092812e-01,4.634845166579786735e+00,2.058807696177850755e+00
8.405802001646568433e-01,4.902059825246463456e-03,2.034460022461733075e+00,9.014405053550975655e-01
1.098109543507461261e+00,9.441404514433008321e-01,7.748504417238053499e+00,7.442570365340119010e-02
2.252102765879023527e-01,4.610422110455648093e-01,3.754902187074512732e+00,2.294170070311945420e+00
1.404956707137099414e+00,1.260278041304412899e-01,2.262677781575206382e+00,5.281832587388795019e-01
9.072909406339857430e-01,3.103262274700056000e-01,1.197675755743393911e+00,1.581471329935033809e+00
1.172697065800379773e-01,6.840067129471893992e-02,3.134548273354078596e+00,1.012643406643777499e+00
2.794681451248934856e-01,1.997988816435163073e-01,8.902464404323744418e-01,7.117130151621106071e-01
9.800157585553429529e-01,9.648586860296570755e-01,1.348531108119889410e+00,2.115805409419990735e-01
2.409646472026781283e-01,1.622629877523707465e-01,1.279367933067443674e+00,7.540410959974770677e-02
7.476671579512809140e-01,2.087604672284788104e-02,1.180312194358904415e-01,3.467066652132913540e-01
5.532229924717249059e-01,7.544930494471445703e-01,1.980224129208234096e+00,2.338065914467913897e-01
5.237121851815801366e-01,5.392085658566487805e-01,8.286412336522955835e-01,6.648080258692965483e-01
8.016006311440234677e-01,1.598999367418493522e-01,1.178171400067310193e-01,7.918912268806344024e-01
4.649696499871667776e-01,2.179084445696912176e-01,2.178906918090010247e+00,2.430082308744975494e-01
5.681624170766077508e-01,1.059170388299641857e-01,9.226811778377816409e-02,6.250976130236277406e+00
1.595955322671969989e-01,3.964957265656853802e-01,2.552788998312609081e+00,2.122277882227944001e+00
1.756008730240265603e+00,9.841682300554044360e-01,2.808042037130098034e+00,6.614015470134666508e-01
8.701685651400270505e-01,9.128194761395734547e-02,5.888677791322534105e+00,4.644807026967927577e+00
1.466794774023119363e-01,6.688890557612144246e-03,3.799653778187499498e+00,8.669048771151719457e-01
5.196447491094690063e-01,4.368826714681103146e-02,2.518132775889346586e+00,2.328452342426907684e+00
2.987466135453807903e-01,3.800576825224490779e-02,1.341914443392846046e+00,7.396268939702623779e-01
6.542924551469873895e-02,2.259327977910241883e-02,3.112941889714012866e+00,5.351273020913855927e-01
5.166380535707660870e-01,2.187939317664259337e-02,1.233904773631236962e+00,5.343991623167979599e-01
3.595517407469760868e-02,9.037568099616009876e-02,1.343817292594591706e+00,7.057828418547018590e-01
4.315585917118321124e-02,1.803572826408599505e+00,6.605264344562526979e-01,1.790183363544779027e+00
1.362911975209624149e-01,1.477427356547247050e-01,4.434039579700690403e-01,7.857447360645998524e-02
1.556029730970106773e+00,2.923703713203957277e-01,9.607494278410961819e-01,8.087296079091019219e-03
1.438526040456624688e+00,1.540041886142736079e-02,7.367112575474984437e-01,6.280211677462194109e-01
1.396926517794288891e+00,6.625857027926700393e-01,1.125171500165123906e+00,2.984007983426537614e-01
4.533066760691019659e-01,2.417363701091528733e-02,2.774812464283787694e+00,1.087035435139912937e-01
1.006975380066724490e+00,6.349679058698969036e-02,3.733250067342588352e+00,1.466986336428447890e+00
4.943415534274676892e-02,2.796404182976015562e+00,1.625248365813287132e-01,9.898074989631138187e-01
8.467732376799288474e-01,4.042145430149786112e-01,2.530396199861780770e-01,1.356953446314991818e-01
1.049491642762196836e-01,7.064650580619245002e-01,2.401524342934217682e+00,9.797952409464863455e-02
9.881282844373331375e-01,4.009847692949667919e-01,1.486882268126764051e-01,1.155959959410438609e+00
7.369637415620017284e-02,4.388024433785309708e-01,1.420114233057494513e+00,6.411056083302327790e-01
1.996052452956941448e+00,2.149163287768032671e+00,1.648101431678500040e-01,4.816040128282856880e-01
1.072493735129754988e+00,6.874402553349899699e-03,1.032861442820809106e-01,4.172832269936178617e-01
4.684249425466349148e-01,7.181533891224221033e-01,1.223849577259610577e-01,8.392881429321460418e-01
2.604152243610238782e-01,6.225446637783566689e-02,2.652486677980587376e-02,7.736683639169719684e-02
2.704344065078657586e-02,1.670854868323198572e-01,2.090786060969844137e-02,8.257882895173539184e-02
4.170342034126263142e-01,9.452102837469031349e-02,2.845771365917976414e+00,3.926073921531930133e-01
2.054950378974250980e-01,8.732499988286686332e-03,4.298040551794472641e+00,2.187976970853256375e+00
8.663605393495755758e-01,9.505510992584425001e-01,1.923275996744035377e+00,1.956053581379088468e+00
4.241470326338035030e-02,1.202831881827960192e+00,4.266713348149978380e+00,3.104371819273827438e+00
5.129914579576059230e-01,5.164207750928884177e-01,2.190064976073448300e+00,4.666337508219568164e+00
1.735778245351494053e+00,1.612282813133249226e-01,6.712391216430115826e-01,8.132541400772648477e-02
8.824379208760282367e-01,3.485228503637723962e-01,9.930066960073249405e-01,1.200437487430424111e-01
2.470665986258093194e-01,3.372118721886885884e-01,1.078613839058701895e+00,5.940492212899532547e-03
3.173226612032299387e-01,2.038230246188646108e-02,2.064155964766188234e+00,6.271233614291694958e-02
1.113820685705562585e+00,6.999327373501924854e-02,7.062161752839576367e-01,3.713189953149770961e+00
1.294981929504061269e-01,3.667217731009810300e-01,5.592602998261215347e-02,1.913033454791823518e+00
3.254315819233812412e+00,6.222189163729623107e-02,6.923254443651069567e-02,1.911194644453335922e-01
9.893800108473990162e-01,2.051130299085155706e-01,2.801505335567359811e+00,6.727189225024649000e-01
2.267224464968481956e-01,4.124399093788195247e-01,3.443126133428470848e+00,2.165248092612668401e-02
1.394802539296259303e+00,8.123834701011747317e-01,7.979045697889960431e-01,8.388238285317054510e-01
2.659223715584135284e-01,1.645785493006785838e-01,8.178062809867486793e-01,5.755873867674139444e-01
2.593321806281329023e-01,8.309625192501637336e-01,1.133611674010048948e-01,4.488120525900886615e-01
2.342528263368687802e-01,2.898537282611836075e-01,5.777834259808527939e+00,1.433151260217042644e+00
9.055746084617422031e-01,1.146604489456051423e+00,8.256618491067578836e-01,2.247578787814496007e-02
3.366959905676642162e+00,3.435657398933674167e-01,2.903739400387590042e+00,1.964858543704322835e-01
1.223841532521293907e+00,3.534442516432076409e-01,2.268436470136102334e-01,1.752436842896852864e+00
5.107742540595152647e-01,8.604254052160037469e-02,8.570409420766030018e-02,8.494932277495811368e-01
9.469601411781255595e-04,1.150016689973196518e-02,4.290861500166505138e-01,5.269900841500040123e+00
5.351352197065922106e-02,2.839330878765008448e-01,4.554715969175934909e+00,5.824416229247709742e-01
1.623880995405069250e-01,1.121598333537495856e-01,3.025378978322387002e+00,1.554736158120683942e-01
1.644191178049004165e+00,9.393679045642108760e-02,1.166562296352354311e+00,2.781107811201945501e-01
3.791825955078472754e-01,4.939254725772549565e-02,1.699983186662243628e-01,4.688524079524139410e+00
5.909145344679678225e-01,9.933030968533627103e-01,4.605768827327057502e-01,1.253317815551497683e+00
8.278418913487429753e-01,1.673540005928679242e-01,6.427632928088414799e-01,1.256958693149135664e+00
1.340017453854555063e+00,3.562644990940851963e-01,6.368393150100319922e-01,1.022266516087404931e+00
6.101876310278342430e-01,1.614585282366229890e-01,6.242220555401662985e-01,3.102376219454021089e-01
2.225342603817617726e-01,2.046315991897918352e+00,8.454837287718588446e-01,8.015050179332260383e-01
6.009767712149269858e-01,3.833730669822021930e-01,1.727150678862315436e+00,7.460286737054864226e-01
3.531265363147879088e-01,4.890648542610554483e-01,1.966621327558724583e-02,8.438759335665309280e-02
1.139153907956830913e+00,3.739097212992961716e-02,1.467853724232026202e+00,7.174584941986951181e-01
1.292932338477469079e-01,1.724859525821963169e-01,1.843321489010573133e+00,3.944911355773910722e-01
1.304959609081189686e+00,1.267110150311736794e+00,6.196786545842790650e-01,2.309894475964665350e+00
3.958989501443677672e-01,5.307344814969165714e-02,5.249183743879299868e+00,1.517690235979096469e+00
5.278212328329204284e-02,3.177097810819856389e-03,4.355220698708195393e+00,2.651784356111613672e+00
3.239315861459117762e-01,1.429767240923448257e-01,1.873216022449483376e+00,2.160523693490796759e+00
1.165461073196768282e+00,6.020436573235945499e-01,5.434616387103401003e+00,1.095598215074744530e-02
3.182810424479676215e-01,3.894864694361002688e-01,4.655121926004000543e-01,7.899295835118320674e-01
8.805172931157499994e-01,1.077722447670953626e-01,7.476133880825600597e-01,5.471273075053313673e-02
2.921501995751324632e+00,5.318803205804202294e-01,1.701333040671900720e+00,1.430874221867022955e+00
2.036667308552037037e-01,1.284208583534839944e-02,2.525405477633069773e-01,4.088183076993688880e-01
1.463415117897590434e-01,8.537483364646342165e-01,1.788181025164074622e+00,5.837472839338723185e-01
1.215302176903588993e+00,3.590896102160393011e-01,1.451730173746984320e+00,4.428225709430319013e-01
3.444116756806457624e-02,6.768552352518069082e-01,1.284578561210368397e+00,3.210060755570154356e+00
1.964939088629415798e+00,1.359127114099655254e-01,1.117050459033074761e+00,5.031818315438626454e-01
9.737024978038598400e-02,5.077165827537406528e-01,7.464743817690034922e-01,6.128914039614209719e-02
8.821969394864755953e-01,2.656118004899848395e-01,1.881447031594398522e+00,3.727309738269666151e-03
8.198731977517771385e-01,7.842766153258015627e-02,7.468094743743427522e-01,1.252456072576365043e-01
1.673914808276952160e+00,3.402970797133597070e-01,2.087905969455531863e-01,1.904482878486855713e+00
6.480365049038928627e-01,2.582027253748054862e-01,2.430110585793899824e-01,2.802039543257107135e-01
2.995759163329456687e-01,2.755716572310062257e-02,8.159052885227443541e-01,4.308860331110967445e-01
1.206638057629237482e+00,2.041142357445089317e-01,4.234166596558804230e+00,4.461103985071487865e-01
7.175378441298171373e-01,2.098424552665439369e-01,7.591723652959769808e-01,2.326517065082674751e+00
2.381659379192421211e-01,9.602557202253286794e-02,3.352317479235675801e+00,9.712187075671558922e-01
1.587022693837780718e+00,2.953824609527599954e-01,2.572968333134304508e+00,2.417023488655184460e-01
5.599442074254620261e-01,4.319714036521195566e-01,1.103088335906921635e+01,3.186351560178576348e-01
1.649306419912879074e+00,1.808495809021698209e-01,8.900400006705897482e-01,3.354427261319963827e-01
7.008310198868153984e-01,4.729094454992534557e-01,1.823379797698532201e-01,3.439781238899775051e+00
5.044320048550063884e-01,8.643559021309502044e-02,1.707967671765987072e+00,6.419911068453225227e-03
5.931900196154758775e-02,6.849373547425702258e-01,2.354149622809419196e+00,8.831528253037506104e-01
4.105169072337128688e-01,3.906497759005549408e-01,4.188217739743011481e-01,2.015671660342172711e+00
1.093365361680163073e+00,1.375643372223681743e-02,4.539284237893281393e+00,1.306349569541804811e+00
1.982812242023405669e-01,5.636533523284406044e-01,5.903914381355546137e-01,2.822287142787962000e-01
3.905463251034869132e-01,5.038106383804916849e-02,1.737919531890609048e-01,3.788628720608146483e-01
1.716000768224436868e-01,7.310851118635102175e-01,1.157343564944340875e-01,7.121719013577497703e-01
2.704529584577062828e-01,1.038427657457665354e-01,2.945410561173482655e-01,1.084605865648335943e+00
7.205058850016522742e-02,2.265711593701180249e+00,2.454463168040412757e-01,6.502407475300074624e-02
2.383551372545147373e+00,1.588908130708671373e-01,2.044070689878900726e+00,5.950514801955109068e-01
1.931856874722276407e+00,1.400319759830244370e+00,1.490676522055006004e+00,1.161009410045915402e+00
1.138166754002827741e+00,3.696999763359849034e+00,8.930218082997308793e-01,1.537969462328191705e-01
3.509401893714737541e-01,8.977449119842263736e-02,2.702993035169690139e-01,1.410531290781495972e+00
6.566535250159086234e-02,1.136709955713767206e-01,1.267695127105425978e+00,7.324702665013466119e-01
1.230621380861357667e-01,1.086299123872500383e+00,2.305024754850731661e+00,7.239790931237789495e-01
2.134972078283457808e+00,1.186015095118986284e+00,3.867079839633303373e-01,9.121517850856243337e-01
1.377091940537836123e+00,7.287094127518981002e-02,1.367347199299194127e+00,2.663315552764920380e+00
3.070128331243154873e-01,2.394409043675076010e+00,5.235405193271458479e-01,7.296612372783739531e-01
2.753777579608582271e-01,5.924328387415489505e-01,1.409145059373034137e+00,1.801940479951175400e-01
1.673242287075255574e-01,9.451894816762641816e-02,3.315503784981829849e+00,6.283861643931215601e-01
1.282024489410247270e-01,6.344307210351859405e-01,2.360448146187914265e-01,1.566572894050985543e+00
5.697150422066785680e-01,2.073624646575157049e-01,5.703449155145904115e+00,5.442930762910893616e-01
1.030858816213138657e-01,4.954620046955028889e-01,2.325952791087581684e+00,5.590844694060604914e-01
1.241174543037611433e-01,2.699557332892679185e-01,2.094830107199566083e+00,9.166146790822421453e-03
6.796098900507444585e-01,2.080185838301140955e-01,4.722223478570098942e-01,2.439741738628815881e-01
5.986032838782304744e-01,2.511335598306464689e+00,1.383434482982809133e+00,1.191409128137805418e+00
6.796155716703704552e-01,2.955261068035106575e-01,1.895502494889621969e+00,1.654262882033996629e+00
1.022581098458656745e+00,8.398787054365275395e-02,2.981283546601433354e+00,2.642212453851413012e-01
4.194807902491982099e-01,5.503968157012208984e-01,1.009621931380800586e+00,1.233779423093191024e-01
1.431435686581923772e+00,9.753899778164350567e-03,5.379415775166407343e+00,3.745523321670469752e-01
2.812210398927462163e-01,2.134357078578063005e-01,1.501645604583977889e+00,8.439326526812764850e-01
1.686252962035451886e-01,1.840415506978417381e+00,2.856276192931294311e+00,2.603102330842585466e-01
1.308789726167815415e+00,8.590376922095102619e-02,5.841506106798755482e+00,1.334632789253847873e+00
9.549760835171041684e-01,2.177535920895295463e-01,3.665802894189326144e-01,3.455462420278270663e+00
3.575568667071008511e-01,2.875164408645771164e-01,2.632293355487825171e+00,4.031958342915894278e+00
1.853469140643601424e-04,1.114598627152015631e+00,4.176878435067463258e+00,5.558856484379558482e-01
8.896695833011448729e-01,4.032976613347897810e-01,3.651956028963921352e-01,2.148966284758266454e+00
2.157427450225659904e-01,1.336477761106857898e-02,1.597026959938837809e+00,2.749125710168156989e+00
2.017901906996874550e-01,1.958017828353290218e-02,2.846100847076414642e+00,3.628575111868742376e+00
4.602874376515724286e-01,3.044354770034138694e-02,1.266175096140853107e+00,2.023464421003892344e+00
4.106590495500461180e-01,5.069746514415778282e-01,6.160206605792197365e+00,2.103219766704147009e+00
1.071467469915161397e+00,3.628279313840616221e-02,4.063319917413776294e-01,4.348909823558091414e-01
5.226811150033400244e-01,1.033607154443225012e-01,1.756445800797298729e+00,3.645335574938278089e+00
5.140993734475191035e-02,4.534173850483720902e-01,1.423720597515669151e-01,4.639644520323335519e-01
4.512207827990662445e-01,1.440894567839497431e-01,3.592536418227772810e+00,6.017199231429947170e-01
5.830386130000059230e-01,1.797404245743132734e+00,4.334945098098508809e-01,3.394321808977114885e-01
2.397346698211815230e-01,5.512415687606699866e-01,3.437287874095201756e-01,9.781758159217499582e-01
1.025292854549853416e+00,2.157265580389609028e-01,8.743060714557135960e-01,1.910435431941354678e-01
1.051315216880231163e-01,6.991597082336706848e-01,2.312627138277510153e-01,5.689481952743348225e-01
1.760776291335816923e+00,2.618270814279979875e-01,4.443475018166155976e+00,1.300516607400395985e-01
3.069521685099239061e+00,1.179168633702430968e+00,2.129971831318334674e-01,9.475078370032193886e-01
1.850813970396857355e-01,7.047239252511828811e-01,2.084010919094743119e+00,1.413414239916782389e+00
9.854335474404714024e-01,1.072278174584303523e-01,1.228973129563110334e+00,5.733685039350418233e-02
4.762212311279043320e+00,3.259043567132264285e-01,2.176728268138693245e+00,5.734534807334829010e-01
1.427082341477136640e-01,1.901048449538294438e+00,2.242330546948714531e-01,1.265077273046893470e-02
5.807517858826308776e-01,2.136089904349773236e-02,1.921502296377207708e+00,5.116367095261968867e-01
2.460747460361277505e-01,1.392773817047263663e-01,4.196961309320197397e-01,4.975063350982336652e-01
1.135605187162522928e-01,1.827901759981718360e-02,1.270369363892922765e+00,7.349863918514414063e-02
3.575918691142284667e-01,9.906203506205218945e-01,2.026733362085906820e-01,4.602185972692894866e-01
1.194708393821943271e-01,9.368524115300291832e-01,1.245436400584621683e+00,1.223776971827799986e+00
5.282378373535584482e-01,1.461802095691353831e-01,3.686599030899282980e-01,2.808428205463963323e+00
1.473553478457023114e-01,2.638875225261699264e-01,2.635072380051302066e+00,5.394570311955921849e-01
1.089426770586615412e+00,9.822804438626414614e-02,3.656607713234020368e-02,4.648616856344471859e-01
5.008683722073785649e-01,1.319785447760109864e+00,2.696770878191772081e+00,2.294616219640343568e-01
9.827019415898911037e-01,5.387653995684731356e-01,1.802197843140082689e+00,1.364877074291311665e+00
5.337927836375920831e-01,2.248596440278956554e-01,2.823490241149530622e+00,1.182730837329817181e-01
1.300841293621163741e+00,1.192912537319217592e-01,2.849948856551761445e+00,1.150532182578027252e+00
1.576012944930364479e-01,3.268086873083747568e-01,8.061076141770676884e+00,2.786433011028060514e-01
1.675793449120968281e+00,1.353168985776433297e+00,5.062297721795702365e+00,5.297007623045254521e-01
6.419262265462811756e-01,1.993749527029579915e-01,9.302226643100810488e-01,9.585702240001590102e-01
1.880111288295088223e-01,1.626843566902135829e-01,4.299223089803716924e+00,1.874571897338774384e+00
2.737617832310424437e-01,1.428522815199782248e-01,1.889183005370866697e+00,3.726178748758786352e-02
1.507937251826255709e+00,7.754871413293387694e-02,2.475675566051375842e+00,1.395638528205451978e+00
2.227475248607449776e-01,1.949435688843633996e-01,4.553991661131516766e-01,1.912511724041737193e-01
6.824365869834824183e-01,1.031019533704765623e+00,5.434425101714900064e-02,6.097878373731545620e-01
2.056475663986998548e+00,4.001448236283799281e-02,2.313537374130765212e+00,4.470990891148473589e-01
4.565909773578439301e-01,1.530684313623558834e+00,3.534408127177984138e+00,5.479703896963642462e-01
1.212128030940682999e+00,8.122712841637075298e-02,9.757489038527401570e-01,1.072737459553735562e+00
4.550733229989362694e-01,4.521573303838691488e-04,8.937438474427374935e-01,4.770728968708599638e-01
7.154321090637062452e-01,3.445475720362851657e-01,1.710100892441786868e+00,3.294940016894522650e+00
5.634112786689833285e-01,5.838240566130191711e-01,1.290890632469798849e+00,7.029280084696206687e-01
8.652615470704451139e-01,4.241524725653925132e-01,1.385935978354019049e+00,3.239316349679645324e+00
2.685415695176694983e-01,1.380051236559371564e+00,8.259629318349810401e-01,3.532589971500173509e-01
6.846790610225996776e-01,2.050994089368051165e-01,4.489249066148474299e+00,1.156582529913339208e+00
8.655950483895079317e-02,3.349934817562330025e-01,1.811351758254251543e+00,4.021310511601389415e+00
3.197171533521391940e+00,9.177407106865171915e-01,8.791835555666708268e-01,2.584177932835398095e-01
2.297052850657320955e-01,1.074691820890254640e-01,9.025586519514350314e-01,6.316109723688757838e-02
1.320458226759123166e+00,8.462218479543440752e-01,1.313136939852627361e+00,1.033320503280004271e-01
2.628915744111763875e-01,6.948533070856498517e-01,2.798228713313517524e+00,3.058883123819450045e+00
1.992126265435944232e-01,1.365750642845595664e+00,2.517669002580708720e-02,5.236137277587854522e-01
3.755084912406572717e-01,1.511637932295123221e+00,1.344656227983806740e-01,6.434314909995235698e-01
4.019474066865553752e-01,2.280978305042917487e-01,5.316905232773301293e+00,7.190886331195005254e-02
3.438154523322506373e-01,4.126518693061504983e-01,3.094034707003282314e+00,4.936819770560114951e-02
2.892621875389381758e-01,2.593393737735230076e-01,6.628518198815354090e-01,2.598173839405501617e+00
8.111715196986366561e-01,2.433905455377394309e-03,3.390396891454424022e+00,2.459602813685859424e-01
1.262828413094573277e+00,7.028614080429907984e-01,5.790654795735673543e-01,9.661555496873627247e-01
1.970413426000254542e-01,1.529547479321348991e-01,2.620473880818905421e-01,6.821064677521050390e-01
2.648659218912982061e-01,7.649784746843925065e-01,1.222729309231861961e-01,1.644263169783977574e+00
5.266207421929208765e-01,3.887519470460051862e-01,5.959479943545552272e-02,4.003275199618157920e+00
1.569149838645061967e-01,1.256685205873298017e+00,3.328450775834392028e-02,1.779336193892705476e-01
2.305243979640373211e-02,3.614981092263738205e-01,9.640536284775166331e-01,3.699689571029912694e-01
7.671967471639425940e-01,1.198242937103542877e-01,2.242891013437376402e-01,2.028903639717703766e-01
7.492418872382372586e-01,1.894196607498686014e-01,2.988340901771637803e-01,3.694971424628881174e-01
5.228110625681052781e-01,8.197539072499617774e-01,8.635301253840802493e-01,3.183775230961740504e-02
5.670805565444767549e-01,5.693226812903312561e-01,7.633477261363519339e-01,2.610018088887274823e-01
3.476791684702456586e-01,4.956035314520806367e-01,3.580995167811778512e-01,1.282471865622947904e+00
4.129987040619831906e-01,4.667462781121943238e-01,2.619227404431110795e+00,2.181438579535604494e-01
4.114867518129033397e-01,2.700206450382169540e-02,5.167147287570375003e-01,4.885679696634538938e-01
2.608141586632094722e+00,1.627205274841102625e-03,2.621112108751352476e+00,2.672031534947242548e+00
2.087345860055882074e+00,1.501961365516263136e+00,7.019426321925172907e-01,1.911000832910230596e+00
1.667030231941418750e-01,3.048773386959583234e-02,4.600412767414590598e-01,8.197549759431377314e-01
2.681586454650713436e-01,8.730863016690242340e-01,1.388253101739522766e-01,1.206787051514287779e+00
1.647236508353358664e+00,1.028869162705915219e+00,2.877951624612834491e-01,1.907822334472251413e-01
1.303236044099301549e-01,1.109629652824344781e+00,3.297708112628909994e-03,1.667544339920137064e+00
2.253518637212200915e+00,4.973402150665696131e-01,2.740447177105779009e+00,1.451232992353463258e+00
1.093022402811993476e+00,4.821939695222416944e+00,1.016444790414905430e+00,2.735054740078458613e-01
1.639649114038152167e+00,3.381863702334034216e-01,9.950570965700138437e-01,9.464963742350938070e-01
1.243145744321776602e+00,1.094955475264343114e+00,6.130226592010482589e-01,9.289108509988273921e-02
1.169742689124259494e+00,4.910442565518539221e-02,1.549609788709867653e+00,1.003762047256169465e+00
5.933007525706650576e-01,2.276070192432422257e-02,3.952986374462719166e-01,3.337826297993912728e-01
8.220745169356788451e-02,3.231424388182492780e-01,3.065004102338311776e-01,8.450275941950816105e-03
9.383392643847571213e-02,9.165025627485365867e-01,1.638512381865025125e+00,1.209914778189476459e-01
1.508058877488665406e+00,1.575952470270642891e-01,2.292787340407665297e+00,8.485008538846523507e-01
5.421757290258125694e-01,8.011464933573255731e-01,2.608500531986676640e-01,5.389601670701671399e-01
5.983445808990343895e-02,1.392610841321851034e-01,9.807930304209765415e-01,2.611597823121004636e-01
1.672602699494937006e+00,4.338719200041778468e-01,1.657495424196444578e+00,1.186686286080877784e+00
4.306043031375046404e-01,3.169688729752694334e-01,7.379259396150379402e-01,2.018047436841483022e-01
1.142483262010334372e-01,3.175602057340105588e-01,7.477951016085346847e-01,1.954785838249063046e+00
8.425255897599459587e-02,6.406161650375004346e-02,6.039938775232951418e-01,7.081426295255323078e-01
3.813704745184578471e-01,1.628486348639853198e-01,2.329218454329324395e+00,2.049392211457016444e+00
5.359208162766064820e-01,1.146022575330611637e-01,3.324353745450534081e+00,6.366052455607273952e-01
1.501592473348223600e-01,1.717604209553678096e-01,5.836240192437065488e-01,7.069975004721020806e-01
2.989850051333842740e-01,9.188102739384659268e-01,1.339715458120523728e+00,5.274113389985359834e-01
9.724260761027818667e-01,1.148343003370185800e-01,1.298157147515568655e+00,6.105260965901029291e-01
2.670157362308978599e-01,1.236109181883242591e-01,2.673456920005831350e+00,1.742540815191112813e+00
1.721549491179073244e-01,6.427701379160213890e-02,6.069328696048673644e-01,1.366644452374675689e+00
8.909987639443293084e-01,2.000493988059580897e+00,5.229617574046106832e+00,2.673325993231164599e+00
6.221727462441772188e-02,7.864243422883485102e-02,8.076965468029951856e-01,7.181219317514440925e-02
1.653089668173675308e+00,1.172940320311908646e+00,9.994820879510962763e-01,1.745702648195472051e+00
3.304277050876694433e-01,4.198058246164710489e-02,7.575558816852037136e-01,5.978912434556381550e-01
5.144404306858709752e-01,8.157233134622458026e-01,3.916950466610740200e+00,2.602636685090361501e-01
3.138791010071130039e+00,7.184247446550208471e-02,1.298385590919328481e+00,4.201943854494120667e-01
2.140713887643224192e-02,1.408840760328758553e-02,4.325785293146118704e+00,1.402947271143410557e+00
1.629516440280905920e-01,7.395798768011583313e-01,1.156923010775373850e+00,1.218075618886664824e+00
1.939122560180253529e+00,7.962856426250046471e-02,2.159830795737013531e+00,4.890195928948920523e-01
6.526483156958574616e-01,1.999386684040237727e-01,3.607778990859412005e+00,1.600826864497240543e+00
1.181043082376685316e+00,5.270110374483479854e-01,2.691549564966219665e-01,9.573870137066083086e-02
3.172646422688648382e+00,1.696454514137536229e+00,2.931540696170785054e+00,9.375385493099155920e-02
3.044498027226502757e+00,3.938066812859801202e-01,3.104238461862155463e-01,3.116366059059114124e-01
1.537480283469246090e-01,7.369842772349578519e-01,7.442030184090454581e-01,2.068793648971933297e-01
1.315838156460824859e-01,4.428603434902053659e-02,2.652348847223148010e+00,1.661440824800686666e+00
1.785969132793716163e+00,8.880675447928908228e-02,1.069282634714757041e+00,4.709635640758201569e-02
2.189126737260121414e-01,1.780374218680597920e-01,4.050091548245812190e-01,1.416106243349584792e+00
3.309363833125478771e-01,4.975138294926738092e-01,1.348853880016664952e+00,1.624329304404840135e-01
4.990446603906441014e-01,8.061940896868386927e-03,1.583256108235886472e+00,5.761599547714327252e-02
9.993119081021561989e-01,3.662941419910834551e-01,3.303549276746942098e-01,2.279461613430373124e+00
3.873920304223016919e-01,1.564340585150585106e-01,4.097814003420294782e-01,3.238493508636515195e-01
3.275376748219263501e+00,1.552625483731516834e-02,1.686276202934739121e+00,1.396021865740395107e+00
1.009586001696953117e+00,2.757914675380939151e-01,7.190926134588485064e-02,3.135199992456836782e+00
1.021302926098622610e+00,9.852839738066609954e-02,1.297503027887862315e+00,1.777953499019788997e-01
1.104994523966933873e+00,6.142655279713667149e-02,1.948378425053735707e+00,1.895385597383239196e+00
2.098072525281485579e+00,7.142354186597387189e-01,1.061661853632542618e+00,9.570136336886432560e-02
8.780459261066388965e-01,1.271256565617721324e-01,8.485262692292703246e-01,4.664467218224296330e-01
7.977799976233246326e-01,4.039050852138500458e-01,1.003454326689805054e+00,5.666753326813724900e-01
7.672726169021321097e-01,1.613989345520314422e-01,3.088997629756301766e+00,1.251524535889938949e+00
8.527981140961043982e-01,2.732943731008988242e-02,4.415421104468164604e-01,3.626917855841221838e-01
1.001486639298187598e+00,5.399328241084202368e-02,1.161737789675718835e+00,5.760469552654006176e-01
1.279176398294032291e+00,1.289661981428910531e+00,8.516598416036307295e-01,2.667817550478602584e+00
6.010444514626480661e-01,8.804062134803229689e-02,6.206867937868806306e-01,9.407075849117378652e-02
1.071878502168621239e+00,2.991323160504140155e-01,1.163649362194490333e+00,1.758119744484738733e+00
4.501151201837929605e-01,1.042940611978729060e-01,1.033144448993564168e+00,1.540592283075807034e-01
4.257092722344119617e-01,1.800719439877524961e-02,1.261547559268046292e+00,1.873611330005470199e+00
1.126940379052946903e-03,2.734457877900776879e+00,5.100907749249482259e-02,3.272833920969779875e-01
5.638068774227484869e-01,1.178778103274363276e-01,6.347616957913104763e-01,1.160659540717257299e+00
1.456733323917903888e+00,1.748970394411558105e-01,1.090927575116822146e+00,5.668548695598498277e+00
1.264120015529810181e-01,6.956660751920576424e-02,2.153649337909104844e-01,6.913296986091180818e-01
1.530075781639826493e+00,3.538136894707552216e+00,1.072266629996161624e+00,7.048156614032393685e-01
4.247148953687781003e-01,2.061228205385223777e-01,1.975321894942993484e-01,1.782846310017621380e-02
2.099553004070749962e-01,3.527399061586677376e-01,5.429323834446400099e-01,3.491552052440137499e-02
1.258457057925269074e-01,2.876009420697631658e-01,2.720712858801696901e-02,1.202044494136783326e-01
4.660258730580900677e-01,4.696372819874806703e-01,1.468064680269753008e+00,1.512416709715684204e+00
2.616006477530856245e+00,1.102600584447125248e-01,3.244663319920940148e-01,1.531971891962369936e+00
3.076994497437774423e-01,3.012626480041941335e+00,5.403278195277982920e-01,7.319088912268520097e+00
1.029688161106536493e+00,1.458621219323582019e-01,1.048045934349903785e+00,3.031881984538869812e+00
4.354174174095785110e-01,2.773718168608546031e-01,1.071445554170151304e+00,1.327175416138981767e-01
6.984618807082373371e-01,3.586079839210954412e-01,2.578913458185410956e+00,2.216111066875389446e-01
1.103328148928367503e-01,1.099879618066221254e-01,4.887286905998636577e+00,8.846122746459491593e-01
4.312867064093633407e-01,1.142779590723946165e-01,1.154313093210070029e+00,1.522568839604863999e+00
9.787316357911867160e-01,3.511279495201043762e-03,1.377683784846199355e+00,8.376614258648502898e-02
1.159629776383103023e-01,8.660769638467149534e-01,1.285240306627368767e-01,1.867828106022728085e-01
1.145732124425734577e+00,1.289311956422331429e+00,3.377027907209319557e-01,1.469824374263851041e+00
1.608457842017745609e-01,2.098906402895292234e-01,2.494968171689087577e-01,1.024683423328676124e+00
4.729932463893768424e-01,1.903483062014630078e-01,5.545094282171479927e-01,7.969133500444974816e-01
4.412738130016153892e-01,1.033538491147390603e+00,4.911328349586492892e-01,1.177355288667177424e+00
3.784582574100974206e-01,5.670784707539761049e-01,1.340748615843419200e+00,1.978925707015593671e+00
3.244188737056095118e-01,5.607849503870467878e-01,4.346676481329800890e-01,8.302200964136241534e-01
4.405323493800427093e-01,3.542522233650485797e-01,1.948660834366953698e-01,2.260896998399639202e+00
6.849701789848187117e-01,2.066486372328661669e-01,6.405391504088176369e+00,4.605447831001788228e-01
5.747982508518759692e-01,5.585584056221353233e-01,3.000789793041158671e+00,5.599254820308996461e-01
4.484830551461280734e-01,1.277063256471905328e-01,9.165354119518756004e-01,1.318158156571842127e-02
4.754214554636051471e-01,1.063018015086687473e+00,2.116574051935781409e+00,9.257740223926426149e-01
1.756945090201516291e-01,6.059797142761098182e-02,1.193764832510259277e-01,5.002465423078700235e-01
1.201237350211154409e+00,5.428111836351334762e-03,4.322213737007773449e-01,2.030454972626707377e+00
1.266203016271248094e+00,5.029739031122898441e-02,6.092760278131583718e-01,2.801318859769040270e-01
1.041353892686933458e+00,1.869719106712521136e-03,1.352136202127436571e+00,1.284100123678798999e+00
7.986386801499684163e-03,8.764126671869947038e-02,1.797694350970690413e+00,8.173778805919275081e-01
8.626226827704381872e-01,3.323137929585080474e-01,2.104883641594280874e+00,6.875216056421193933e-01
3.274210052994837028e-01,9.862974365796830511e-01,2.070772061365515615e+00,1.135460491355731794e+00
1.325621306110575270e+00,6.881372623725928728e-02,1.903193134927682051e+00,7.607453391356112649e-01
1.255877235602551600e+00,7.928580853649936921e-01,3.248498023126719758e+00,1.176555438436938772e+00
2.980930052265301500e-01,3.535389555839085762e-01,4.873080874564714726e-01,1.394996360610211372e+00
1.512917145119973550e-01,1.198529444819689260e-01,3.629549147678210463e-01,1.360922830971134367e-01
2.308849429987162305e-01,1.358394341271825512e-01,6.004810096183516022e-01,8.957719818206454354e-01
6.115110654464384066e-02,4.835901997747944076e-02,9.101933950907610260e-01,3.416180032391689658e-01
2.664554488947565414e+00,1.080376937283033856e+00,2.453302873345029944e+00,1.192984359362009722e-01
2.977498125145550470e-02,2.298209862543885429e-01,5.790087214443354391e+00,1.573317426174034028e-02
1.957210118109437458e+00,8.059105752946424950e-01,1.864670736967048992e+00,1.607725573724058110e+00
3.279276158560593540e-02,2.044702904256355258e-01,3.682280374062960604e+00,9.333771673227164722e-01
5.511685283179227346e-01,1.131317826897288012e-03,3.227965511843573054e+00,2.421457710189318657e-01
1.555066648506830129e-01,1.756754701437510946e-01,2.073265562795387318e+00,5.210819384110562114e-01
1.230651585213382138e+00,5.739007666992071988e-01,8.617849740595734387e-01,2.120489774274771477e+00
6.385027413161328824e-02,1.229483720801201746e-01,8.095866282370554889e-02,6.415968673786399956e-02
1.257477894525312445e+00,1.144780116756991678e-01,7.211200601232045648e-02,6.006816649663453411e-01
6.852986227041494294e-01,1.244618248895018597e+00,1.954805129929209961e+00,3.835821640378563220e-03
5.309261200542448877e-01,1.010913534910201639e-02,3.156387687641315498e-01,6.693360929080718336e-01
6.437672279892726612e-01,6.510200248505956799e-02,1.807612500788730481e+00,1.356440637445465613e+00
1.357847489076088099e+00,2.555714935885755046e-01,3.561752912112788660e+00,8.564907920281021880e-01
1.929328116014104866e-01,4.531781397806056155e-01,1.341021864606831926e+00,7.994793763980767576e-01
1.705284321718560092e-01,4.032360039877606050e-01,1.287504497648001012e+00,3.470653920295614370e-01
6.707677531960141160e-01,3.985403918228575537e-01,3.282700069308989388e+00,2.495130104429094664e-01
3.610081592934143435e-01,4.830373692163588140e-01,1.187806966627841021e+00,4.536698717662464020e-01
3.825512670581997510e-01,1.603694533151819979e+00,1.969567120885114653e+00,1.606874642435265788e+00
1.738299700544918336e+00,7.013663840653366205e-03,2.764021331328922138e+00,2.782445409042821893e+00
6.377328266407987778e-01,2.022404021131976037e-01,1.153848186315706847e+00,1.187014594244915205e-02
1.095727122204375181e+00,3.781869979828024475e-02,1.614495852771201667e+00,2.529787069667245980e+00
2.016771184631596658e-02,1.724514106101159516e+00,1.193514097271762164e+00,2.689899266254761834e+00
2.111817102895929832e-01,3.361272991811387612e-01,1.310060077093286646e+00,2.562227930874941162e+00
1.436508441751252363e+00,2.953712077058765276e-02,6.020190883693151696e-01,2.054268969451652216e-01
1.024102094211627040e-01,9.190883685608575160e-01,2.190360145087253407e+00,2.995645953526954841e+00
4.543259238825421154e-01,2.872159998865593533e-02,9.637373504836010962e-01,2.984719141634145645e-01
1.654290272300290576e+00,5.261913650110897622e-01,3.310407985326508040e+00,1.599929295344102442e+00
4.735787389735152120e-01,6.823356370030998486e-01,2.711281153245912900e+00,2.735069634586165810e-01
2.884844326395941683e-01,6.358559281994620449e-02,3.492339306992591208e-01,2.271626223320805105e-01
1.685325027877211945e-01,5.896479905385333398e-01,2.421476568406808472e+00,5.070202652111935882e-01
1.264827681851595331e+00,5.458129601180647383e-02,7.591559887482731694e-01,2.324531331507321552e-01
5.417104745178215053e-01,2.509433320375059395e+00,2.992954554515436350e+00,3.364607702566472791e-01
3.671827116967861238e-01,1.528233673641814228e-01,2.050622577218554454e+00,2.390397315194371597e+00
1.141871168372963430e+00,1.588080589530941056e-01,3.188614889854973988e+00,2.970734805650048216e-01
4.546797725652917954e-01,2.466746267061247222e-01,2.378860236733504774e+00,7.533909539068289751e-02
2.586578716440234293e-01,3.517122515169326252e-02,2.442259042993326634e+00,4.639111529270934509e-01
1.060170509897967288e-02,1.062793257574553563e-01,1.320794538582946709e+00,2.421035422498992451e-01
5.625927666360100998e-01,2.216743704567913476e+00,4.129432276074024855e-01,1.599597582573669241e+00
1.865951524157811736e-01,1.036390494395089262e-01,3.870190642810932835e-01,4.288103285255074337e-01
5.491013120765656508e-01,1.018261259557195902e-01,2.892834116891774610e+00,4.148085293316301936e+00
1.467891716492238652e-01,1.242433532602989915e-01,5.851355742751699340e-01,3.759424081248921024e-01
7.098658023082181356e-02,1.074713996586897924e+00,6.087256593988864539e-01,1.053706404062150909e-01
6.748937671260951676e-01,3.372879421684331358e-02,3.475752336002629339e-01,1.003101138994591940e-01
5.968327292225015235e-01,5.502912370935012509e-01,2.720911215659869153e+00,3.937372256694653960e-01
1.899325898377312583e-01,5.876592072697419539e-02,4.841632180631231797e-01,4.014782827855592484e-01
2.819061570761699932e-03,2.492969624822740649e-01,6.156250546218912101e-01,1.594559237572727106e+00
4.140081036110618284e-02,5.347635390250032698e-03,5.855514733314588494e-01,4.606984290800841819e+00
3.785099527808291064e-01,1.419630899754835252e+00,1.418907899674952233e+00,3.066781670555053019e+00
4.655577052794461768e-01,1.525906192399562322e-01,5.563306548380784339e-02,1.565926631796000223e-01
1.522530332530814379e+00,2.374172014731543850e-02,3.507371338733146882e+00,1.854124065998819654e-02
2.982493670968671684e-01,8.195739567836287653e-01,3.109648449127763836e+00,1.166253967268636504e+00
2.111676983283722331e-01,5.105446765919787744e-01,1.097576362939388872e+00,4.943893632986741116e-01
9.485644116828171810e-03,3.019556615800961241e-02,1.343339945321795570e+00,1.947450494064880466e+00
1.779262748043833220e+00,1.595063025608975393e-01,2.103101637852799133e+00,4.779903741955427998e-01
2.617646491700710287e-01,1.364997946004847362e+00,1.010022927973902862e-01,4.537708908635843308e+00
5.518544048069721208e-01,1.081319194111384774e-01,6.932743156032206144e-01,1.242912210607100554e-01
3.336337449194228810e-01,2.146976698705207187e-01,5.030506500836369188e-01,1.336537915434552914e+00
7.483889005842159214e-01,8.128625547674837859e-02,4.772181555096918215e-01,1.339548821431583603e+00
6.776523054711198757e-01,1.016156868831640692e+00,3.425863102818316741e-01,6.593758985782863791e-01
9.325307574889508955e-02,4.639992231540385759e-01,1.597746567856531241e+00,6.794653849284029712e-02
1.408211405918939008e+00,3.898702895426706672e-01,3.401552807689321334e+00,1.978883619295193741e+00
1.869271677581282098e+00,7.303990310422211474e-01,9.260778779821109419e-01,4.955300321967801569e-01
4.066510908398182633e-01,1.470694045048635545e-01,3.301800590810764824e+00,8.747100976714767828e-01
1.517629557811334795e+00,1.133670577922849976e+00,1.185390401767843827e+00,7.470229619703258050e-01
4.936125714673861298e-01,4.328346588605204714e-01,4.056751182706207715e+00,2.240440132271467988e+00
6.703935392088167244e-01,2.680093301068795064e+00,2.551200092056983060e+00,4.438923278897535241e-01
1.423225689869296540e+00,1.832321828598229840e-01,8.640334841856011083e-01,7.521060363951820316e-01
1.541826045571583759e-01,3.147471468344648776e-02,1.082855339434994679e+00,4.840207023293801036e-01
7.475726524160646036e-02,3.295227880057614467e+00,2.758223650630981516e-01,1.964320936941391649e-01
7.498522062154514001e-02,2.108221474883636148e-01,6.598803371387617078e-01,1.536663388107686101e+00
3.810751647511866763e-02,3.240411296079165338e-01,2.959146426854410095e+00,2.453464708259091853e-01
3.688665942088051319e-01,1.444569331366395426e+00,6.331213349222037934e-01,5.887922315823546082e-01
4.010527344120025095e-01,6.438766599558203019e-02,1.182844360964872221e+00,4.547090747445613479e-01
1.913270159561035966e+00,4.438911874780834821e-02,8.374186732569960157e+00,5.438319759730519259e-02
3.882482848917233609e-01,1.859832397853627972e-01,3.754729081423340831e-01,1.924962130070047239e+00
1.837776940289469196e-01,1.155133680127267415e-01,1.032438323630724408e+00,3.023444040374165365e+00
5.995845051904433176e-02,1.011690019434858673e-01,4.495913587372893261e+00,2.835268514300665621e-01
2.458302583175646649e-01,3.127482921278463279e-01,1.473970990791870495e-01,9.479399866407220987e-01
1.218643819620406354e+00,2.757323462253867818e-01,2.952429850532519717e-01,7.123766710528872670e-01
3.009357383450151247e+00,6.799593983414298215e-01,3.969262829088894495e+00,1.784569188271936668e-01
5.970922838452723536e-01,1.020826874096456338e+00,2.525850878021359325e+00,9.942415495071981260e-03
5.594903605907689537e-01,1.033274373322648598e+00,5.584888563724893729e+00,6.120543945498103239e-02
2.368716506972477820e+00,7.251535064796852392e-01,1.559100408651288516e+00,4.271187880302142581e+00
2.946919778568272696e-01,5.292294560467510900e-01,3.199100997418685699e-01,5.092630078022486462e-01
1.210558625402079702e+00,2.618709981212581361e-01,9.524554496146148130e-01,9.568918925316722834e-01
4.511842332243129472e-01,5.015804805986202597e-01,4.538706998659524094e-01,1.162294882158418252e+00
3.516746846392506121e-01,1.742492771982433533e-02,5.360538548207841592e-01,1.494257642027510435e+00
2.028344887662253959e-01,6.867840582072757272e-01,2.590257784995088569e-04,1.813684290482936445e+00
4.538888416638783840e-01,2.332534663776639483e-01,3.509673719616981380e+00,5.881910348590135146e-02
8.675793010528850546e-01,1.818520450483272599e+00,5.018232492719024718e-01,2.536659638721222576e-01
3.353674025812270476e-01,5.176837571654840930e-01,6.554299006796220073e-02,5.513501158195824869e-01
1.994387709026291811e-01,5.878901359280570560e-01,6.302759634327192551e+00,3.355176338689969118e-01
1.930617871009186748e-01,1.012215301554882790e-02,1.450471597283730762e+00,2.167511407962778414e+00
2.765869005408088666e-01,3.725060067432917621e-01,1.582754862469047952e+00,3.543928540766963842e+00
4.447882971780616201e-01,5.631156264857092308e-01,4.517809018431732659e-01,4.443856325075550839e-01
2.228877315469233178e+00,1.791800503091433849e-01,6.012672179222000146e+00,3.058583647464216404e-01
5.392528512835996768e-01,1.185261973030772853e-01,2.956121044353649668e-02,4.024789543419646343e+00
1.255071739990951452e+00,1.731698615729210244e-01,2.042043300469892908e-01,1.594445241090723941e+00
1.919318412533439488e+00,7.474859105735138787e-01,5.363391579241150176e+00,2.123121075410542513e+00
1.352530834660291115e+00,2.312958027457496027e-02,1.493858621646836138e+00,7.095023716671674530e-01
4.016816539648365714e-01,2.267018526413704105e-01,2.427246061997246684e+00,1.252464438535482838e+00
1.862959619035677583e-01,5.871165623973858411e-02,1.704736807655460984e+00,5.576033096633664643e-01
1.856556470671276493e+00,1.196177333515735519e+00,4.526788991928969885e+00,1.373148844564440196e-01
2.874447699862645145e+00,4.448937168956212940e-01,3.405223588213310837e+00,1.945313311235887577e+00
1.450139989823564790e-01,1.069998181586769154e-01,2.090757813650687247e+00,1.261132037664743244e+00
5.731436891148077029e-02,1.010274716853651222e+00,2.098600606238574695e+00,2.341404416514319409e-01
2.717247164516595759e-01,3.963580127673329567e-01,2.040675696215870083e+00,1.000233251988907057e-01
1.266902267098349855e+00,6.788990138772561522e-01,2.671841748835815711e+00,4.893929000272675967e-01
2.750480699525449657e-02,5.856494655914686043e-02,2.312396091230416728e-01,1.287012228510273859e+00
4.672380288967047379e-01,7.482533514721217971e-01,2.044618739421151687e+00,1.664808668567078431e+00
1.591250864861445914e-03,8.475261322464071601e-01,3.504439185536788681e+00,1.911470568671740922e-01
2.235438745675332406e+00,2.750120353930267103e-01,6.195621009775426069e-01,1.552284299970359549e-01
4.382512410484950410e-02,1.304822094454542898e-02,1.482147769731509745e+00,1.068388365933155143e-01
6.697195401122812974e-02,6.243503674896252464e-01,3.619883994532376303e-01,5.028123883944621397e+00
2.840254429554269766e-01,2.597519316143767978e-02,5.709575698834284951e-01,4.025742442535014121e-01
1.181130757588250590e+00,3.181651438435508239e-01,1.341106846968910915e+00,3.380260458279841368e-02
1.434415172921189585e-01,6.840370757610679531e-02,9.470585676811660303e-02,1.007658187847289222e+00
7.497203116578047277e-01,1.377465807665499394e-03,2.165791134198286283e+00,3.575462271798695579e-01
6.915854871183310104e-01,6.861629505579414090e-01,2.264410291204014047e+00,4.745050200657936479e+00
2.229768271875604835e-01,2.661565930128164226e+00,2.335674385623948801e+00,1.806733449289754656e-01
5.638290797965718470e-02,4.733703662211520835e-01,3.992539568568560959e+00,1.640330587644286920e-03
5.736862486240422720e-01,1.125887751257934749e-02,1.867706829092239618e+00,1.561735588987251289e+00
6.050857626300977232e-01,1.692353312105658938e-02,6.335340412312157055e-01,9.551308523919382898e-01
1.108049913408795550e+00,2.851053897531747316e-01,1.296285466227293237e-01,1.150642947201862665e+00
1.060391457431882012e+00,1.678936741843467084e+00,4.170433886642085919e-01,1.852440766123094606e-01
4.159406634466679131e-01,4.963650711436452811e-02,6.476657376366804497e-01,5.048168837329145564e-01
2.992092100013090672e-01,5.507143471085755859e-01,1.670637655505043950e+00,2.250282079606035435e+00
4.746874802764954882e-01,5.066241971489539031e-01,1.323879141053487807e+00,2.578604509300356784e-01
1.724146520112337599e+00,6.096093453418797992e-02,1.821334985609041945e+00,1.678100713881978345e+00
2.905940239019561000e-01,1.605609730203357288e-01,1.775605770741542244e+00,3.920369770436897272e-01
6.409118667497638588e-01,7.006886347055488184e-02,1.993066813467069709e+00,5.777278492638312501e-01
6.964366559756344222e-01,2.343763025974288788e-02,1.982890153962214352e+00,7.786231797087648232e-01
1.574396454393891753e+00,6.563104476823045097e-01,3.597780343250454038e+00,1.355723629885368098e-01
5.728742587611570514e-01,1.532732804846650698e-01,1.564649351000553246e+00,7.679535921475721168e-04
8.784505880425058644e-01,8.012406349242801040e-02,4.673942473074784054e+00,4.958429120542747981e+00
2.715244029869159914e-01,9.521581446407624549e-02,2.550569575469026962e+00,2.143597837662418459e-01
7.139242390549140893e-01,2.839900267681133572e-02,1.400634940643146642e+00,7.111921264495391082e-02
2.652389045937499079e-02,9.227963752931980235e-01,3.599970086326584440e+00,4.475612510863069105e+00
2.285305770308838566e-02,1.169219383680188129e-01,3.819758636806064978e+00,2.079627795985312388e-01
1.819199188796567723e+00,9.010326662585085300e-01,3.562250496016399648e+00,1.702784257020218073e+00
1.769956978916455981e+00,7.396135438393308670e-02,2.894052786524186072e-01,1.092976748580563706e+00
1.577651152162661052e+00,3.266213869420726400e-03,9.932821711568085021e-02,5.510820334586511438e-01
3.731757560546645341e-02,1.137039863736479944e-01,3.481027560772497864e+00,4.321510784263056792e-01
2.152803068736281467e-01,3.313876183222630445e-01,3.955009253717413742e+00,3.976700555408432702e+00
2.084751218834512088e+00,5.952420954141227072e-02,1.194859263543123618e+01,1.956164894305587376e+00
7.015520070098131278e-01,3.147295197620347124e-02,2.622275652661735901e+00,2.558550820636744660e-01
3.488833886866574696e-01,5.209282661074358112e-01,1.312482848085328557e+00,2.211056971049592423e+00
1.325949870558110311e+00,2.100655088260952486e+00,3.264430682104573656e+00,4.754654127289228288e-02
6.811024537068575968e-02,4.873405082028129526e-02,1.954819839112864610e+00,8.844807646857762995e-01
1.620920606180137891e-01,6.874298695144878124e-01,2.049772160412139055e+00,2.329659350316875318e-03
4.721835930948340976e-01,1.025042109788561057e-01,2.273494840675860384e-01,1.206909986878136332e+00
2.333926404467986104e-01,4.903973769184673259e-02,7.642347530686327772e+00,4.405324631619321196e-01
3.452582921796954807e+00,6.650088660002763108e-01,8.252632099180798320e-02,3.382331106930857034e-01
1.020701414710814880e+00,3.858347432180683212e-01,2.377897616799335145e-01,6.228718508842450569e-02
3.107412939825442977e-01,1.130741937276570130e+00,1.540525719874497934e+00,5.802554020268934076e-01
9.332251948730340141e-01,7.815382187052098972e-01,4.417862408446590727e+00,2.609186345009273378e+00
6.514037197302955384e-01,4.936036001243864629e-02,8.064068491092344360e+00,3.364553695471107497e-01
7.467296887352986579e-01,2.616880899387673542e-01,1.836123215186075408e-01,2.802534836048859446e-01
5.370504874023512842e-01,2.785570149656305117e-01,8.209001620876613670e-01,6.655355817726544831e-01
1.415365446901333035e+00,3.873863871524838715e-02,2.992444152753395148e+00,5.634770657893715118e-01
1.114771978794224738e+00,1.178567034806986659e-03,8.729641218860775820e-02,1.228512178851594472e+00
7.382544025547060906e-01,2.648141259184715879e-01,1.646441678185499580e+00,1.230619944258207976e+00
1.990281255740063149e-01,1.157774400267998077e-01,2.402504831341542690e+00,7.812136156150102650e-02
1.637948210060293508e-01,3.960634742733797065e-02,1.588011985910809387e-01,6.034796751016787697e-01
1.226459727162727831e-01,2.645434178949884751e-01,4.114425889003229808e-01,1.129903222040092414e+00
2.365000029903865819e+00,3.141682537291606292e-01,9.616194401856222873e-01,1.748576363081459029e+00
9.067857962385411641e-01,1.470020875448999620e-01,2.954464934722388358e-01,3.623027451820966527e-01
1.192080526626472375e-01,1.491864982387030913e+00,9.125096588082318716e-01,2.488410479005601417e+00
1.698368403322104481e+00,4.075864330277801373e-01,1.414835971618777277e+00,5.238144965336696268e-01
4.357490084144490239e-01,3.959552962363914186e-01,1.877892294231128245e+00,6.659211490785605925e-01
3.417376211108997808e-01,2.092243833877372172e-01,3.710120079315757380e+00,2.494330383789614691e-01
7.082061341995214976e-01,6.153016023102120258e-01,4.109160859238000785e-03,5.036479836028011636e-01
8.247469662876703023e-01,5.059261479036987197e-01,8.745016102042102446e-01,3.943489132144309961e-01
7.700639738444522986e-02,4.436178604682225468e-01,5.026552425007355662e-01,8.280094243556590516e-02
4.167232435922039735e-01,1.124656130983029134e-01,2.781459979996959930e+00,2.946499332457925835e+00
6.351232661759721454e-01,4.811920980885480703e-01,1.564054864314576632e+00,5.239320350488795297e-01
1.890570095092843683e+00,2.622445637872830582e-01,1.592354983703539562e+00,1.279720180758395331e+00
8.677349965867705572e-01,7.773483926581107317e-01,1.866658383812766164e+00,4.486632402168488909e-01
3.487394965508779365e-01,6.018837186483038115e-01,5.636849022844611090e-01,1.212901502258653785e+00
1.894749096154280665e-01,3.818751635794624955e-01,2.024710336289425039e-01,3.577594644199064255e+00
4.765216809981667745e-01,4.097480000727416471e-01,2.572298941629975744e+00,1.347393519184682864e+00
3.762672138266057176e-02,5.402912381875759618e-01,2.211615867018144499e+00,1.300529247454063286e+00
1.921254912055949671e+00,9.321145848033336734e-02,2.791834784266448821e+00,1.980457404518073672e-01
6.242760196394316896e-01,9.566011817784240978e-02,3.268081230985588892e+00,1.333262670205760669e-01
8.575003481750804735e-01,2.204700982144693899e-01,3.421476948133652218e+00,3.884672122748086820e-01
1.421767637473098977e+00,1.332691881681709045e-01,4.324578439560740062e-01,3.200031391295031780e-01
9.568085679207405381e-01,3.491530483264658202e-01,8.001312370100270577e-02,9.700615214506894124e-02
1.313815627246279094e+00,1.067433142447509753e-01,6.973097940290611696e+00,2.559668368448931641e+00
4.067108582512808657e-02,2.200946019640767748e+00,1.219576471729981293e+00,7.686649454098619216e+00
1.504849757891360218e+00,2.334796163002755831e-01,1.816172623036560463e+00,1.006340961131289458e+00
7.159004310334723398e-01,3.410666849800431111e-01,2.296446561159595778e-01,3.167899825699199923e+00
2.260914119858591642e-01,1.680053848842173680e+00,1.518140742146135036e+00,5.274785963934790267e+00
9.266235397014879194e-01,1.942574383184502707e-01,2.863887060118624484e-01,1.092252177266458846e+00
1.385725819621324295e-01,8.054095000065260301e-02,2.733049591970012848e+00,2.604108399572688803e-01
8.476763839754597463e-01,1.092791691796887177e+00,4.093564499908165788e-02,5.703456524215586021e-02
1.024489879114751867e+00,6.172736565000234155e-01,3.783721888161308833e+00,2.820168998580784014e-02
1.075434421182472455e+00,1.140905331545221529e-01,3.218501683645845213e-01,5.299570161784924460e-01
1.564191308704201422e-01,2.842269162536854160e-02,3.215010383993624821e+00,4.402451282200623428e-01
1.552645134125617998e+00,1.704127283442338214e-01,4.164864226785714330e+00,2.961084786117623713e-01
3.322028459991939187e-01,7.847914744482374638e-02,8.482151370047693595e-01,5.846695832985110641e+00
3.491858900787481734e-01,2.098243810598769965e-01,6.511153515744279030e-01,6.882747626070384594e-02
3.084597699536930082e-01,9.761830797662605919e-02,5.895257069828104823e-01,1.460275224768399882e+00
8.551749934203822789e-01,1.018670871675055434e+00,1.299324658850018244e+00,2.809240338155586159e+00
5.050265657606428649e-01,1.123727010248575908e+00,1.865692309809119376e+00,3.458055781550450902e-01
7.337611413668095883e-01,9.448017051621151324e-03,2.370008156123996346e-01,7.881653015778870008e-01
8.590933290817609480e-01,2.531265191369436174e-01,7.517058483322549556e-01,1.796508804084601785e+00
4.434398436871234139e-01,3.040087332075399607e-01,2.794157286773449211e+00,1.447233516859677049e+00
5.889704750255589927e-01,1.127992759083798147e+00,3.809921125562087063e+00,8.166711094848916330e-02
8.532649956359492638e-01,3.832191203444152983e-01,2.961574469463705561e-02,2.735738879423388337e-01
4.480980045120829258e-01,8.470100138479562391e-02,1.625560008963557790e+00,8.041119900798021636e-01
2.679289323835620351e+00,3.557983541362907953e-01,2.884694021615569426e+00,9.544891078784394356e-01
2.876917064487468645e-01,4.108433699468967415e-01,9.643954232190413700e-01,8.273301648331580216e-01
3.093878969266901646e-01,8.389773308849990396e-02,3.938256261707899775e+00,4.543583963996045694e-01
1.709739166526517973e-01,4.671652588439635656e-03,4.449854628133871337e-01,4.767175059743129495e-01
5.412259253100095563e-02,1.347723144866176948e-01,1.843846302773991530e+00,1.390284045365052901e+00
2.030712549161029501e-01,9.999967218482870915e-03,1.825747743294392711e+00,6.810831916158814892e-01
4.932406472022931032e-01,3.450911324956683606e-03,7.580174253345012270e-01,8.079069867475973110e-01
1.093653483997022002e+00,5.841529879116841295e-02,5.685170275985953481e-01,4.079126994849879839e-01
7.771023210365916034e-01,2.550887607930475420e-01,3.750639185402546705e-01,7.622074700721220175e+00
1.211847004067956979e+00,4.133030329806482439e-01,3.355457009840929761e-01,5.755014742081503432e-01
2.850302242952227130e-02,4.928700394882225971e-02,2.403443589959754600e+00,2.351545412997425810e+00
1.647878213625035393e+00,2.074995539804871947e-01,2.029081827566024732e+00,5.806277807637785782e-02
1.035332228225599893e+00,1.105346092985026507e+00,6.727524152516733302e+00,1.111708039688594551e+00
2.722280735798422446e-01,1.625537013286319610e+00,7.706921115140080047e+00,2.521801877067736397e-01
4.379622496449731561e-01,1.219297423393672503e-01,1.572281567391277113e+00,1.407997286708696505e-01
5.729376342013252632e-01,5.138303512295343961e-02,2.210796943118194413e+00,3.604761920581782408e-02
1.220123703129108561e+00,1.229800495729339443e-01,2.252202576298608164e-02,2.281315705528017990e+00
2.468576943372978505e+00,5.552518489551525049e-02,7.049211467253378993e-01,4.449451810873149005e-01
2.883252848789543132e-01,1.025525908106037054e+00,1.030558252037946154e+00,5.672309365066084963e-01
3.386418854479331109e-01,3.705798368168706780e-01,3.335019740796219434e+00,6.717879012865303201e-01
8.919773081750821397e-01,5.027444714081078514e-01,4.953832778171825879e+00,2.440960679012096068e-01
8.184246865641204849e-01,1.440583434226921256e+00,2.462642510023443254e+00,1.620224260825927076e-01
2.325419105252588547e+00,5.793103583100508436e-01,1.359749062223028382e+00,8.275018004061213128e-01
5.553061336616971211e-01,1.050663611615822335e+00,6.594921511983169893e+00,1.875340610308331879e+00
4.051144125074446906e-02,3.913855145365187360e-02,3.250234352827398587e-01,3.555018596902834727e-01
3.026234436410758510e-01,7.112956692197361930e-01,3.531671062618873425e+00,6.292125132765490347e-01
2.069197389241872909e+00,3.636771085173564177e+00,2.309921091170515695e+00,7.717393215425916164e-01
1.462288349145844935e-01,2.354025349362584910e-03,1.569318256180687321e+00,2.258745189578141854e+00
6.664561941190579875e-01,1.792834831113976624e-01,2.002491631215029599e+00,7.126651635653382666e-01
3.663323397326655462e-01,5.214135674325122149e-01,3.157721771608381633e-01,1.318595951938494659e+00
2.403594882519874076e+00,1.170520444557186845e+00,2.343481073132363812e-01,4.156781969105390218e+00
9.000457136230395339e-01,4.627751437354220010e-01,6.331496712210251232e+00,2.398735000232074199e+00
4.134350142548145257e+00,1.931395424364655278e-01,1.203986701982032281e+00,4.532401810778520779e-01
8.254244628076830015e-01,8.483452606063340840e-02,5.290318047011491887e-01,8.667759992946684200e-01
6.587167034754468631e-01,3.245010437566046152e-02,1.691535190667545985e+00,1.973414529190645306e+00
4.922101533427395426e-01,2.016310786871788052e-01,1.967177621721907466e+00,1.660428888746347809e-01
3.426720420535220857e-01,5.670227226871629167e-01,1.964006014771468023e-01,4.859864631031834747e+00
4.667177824580423517e-01,1.369668891559467361e-01,9.668959005045983934e-01,3.148332439547124051e-01
6.968444256647789992e-01,7.223210649714527642e-01,5.364332326457899924e+00,1.747422676903058192e-01
1.276457340996093981e+00,8.117220935852348385e-01,3.151517737971024413e+00,3.029502111375001472e-02
1.716847373733445314e+00,5.795586514928557399e-03,3.018277512583196653e+00,2.840029115790733139e-01
1.580057712977108453e-01,6.426183151226912138e-02,3.558437953485221517e+00,9.621595573999661699e-01
1.255867660496981397e+00,3.723444063612910832e-02,2.622820986811053245e+00,6.152550882819810552e-01
1.638422577391632551e+00,1.169011791309997050e-01,1.600715621106294784e-01,2.360426749169278970e+00
4.312510591428583284e-01,1.310054620449302987e-01,1.594426776126623979e+00,1.840724045730078196e+00
3.166046864558872409e-01,4.002441612291320339e-01,1.117431331681529860e+00,6.921811974365056352e-01
2.869588105543980361e-01,5.476700132636310586e-02,7.870369540026445065e-02,1.469709455711295742e+00
9.799245040556164854e-02,3.565147756341771612e-01,3.779420993815752805e+00,9.831296486450212813e-01
7.141857874381526416e-01,1.864736520538426146e-01,4.624773120238946655e-02,3.870311184352947520e-01
3.922898435987068888e-01,4.719347154516255471e-02,4.801037321961156290e-01,1.045251412136634084e-01
6.521954878007946155e-01,2.996674578496729691e-01,4.791940532869566338e-01,9.887344813148361000e-01
1.145795380833830868e-01,1.987613650372813401e-01,2.255963460687106792e-01,2.427181680626578353e-01
1.494991872240122532e+00,3.609279958684981637e-01,2.592934961803524452e+00,3.668553610616638316e-01
5.667737770157864619e-01,3.526847386826036934e-01,7.915345444326332691e-01,7.895895314112587934e-04
1.125746350935884932e+00,3.530257280679457987e-01,1.820241907885609800e+00,2.725172722487110080e-02
6.455606109195283215e-01,5.163911617530563269e-01,1.424510815890204785e-01,1.796927181849166111e+00
2.652001655301400529e+00,6.278970770072072050e-01,2.299007803960564367e+00,3.355932107250751417e-01
3.033966604537566628e-02,2.887959814246540136e-01,1.715178345075914823e+00,3.046586907297489155e+00
8.251599936787083756e-02,6.871183148751084692e-03,2.894906560128301720e+00,1.040657082416131196e+00
2.819499333019152565e-01,5.194510536271357282e-02,7.612174577654540197e-01,8.363574608075702299e-02
1.345045736718123996e-01,5.518380616029661817e-02,1.903848473122921603e-01,5.120518453229909728e-01
5.493081603100460342e-01,7.985740717788322174e-01,8.644148631882414557e-01,1.872606987519384703e+00
1.188181682175756482e+00,7.094653946153892110e-02,1.242026363643196740e+00,9.334402684052703347e-02
4.741821876183053952e+00,1.595529624139641611e-01,1.724884022544828976e+00,1.618492387618447825e+00
1.335795710799667635e+00,4.137136821051136670e-01,3.532559141355833709e+00,1.853807126797868854e+00
4.477290191175800071e-01,4.812911138791005627e-01,1.220718810188180736e+00,8.637672675061837391e-02
5.118150755193704438e-01,6.274758831053499630e-01,3.684887490066376947e-01,8.829436424534474748e-01
3.942511816108010825e-01,5.712455685096846231e-02,8.925335253239278233e-01,4.107145671151318234e-01
1.816053730653031106e-01,2.986379753785293745e-01,1.339044285332057660e+00,1.225176692063751460e+00
9.033107110177989174e-01,8.958608384027892946e-01,2.654339316143446315e+00,1.312125849076457795e+00
1.978204518203077189e-01,1.739915317814988871e+00,1.521984159726903707e+00,1.477668340563981220e-01
8.678334719631257688e-01,3.643641280711097663e-02,9.041289092532424077e-01,1.974655975374383088e+00
1.201446982283293163e+00,6.462013904153781317e-03,2.305391224030532538e+00,1.852066960877368079e-02
1.755313674386774214e-01,9.155126513940387012e-02,5.458120193612734816e+00,3.348372662292622981e-02
8.184041443252598746e-01,1.357747238869878581e-01,2.024669413146142904e+00,9.052514326456890803e-01
3.749101909751948458e-01,3.866093055037952975e-01,1.156879756068247556e+00,4.020773811122147490e-01
7.806709056049089546e-02,5.644413764562634661e-01,4.028402867546655663e+00,1.632011105616036017e+00
1.187311385819697973e+00,1.248423301125330537e-01,4.386516140832570354e-01,1.337537197711839321e+00
3.703814140742170302e+00,3.830929090497416090e-02,4.296893812934102219e-01,1.849688400130394261e-01
1.596053312303260752e+00,5.747044848262224948e-01,3.535628958324016913e-01,2.755466228239165538e+00
2.100906043465619710e+00,8.150753840252425997e-01,2.582577002232981922e+00,6.266624798578346311e-01
4.322170325637212374e-01,3.782897959191415249e-01,6.492698389065759690e-01,7.639476338423984991e-01
1.342245987319522937e+00,7.956973373310977093e-02,1.643153601765406702e+00,1.242763785063217385e+00
1.192604470629136548e+00,2.739265561975941510e-01,1.594483839491826482e-01,1.092312472427477976e+00
3.661433568803238447e-01,2.730410343848470034e-01,2.030798319654672834e+00,1.045391226197370571e+00
1.277755140315859350e-01,3.484126436640592739e-01,2.570125210660981763e-01,3.592283579750896294e+00
1.971705209890260102e+00,1.476806296966725884e-01,2.457308951132604946e+00,2.093115273928458364e-01
3.461873070852515277e-01,3.488609323588122146e-01,1.134670163898780171e+00,1.270713881611090779e-01
1.713229345993930286e+00,1.414539974606474348e-01,3.588348642601358218e+00,8.532337907905702679e-01
1.744575607685859397e+00,1.882016239163940341e+00,1.724214881577237901e-01,4.925922607120048480e-01
2.725609106105010837e-01,1.924283637225847610e-01,2.892540946612474961e+00,1.470086605789932443e+00
2.776362833382922668e-01,1.161152328438401327e+00,3.784435981334849597e+00,5.194389555164711236e-01
1.914162677183679939e+00,2.029410621184758234e+00,6.565621971544225666e+00,5.666650545780436588e+00
2.957703602405172272e-01,9.180183436197697500e-02,1.881994238194013569e+00,3.335179517293210827e-01
1.594947254971416095e+00,1.063926939634415392e-03,2.620988546161076904e+00,3.386029975346953047e-01
8.118368720805874128e-01,1.252117463542482823e-01,1.703555063941809999e+00,6.857713898719230983e+00
9.780745866702919011e-01,4.001403665159154466e-01,2.778303442913255150e+00,3.700622320698292000e+00
5.963669568050632419e-01,9.759880143403625308e-01,7.225085160308543086e-01,1.267197622445318750e+00
2.313211832492173547e-01,1.528589445686600878e-01,3.230599318267391440e-01,9.723571141110042282e-01
7.530946893012060439e-01,1.741400366718478393e-02,2.829901198941109364e-01,7.538818724055521558e-01
8.545571267001063065e-01,8.894194689575975199e-02,6.343145018582180272e-02,7.202374346271486760e-02
4.800929727690765869e-01,4.773283958704887531e-01,1.090686860883081311e+00,1.272188408528297510e+00
1.628360888056629596e+00,2.244930684737972137e-01,4.542066618166957365e-02,1.829466867471494007e+00
3.329919255472539419e+00,1.882078197350067414e-02,1.282917109839982084e+00,1.105894727800657007e+00
5.861603687825939213e-01,4.963593337969362529e-01,6.278726358366182314e-01,2.172348177616170994e-01
2.375569591126732938e+00,3.717537714793939241e-01,1.517193453293402383e+00,2.689604700580304208e-01
2.970617882986363867e-01,1.088616881901666167e+00,2.905743570812059584e+00,8.696779131004338526e-01
2.086762031344298884e-01,3.632099248446062079e-02,1.480540645277270917e+00,8.817265575674919642e-01
4.371907880571828664e-01,8.604071580147097664e-02,2.998698470216178968e+00,3.712852712074186545e+00
7.357315191315783043e-01,8.830936574663103000e-01,3.050088744653436379e+00,2.918878900420568412e-01
6.125696823367081656e-01,9.317725233593623368e-01,6.892525902789399250e-01,1.435739756073403761e+00
1.690189788882133781e-01,2.623228269200249610e-02,1.984206865602734099e-02,2.546788295990279227e+00
2.180623907595796995e-01,6.319489264417913095e-03,6.758461517311635802e-01,6.567443843438773854e-01
3.559336189652829718e-01,2.474023751525419590e-01,1.888647774448261263e+00,9.919096147624988369e-01
1.000405795504570650e+00,1.529672276376258799e-01,2.406762228534787607e+00,7.737633123605894836e-01
8.058042693941233625e-02,1.603956194315926176e+00,4.770346155701086666e+00,8.000180574392623534e-01
7.757854095734116884e-01,1.921610878164312641e-01,1.349292042941638403e+00,2.671529398642145670e-01
1.753247673597043421e-01,1.216333443251554625e-01,3.569393172767062333e-02,2.176872524128675934e+00
3.855467985380808260e-01,1.131537238840124027e-01,1.921896464122034631e+00,7.468196692583407570e-01
1.198940411570720510e+00,3.239574846803645158e+00,1.124898429643687692e+00,2.849705568286082791e-01
1.942581699907439396e-01,3.559562330235481742e-01,3.778056566569700236e-01,1.155770619909660901e+00
9.296921872350499827e-01,9.984738036471793032e-01,4.036823447167198209e-01,6.401223421375299427e-01
1.046077087428271435e+00,2.147781153655594188e+00,1.436234526789054389e+00,8.135668238027938814e-01
1.045102790246857261e+00,4.579299453553752758e-02,3.722156379918368230e-01,1.096445419175585023e+00
7.166268406001689018e-01,1.537581265277866427e+00,8.007627450110161860e-01,1.632966806414364869e-01
9.412165856091155025e-02,5.680648002023848120e-01,1.446675715117167638e+00,1.574594349281986716e+00
2.053462602748165333e-01,6.169784224955037200e-01,5.541511930634044347e+00,6.566572755890267565e+00
1.094921415945647514e+00,3.418225954063073280e-01,9.388737913021143466e-01,1.015874151419233984e+00
1.849495929721383103e-01,5.320081748745837391e-01,4.048762761758632145e+00,1.774555856785473562e-01
4.502813791114433251e+00,1.329657321208588927e+00,1.560155793740189090e+00,1.466473851907662274e-01
9.009343116514245686e-01,4.964757471390364163e-01,4.204532855781137890e+00,4.475568866659539180e-02
5.297393378531530805e-01,6.711793870228369707e-01,2.972195195056506201e+00,2.978830004325502268e-01
5.760445390527477172e-02,6.756608645872231866e-01,7.615921203462069355e-01,7.371001237764210900e-01
3.705601848495811979e-01,1.048104177025088291e+00,8.203688263238254619e-01,4.139827559461918050e+00
8.498005576494783997e-02,1.328878078129094031e-01,4.971828784911709320e+00,4.808673908516341439e-02
6.594995092610083098e-01,3.779648092536392473e-02,2.613742246044630679e+00,6.077678222791781382e-01
3.175913759883266518e+00,2.501910707049295746e-01,3.012527468916647688e+00,3.397909637629118684e+00
1.264324892388413613e+00,4.358012262064132614e-01,2.377332208728430082e-02,6.569653983684265341e+00
3.537071285377238472e-02,5.296508127886865314e-01,9.524334086201052818e-01,2.005126525170843443e+00
4.142920027075051026e-01,6.059532350094777309e-01,8.292712389011769325e-01,3.147853621217075126e+00
3.412713943708471920e-01,4.342055005756898650e-02,4.604892474423659898e+00,2.512797131624405211e-01
7.064982724919359747e-01,1.760102151392668179e-01,3.354989857697912914e+00,4.472605331985355925e-01
7.786609802280622938e-01,1.760647579184425826e+00,8.779521478078423646e-01,1.286558064159745385e+00
2.056677977762194909e-01,1.227661685819562420e-01,5.726195912034548030e+00,1.314739630319052832e+00
3.073254127922007695e-01,7.203684418843595560e-01,6.106036477390632683e-02,1.809931042897396924e-01
3.104897084828043274e-01,9.546161411715785583e-01,1.272441260851155720e+00,2.486678100188566554e-01
7.125600187602152413e-01,3.172800564442119220e-01,2.056562106410027901e+00,1.614561445937921169e+00
1.818199226626692755e-01,3.477137319678199612e-01,1.391093322503359486e+00,2.216934177534473915e-01
1.764315432949814744e+00,1.718076598560253077e-01,2.253708331371814921e+00,2.590569996160791977e+00
8.223250927404717192e-01,9.879665779478640220e-01,2.789648088109990542e+00,7.220640387832937712e+00
8.266141115676729767e-02,2.690141291306533677e-01,1.370508689039387829e+00,9.539893249758808758e-02
1.406872894978892785e-01,5.578456114357500939e-02,7.424366910505426909e-02,1.975155117718762732e+00
3.489310713865808600e-01,4.438631780927303483e-01,9.183149081164294625e-01,2.575473583948071146e-02
1.297548529110929882e+00,1.536508263404888497e-01,4.363864857089805760e+00,1.478166065176203858e+00
3.835199692047716602e-01,5.210682618393826064e-03,1.434970428726548120e+00,5.965761139396995594e-01
1.056560408761473245e-02,2.185044025912389054e-01,2.354472130415352638e+00,2.717454911309283294e-02
9.280251334228974969e-01,1.315151628835138364e-01,3.961909332875531486e+00,2.332155411683955182e-01
4.334016466207003815e-02,4.484862773135057101e-01,1.903340341466311259e+00,2.634529313392811600e-01
1.943750093489968300e+00,2.547736375020522304e-01,1.675710462412223212e+00,4.916854662286933575e+00
1.222635897562449614e+00,3.002143478534543067e-02,1.679318015001347142e+00,8.695896899202030239e-01
4.397575102329338015e-01,6.572065439729489755e-01,3.431527336402941941e+00,2.067879803454359511e+00
3.746782262455770618e-01,6.034905959052133673e-02,3.182211486638084619e+00,2.756876758549123618e+00
1.455339355580800520e+00,1.990033086402646367e-01,3.870295970579987754e-01,9.078414907314756588e-02
8.577104860500455175e-01,2.544286892489185450e-02,1.505507663223922155e+00,5.843400678207226820e-03
1.120005029879938413e-01,1.427846747655078519e-01,2.975723794637775477e+00,7.335723428455970252e-01
1.046595669161055620e+00,4.869104022219715167e-01,9.474089332866074686e-01,1.566080298864454878e+00
1.484120322655518631e+00,5.540841308288640965e-01,3.563173350158162389e+00,1.257654565143524694e+00
4.094541281166591773e+00,3.208156974966405728e-01,6.145356334525668707e-02,1.423369350154874757e+00
3.438036508929394053e-01,2.273418550681796102e-01,4.472432985130481597e+00,2.878224697518941277e-01
1.893083787513741179e+00,1.578572195975925130e+00,1.835025513958011834e+00,3.745406573563985647e-04
1.736931665829854587e+00,6.785604445367819648e-02,9.909651226260159262e+00,6.346520168764754333e-01
5.798124258911926399e-01,1.566092636833770646e+00,3.113614514406175537e-01,5.494003322967641045e-01
4.595698397478395480e-01,1.285059746098411552e-02,1.105637298900229437e+00,6.414594587583157814e-01
6.301716252565753296e-01,1.145866276819760943e+00,2.372805380840597334e+00,1.822569410403548085e-01
1.606460308837347695e+00,5.903458300949385729e-01,3.117360163236955195e+00,1.038185993096445658e+00
9.854971523283698742e-01,1.147847961924791660e+00,2.362089819589763273e+00,2.263169828159252717e+00
2.627303770819929829e-01,1.667435335765940163e+00,1.671089908656154741e-02,1.061480962037352871e+00
1.844043376718238925e+00,4.447902197221567655e-01,1.208635721447907319e+00,1.162337833241466750e-01
8.211275428670834764e-02,6.645805063270825153e-02,1.875461270656628043e+00,1.587425285182145318e+00
3.282466714917796347e-02,3.939573275681838016e-01,1.187204364332462569e+00,2.002043687486025014e+00
1.801438283519006534e-01,2.906409724633600145e-01,4.693901572340582196e-02,2.332398164862407308e-01
3.428186035934147613e-01,5.568978281765081251e-01,2.112886442750565141e+00,1.240387110961523598e-01
1.924743812629114426e-01,3.655501714900641907e-01,3.365248923275641513e+00,9.307236500017543879e-01
3.691328931578701789e-01,7.303534831315125486e-02,2.388194221141719531e+00,3.768027768931906940e-01
2.732162328337879673e-03,5.529170977415826665e-02,2.149110576825735031e+00,1.731117347517281968e-01
8.034873227401736484e-01,2.148507347829740066e-01,2.137198950343928594e+00,3.863769389488889705e-01
8.944673797975238871e-02,1.170806975419055540e+00,3.186750870108262523e-01,1.697679713507610710e+00
9.556415111112548377e-01,6.271765683144003845e-01,4.401234565020850087e-01,1.793262690176997826e-02
1.023985338535972511e+00,1.387145139514019687e-01,3.007543776755118081e+00,2.031823188968566729e-01
1.121191101128934386e+00,7.822110551001191237e-01,5.861649371096646632e-01,9.102278587025873502e-02
1.431050189977367895e-02,8.075591525488010625e-01,4.381830134688342038e-01,3.328778944068715884e+00
1.328270168349856117e+00,8.341662073475542005e-02,8.368161653912340459e-01,1.885629460407582725e+00
1.013786692332013378e-01,2.017638277887922604e-01,1.616643614155950370e+00,9.572540208739258594e-01
7.880677120630168453e-01,9.724625532920067039e-02,2.014123790276822756e+00,2.249827457508025041e+00
1.876748280968387195e-01,4.112052083980650141e-01,7.355916386809324692e-02,2.839563205191754092e-01
6.802635388460021026e-01,7.338906242570751581e-02,1.356680852586424763e-02,1.203504089362239099e-01
1.890315099516428177e+00,2.496090231724659714e-02,1.519454999568568221e+00,9.576971661110744716e-01
1.218180107014383173e+00,1.719039778217142100e-01,4.013890197943718874e-02,2.060645014381169149e-01
1.544409627788111194e+00,6.309102554604555102e-02,1.685854827703514580e+00,2.224860384639081978e+00
1.382894400117261169e+00,8.692450198524524774e-02,1.113631892391591771e+00,5.739947828437522714e-01
2.884267568795190750e-01,4.361885991080821090e-01,1.340581438948090565e+00,4.055215315816245170e-01
1.312268480892797018e-01,2.147038078598582367e-01,2.315275561288863415e-01,6.786091249333273678e-01
2.518075147295520400e-01,3.150038322898761345e-02,3.586660490257648437e+00,2.051376110815104070e+00
8.884314521849255852e-01,8.999423827083995464e-01,2.018628101715278067e+00,3.948975472913908713e-01
1.566066646942969876e-01,2.383836374909684835e-02,3.416309330802872468e-01,1.560108909657206833e-01
3.646412175954673041e-01,2.994718950300909177e-01,1.509823272277013739e+00,1.206880506709588907e+00
6.953721594288866936e-02,2.351889466606005286e-02,1.443815829943263962e+00,2.853477918923628120e-01
1.262464062337924076e-01,1.168402036717282266e+00,1.113755587774634792e+00,1.685212165747416724e-01
3.877820005815355575e-01,3.897621153595492993e-01,2.619091936380772090e+00,1.248619981617456576e+00
4.765077210186090539e-01,1.023368737614632096e+00,2.053510562485107105e+00,1.315865730164157976e-01
4.914786926287652569e-01,1.667421395916057758e-01,1.036741095105349064e+00,1.620515138753653162e+00
6.265948071746819947e-02,1.721988614270617002e-01,9.936002344035358425e-01,1.545325340808171521e+00
3.876290805099582570e-01,2.842701205104849471e-01,2.629416847557811687e-01,4.777947272060937278e-01
5.338092036173324173e-01,7.465519833992853016e-01,7.460692933400583371e-01,1.249253862701743129e-01
7.402118954853097454e-01,2.016132796607227884e-01,7.485852670727040081e-01,4.281158530915422644e-01
1.271829538049366493e+00,4.459514290640019807e-01,2.722575249721533863e-01,4.142712406200576569e-01
1.471659297548195244e+00,6.215981740841709513e-01,1.158683212908347304e+00,1.068757845729128242e+00
5.309117150443540822e-01,5.964719803719289309e-02,1.972656450630309921e+00,1.134842630341797998e+00
2.175875742684281633e+00,1.706006127284142693e+00,2.250180868438654905e-02,2.012248278476355789e+00
2.013629953750791235e-01,9.201867837262994732e-01,2.870892650764441445e+00,1.030963473133441610e+00
3.002586390748422041e+00,1.170826549738439443e-01,4.691988441595905002e+00,1.961668853055962003e-01
4.190225249890543457e-01,1.036594427617335334e+00,9.719838879319931957e-01,2.208662156921962494e-01
1.013308672850619097e+00,5.314548419629158346e-03,1.800129609784966167e+00,3.209994545124581933e+00
1.746501381099146766e+00,4.532764465780316776e-01,1.040518957298410374e+00,6.913851093248847557e-02
1.162621847176941836e+00,1.888449961345742625e-02,5.880811476862511933e-01,7.082465294782634702e-02
4.854751817754162091e-01,1.616759461192731895e-01,2.305331644511261935e+00,1.407388215124315112e+00
1.042477027968089942e+00,5.274659271634011271e-01,7.064848986063463343e-01,2.462370014761010306e-01
1.162704039054404323e-02,4.894862032685915604e-02,1.977777253092394050e+00,1.669074120380021065e-01
1.336738346171126635e+00,4.808297021340516841e-01,5.425607557695940608e-01,4.265753100961282573e-01
1.557084451468625286e+00,3.214967279036835129e-02,2.498821138324938573e+00,4.352285455411471382e+00
1.772524146988417648e+00,7.917649899653512735e-01,5.255004612392988328e-01,1.393870833476270055e-01
1.088091031016761093e-02,3.576205489743460864e-01,1.099343535982912234e+00,1.051114572105928957e+00
1.033077143041309487e+00,4.031651066060006894e-01,4.120220883644891252e+00,9.238837299615552112e-01
5.707767967501858886e-01,2.228197836040667068e-01,4.307939386571952439e-02,1.900127949833123608e-01
7.025616872130001633e-01,8.050456102198233488e-01,2.616002968287354791e-01,7.436639737736238098e-01
6.516144874614470117e-01,3.466347195614859211e-02,5.227229405651522276e-01,2.638480803951643860e-01
1.083024818434540626e-01,3.771463556393281347e-01,2.001131268117710416e-01,1.969256933377401264e-01
1.516503482881383369e-01,2.410741513019318272e-01,5.467042046065074823e-01,1.496816475375081668e+00
2.393824728563300752e-01,2.125469724461434909e-02,3.414439126047040585e+00,1.416864607507728246e+00
2.275732686906199037e-02,7.968793404813380443e-02,3.456794533288338744e+00,5.608836493207893792e-01
8.000796014770275022e-01,3.500391582801361534e-01,1.516758402788123572e+00,1.104749517595492891e+00
3.618823691628378914e-01,2.732876180059838345e-01,1.177211074057149087e+00,4.562463275060346213e+00
7.309738943638489639e-01,1.674036380937902746e-01,3.741084283429257251e+00,1.445406692085829725e+00
9.220688357790837730e-02,3.240151884775543945e-01,1.487278358219113361e+00,7.678087018655233020e-01
7.541046919665812809e-02,6.445839943229389468e-02,1.989649384795952214e+00,4.157716232504741344e-02
6.758703236993487407e-01,5.037990893611786758e-01,1.610336259021889260e+00,1.020481872711786808e+00
7.203074020456288196e-01,1.941673704210490972e-02,2.657965871027632154e+00,1.070119339317854162e-01
1.141128416403691531e-01,3.632681274813246430e-01,9.922552077441874063e-01,4.500819833716280249e-01
1.919909720606836512e+00,6.482105957563456533e-01,2.437811783672121368e+00,1.458874427368713478e-01
2.553912045088210445e-02,4.119896131068992093e-03,6.370367640714886814e-01,1.195936474074650729e-01
7.272331299921781511e-01,1.120054790869912803e-01,7.426796895907820106e-01,8.240365114278841219e+00
7.195567437372664132e-01,3.250636026021343494e-01,3.903147992446776016e-01,6.109349519431618303e-01
9.565211457058117595e-02,4.311136133002315685e-01,3.357453484211344458e-02,1.014101272947071974e+00
1.873189166682776019e-01,8.037544808192742529e-01,3.017947791084007125e+00,6.737974014450271998e-01
9.887804188013250561e-01,4.227537869993619468e-02,2.092735584463126131e+00,1.540224400112679470e+00
3.066328946671520450e-01,1.144771054985123326e+00,1.431194275799547944e+00,2.560105957700938295e-01
1.109642381165628411e+00,2.753724151523832125e-02,2.544944123241892342e-01,1.404415694113335666e-01
7.008791374404310659e-01,1.468754830766343944e-01,4.131023895718423766e+00,4.212713977616340255e-01
5.496356914559233919e-01,1.584425891575391432e-01,1.873674384426014417e+00,4.843313418308628826e+00
5.694056766444525186e-01,3.878947828932029496e-01,4.267284235873250453e-01,7.029417941014740046e-02
1.863737133136244450e+00,2.742983705402892401e-03,2.004790891046767332e+00,6.996172405367961922e-01
9.590085497482907229e-02,1.241090979355172763e+00,7.008714625796051978e-01,3.597410688758448938e-01
1.355428166616814145e-01,6.001386002768787087e-01,1.043762512528660091e-01,3.452736597797755325e-01
5.046369909225014716e-01,7.313779215884863572e-02,1.415923143386181304e-01,1.175981925329017963e-01
4.139423851486702111e-01,7.544543031446385717e-01,1.463081517091538997e+00,8.379036909718763360e-01
1.580112460729893531e+00,3.291677493282967049e-02,7.041335885465596078e-01,7.144252212149100334e-01
1.334047984771548068e+00,7.316243347726149142e-03,2.443310466665654879e+00,1.065483795767366154e-01
6.488257653925190160e-01,2.923762537935276629e-01,2.722690842660424604e+00,1.131332994742525327e-01
8.184983228661728560e-01,3.004536616804433513e-01,4.230008849943385774e-01,2.988535415201148737e+00
1.819776551885279592e-01,1.522887722798518917e+00,1.219250521817489830e+00,8.653797573745140859e-02
1.838081852975970987e-01,1.725865227283346071e-01,1.057200210470572665e+00,2.342009248254803000e-01
1.568727652382878812e+00,4.526878686389359391e-02,1.119172062240777255e+00,1.178051270133330553e+00
3.383919101390711059e-01,1.980826340130645180e+00,1.192690108951196537e+00,1.266894096196894137e-01
5.528734658245222366e-01,3.440431645468550403e+00,5.129684124419140012e+00,1.325306517647839577e+00
1.766923283860091676e+00,3.238416904300808752e-02,2.877999942082698048e+00,2.475292649883697571e+00
8.033556977184296288e-01,3.936695067516860491e-01,4.966923201923286513e+00,9.428720116338098478e-01
3.293016272080475648e-01,4.183147763976727274e-01,2.202605472362231698e+00,2.121274239098358549e-01
5.953633333581637155e-01,2.152979595926200404e-02,1.536324133964197314e+00,9.916802764197930609e-01
4.133327579999978574e-01,4.549644575458763329e-01,1.948409380087680054e+00,1.215515979096288390e+00
3.362131994228064746e-01,1.913213968612710592e-01,4.604449840800338700e-01,4.812507865285652997e+00
3.494143500437360550e-01,7.473338119698531568e-01,4.371491575029222254e+00,2.486874380454866251e-01
2.130219474605707042e+00,2.244275912634776660e-01,1.160260063504195749e+00,4.561703402907869020e-01
2.068311056676482851e-01,7.551793035833909151e-01,3.756957408223999817e+00,2.761716959106994690e-02
2.962159368412714544e-01,2.513606302390425817e+00,2.872115452612588715e+00,5.956468747927523566e-01
1.154581435350069685e-01,3.722522924773988967e-02,1.050193090948699615e+00,3.270019256246694539e+00
1.695102494612971578e+00,1.706704239388869393e+00,4.237324799860293090e-01,2.033747883631929820e+00
1.491704115379057116e+00,4.650762023987956018e-02,1.304858701239639540e+00,2.977908122615199882e-01
1.030402722316128006e-01,4.852112739406474473e-01,5.692874652925204337e+00,2.322384397562349267e-02
9.366258981824228114e-01,4.478828868066871832e-02,3.157809901639226702e+00,1.435596938053454341e+00
3.456478038267182806e-01,6.615191357145404627e-01,2.123866816457040230e+00,7.191330880830600902e-01
1.794032890631380273e+00,3.424391483724663621e-01,2.853515497229295317e+00,2.637928899468797272e+00
9.812170431673944426e-01,2.263013144937121024e-01,1.635069974930018377e+00,1.133047234689162630e-01
6.719775315933760804e-03,1.905750915974612769e-01,4.310159377868542918e-02,3.382338882423516213e-01
7.011135990955694730e-01,1.061023572200030796e-01,9.197626290381729630e-01,1.523435692907733063e+00
1.364119972046059281e+00,2.164363465992734728e-02,1.320191595572824950e+00,8.674812389137076529e-01
1.527312924333112665e-01,5.329043426971618973e-03,2.387535399525597679e-01,1.259917010103211110e+00
1.203307058451756895e+00,5.674935906858376011e-01,1.741634619049633459e+00,2.011321204800883833e-01
2.075969957606765171e+00,6.476539522167541474e-01,1.490873060110422310e+00,4.365175203095104983e+00
3.927549057761475226e-01,1.899866252241173836e-01,1.278921371290103970e+00,8.576089199209684377e-01
2.392825259650766423e+00,5.215369099003485526e-02,4.494098367642381797e-01,2.802062050741558896e-01
1.266403760169511616e-01,8.816903409904329469e-02,4.751673872634700202e-01,7.496742206516873175e-01
6.214433850042356822e-01,5.735149411991165291e-02,1.729924550003595130e+00,1.473360741082110348e+00
8.486972772789949104e-01,1.963298798797530678e-02,5.426939084976588612e-01,2.758694910373674647e-01
1.013849924840041883e+00,2.483613108447534912e-01,3.891215473497358524e+00,4.834402863183204224e-01
2.284337836831255020e-01,8.487107340786647081e-01,2.581701321936852866e-01,7.087394519153144001e-01
8.482004007203213236e-01,2.940877178245819845e-01,5.591450797071628731e-01,6.167819848928257631e-01
1.256538303702762205e+00,2.597061037720584387e-01,7.978174352849490836e-01,6.547936434758100388e-01
1.076748296039525127e-01,3.051185301640827241e+00,1.321840661913300741e+00,3.902012142856860488e-01
7.071869441932184808e-01,3.497973149427432982e-01,1.706853534033281772e+00,2.089091409759781803e-01
3.886151880497934474e-01,1.785395542742054031e+00,4.178492795170544172e-01,3.781566574419772397e-01
4.515490031325991360e+00,3.468327722204633812e-01,2.422790640149846464e+00,4.497769179270449391e-01
3.560425380642097681e-01,2.343373714792078288e-01,6.898312920554481309e-01,1.226418560392952134e-01
2.869052766094733475e-01,8.751719833177223906e-01,4.608008006430396541e+00,1.653394896278160831e+00
2.179999540627660937e-01,3.606107506846855659e-01,3.144739393633033120e-01,2.101835578540969807e-01
1.606150237423366878e-01,2.993219224452435823e-01,1.578209723597205072e-01,2.640100359535036301e+00
6.814236999770864056e-01,1.109200462744448952e-02,3.668111216680656761e-01,1.758460651032319466e-01
2.199214563951988222e+00,5.198471491552305590e-01,8.314702268464257973e-01,1.156898413936197967e+00
8.031682592501164786e-01,1.324726198931603649e-01,4.334309507633913316e-01,2.899958224139625312e-02
5.963804342080752940e-01,2.251727287372191078e-01,3.846861334480497496e-02,1.414958384298386829e+00
9.618524013761509117e-01,4.271607718164075473e-01,3.194956188225908544e+00,4.646786039355712550e-01
4.351462753170138309e-01,6.407539218270038583e-01,3.146416544341853694e+00,1.042590613020299761e+00
9.796020030279352087e-01,4.346013128254611058e-02,1.367204517369510430e+00,2.459886714433000332e+00
1.075321332520893514e-01,1.305532365723752752e-01,1.601263323833020946e+00,6.446738084286475212e-01
3.763529368614414450e-01,5.844981197105578730e-01,1.734268815566377020e+00,7.050108575032115743e-01
1.150720532927729023e+00,8.178876525752167836e-01,4.948826227901987895e-01,1.738690078417091556e+00
1.463089268463798609e-01,3.131181853966570339e-01,1.898095079218941605e-01,3.118296127145294694e-01
3.168270558739382792e-01,7.785849739926289925e-02,3.856432779698421243e+00,1.045490709631557713e-01
9.723746298412994093e-01,4.324765771638170581e-02,7.472320549821765967e-01,9.789453681241995497e-02
9.216317537382832104e-01,1.156415363987249867e+00,2.508585344610126389e-01,2.122408314866205625e+00
4.069572374062978004e-01,3.026732625350276873e-01,6.226844078675022182e-02,2.478301921887330561e+00
6.541935769871308759e-01,6.659740850312355289e-05,2.885205839881059386e+00,2.330767562672626803e-01
3.386180069961819972e-01,4.572088032884839143e-02,4.257537245794976721e-01,8.007646727247416107e-01
1.130142640044616703e-01,2.428223925385769033e-01,1.425783121210873583e+00,6.235574412495551444e-01
9.899196626412706257e-01,5.645602422422565381e-01,1.211418096152750312e+00,2.648009879815713674e+00
1.817673352634449901e-01,1.702583872871564985e+00,5.118851598305540485e-01,6.669601250246619262e-02
1.314682853979671495e-01,3.621438850379066210e-02,8.400886152210356173e-01,4.408478454379073597e+00
4.347991447206714932e-01,2.291863195895999517e-01,7.034055032187402912e-01,6.515194784558928642e-01
2.327236239385324534e+00,1.941072686986423379e-01,6.203550423833654293e+00,4.380020292255666636e-02
2.602540233165744343e-01,3.306459005165072185e-01,5.313428408501217781e+00,1.361302971693890029e+00
1.014805317961874759e-01,1.712862696568324128e-01,1.421779673692661117e+00,1.115761827572696596e+00
1.024119791021028264e-01,7.025255233159653778e-02,2.141439152849896388e+00,2.116127959815774062e+00
3.598875299464244115e+00,1.571808493331726397e-01,5.059681874477890418e+00,8.695383722195224596e-01
1.761101357818010360e+00,5.745430613407997988e-01,2.748279420839215170e+00,1.219567984756032564e+00
2.377510017544575138e-01,5.440721361705441739e-01,8.663083441947788899e+00,4.192338834329911168e-01
6.529038017204232824e-01,6.156993290531633800e-01,8.962460347859211307e-01,6.206783251430567777e-02
1.650659336787190512e-01,3.440345052002771187e-01,4.313551554532482513e+00,1.024926547494139140e+00
1.097194740306069782e+00,1.442460447574075433e-01,2.970627052683882052e+00,7.234901255278573806e-02
2.525901819939995741e-01,1.674069287355308133e-01,8.151487163971232741e-01,9.926722346734671021e-01
3.111890831457100534e-02,9.528500034470059610e-02,1.172958235633943191e+00,4.803378402639300049e-01
3.108092942296020178e-01,1.462895129070152234e-01,9.187898662828226648e-01,1.302441385785639283e-01
5.822285129095722961e-02,1.228304925088875019e-03,1.586406332746042314e-01,2.623067391663557735e-01
3.722906971029761869e-01,2.036799738083854006e-01,9.390378856612038305e-01,8.737960759166014668e+00
9.552982701259675469e-02,1.528931012901538100e+00,4.871741266217907151e-01,1.457638618562412391e-01
2.814323144204612381e-01,9.332804368002077799e-01,2.153897528859409327e+00,1.301976628740796116e+00
1.645244656498032754e-01,1.282554473030619868e-01,4.809526342848467806e+00,2.296423497137538017e-01
2.582807572347048941e-01,3.940681078513615376e-01,2.392611013072894810e+00,8.030032893570644426e-01
5.323431192947199880e-02,9.433438057776093177e-02,2.125874224968253401e+00,2.372221322081552231e+00
4.226419162812117269e-02,7.623880927117021589e-01,1.477000834361180903e+00,1.646096997117550309e+00
3.646238844632735399e-01,3.666661464183084695e-01,3.598645164672667485e-01,8.315410246282219919e-01
5.129432467353179925e-01,8.339229722914913712e-01,3.856474801660137786e+00,7.302196568656412756e-01
2.432207822301243993e+00,2.378530319590762832e-01,4.442133107240709387e-03,3.907976331184987578e-02
4.048999219717449582e-01,3.033803586554538467e-02,1.657909157843758252e-01,1.101625884506689346e+01
3.187489173119095187e-01,1.582891420683054176e-02,1.123410122904490160e-01,4.317015508483581065e+00
4.338794603134612515e-01,7.853106357301695151e-02,9.148485137155091707e+00,1.850646334548489591e+00
3.714994968596117553e-01,1.751059350871717879e-01,1.934054451610027314e+00,2.490608344252482620e-01
1.309540740750140042e+00,4.543602766939079940e-01,2.231048996547174035e+00,3.573951853275768031e-01
1.023829106745403728e+00,2.166982776982519850e-04,2.772438137426647478e-02,4.088572319491086127e-01
1.497003223029373054e+00,5.941914227065987486e-01,8.850003545901579116e-01,1.148249866027102550e+00
1.821248231655613337e-01,5.927472970612075731e-02,3.897352301956582554e-01,5.897595707899724315e-01
5.122364465877208284e-01,2.662255078158178856e-01,9.987289659782031537e-01,7.982735801187390567e-01
1.449175225008214885e-01,3.159993793577001164e-01,4.520649389728451789e-02,5.436280771453254612e-01
1.059636284579825033e-01,4.000656273109688965e-01,4.479585204155991374e-01,1.963503796461017747e-01
1.215424228652236982e+00,5.075182220755836138e-01,2.315165419182943385e+00,2.043551583240945657e+00
4.066977471637530095e-01,6.696198448946723281e-02,8.615792009043994337e-01,2.007206402662978229e-01
1.666552168469063622e+00,2.951327845475638090e-01,2.743035514132214026e+00,8.689563070556980406e-01
6.886457655195280525e-01,1.807524140056706585e-01,1.115412377215362794e+00,7.228192366115741008e-01
6.458194574239159991e-01,2.063254287539678378e-01,4.451668646216037750e+00,4.942217375687331105e-01
1.798245761841802626e+00,7.817926580579837026e-02,3.292189327830012946e-01,6.545072985769879725e-01
1.586892253929486740e+00,4.338771941852131303e-02,1.549704383161744525e+00,9.147605271324575904e-01
3.566917385652352834e-01,3.887020841936715820e-01,2.697655841481635175e+00,7.353050691591350718e-01
8.838628318882236767e-01,3.487141627630126282e-03,1.263752235148067338e-01,4.386373306604358091e-01
1.209944149764634158e+00,1.102660084583738237e-01,7.086340483083932718e+00,2.323917654519101206e-01
4.848972018668744055e-01,7.082734076731940220e-01,4.481989398578681616e+00,8.753018604772575331e-03
5.956287199703594881e-01,1.278887582329307993e+00,5.000554987701638865e+00,1.861480617103953072e+00
1.175065111315237276e+00,4.941000391828594962e-01,1.765246938622218487e+00,1.309308343951279818e+00
4.853168946445045040e-01,6.353066204109109050e-02,2.359419495957108537e-01,1.964110953862104395e-02
5.112486089362393571e-01,4.852112198294939449e-01,1.061057940365372904e-01,1.770566944867327352e+00
1.364070822434212404e+00,5.913755077062513577e-01,5.771238111959561268e-01,1.243045815210717775e+00
2.819840872759016293e+00,1.778263053471864641e-01,2.100259713957423724e+00,1.058116503618397264e+00
8.103659385006526383e-01,5.406440294825235471e-01,7.657289168203591512e-01,8.888028701295873635e-01
2.855971299879602188e-01,2.774659979190335357e-01,5.301598027575968874e-01,4.523970293671511489e-01
3.510704934185587822e-01,5.748238699463711354e-01,2.097991714396079121e+00,1.664669590212352501e+00
3.967189257664372470e-01,7.658379276817894876e-02,1.233015425648153585e+00,3.189129636771378395e-01
8.752833566542302934e-01,5.939302501690223446e-01,3.183415109751941974e-01,1.633252906517169978e-01
1.270601307896020105e+00,1.975311033675222205e-01,1.789047258139993213e+00,1.401522630735944519e+00
5.309002788461626710e-02,3.215540436373535149e-01,9.444729779472889053e-01,7.152558705454376664e+00
1.500433162505703244e+00,1.405041406909635304e+00,9.838740915191799274e-01,8.068392474526008273e-01
3.346280409351001794e-01,1.994287753193820345e+00,3.426890781999161056e-02,1.923972051548794582e-01
5.881236633700108740e-01,7.028468123354970898e-02,1.171661034465691698e+00,1.572147272252831129e+00
1.944589027331348641e+00,2.943899660987662203e-01,5.026000448417485833e-01,6.887957613286852521e-01
3.635862010597876726e-01,4.937705745872349450e-01,1.745870247090989924e+00,1.696468940682047233e+00
1.019056899240350506e-01,1.667472612495320972e-01,1.128019778382298499e+00,4.481011442607145123e-01
5.844888826046225061e-01,4.524385908890980468e-01,7.260876446531417949e-01,8.243661699094150253e-01
1.245792717373549685e+00,6.622305187784433000e-01,4.458227895881536007e+00,3.714731182496701645e-01
1.585013585806888781e+00,3.302161838177574693e-01,3.393423627055059733e+00,5.278080958675867684e+00
7.589909194686125238e-01,9.748186020911749072e-02,7.767914022521267559e-02,2.983813828772870824e+00
9.744243149334489429e-01,2.671353680220244220e-01,3.559256150895321102e+00,2.920302823837321315e-01
1.462242921954241881e+00,5.212240937219194542e-02,9.038743802587749787e-01,8.261841882379428181e-01
5.211207288906411633e-02,5.682567002489820052e-01,4.055042382086536668e-01,3.195231291161869658e-01
9.586570766212346162e-02,1.219166488983916274e-01,1.152206669464174826e+00,4.942019171796485644e-02
6.765005767037022277e-01,7.812275326282051846e-02,2.555174010048652633e+00,1.484668487978120233e+00
7.735149957194512593e-01,9.392868511926923125e-02,4.268095228238589556e+00,1.043349444702035944e+00
6.304915220067349724e-01,4.346546999902398678e-01,4.068904692083291863e+00,2.729191023107110148e+00
4.355991848754685591e-01,2.858810989279413350e-01,1.297650623900030498e+00,3.797482770309119182e+00
3.804988838319919520e+00,4.112642719733340391e-01,2.699230329786050042e+00,1.008115152359797095e+00
2.489919570933176729e-01,8.923629977672123403e-02,2.345663469392357037e+00,2.300086834527882984e-01
8.708730209691548096e-02,2.604747054643039364e-02,2.957334689535928707e+00,4.479403779624157034e-01
4.600647847540674240e-01,4.796758529325513831e-01,3.038756246641617143e+00,6.814448582145947453e-02
1.674425282717698915e-01,7.862259612397033692e-02,4.759187849621414612e-01,1.456460057393303753e+00
1.491297513003060571e+00,2.280174787797750735e-01,1.114736815932360292e+00,9.017567115025665325e-01
6.461877108055597008e-02,3.105395667715483143e-01,3.463295384437363733e+00,1.718317956217535247e+00
1.085436331903264495e+00,1.211382676840053706e-02,3.904790868326848408e+00,1.869356848451225961e+00
3.128307454545856681e-01,1.306727796962650623e-01,1.123769508633907233e+00,6.628248186830596467e-01
1.742514893646688601e-01,9.923340562810424592e-02,2.300538455442123542e+00,3.649364132006256423e-01
2.351938185325275557e-03,4.078116272620268545e-01,4.411484157216265523e+00,4.473263574447408075e-01
6.096178738588409196e-01,5.154893379001444786e-02,2.853976246684200579e-01,8.115795366099860797e-02
1.078943940580546101e+00,1.441507196161161408e-01,1.026255372970861224e+00,2.243655739290404849e+00
6.693577335295960440e-01,2.022268910283372134e-01,4.837028629664804069e-01,1.331212599890212733e-01
7.618580513449484115e-02,5.388595884833319305e-01,1.601052223539276287e-01,7.747960238447140768e-02
1.420500481861467490e-01,6.331953141052745204e-01,3.601030529360661259e+00,2.937915973770047762e-01
9.745649053719238619e-01,2.075224027548228989e+00,2.199689619526369044e-01,1.708456506322516555e-01
1.614734326020082600e+00,2.192711253047165132e-01,1.426633429461269739e-02,1.080377078752726927e+00
7.028581238616832261e-01,2.281610679319963919e-01,3.866070563588622555e+00,2.714421456908528985e+00
6.290386233558082907e-01,1.201999813976709353e-01,1.000701187339912313e+00,6.204594192166488220e-01
3.208490438861046345e-01,5.394610583513005375e-01,4.402871926047808859e-01,6.981923713585359570e-01
6.562353443466144576e-01,1.399134294452500371e-01,1.354051812809072164e+00,5.817444713120857591e-02
4.415676967616498083e-01,5.762044192450310048e-02,1.061863084103270294e-01,1.440474346273558082e+00
5.000446862455032448e-02,5.841607533993144891e-02,1.675377616230080635e+00,1.723947684294783178e+00
1.349682201952997929e+00,7.566316243622943881e-03,5.014095566638336443e+00,4.571231211265405769e-01
1.675623637601297622e+00,5.450182138030504886e-01,6.437028144420355424e+00,4.765422785260944004e-03
3.584712824940465281e-01,3.741876718118994360e-01,4.254456349252888070e-01,3.404121495941076159e+00
2.965340750969713834e-01,2.442473670939680208e-01,1.946565614819611101e+00,3.242614997711209757e+00
1.341849236976278226e+00,5.268746084158663079e-01,1.498300755846546872e+00,1.485363199604799123e+00
3.240103574746601434e-02,2.771461921017518981e-01,1.721410700771360547e-01,4.898769019793016571e-02
2.234364702359461219e-01,3.995261734887171068e-01,2.695709817098007388e+00,1.218478582847061009e+00
8.182722086964451524e-02,2.538511892701455705e-02,4.536136228872272191e+00,2.530909654443304291e+00
3.161075283901190747e-01,1.022648800831496230e+00,3.745348168099085662e+00,4.429501742293210920e-01
2.628820259421395522e-01,1.604811874254497284e-01,1.226675670599952223e-01,1.029536736106116401e-01
2.065386120737555675e+00,1.266962378421314650e-01,4.791582431678967358e-01,1.636905713839619025e+00
1.149939101908280525e+00,1.595576314686943054e+00,9.901421706912348908e-01,4.730124278354291834e-01
9.935294116815234222e-01,1.430556224722024650e-01,2.177742909377073932e-01,6.810656997505447618e-01
3.847277478262891570e-01,1.534774769552649798e-01,5.225723957834916833e-01,3.321909185531264352e-01
4.383978197742523925e-02,7.495178035213475587e-01,8.354720693803027176e-01,3.165076765564794892e-01
2.278284781332849673e-02,4.321961292750634565e-01,1.049560740203026726e-02,2.570762143350030504e-01
2.290760615858990601e+00,5.795013812520499047e-02,3.005118402864335181e-01,7.539905900851739950e-01
2.359418709402657521e-01,3.258724671521420757e-01,9.852201800066531789e-02,5.617683845336088333e-02
1.890824126610690881e+00,1.636695251702246223e-01,1.860358612661138222e-01,1.336020770747323061e+00
1.932143310459571717e-01,2.951661938669585331e-02,1.508198582467947524e-01,8.207156756467056669e-01
3.745814982410325400e-01,3.370825595715404299e-01,2.952047790705123909e+00,1.922675466778521081e+00
7.204146947917480226e-01,8.559730222000849764e-04,2.228731377732373620e-02,6.049156614661072018e-01
2.257987433034557567e-01,9.750439414242011160e-02,1.920219218793909555e+00,8.100399515766503189e-01
9.936355079136574564e-02,7.351359095457177251e-01,2.246638556007473309e+00,4.215260951445791160e-01
1.328223914551912799e+00,3.502491714882179363e-01,1.258033830641238859e+00,4.359022679165706904e-03
1.005385711889300815e+00,9.841065763491802301e-03,6.001568513312881770e+00,2.686723136294534520e+00
7.668436220761736255e-01,1.377852392737163312e+00,2.232817800339234049e-01,4.308198553004759512e-01
1.662361969083791413e+00,1.943025015253826704e-01,1.485045039734653072e+00,5.332732389321865885e-01
3.436355487306011480e-02,2.501255275489174257e-01,5.228669353436084244e-02,3.066950119483596304e-01
1.413404605460654995e-01,3.844503848072063357e-01,1.355372454094413426e+00,3.728362457600156166e+00
1.109785765366426563e-01,2.799814572133573765e-01,1.107499656739132865e+00,9.129132322333891048e-02
6.658055079405239551e-01,1.594282194368606964e-01,1.390113601986344927e+00,2.844737275525323073e-01
9.364187102104563065e-01,1.024523654639090786e+00,2.415329934136744239e+00,5.725775193567884891e+00
1.240633762365277892e+00,7.037783733680252896e-01,9.283720671289959203e-02,3.013904222976113267e+00
6.630257596141607701e-01,4.173050547929464393e-01,3.076147754578446025e-01,2.627711530993268596e-01
1.934634066553137244e-01,4.864136085024383521e-02,2.416809613817720841e-03,7.254752659278719262e-01
1.966839127273017684e+00,5.565116866900393644e-01,5.195091908308810957e-01,7.345168045718019068e-01
9.133786076546205335e-01,2.558311251591290358e-01,2.749575310591924282e+00,9.280219708688889346e-01
8.171326805749851152e-01,3.744569495197390407e-02,2.801844359353404812e+00,5.309710347572649258e-01
1.738636039297881020e+00,2.955305081951027368e-01,2.020332678849155350e+00,2.927315434582988263e-01
3.580913354725611675e-01,8.030648099153604447e-01,2.205009049986134784e+00,5.344786515905802560e+00
1.003315951050691268e+00,2.688433986906056394e-01,4.334556190190223118e-02,1.448940170595272858e-01
1.037517066231870289e-01,1.025549032641169256e-01,2.523555298505070432e+00,2.686904100883847346e-01
2.116045642622283562e+00,4.993257899515157749e-02,6.942126348087714893e-01,2.018726285602668646e+00
2.890067638502021197e+00,1.020018764626815094e-01,6.460963378809467805e-01,4.331427051835726183e-02
7.682699031830906300e-01,9.412531901015863678e-01,4.521092281359018195e-02,3.253812609345246853e-01
4.845891984554764886e-02,1.788006204723047166e-02,3.891292547944467661e-01,2.193657189838102983e+00
2.095908620415387169e+00,1.392607445507248798e+00,1.111339486472456145e-01,2.125630149186096052e+00
9.395706836409412066e-01,1.329492577829453626e-01,2.521791109240094197e+00,1.113071244382948244e-01
6.099115020175027019e-02,1.257556790813664227e+00,3.652940153017054936e-02,2.318668295089192088e-01
1.376177606007286336e+00,6.161989742844922388e-03,9.265754212751581287e-01,1.417162583079665028e+00
4.922734246474764347e-02,2.684723062652263903e-01,2.532117436741214256e+00,2.005476311986039983e-01
8.015347233177319008e-01,5.546879042607044674e+00,2.846723351471391189e-02,1.185468662096096804e+00
3.406813034169023369e-01,1.196612736437422247e-01,9.833884799123469023e-01,8.410023215634780946e-01
1.864518034338253027e+00,7.728994234713292000e-02,2.170881045141581644e+00,1.101172079151521536e-02
4.870654033875009281e-01,1.771114304088664326e+00,2.328225490220995120e+00,8.878651847101444172e-01
3.942039285768036971e-01,2.714231118095842277e-01,7.388454792464760335e-01,1.282378983926050653e+00
1.050917520974636643e+00,4.523384700840273887e-01,1.796326880420240080e-01,7.970561259388349307e-02
4.459765685478251362e-01,6.762518390170099147e-01,3.659261365958186740e+00,2.082523403312322718e-01
1.881184373378769203e-01,5.412227631203057054e-01,2.673652742026736195e+00,2.581612480695640310e-01
8.173536197923513269e-01,5.109277880009143180e-01,2.809678478089947529e-01,1.403874036200252751e-01
1.983600689022309016e-01,1.371901931751303039e+00,9.783466964544811420e-03,8.948324191732721644e+00
2.304934436191401204e-01,9.467752017624599947e-01,6.857885430192618426e-01,5.200116627463629015e-01
2.404641182970022051e+00,4.142509716834543720e-01,5.910868569546184226e+00,3.059309801080953850e-01
1.048635413588472343e+00,2.780156980769540320e-01,2.224405316212021144e-01,4.222174094346980988e-01
2.457126381094973666e-01,3.091776746545545906e-01,5.612743784023442650e+00,9.635863330553768868e-01
1.550998153101996735e+00,9.305105574681383773e-01,2.440442577092842846e+00,1.950089123002948677e+00
1.074955527927828447e+00,2.805417047189659799e-02,2.001156229500510531e+00,4.099329187405094110e+00
5.009738354832915345e-03,1.430004869359538633e+00,5.732909903724090483e-01,5.795639613249896627e-01
4.591678040607692912e-01,7.285174547185425675e-01,1.562945547947616420e+00,1.447672036388204297e+00
1.926292770016056144e+00,5.837846834415274522e-01,1.621228605994806449e+00,8.083816982161344811e-01
2.794798520885656279e-01,6.589044211616394975e-01,4.267833125125852334e+00,1.226078019797075536e-01
5.205596365013810400e-01,2.577673668134609561e-02,9.821390032371225542e-01,2.484891344400415661e-02
7.241609153072123273e-02,2.015763780130326865e-01,4.755494293295257635e-01,4.056385775657701531e-01
6.739815406576527002e-02,3.438142537539621846e-01,7.579839468262131175e-02,8.232871260725616036e-01
7.482926211071568856e-01,3.624987353023417236e-01,2.352378657644982773e+00,9.320727409156420507e+00
4.382558721277896585e-01,8.617709977908269425e-02,3.239261673526129259e-01,6.728471424706672366e-01
9.322362267181680817e-01,3.936714795280442103e-01,3.952837213210523171e+00,6.693311009480377161e-01
2.335822635578403139e-01,6.370747921609076769e-01,1.456659945153840896e+00,8.528385971983355462e-01
8.170195189344456321e-02,1.165275282630442583e-01,7.364669806557097020e-01,1.264251600712924750e+00
7.862364776899560814e-01,1.211814727847617457e+00,5.472783015442902688e+00,2.408077644084435365e-01
6.431169805764105352e-01,2.174559499342779922e+00,2.991462743589782480e+00,1.191796076842530194e+00
9.064473467503103565e-01,5.200857111488176032e-02,7.354208016085155286e-01,3.415851568196163202e-01
1.058014322445372385e-01,3.323541872998601043e-01,2.407436036632190982e-02,2.675358766997342763e-01
9.919813963463235129e-02,2.456032023673666576e-01,1.249414569406524511e-01,3.065224332647780159e-01
1.357344784455615308e-02,5.463268585477614181e-01,9.978302486875743060e-01,6.467655636084178317e-02
1.376944038375037538e-01,1.242655075512715118e-01,1.799085536024263909e+00,1.690495515236412893e-01
1.517661446962457195e+00,7.482468812046691453e-02,1.412446221908461030e+00,9.032375697320116359e-01
3.537774934436946350e-01,2.208365210213947827e-01,9.140436405424634536e-02,2.454922175302685916e-01
2.149034821459246736e+00,5.825721901182929346e-02,1.359464629841643069e+00,6.677254612157522244e-03
9.363566689140202792e-02,6.432393847434107748e-02,5.604194384961522779e-01,9.145336068196725510e-01
5.521268272343756583e-02,1.197503042594058043e-01,1.868796230502580147e-01,7.567423550450739889e+00
3.848973451501517817e-01,1.733310803167190106e-01,6.209262622689449840e-01,1.396440302513400455e+00
2.184185972343091642e+00,1.093946490755592638e-01,7.000577335012497793e-01,3.025473931722608145e-01
1.557053799414516160e-01,3.227292475328480403e-01,4.267863874917270373e-01,7.613810956337556390e-02
2.213084333786528857e-01,2.200753185539618073e+00,4.734362626055379053e+00,7.133741886593569781e-01
1.773066875750362870e-01,4.792750158559393459e-01,2.225039035843801916e+00,2.795610425270596444e+00
1.007638455746065587e+00,2.125284262737831276e-01,2.334566344748041367e+00,7.934027972829907904e-01
1.086016565876665174e+00,1.593766519077205901e+00,2.793471296008700033e+00,1.014758714348555024e+00
2.227360504569827482e-01,1.115990566774584192e+00,2.258380231214822953e-01,1.435944359923238822e-01
3.091292811579089972e-01,2.449545272972337429e-01,4.741222385308689891e-01,2.657765592743341898e+00
6.304943941109468764e-01,1.073347013483413465e-01,2.828479951721260655e+00,1.089109065093675638e-01
5.671150739271605401e-01,2.108091834721124713e-01,2.649041842111308664e+00,5.482948679267848346e-01
4.175607843541588315e-01,6.667006602914175017e-01,4.022465537077312803e+00,4.902216829236571982e+00
8.867422154651638522e-01,1.325897644268672904e-01,4.200005553664979963e-01,5.449507154796612296e-01
6.214086162738211017e-02,1.491518730379190749e-01,2.917053083355561682e+00,1.434249261425748490e-01
9.322049966066360549e-02,1.057120340451030094e+00,4.028053750264033006e+00,9.053719607223174037e-01
1.962585878811804019e+00,1.538108085402152270e+00,6.139217437189174731e-02,4.097531514981808121e-01
4.643807595554481638e-01,6.439674904683024836e-01,9.538247978368379343e-01,9.133269626036045752e-01
2.255090111180362566e-01,1.920030524272174022e+00,1.028710489028056729e+00,1.779686579375726829e+00
7.740472618181477860e-02,4.253683809659459247e-01,6.105958422713257949e-01,2.511641662221054672e-01
2.677240964878995655e+00,5.143648253462573816e-02,2.155858919604320967e-01,1.151725986654377441e-02
4.371865343947762828e-01,7.790499803833207393e-01,1.477197711294757410e+00,6.282926393004270027e-01
3.599306182082386840e-01,3.069102139035444488e-01,3.354925063706734045e-01,2.902564255638565016e-01
3.047899478186872901e-01,1.562951066459303540e-01,4.230978790371258125e-01,8.898112606149073400e-01
1.011551321322650687e-01,5.477063945250632698e-02,1.108084492558928158e+00,6.388308913933606892e-01
1.151854045218058564e+00,9.758459571390010190e-01,2.027807949154898814e+00,1.145067004319035991e-01
1.713268140001385220e-01,3.315069742244082240e-01,5.691882856248775546e+00,3.900546005339647349e-01
2.835594228287559027e+00,6.940372071592969538e-01,5.475937168922455633e+00,8.192659877270564994e-01
5.422178147410233046e-02,3.270671341705864710e-01,3.089867183359543135e-01,1.234582818822888672e+00
1.201619768382434561e+00,5.291965051208951110e-01,2.569853226030553106e+00,1.016562573914711054e+00
2.240707366567158687e-01,1.119854730708138346e+00,5.448044081598300004e+00,2.542019997624649918e-01
2.873561810515709025e-01,1.541600594932757140e-01,1.782258424646232797e-01,1.222851092444015242e+00
3.177853106621249535e-01,6.264821079786979663e-01,4.405971723249771377e-01,1.522614123443108078e-02
4.105575745752092914e-02,7.538878526321493023e-01,2.994513043141135089e+00,2.649905897763741858e-01
8.403222146954561489e-02,2.256528793553759238e-01,2.185598266153760960e+00,4.020416568609208596e-02
7.288522386722640078e-01,2.563182831639732595e-01,5.142454222664872177e+00,4.569026801367472856e+00
2.080405590012013306e+00,5.307923749077381181e-01,4.923771969239075119e+00,1.469929939555733256e+00
5.190033950366212956e-01,7.950787085575763968e-02,1.228116382982708810e-01,7.435606357880363282e-01
9.963157801146673709e-01,4.206831172685288056e-02,1.816994776009070778e+00,7.939647922784608403e-01
4.576501271331925857e-02,1.261465810430135448e-01,1.052067626182638271e+00,5.431294532727251045e-01
1.312086606001956202e-01,9.661075413024914349e-01,3.116738200216090937e-01,5.368747370631500315e-01
2.175830063938691550e-01,4.633678683005343357e-02,6.582878387755940253e+00,1.349904712927775252e+00
1.711725338913959504e+00,4.384670729027351221e-01,4.916035506274227251e-01,1.009113213738508819e+00
2.444259829004988283e-01,2.162781805335796947e-01,1.972936935002785053e-01,7.711363583619992301e-01
6.664462137643639705e-01,1.331963588549461841e-01,2.168893446977516959e+00,1.699642544030174340e+00
1.265136557906507919e+00,5.906621213767002665e-01,9.024528093723900302e-01,5.045300677614469485e-04
2.000246072795955898e-01,1.244067774745705623e+00,1.888760991455394958e-02,3.213927266917491199e-01
1.375859447231687849e+00,5.956204212560203132e-02,2.146580412438784669e-01,3.555839035164490625e+00
2.205879802150473856e-01,5.283816818837347995e-01,2.091007726054208149e+00,1.462474704459327368e+00
1.830968484310015354e+00,1.109618877180334057e-01,2.960592941242060072e-01,4.873189499027748006e-01
5.294521293408513962e-01,1.125053533546189477e-01,5.419689483892811133e-01,3.004886209240995143e+00
3.669448326584443150e-03,5.131053154290454721e-02,4.072623284452297487e-01,2.522265515711349160e+00
1.043345576837159672e-01,1.564289407282127287e-01,1.915961731039701244e+00,4.518375408719155217e-01
9.719350834258813077e-01,7.228516889971361298e-03,4.707161041608055596e-01,4.439373030695759614e-01
1.924573571109890802e+00,1.192487594893223701e-01,5.483529235771963606e+00,1.166107575363391824e+00
1.640615848501694174e+00,9.198934046926088293e-02,1.422988273630485523e-01,3.214917485125181607e+00
3.650019670343180311e-01,9.100781979332556171e-01,4.752538272759461169e-01,6.890172232221548621e-01
5.040184799168102581e-01,7.706105378936083383e-01,1.065163699289871868e+00,1.046484896256238528e+00
1.225414136535714293e+00,2.153521556845268137e+00,1.970412572438445808e-01,2.318053755088578249e+00
9.804349589738978743e-01,1.734512703419823776e-01,3.290135312211388274e-02,1.398086418794515506e-02
2.860757167617081098e+00,7.419052579893610222e-01,2.458109089186273910e-01,7.359586129240556218e-01
1.466300616794760925e-01,2.522252488238425072e-01,5.962533838025650505e-03,4.963566739239322345e-01
4.937839166019496462e-01,8.305893352993525269e-01,2.227018468548836172e-01,9.272269561950416961e-01
3.721716641922568680e+00,3.683866078132219668e-01,3.944000046377118984e+00,2.490840561149832155e-01
1.007215129302937301e-01,6.860136416063706832e-01,1.101391878818902548e+00,6.388413310942138434e-02
1.584892927498139370e+00,4.414171960217294632e-01,3.364694181018146879e-01,4.685567758356181223e+00
8.870257996594804739e-02,3.098273173347413922e-01,1.052649408975706136e+00,1.262276326963808426e+00
1.758258329466199366e-01,1.186849600996489895e-01,2.960598642403811098e+00,1.332768292301035329e+00
2.032164139530419009e-02,3.688633821735955998e-01,7.759437293089442855e-01,2.179200606998498158e-01
2.462167573551919120e-01,4.908409817215343973e-01,1.446253210250030063e+00,4.013498624582742536e-01
6.103615852140178433e-01,1.800660489216063601e-02,3.946683239491221018e-01,2.028518331901546512e-01
2.234711439158238999e+00,1.180439621036182274e-01,1.334198446060313667e-02,4.260077332740721534e-01
7.106016170174582758e-01,1.207000062181543820e-01,2.638641778230461921e-02,1.721348859155018785e+00
4.392924031746560098e-01,4.006411653850307231e-02,2.191765008349626065e+00,5.787270201971320138e-02
3.812408291244351322e-02,6.225289428922548690e-02,1.118208467482885160e+00,8.102759284637403026e-01
1.874692640135638744e+00,5.549623844001948247e-02,3.499847478536070255e+00,4.505085090731209441e+00
5.065970188742104918e-01,5.823708566101627460e-01,2.167283654077108324e+00,9.588584687514591920e+00
3.911591739559435732e-01,5.478360060907181417e-01,1.167539929386576691e+00,1.650451105362485960e+00
6.718666498439525014e-01,3.492861579405169281e-01,5.118671566202053214e-01,4.565960183599797051e-01
4.832327818450886658e-01,5.181104957414541801e-01,5.471283947634681954e-01,8.881010335628019003e-01
2.078413382219153338e-01,1.409881180411163941e-02,1.771602557244731591e+00,2.366208495310387905e-01
5.458482482458032470e-01,1.550835700646024495e+00,3.528890230091243363e-01,8.545229504738689752e-02
1.505732257014300801e+00,2.050505178775537396e-01,6.794684468775853858e+00,1.811967157219675606e+00
6.855329971958539215e-01,3.808460615187884701e-01,1.069803605820369974e+01,9.149698841841497066e-02
1.929267125133638794e-01,1.586551875085155716e+00,1.150885961258892198e+00,1.260259641537109010e+00
9.414915365390932322e-01,7.817824090052754027e-01,7.371475439301025112e-01,8.620326707098651120e-01
4.568726722244005334e-01,2.907708222144706478e-01,6.267466647487632159e+00,6.656516170288472312e-01
3.047489835789293777e-02,4.767046888097458690e-01,6.631239967896538356e-01,2.309874479331697206e+00
5.334056950267458685e-02,3.862628596471440884e-02,4.772608289816288263e+00,1.380570014200821038e+00
1.374248874659671937e+00,4.032823076978525600e-02,3.909771508153871089e+00,6.694312154492482181e-02
9.406772149715761921e-01,1.900260792558625678e+00,2.508148878300538343e+00,1.819624046362334768e+00
2.758837634232883529e-01,3.144644140000585342e-01,5.202348151006540578e-01,7.882384431501485711e-01
2.919344529729134496e+00,1.490462399352726897e-01,6.562222869429706895e-01,1.724674386104857904e+00
3.185490995687601523e-01,1.572786517615042037e-03,2.204791158938593121e+00,2.668192994355660375e-01
2.252399056494071294e-01,3.507745629493893569e-01,5.053181825525078219e-01,3.476159946277387978e-03
1.736761281139556981e-02,3.986274629164705541e-01,4.964442369195793958e+00,1.551326153200330016e-01
4.538413974317740546e-02,7.179467105165318608e-02,5.995045818705501128e-01,6.798488772392949908e-01
1.109333804351106290e+00,1.581210662615966989e+00,2.229707163671552195e+00,1.127828819986905318e+00
7.678263252295267627e-01,1.885334315088117441e+00,6.371417367897828088e-01,2.501016246682012056e+00
2.280839665231945146e-01,8.768946637809967859e-01,3.623536266616144808e+00,3.531416158471187838e-01
8.686528293102860898e-01,1.165339685301287620e+00,5.434276159596508338e-01,1.219018750939293710e-01
5.906106144970131311e-01,7.673609195468297783e-02,3.139520421389766724e+00,6.588478934286619015e-01
1.969303104916976521e-01,4.602226693369064203e-01,1.824936345080933331e-01,4.837564676419007781e-01
1.500119240848067026e+00,1.167380191718423443e-01,4.774463340521392318e+00,2.170229419881341548e-01
1.262415784561372600e+00,3.080148242223152213e-02,6.865384014571400684e-01,1.594649168543203377e+00
7.954170615413158618e-01,3.878746414312463919e-01,1.139858960451942904e+00,2.533750451516718627e+00
6.599109786515212905e-02,5.320916601007850133e-01,9.803303282432956900e-01,5.857670404591008850e-01
6.126981787317393735e-01,9.585931984755215185e-02,2.111929522688344552e+00,4.175199133229723913e-01
1.936489105598124261e-01,3.530980337507642619e-01,1.742642346859837321e+00,3.303629533062780066e+00
1.975151814704730058e-01,2.161192520342834766e-02,1.821258267961954447e+00,6.364166981358679309e-02
4.466868593263055298e-01,5.331326364828858910e-03,3.076178783824590202e-01,1.519351760355353541e-02
1.707099445080054290e+00,2.576677020168124249e-02,5.770690439880718614e+00,5.854547581206324264e-02
3.477930438345845920e-01,7.368231670013325463e-01,4.115448126234227288e+00,6.157535942072159818e-01
1.320969926004028350e-01,5.132621721977569385e-01,2.786539422671292510e+00,4.798599487525007090e-01
2.112972306032167291e-01,1.564776232299784631e-01,4.495977154433362100e-01,1.752629870631686959e+00
9.555314912691839080e-01,9.008227572372003167e-02,4.274640169465593331e+00,1.005718870727246639e+00
2.887699914618669927e-01,7.302654876620083557e-02,2.492702285651863248e-01,1.237245721240620711e+00
1.820494205456413550e-01,1.925863427165242170e+00,1.242063208712858857e-01,1.473553009610710507e-01
6.035380246422445971e-01,1.129180625961499242e-02,1.880483707903706891e+00,1.244197709006041874e+00
6.786918904230054839e-01,2.394249302301971680e-02,5.417490927152299185e-02,8.174448039181788639e-01
1.814768222311761159e-01,5.207097301067499240e-01,1.578958227458646224e+00,1.959350120154586816e-01
5.609512298614667269e-01,3.629741853624376957e-01,3.676429181173988536e-01,2.366149320437318723e-02
1.847060856679194341e-01,1.630305235719417267e-01,1.791484695079885059e+00,2.657246331969748354e+00
1.352224131627028370e-01,1.456595915717249001e+00,8.852548630598426893e-01,4.113215708475115306e-01
3.518108834852128330e-01,1.282837077352348698e-01,9.653697568409084218e-01,1.562890112561858905e-02
8.129427354223690561e-01,6.679619119700050574e-03,1.724159667293199624e-02,8.884793149308135574e-01
6.821279089581325783e-01,3.487212563384763705e-03,2.460703956460687791e-01,9.571722494321241448e-03
1.173871914399403638e-01,6.675764330625421836e-03,2.143166018291055686e+00,2.535889199336642363e+00
7.275171898347657651e-01,4.071271243668516671e-01,3.737506062507809812e+00,8.983285223146780796e-01
3.466051912123372380e-01,6.559713024319115300e-03,3.329050721099348742e+00,4.857475251699550634e-01
5.433922499938059758e-01,1.283622890465259681e-01,1.276985986249916216e+00,6.151587884432532238e-01
4.503532184720853149e-01,2.544751658660032168e-01,1.145679010007311538e+00,1.497808860357928151e-01
4.634300480800535582e-01,5.462408076898042086e-01,6.793777521687106580e-01,1.720843913403626413e+00
4.771520052213928248e-02,2.567314247251888393e-01,1.409156970908980622e+00,1.311440721784658814e-01
1.442741875996801149e+00,1.811493025237506486e-04,9.197125593374658736e-01,1.097799126434867850e-01
2.636257688656206688e-01,1.410021232683355663e+00,7.116820766673935539e-02,2.459747109021854783e+00
3.666998331732409383e-02,1.635579602658752352e+00,1.397441150801026710e+00,1.894348554590600475e+00
7.420711927169284516e-01,8.570275304873422595e-01,3.247033756032406959e-01,1.568557803388465288e+00
4.048467140389593877e-01,3.935083387538396149e-02,3.085205967628738666e+00,2.462193226449946870e+00
7.725842112171157350e-01,1.567009847964729585e-01,2.186076995703356562e-01,7.294402650835255519e-01
1.874726989488563866e+00,5.335705409198743254e-01,5.234678290165648562e+00,1.519401453667186042e+00
2.687583241285044222e-01,1.934723518026160854e-02,6.706143608932026989e-01,2.296754847261322785e-01
1.385703281892993299e+00,2.236660000287070404e-01,3.004953815244757021e+00,6.727890731320156359e-01
1.063610812427965291e+00,1.834644223924162265e-01,6.507375559764918549e-01,3.727270161442843843e+00
1.172063674701750019e-01,9.344151997968295435e-04,1.707202727078417637e-01,8.008547100922367434e-01
1.711675579143959736e-01,3.865738013659862915e-01,3.095512168336248537e-01,1.806003349826369453e+00
1.221696100675035090e+00,5.225811066146401895e-01,2.658715973655912723e+00,7.296580222999264620e-02
4.185055887037197886e-01,2.178547642032369336e-01,7.604207557849543830e-01,4.265003674339093998e+00
1.767545395901745753e+00,5.856549739738116378e-02,4.114892335769955722e-01,6.993603418646010539e-01
1.272444338005202402e+00,1.532757408113885500e+00,1.616575869548862343e+00,2.859748747159835403e-01
9.557789535170822803e-02,5.298056778109332399e-01,1.554753753641196223e-01,7.318018779929137629e+00
9.123831180663037610e-02,1.925178111820017024e-01,6.697585247206226944e-01,1.204786227805454135e-01
5.742856365149338060e-01,1.271216763690658169e+00,3.146513334285527819e+00,2.387163446928075583e-01
1.699473326678361818e-01,1.972362144434287590e-01,3.434612920930557034e-01,4.560762647504397471e-02
6.477312635947792829e-01,4.153411794909543930e-01,1.307215481992821449e+00,4.562608100985896531e-01
7.067739611519290033e-02,8.652569225917337015e-01,2.273453496265119278e-01,1.454558879810087024e+00
1.718811784572644163e-01,1.279572457462442407e-02,3.082813585475820961e-01,3.650209135757161161e-02
5.646997708731897880e-01,5.696674664284256603e-03,1.391795741637146477e+00,1.265837881137206855e+00
6.001001267125850580e-01,6.490265670673368570e-01,4.777930342805266489e-02,3.484585207074395452e-01
1.306972353810894827e+00,3.834601294783561709e-01,1.158422343473887173e+00,3.801896661256239929e-01
4.955876828749534724e-01,6.022897845694025892e-02,3.897672813880864173e-01,4.060220712673355825e-01
1.183727287897772706e+00,1.190534708338520709e+00,7.251157393417581032e-01,3.162700174742453907e+00
2.269862574593220148e-02,6.530435280167677485e-03,1.853884109753732856e+00,2.306298579008585203e-01
5.076327599033709781e-01,1.355062635083820743e-01,1.364082261353055214e+00,9.263469747452857117e-01
5.272933973077176262e-01,7.941207923238155497e-02,1.212927615605282061e-01,4.929878981152040485e-01
5.241085946867206635e-01,4.283394665450142580e-01,1.385084213840827472e+00,6.003849349802781177e-01
2.164299830254270418e-01,3.982256155895364524e-01,2.016666231386210928e+00,2.360998696700663757e+00
5.044072168567932390e-01,2.054347821490475567e+00,1.216056407348954815e+00,1.101799774910255492e+00
4.611698328480035580e-01,6.172363850539934471e-02,4.303259944943086945e-01,5.635760624948583875e+00
5.633349248598802372e-01,4.114415427691399674e-01,1.185421296795231783e+00,1.393404239929299848e+00
7.102390489881841296e-01,8.323005654086967908e-02,5.660993339397573099e-01,1.076139644432957815e-01
2.943689044732443749e-01,2.833386933078661102e-02,6.250706364711785534e-01,6.156572189185768984e+00
1.716480875846869980e-01,1.856910299513323093e+00,1.419786791228108969e-01,7.137909232759444000e-01
1.902635539675378296e-01,1.533190660718254383e+00,4.001496465570126282e-01,1.002350953804015954e-01
1.581266526166993369e-01,5.514951074075643417e-02,3.830426928195761471e-01,1.381100333253519885e+00
1.598422691703355047e-01,3.502655643456934476e-01,2.856575983943045571e+00,1.059733177569194551e-01
1.210401446912859891e+00,4.556881279239492766e-02,2.905537447559663811e+00,3.868450575804862623e-01
6.086359981662529117e-01,4.865362999984115810e-01,2.649756242002201390e+00,2.461695985637953332e-01
9.573710118244133094e-01,7.089544589357710258e-02,4.244952231907939577e+00,5.814835596803163975e-02
2.997629909233152229e-02,1.336459473936671527e+00,3.261322968366757724e+00,2.396969482987109934e-01
1.252684546181704606e-01,1.383914616994317004e-01,2.319426596682778285e+00,3.484813900394724495e+00
1.554381149520275507e+00,8.200063286253715666e-02,4.448352719174186731e-01,7.359600994790358452e-01
2.622269568423464037e+00,6.171384082958644018e-02,2.117941378007672237e-01,6.574229023700133290e-01
2.590724148150949646e-01,5.902044877193642902e-01,1.105558287140084417e+00,7.245769175559975128e-01
2.183707886206217100e-02,1.099504980217310468e+00,3.163155737262214884e-01,4.972934622801218119e+00
1.308279583312633498e+00,1.573757579383855687e-01,3.170975858249149404e+00,1.254199124897832363e+00
3.303061404296047332e+00,1.481786945592483418e-01,1.496054284089959774e+00,8.216334697434021450e+00
8.784703781662802635e-01,1.116538866452030598e+00,2.023317836944884540e+00,2.628666357581359136e+00
1.174569425825051194e+00,2.151325359688387451e-01,7.655022483980908898e-01,1.691003394833948958e-01
8.255616710348888665e-01,8.426564874888260448e-01,2.591545054616797294e+00,2.859327025271481831e-02
5.812351588967676896e-01,6.751410889815711025e-01,6.770079786197842620e-02,2.612414647604610063e-01
6.713160251499667996e-01,1.567584597418194559e-01,1.124424230436358085e+00,1.093950323956144555e+00
3.827308167649877690e-01,2.720871374923756192e-01,2.608209100221506205e+00,2.344682629949322639e+00
6.228777346917916402e-01,2.160753256902526176e-01,2.606292548173038348e+00,8.664846459423886094e-01
6.055009251060287090e-01,7.864848549715570680e-01,7.549528567083468866e-01,7.663617794705608333e-01
1.718481043235460248e-01,2.028415029001775019e-02,1.034596321469444025e+00,6.306802729056141033e+00
9.244546910268687245e-01,2.870474357749561722e-01,6.327351078158549136e+00,5.864505989020807331e-02
3.329787450987370945e-01,1.159372849595113886e-01,5.881653947412716077e-01,3.297080060347771235e-01
1.731835705150015281e+00,6.216447431936012596e-02,2.934115078872321369e+00,1.437291459359783863e+00
5.270663943209445007e-02,5.843229697726739502e-01,3.334544356624321804e+00,7.697297065914173505e-05
7.651089454232778975e-01,1.362921120689967458e-01,1.019042884155625606e+00,1.732558042596875625e-01
4.666121686972169447e-01,3.700434410694016796e-01,6.488727734519983414e-01,3.976568854502992245e+00
3.029124004933083203e+00,1.491796985189032032e+00,6.779865055755791570e-01,1.798408558524843340e-02
5.070906199906047296e-02,2.143343964929539658e-01,2.507999188666432122e-01,7.510528393717523787e-01
4.580018995214667904e-02,1.180457391719106630e-01,9.045246646295180826e-01,1.666983244516446971e+00
3.915349930442088566e-01,1.088052953164179854e-01,1.620382297292213947e+00,7.435853592693490999e-01
1.176363428104326841e-01,6.094882051371022541e-05,1.420012288709840975e+00,3.956413016035106311e-01
9.353735260833821730e-02,2.340407700094916943e-01,1.748095297155148442e+00,3.889213678501496130e+00
1.075379541195685240e+00,6.683596072270994726e-02,1.655955499545493925e+00,3.334624464213498674e-01
6.792079993537444849e-02,4.466450595446310179e-01,3.423863681639610856e+00,1.011402826714763448e+00
1.303739085009967713e+00,1.307097126649694740e-01,5.814936564725107226e-01,1.207979304284669375e+00
2.649593285183469288e-03,5.075512955466510157e-01,1.185734069526133139e+00,9.218073212900910196e-01
1.047158065256309278e+00,1.218757095920727895e+00,3.560465148440488670e-01,1.596029142456231731e-01
1.716901611869374289e+00,1.097312934751882435e-01,7.811882360188916463e-01,2.898441880969137574e-01
3.912374152848803743e-01,1.567804307670984665e-01,7.392042652717372153e-01,5.307612742099863112e-01
3.702369100937188962e-02,3.845057184311514442e-01,3.262854920938055847e-01,4.842526198723401398e-01
9.022970039437930856e-01,7.320718911518862004e-01,3.298302382405597033e+00,2.095321402604521654e-01
3.633410020741578705e-01,7.521574579047407560e-01,2.642976010291744782e+00,3.168712318537484141e+00
1.554536572882092571e+00,2.572469610391951989e-01,9.423505307944525233e-01,1.535511582570303069e-01
5.967221146245890173e-01,2.831811519448734771e-01,3.100673312217110844e+00,6.715515922816180927e-01
2.476793747825347947e-01,2.528830780059634353e-01,1.111211010984462927e-01,3.268835837856091331e+00
5.953927520335412088e-02,1.580759275345756942e-01,1.079109485636176258e+00,1.610276080903425833e-01
1.944624368271116177e-01,3.203101635019341836e-02,3.724233111393377982e+00,1.242950438270942870e+00
8.504825176386164934e-04,1.658679573482924330e-01,1.924094342870972030e+00,4.427843188624950854e-01
7.743906624366964087e-01,7.030997291932302717e-01,1.607631900851845153e+00,3.950217878550076889e-01
3.025747728032812667e+00,6.357762112547989120e-02,1.654554945607222549e-01,2.507595059724184949e+00
9.285327094810293946e-01,4.711331527490071891e-01,7.334151938174364727e-01,9.517538271477195000e-01
1.447253817579103041e-01,3.326502577885762646e-01,1.400421010069524907e+00,1.284350807374202985e-01
9.494444912453776919e-02,2.865775586300321476e-01,5.766846297882977090e-01,2.085304007910323276e-01
9.055045285524805365e-01,6.032615972823725248e-02,9.622926297112912586e-01,1.337323177942254970e+00
3.846023875067633213e+00,9.113736048541767887e-02,7.698119368689998465e-01,5.478593138634005669e-03
2.743122260835423321e-02,1.031729582074251805e+00,4.110195837377533801e-02,1.249479334826205879e+00
2.757864341553474818e-01,3.294607260120288594e-01,1.347506928794997227e+00,7.923561835414615340e-01
3.836500312816907426e-02,5.933138085853804089e-01,5.494352991347094317e+00,2.216018619091863207e-01
3.006219933716690607e-01,1.121976067003986666e+00,5.088030212495822546e+00,2.688304168042148223e+00
5.326788753845883573e-01,2.397101391854793151e-02,1.693372893668336765e+00,4.926044029304598837e+00
2.005628874512994653e+00,5.286426834427456756e-01,1.685949166214850137e-01,1.688051697404520657e-01
4.614070882074937652e-01,4.946191441942057176e-01,4.441349786520431553e-01,1.579980775467878740e+00
5.490433303953089206e-02,1.499980322806595989e+00,1.290913506608795558e+00,1.283410856379034293e+01
1.249118856937374566e+00,2.780739080489565418e-01,6.273226975062223820e-01,2.672332328542292412e+00
1.639313311177429622e+00,1.544859916583125159e+00,7.799144795984609857e+00,1.048404099241587728e+00
7.958383564006930033e-01,1.856909216077983205e-01,8.503926474149787751e-01,3.842919712163549995e-01
5.844784231637475402e-01,6.677796825898413280e-02,2.532168177444470203e+00,4.275174145290778771e-01
1.469427884387040306e+00,2.103083735664937615e-01,1.637087110233061082e+00,6.346885510892794624e-01
6.653463318258676651e-01,1.769663024244959304e-01,8.926618841389064030e-02,2.905880689827962382e-02
1.441177812511923173e-01,5.192011828192283351e-01,5.222591526072197787e-01,1.076860827012513649e-01
1.384590132551800412e+00,6.001044661885578980e-03,2.949099669842216720e+00,2.956812532219642797e+00
2.040227737225389082e-01,2.897887355915773067e-01,9.272509259791684721e-01,1.422666354529839472e+00
4.790660326052657569e-01,6.417109211419806947e-01,7.203744658508495213e-01,4.118719937913597473e-01
1.333637720497307111e-01,4.949847863314649210e-01,2.310069295673158773e+00,1.465453612259921268e-01
5.956349044175325291e-01,2.872292410800015849e-01,7.620497103245673642e-01,1.492605280603887197e+00
6.996897896615000834e-01,2.122885227407223852e+00,1.486693816193129569e+00,1.496841968461333772e-01
3.273629552043296198e-01,1.719612509680808754e-01,1.278289454902700406e+00,1.428888689749158725e-01
9.265728342530019646e-01,1.366355654482485360e-01,2.633598972642885450e+00,1.166986632286971082e+00
8.918491392261941597e-02,4.500149871944539998e-02,1.958605954293806961e-01,2.535350409472450384e+00
2.484768553481604858e+00,2.973674344158548921e-01,2.901817483063917624e+00,1.223075385085496070e+00
9.807338090881875248e-01,1.050701756332115933e+00,2.238128518814105572e+00,1.839797601227663115e+00
1.795668587969641294e-01,7.023346701647877055e-02,1.260678253306919849e+00,1.801157683185209635e+00
1.423111006877444185e+00,7.622949848649258620e-01,7.233746249930638861e+00,4.205087197745465133e-01
2.319072963911506857e+00,1.744770632015122946e-01,1.495794136132699848e+00,5.308551691425806851e-01
8.341878898439721857e-01,5.364767988063833259e-01,8.388525184850927907e-01,5.592546039966041216e-02
4.789735564333578166e-01,2.379625928921132172e-01,1.621160911251201542e+00,3.065727692680626504e-01
1.623124607706297184e-01,4.203311729787908013e-01,1.205950406269159725e+00,1.018375349554712539e+00
1.044926944312312145e+00,7.708327105560088821e-01,3.639725504563562919e-01,1.659596548009020511e-01
2.144644887661192045e-01,4.615178941109698146e-02,4.775823032018085001e-01,1.107383861741511322e-01
4.236687352808051754e-01,2.240932947406397424e-01,2.117436466133604256e+00,1.118537560253689778e+00
1.068932898365229534e+00,3.248338571657592433e-01,1.047675350898978064e-01,7.666142053060727157e+00
7.784903087744566852e-01,1.397027058504080599e-01,2.720258678605892655e+00,7.992378457155588922e-01
4.420430801890007366e-01,1.844779500985372633e-01,2.880730879444500570e+00,2.103899038973024993e-01
2.756443792808772608e-01,8.819374610838351392e-02,1.102605879424362278e+00,8.744988204913697327e-01
2.196628272580521402e-01,1.262274504568102196e-01,8.992957435424961052e-03,2.705176005696850461e-01
1.486574749405462859e+00,4.339011989414730541e-01,4.434168246991883611e-01,1.049257288321574055e+00
2.905000472477438089e-01,1.726042071314336068e+00,2.558291821425886514e+00,3.664301108662167128e-02
2.506490712502391638e+00,7.510809178847153468e-03,3.739415312626191756e+00,4.053470600642117283e-01
1.061887751530872670e+00,1.768509170381993956e+00,1.672430217326654978e+00,1.780224626663514387e-01
1.420292395889350745e+00,3.096770439756699744e-01,1.578889123065523759e+00,1.514637132581195589e+00
7.035718856715120206e-02,5.682620586036570831e-01,7.980275816207101081e-02,2.552097880493825244e+00
1.157955183285416023e+00,6.231309650065944838e-01,1.671987911292476259e+00,2.035607752253187019e+00
1.300897714939713401e+00,4.172949547600395825e-01,8.551084846313256049e-01,4.362610777432668341e-01
2.544881905751160134e-01,2.467847106667246049e+00,3.348256873787861743e+00,4.368407395222956291e-01
4.041883333703620296e-01,7.556246595080549910e-02,1.771229920138530922e-01,1.747068304850164067e+00
2.118124184025667045e-01,9.874499551635411432e-02,1.966250845924897961e+00,1.352479940624278232e-01
3.053445597778590148e-01,9.561177759617635052e-01,1.907094966338316766e+00,3.223078758242784225e+00
4.384564773290144934e-01,5.932076925500666675e-01,2.675131653007898347e+00,8.212936855691848059e-01
2.210808539388660343e-01,9.382900414893081686e-01,1.356693746934529488e+00,1.564325968183816418e+00
4.971771350147581869e-01,6.073659522688773515e-01,1.631865570246219921e+00,5.853947577891669418e-01
8.056971387259999062e-01,1.493683740971101792e-01,1.791916275002778169e+00,1.344742880138748209e+00
4.065880036494362582e-01,2.210104997896573664e-01,5.663720864219533802e+00,2.526300459669365561e-01
4.131068786474401122e-01,3.226092714266298178e-01,1.199870663167347251e+00,3.561882289562090520e+00
9.373290861728496015e-01,1.812341579963199500e-01,8.594333083677025975e-01,2.260858059844218781e-01
2.714773936249375089e-02,2.252566839654137620e-01,1.750033498448623437e+00,5.232846787838400099e-02
4.261583176473550116e-01,1.261372905086609375e+00,1.853274967647664528e+00,6.752055777873366971e-01
6.177406106527959517e-01,3.920197915089338458e-01,1.599945960346387530e-01,5.977155980807085101e-01
4.431210289797439250e-01,1.520375117592390468e-01,1.347617104485510260e-02,2.461194600061950677e+00
2.405279864526884415e-01,6.565098391067288874e-01,5.522277339418242281e-01,9.116611565266968142e+00
1.024363552465378469e+00,1.963759519760065186e-02,2.318519084750361614e+00,5.987038129039380374e-01
1.640308784950643473e+00,3.167735630619589737e-01,4.073057480443013079e-01,5.579551285548863815e-01
5.999970639476923662e-01,1.715770749035999132e-01,2.426609839765865750e+00,3.893882724389848837e-01
9.105010307332551678e-01,1.460132511357123408e-01,2.750211506635380054e+00,1.364589248361902374e-01
9.627724742584439221e-01,7.496703178422308572e-03,4.002350124472218162e-01,2.131614181094327876e+00
9.049487821687037803e-01,2.996061279211542985e-02,1.439738781504319887e+00,1.063489298676027150e+00
3.033866707465082690e-01,7.642582503677600170e-02,1.648475761344257440e-01,7.141615609238625151e-01
5.846098311822776061e-01,7.527878153842064712e-01,5.769662440468311004e+00,1.219447005375131399e+00
4.863740030371809242e-01,7.085042256750841982e-01,1.743902689018094865e+00,7.953663331600970832e-01
1.947776862641733275e-01,3.808290211351551546e-01,5.723547498515625387e-01,4.134082251476641767e-01
1.054118645796917608e+00,7.933051124180684477e-01,2.709159388668491708e-01,9.998977276467538866e-01
1.439710969028546783e+00,7.327950917775095940e-02,2.713088497182881920e+00,9.351019193059420531e-02
1.641755134436771735e-01,7.287941814820133590e-01,1.777363539342035503e+00,4.958791252605120881e-01
1.418885675716611283e-01,3.921339496105504668e-02,4.855795537264243067e-01,3.496277488277483858e-01
4.919577968918046329e-01,8.780496646762805391e-01,4.713853062658913684e-01,1.090534275868320968e+00
5.701007850327491910e-01,9.689278138134224116e-01,3.501474125237531987e-01,8.121455141040727632e-01
6.014956302089660145e-01,1.567274623603095163e-01,4.301832562530136239e-01,2.911178670007772418e+00
1.193093263252866132e+00,5.085251439242791660e-01,1.408500279534784960e+00,2.733660377215989534e+00
1.711676085363629807e-01,9.259338717905460925e-01,4.676812557764549183e+00,7.996916407103188407e-01
4.029903179470575858e-01,1.236340089102382078e-01,1.026800777577153267e+00,4.042794270640165166e+00
1.869193538312007297e-01,3.478414164545965553e-02,1.176578774469195093e-01,1.232072380869332795e+00
8.406404117348133254e-02,4.634412979498940266e-01,1.315514499599303111e+00,2.065860099372276715e-01
7.744938840074757636e-01,4.545262786212461714e-01,2.312981720668123131e+00,6.012039681134804248e-01
4.431859291890092312e-01,3.118409261148269995e-01,9.746498589020013981e+00,1.067701685533032796e+00
8.639281479317378887e-01,1.578267358001701204e-01,1.116317739116054142e+00,1.094665182305098128e+00
3.978007809889516078e-01,6.814105600850522970e-01,5.142398841907154239e-01,1.381516602461136500e+00
2.140676596138201548e-01,8.480782868160284815e-01,3.284826376618852350e+00,1.054468701901547290e+00
9.384072335994958491e-01,7.143260594319970069e-01,9.344428336252993406e-01,1.108926376820850157e+00
5.490548896323169670e-01,5.724143459348844942e-01,1.357340492045972402e+00,1.275011730989038083e+00
3.976487368787727794e-01,1.890612306708481516e-01,8.180107717896386577e-01,3.438336951575950984e+00
1.278905603104530941e+00,2.780451780736078460e-01,7.199793015636343219e-01,1.362942251932441062e-01
9.272580545264135221e-01,2.668639620169526716e-01,7.438988629854537127e-01,8.085246810028349218e-01
5.674315520111729017e-01,2.036469780414078556e+00,7.215912068807782687e-01,1.040224760653961855e+00
1.106439651905440025e+00,1.712067072746013274e-01,1.514125980585782960e+00,4.394700950990552357e+00
9.192406070959692199e-01,1.870671988345013192e-01,5.549059343680120548e+00,3.378620120076541444e-01
1.450357329286503828e-02,3.199198819299827606e-02,3.874726308573502198e+00,5.704957771380077952e-02
7.169395584308776437e-01,3.160547364210611332e-01,8.097864127081029206e-01,3.995481268584200052e+00
1.000361563877431914e+00,2.670853827918733825e-01,4.145404856150405770e+00,1.065019354614442637e+00
4.203781117125235389e-01,1.460971846845145361e+00,4.221625026292267435e+00,3.781215920793281060e-01
1.772298200373339405e+00,1.264663193191710722e-01,2.412213865329307261e+00,1.682568518950894543e+00
9.070236125638703184e-01,4.504614044530159123e-01,6.625138438212776482e-01,6.163182888457463971e-04
4.826309010784399223e-01,1.766657532055240440e-02,2.417647449802772464e+00,1.946746063469675936e-01
1.137038370750347527e+00,1.057950037460296810e+00,4.550417525459092616e+00,2.583488418776194173e+00
1.278553193532194765e-01,1.048243667279550095e+00,1.195540792876652159e+00,9.831430099236278253e-02
1.389684113097618523e+00,2.006511844452002480e-01,3.344338637938854664e+00,2.594960238536576647e+00
2.922222313846649655e-01,3.278357861281037122e-01,7.478026266011322809e-01,1.612774309358851133e+00
6.877537419361792193e-01,2.315417227432620129e-01,9.203173534355247876e-01,3.535734451972509518e-02
4.484253246937297988e+00,1.602961460492598800e+00,3.107641068343671223e-02,9.027155799721930940e-01
1.511136354120379055e+00,6.344979289034972936e-02,6.584574713165953774e+00,1.685377378720311237e+00
1.855670510576445942e-01,4.238564204766478993e-02,1.248454429392841014e+00,2.123427120682411129e+00
7.036683011180016045e-01,2.618671094490768181e-01,7.377013104777114805e-01,4.211375828052718595e-01
6.318503757483334704e-01,1.049765455534428682e+00,1.101126489401906827e+00,2.319668799555344718e-01
2.447231495487297293e-01,7.961611121697776960e-01,8.336666958582024389e-02,1.109348896521663297e-01
4.408598216152562893e-02,8.100807532079888906e-01,1.986126823302359234e+00,8.790540246278705228e-01
1.343966605492917799e+00,1.621854348808763335e-01,1.161268744459365454e+00,8.570550847906720504e-01
2.023042955959543920e-01,1.627678318444120142e+00,2.570239197148159960e+00,2.264241236121400103e-01
6.476925346116897408e-01,2.393935989506148776e-01,3.057614224285305493e+00,2.366440050714780252e+00
1.292884851539055358e-01,4.614975042611504236e-02,1.690451136312596914e+00,1.930186924004729576e+00
2.926357099951610308e-01,5.020585984164388504e-01,1.120419015774603566e-01,3.948737332628423080e-01
2.185744483336360677e-01,2.413662985170832165e-01,1.735294817576923387e-01,1.546787207274370191e-01
1.486506564799880067e-02,3.352273036959741992e-01,3.176765135346971691e-01,7.294093037036406546e-01
2.644606341026972118e-01,1.374838598998451566e-01,4.338189327178988641e+00,1.983251370572922945e-01
1.179106375594282316e-02,2.254745866284661449e-01,2.514492834669401766e-01,2.082271817694519578e-01
1.401762262061434283e+00,2.310091751849604746e-01,3.443419077417157581e+00,1.833417575677684097e-01
1.227342321224358379e+00,8.925095969284497777e-01,1.469915584690996146e-01,6.086514279621968448e-01
1.128681404932179166e+00,1.392856200064550576e-01,9.371725995879118809e-01,1.722068643852141256e-01
3.940938294458316005e-01,9.972408569455482041e-02,2.631243767648825838e+00,9.025661709309629188e-01
3.939875591856854542e-01,8.368444555000438267e-01,1.456153170257406870e+00,1.323774383975012459e+00
4.180116857360283156e-01,1.274680492172184654e-01,2.701265664239817177e+00,2.004309226459557725e-01
2.533264015693604820e-01,6.780661109252702490e-01,1.674434581745831263e+00,3.703146410101575414e-01
9.256359855119390412e-01,2.375908054041964701e-01,2.087950559357543145e+00,4.098067425856371515e-01
1.464900150768366549e+00,5.510480665251559218e-01,1.078000243076924658e+00,4.650241789288163674e-01
4.171470700882399241e-01,3.098168475664102028e-01,8.632713479484406705e+00,7.025613541265815498e-02
1.717508308818363749e-01,1.090594450341623167e+00,6.796327937971968769e-01,1.257300462562512378e+00
4.006031712756756846e-01,2.234515866342157708e-01,8.876147644193618236e-01,4.186436299601961508e+00
4.148332026657754468e-01,1.912257566303652428e-02,2.397626176229426864e+00,1.514030317320021801e+00
2.264486559278483524e-01,2.410406763835034050e-01,1.228690959340061450e+00,3.905430121011507216e-01
1.479701895671277523e+00,3.974131245288664793e+00,4.028846816832004074e-01,8.010651060467450790e-01
8.839225399755685775e-01,2.023870074447743583e+00,7.250198837558224918e-01,1.534343222958259201e+00
9.739796485734159015e-01,1.200381560676271470e-01,5.843118454207283374e-01,1.390260791309253785e-01
1.254093631928596686e-01,6.668212801426081082e-01,6.431212997616273519e-01,1.599208588907622686e-01
1.843154025732214540e+00,6.694967208318013396e-01,2.320882983461113602e-01,1.530412489822049471e-01
6.104411777599053623e-01,1.642231803396216605e-01,1.728582121260699100e+00,2.152473899436626453e-02
1.208451722774882775e+00,2.254081513677654025e-02,1.284715828029576512e+00,3.821900056904888210e+00
2.216533782954491993e+00,9.224608425730284056e-01,3.854829770566614577e-01,2.218345554263215780e-01
1.622302513415629921e-02,1.179027159513687251e-01,2.985453790470363966e+00,1.384458837807976295e+00
2.785853407135765014e+00,2.105438820353549567e-01,2.931312076927226951e+00,2.163615518818687633e+00
2.071451078771685828e-01,1.135883946392159671e-01,4.084190547060972065e+00,1.088165650203971380e+00
7.339399906208493585e-01,7.967011364457198264e-01,8.381130046374685172e-01,1.719910214631604317e+00
1.601878256312267712e-01,1.195603013657343811e-01,3.126339260090916117e+00,8.789273467594630462e-01
1.904773547853859661e+00,6.810069846480802935e-01,3.894161891638270867e-01,2.458211054846096699e-01
1.312877112302661908e+00,7.293629994090544688e-01,2.548236355340026460e+00,2.194614207294058872e+00
1.961107888278154354e-01,1.074478704278858943e-01,7.852319302602013273e-01,3.773588561473026459e+00
3.153398598220511495e+00,6.108581915357321757e-01,1.831558274425986454e-01,1.129935008600094909e-01
1.137713688064607931e+00,4.625933585841071616e-02,4.397408300020286265e-02,9.511650206651705020e-01
3.853482395390782078e-01,1.281396540170340881e+00,3.125838980512186005e+00,9.755829841410575964e-01
4.549442967785212177e-01,1.610381591701654236e-01,4.826105866984649329e-02,1.398496916201844353e+00
6.011126139177962457e-01,5.154064913116359475e-02,5.143437793811092007e-01,3.794081737242798624e+00
3.471248659836796424e-01,3.748828258755544374e-01,1.872599948339273679e+00,1.450026885439002159e-03
5.927227451250167700e-01,1.033671433863132982e+00,1.084650144818243067e+00,3.881966800490030067e+00
5.527453415805028830e-02,5.629953195914682018e-01,1.133586709223863398e+00,1.458744845014986247e+00
2.020702929537662382e-02,3.517906669510312279e-01,5.781150435666805087e+00,7.373053489106122516e-02
1.079964310946433415e+00,1.278228177222375840e-02,3.092212785586009094e+00,9.530702962037160830e-01
6.932034823943716839e-01,1.754504754242200093e+00,3.824784062623566294e-01,6.033874420227660629e-01
2.450072531680873023e-01,1.948542024848031184e-01,3.517595477672758042e-01,9.712404437235788723e-01
2.073825164262841358e-01,1.063733743233100215e+00,3.564938442980672750e+00,2.874197673166834660e-04
6.997597123026396693e-01,5.454398909936566398e-01,6.784226777235132788e-01,1.468024744527837377e+00
1.335397912668236653e-01,4.543771035781806189e-01,5.301131194127197688e-01,5.735546919437318758e-01
5.396898411852946165e-01,6.987358171220450220e-01,2.011174415104781954e-01,8.493019913698267587e-01
5.146244553998644555e-01,1.412962203343735457e+00,1.626723293699968265e+00,1.087488026325058144e+00
1.117429566480120595e+00,2.556698089372206883e-01,9.804951110888180388e-01,3.004353266759848817e-01
2.203042080316204021e-01,1.547729094387980953e-01,1.795119605624624581e+00,2.763388777528751339e-01
6.759452959350708001e-01,1.251886360467498738e-01,2.306965816926567214e+00,5.750529020279397663e-02
6.515694565874339261e-01,1.415278899511688004e-01,3.445021009259072176e-01,1.891358333203400299e+00
8.379481095286565040e-01,5.550114879642007587e-02,2.054127486254030965e-01,5.769409684203513633e-02
3.657377160136251248e+00,6.563123422288207331e-01,1.001076538605911281e+00,6.080750738090080487e-01
7.818860146050882198e-02,6.825167704999515195e-01,2.292690450210361774e-01,2.932313974230686682e-02
3.582686090749476193e-01,3.292826209565059559e-01,4.189339285025197035e-01,4.261162979735717116e+00
4.000958960258458458e-02,3.487417119721544084e-02,1.920019194381594296e+00,2.265951229132185052e+00
7.771729725493516927e-01,3.518552996007372896e-02,2.620470831967032788e-01,1.691047124120246548e-01
1.085108739461573650e-02,1.270213999817216000e-01,8.859707734229510523e-01,1.863905202795732574e-01
3.579796783119504333e-01,1.455916628371910909e-02,2.568534329649343917e+00,5.341608549984790122e-02
1.071792059832582661e-01,8.241353797106683310e-02,2.693559294306610674e+00,8.368974316083935827e-01
4.341401338110347230e-01,9.617503256410693258e-01,9.629660574221078351e-01,4.635686092942875036e-01
1.063466999161627874e-01,5.150307271039936824e-02,4.208197292333736295e-01,1.824049861996590860e-01
5.262414804064574625e-01,6.422188238753775112e-03,7.533317639934390686e-02,6.379527485115789841e-03
3.938882604022177214e-02,9.395172996704467816e-02,3.124464133211247718e-01,6.349427766993531730e-01
5.315684785779163368e-01,2.705812643740225232e-01,3.842965513578398440e+00,4.013173524466331354e-01
2.858456332615914031e-01,2.114439839556140829e-02,1.067597641324735891e+00,6.721122953042194537e-01
1.651185862979758889e+00,1.679204935379001173e-01,9.833094506656318012e-01,2.203551110047708983e-01
4.373999995321873335e-01,7.394415336622179868e-01,7.085636156993276868e-01,2.640550385769782515e+00
7.422423681203232926e-02,1.276934701743739797e+00,3.854004145782434776e+00,6.972146278297626509e-02
7.343949738276005501e-01,1.986780829321396435e+00,1.345199041579056232e+00,2.518785377876539902e-02
5.600304157278578332e-01,5.508562847475648172e-02,9.585832115859133085e-01,2.989814430229703834e+00
1.160481048573893004e+00,1.326240259969726054e+00,1.177872617689307733e+00,1.149652348811437186e+00
9.570844389656025797e-01,1.545995173862478311e-01,2.450717486711961601e-01,5.868011299747758480e-01
5.191764954072436433e-01,2.215557751849470125e-02,1.099992457515379440e+00,1.275140841093194144e-01
8.972699600231961448e-01,3.780400409486878166e-02,4.960290082226482267e-01,3.654179373414406795e-01
5.599171793436018285e-02,2.481410688978235302e-01,1.435680881255757990e+00,1.156995574726618292e+00
1.074672191581859337e+00,1.439913700288840415e-01,2.894327983517029246e+00,2.649176510846775190e-01
2.668179246354397960e-01,9.152186307356059702e-02,1.441799986159401636e-01,2.466742810422760890e+00
1.927172262298682270e-01,2.349450777141552371e-01,1.141835110856371127e+00,5.893548273146842487e-01
5.608609911077371279e-01,2.579182147402133141e-01,1.140828540908219946e+00,4.288429299227767277e-01
1.034164606271634090e+00,7.864132494067148371e-02,1.072016232075890585e+00,1.174205540989590402e+00
1.512856299083720213e-01,2.114757596784651653e-02,6.062420815557644227e-01,1.629759193262781403e-01
1.238321733792782514e-01,1.602180140361054717e-01,6.841525728571682397e-01,4.753832205861566740e-01
2.129160647667980022e-01,8.243051554005136061e-02,6.678171149013070740e-02,5.836975964226337465e-01
9.442577543423731345e-01,3.011452534809851422e-01,7.271475585407338738e-01,1.738478263774677179e+00
3.957118021349564918e-01,1.102976402271472062e-01,3.560267541430886529e-01,5.169892960887533251e-01
6.805615281420012153e-01,2.663665972591073849e-01,3.565698876014955498e+00,1.877938555024354361e+00
5.774272358730980770e-01,3.962291890300441710e-01,6.026790521473704976e-01,8.329905574748546204e-01
3.867519032088433950e-01,1.048678272223410257e+00,5.359270458590479347e-01,3.754690816679281257e-02
4.622756576284616781e-01,1.475056245562742126e-02,4.721059546957381836e-01,1.469700023820955215e+00
2.960379798466363788e-01,2.873990642843731180e+00,1.208604059221412674e+00,1.887737306355285583e+00
1.030063154734983222e+00,4.893172428479606872e-01,5.147172105857602986e+00,1.600160772843988166e-01
4.067332517511296208e-01,1.147942389431527190e-02,4.910429795657154095e-01,6.962323440636827954e+00
3.831857652720842278e-02,3.767996447136489624e-01,1.460909995084589685e-01,3.246126308241179537e+00
3.599598992656160235e+00,1.907100931269382210e-02,1.275527207705578148e+00,1.049162623211692180e+00
2.392504508171006961e-01,1.499179885498772291e-01,7.873652568123787887e-01,2.732869095813948213e-04
3.333468095651206387e-01,6.392266394258175333e-02,9.691007388280432622e-01,1.801398398389999045e+00
7.370835539034485961e-01,2.112133925144939361e+00,2.897033776765854940e-01,9.898666976055244815e-01
4.069538602457398735e-01,2.580729117391064031e-01,1.026862704149561906e-01,1.245463041273961657e+01
2.963166859469286429e-02,1.055919282056295927e+00,8.469228759445817101e-01,4.710692039123487267e-03
5.548415869059833971e-01,1.194201437165760271e-01,2.195226091609859403e-02,1.246402505940801930e+00
1.200233803135730914e+00,9.557434326700714466e-01,8.223495377556394592e-01,3.959432622399161605e+00
1.950559820897644348e-01,1.526640084182567525e-01,5.954304641381451546e-01,2.477260239103191264e+00
3.055557431449419381e-01,2.159033284546522380e-01,2.678964664688644248e+00,9.965623622358408262e-01
2.897800191196303957e-02,4.267978775596037444e-01,4.170645406615599016e-01,4.939808879069639835e-01
7.705222553593569224e-01,4.711386762305857512e-01,2.104199621235747664e+00,1.088525159878576565e+00
6.682343365715958106e-01,2.278371861008575694e-01,5.941364940535983630e-01,1.946338398290333171e-01
3.855743847392454793e+00,1.039130109354281101e-01,2.963610964154283600e+00,3.679850161730590319e+00
1.348203543397914483e-01,5.434836863205477764e-01,3.738617218573918599e+00,7.709593288253174803e-01
1.480420736571489704e-01,6.812659847201585350e-02,8.535989116051390102e-01,9.302619267767951727e-02
2.840435013642768625e-01,1.992738179230235440e+00,1.432752421673459731e+00,1.082826659526016089e+00
8.994308727205352350e-01,3.121938186491888655e-03,6.791578487115549345e-01,2.945552425740896485e+00
2.385352054540502920e+00,2.614399743974288315e-01,7.216904423434611360e+00,5.901222005939563836e-02
3.812701751200199829e-01,1.706631205442992849e+00,1.291528003424614379e+00,8.369019097160289578e-01
2.870657401313485568e+00,3.416012286153043420e-01,1.412350522734002967e+00,1.755845189605203527e-01
9.706649316917927151e-02,5.805722852397454670e-02,3.594580998627198154e-01,1.029325484066272861e-01
2.655357394202456089e-01,1.734684869047411482e-01,7.983451715837138751e-01,1.297130379147710677e-01
1.377342011494616436e+00,5.887201297945543477e-01,1.151988240725335899e+00,3.602947002218950812e-01
7.080569002463383832e-01,1.269322597989738677e+00,1.335493413889726755e+00,2.152338869164326596e+00
5.860438712452374910e-01,9.247134632716362546e-02,1.037327092782363902e+00,2.265733080926549403e-01
4.233218370273822417e-01,1.543364284524478824e-01,9.658010984622346085e-01,1.417732059366796638e-01
5.597021282916233575e-01,3.135601204209101378e-01,3.601140280672827654e+00,8.464967695330523068e-01
2.826275216634469012e-02,2.050594040688784574e-03,7.384322394150818702e+00,2.389068721221488528e-02
8.016076468121327570e-02,1.610354143884673295e-01,6.305190564007667753e+00,5.537006174956536908e-01
9.814869807117138079e-01,1.954174227630810570e-02,1.645584266290126774e+00,2.115873947983230863e-01
1.018974686910642524e-02,7.029699866592489799e-02,5.316400126844498253e+00,1.986721099717457806e+00
3.569952837978025428e+00,8.363892441732057037e-01,1.853502127154988743e+00,1.356101451044158468e+00
1.283610582563272429e+00,1.713237266345433718e-01,2.718662230331002350e-02,2.156862104584199802e+00
1.912326559800914538e-01,1.794915967848691729e-01,1.392293204227503800e+00,6.247908153161129130e-01
1.937195094167877552e-02,1.246600239571584723e-01,2.446445428171280856e+00,1.128781608710028417e+00
6.182592631796652860e-01,1.342934673415807079e-01,2.628863133778703176e+00,4.972476000310467881e-01
3.412302766986127778e-01,1.061936061297901329e-01,3.908644644447304417e-01,5.940605708013154684e-01
6.207974193076006841e-01,7.454439183408738678e-01,6.933958832195694644e-01,3.823324358748997343e-01
2.052554385551073057e+00,5.670465332574824435e-01,8.809912508913164686e-01,2.313401172158665586e-01
1.048107188492817476e+00,2.990641304094336483e+00,4.780660678514521145e-01,2.515520782188515714e+00
1.104598569921345919e-01,2.161713171908626052e-02,2.858252460735627665e+00,1.135136402084366836e+00
1.112573273785291139e+00,5.828769206623695132e-01,1.530673282734315299e-01,3.062867625407567629e-01
6.549373890154059907e-01,1.335686778372757733e-01,1.124788175157085263e-01,8.567158154860213815e-01
2.280880246157249713e-01,4.484582325431223093e-02,1.045056872896362510e+00,5.322740316426026741e-01
9.156900664592949879e-02,1.608259445927199272e+00,1.630304851294837265e+00,3.116054405793586279e-01
4.883503153751914683e-01,3.764536078198683078e-01,3.864581974801693409e+00,2.158237134450109729e-01
6.858926947673780194e-01,1.731148417954155305e-01,1.911920841179433284e+00,2.702873524173040387e+00
7.702437942920355995e-01,2.463066393616152316e-01,2.576415380196442340e-01,5.306141988059809300e-01
1.134317612467052178e-01,6.320810727456945832e-01,1.107390779318206064e+00,8.991817959617348643e-01
1.788181681313900429e+00,2.851230018602862043e-03,4.146338777131876041e-01,5.960803668012578174e-03
1.005578430998687267e+00,6.929301087580815866e-01,8.474962272393539164e-01,1.141105245737659590e+00
4.376728090374047420e-01,2.929681119203652803e-02,2.732186421724425163e+00,2.170232405262580433e-01
7.959471451688840959e-01,1.519920949023939854e-03,1.684111042662456592e+00,3.478786308982816600e+00
1.130319927290492465e+00,2.255901943270333998e+00,1.687000107967242257e-01,3.874355393717826002e-01
1.851472164029976109e-01,2.962729884132349681e-02,5.524886504709614066e+00,3.548749684643867086e-01
4.489208952696971955e-01,8.693199992168134660e-01,1.707947191272339571e-01,3.663483973661343374e-01
9.949429126130779899e-01,2.311910520624467225e+00,1.440716277222764408e+00,1.200812414264843309e+00
5.372784784879083286e-01,4.494226727053802217e-01,3.475258428542878780e-02,9.995451488509978777e-01
1.258182738693115477e+00,3.363083373396369979e-01,7.747231940495778346e+00,3.743252033101103216e-01
3.946333269618243489e-01,2.623977953605693081e+00,2.164872803611851637e+00,6.831917413410933948e-01
6.299038395922632039e-02,1.044104331233932648e+00,1.033760215212029765e+00,1.344696951290219600e+00
1.274089546924346728e+00,1.373597261282711424e+00,1.890166076859320921e+00,9.569650374537266302e-01
1.190567581773710054e-01,4.193839953594118153e-02,5.469344940510536546e-01,5.825706461227557753e-01
9.933936293210627877e-01,4.023281699556930935e-01,7.083892640598935531e-01,8.993914828043031440e-02
9.929583649443409765e-01,8.676410395131291253e-02,2.554743563744116930e+00,3.538868566138586025e-01
9.433810511885587502e-02,4.619943716476094392e-02,3.204113303025598380e+00,1.595589137255260415e+00
7.483525678236772061e-01,1.375501012990071104e+00,7.695696252618308142e-01,7.413068544932286397e-01
6.282222335902977184e-01,4.540756186626967450e-01,2.398557944550052223e+00,1.529481652230772593e+00
7.679129065938640475e-02,1.175594117712194103e-02,9.810598703983012259e-01,1.059808554419010784e+00
7.031869021150626009e-02,5.310583286863610614e-02,3.394996556148957567e-01,6.245857749714181395e+00
4.546765470561612288e-01,2.634056346452414155e-01,1.028785007021521397e-01,4.890650053629553295e-01
2.809347100578699630e-01,6.435628971365380258e-01,2.303782694406018905e+00,6.998651216163204181e-02
1.006893381090053108e+00,4.563326433289557893e-01,1.415873087228747051e+00,5.575454484262089977e-02
1.411243507810097775e+00,1.639203157377220610e-01,2.293095205574556150e+00,1.070204795857737784e-01
1.514431046757013677e+00,1.084850062634835632e-01,1.399642023747905695e+00,7.457395347242820050e-01
1.022029061152368405e-02,1.265872047518331156e+00,4.893874080772223856e+00,1.152913494084862878e-01
3.719778134701586247e-01,2.454907903759404597e+00,7.741107414727913527e-01,2.773177387320308718e+00
5.420517183342333789e-01,1.200002635139517659e-01,3.693271570452111963e+00,3.068437298698765137e+00
3.309824892698834953e-01,2.298786504596780911e-01,2.518166991726156125e-03,1.449894796573440725e-01
1.528821861528196102e+00,9.020156505284365007e-04,3.894346244395638035e+00,1.392970116310661144e+00
1.729193427519373216e-01,1.386370898728522295e-02,8.706150315086598201e-01,1.056926058993401529e+00
4.375845661978910311e-02,1.156584410277313457e-01,9.058189097559965930e+00,2.484961686344682175e+00
1.191697515024565113e-01,1.406968723016893685e-01,1.778618325736316841e+00,4.499599772460491920e+00
5.388119840755668521e-01,5.010386529343291429e-01,5.037692251075711614e-01,1.721636984423227323e+00
2.348523946520910885e-02,3.449270714476275201e-01,2.450321383023488786e-01,3.053593447074274714e+00
4.284051949495499834e-01,1.922324981744976402e-01,1.232303732347500791e+00,6.888473810613883197e-01
8.388452153031950020e-01,4.552270241725539512e-01,1.370899931647693082e+00,1.639241796747389124e+00
1.249416292080656327e-01,1.182873752715834170e+00,2.431462930015912960e+00,7.692171667004263913e-01
1.330144809129915506e+00,1.159833827303285103e+00,2.496852578567846648e-01,1.132416802260901800e+00
8.862395810065167856e-01,3.052754321288200789e-01,1.353051289014786107e+00,1.040886099242003121e-01
7.746564333084439147e-01,6.451704597485620474e-02,4.008281247529011937e-01,5.788021548661882454e-01
4.634717383285964498e-01,4.533324834632786460e-01,2.809870071676950687e+00,4.092095531717312440e-01
9.340042099253322147e-04,5.756756569032409065e-02,3.119741633696108268e-03,7.018279211498001935e-02
1.759958392210318801e+00,1.854645031219935403e+00,7.004035744688937859e-01,6.995376121512332512e-02
9.968533548055115157e-01,5.002226072091424669e-01,1.494565272562259073e-01,1.738435255527512879e+00
4.305877155063201900e-01,3.988882590198088440e-01,5.171536760288744095e-01,1.977423979671038834e-01
3.773957281625568427e-01,2.652553664686898016e-01,4.341136877668088090e-01,6.335526985701168678e-01
2.331236170352174800e-02,2.383606585829459945e+00,1.126813287799580454e+00,6.788190274693229886e-01
9.897427465129529645e-02,7.433839574879676226e-02,2.904988973094339011e-01,3.723238425897856807e-01
1.055500987593432027e+00,5.549966692277374936e-02,7.689906920501858867e-01,6.292822547040209935e-01
1.431345736705565086e+00,4.195953228411782032e-02,1.822173196693772868e+00,3.316960935657227605e+00
1.325158905749261873e+00,1.783732635953920453e-01,1.204091863491797865e+00,1.364181828692629717e+00
4.771247053407554617e-01,9.103408495629493613e-01,1.784842793338764944e+00,1.522005469310341863e-01
1.395932970688461283e-02,1.356022540174886548e-01,4.294066024595811548e+00,8.183567886707161509e-01
8.257704182652846336e-01,1.433856954903843350e+00,2.214097195870030621e+00,4.172341928210442363e-01
3.507161197854446577e+00,1.106867138703394177e-01,4.874987999744389566e-01,2.534680093609968377e-01
1.673517482416938318e+00,2.569973951362214848e+00,1.628933204955558711e+00,2.838520462870335326e-01
5.568914073612365456e-01,1.234752909308189277e-03,6.878375941284301298e+00,3.328961316794738501e-01
3.840364617796301894e-01,2.573105871379173792e-01,2.741944285551169980e+00,2.323852157839374488e+00
2.770295608487610348e-02,4.815996083946917639e-02,2.663360914993325057e+00,1.212212659041872254e+00
3.850715600846018605e-01,8.147395543384533534e-01,5.889682165447858442e-02,5.153517234375121214e-01
1.005929193126323395e-01,7.154938738870585124e-02,1.295685294823808897e+00,7.766462917974125135e-01
1.858087439763446369e+00,2.047350080432343566e-01,1.143102380120968764e+00,5.047239295301187978e-01
1.773786293257155755e-01,1.347171835213680335e+00,7.613986594694410748e+00,3.236609859551231594e+00
6.934075402615769157e-02,6.770839231795120483e-01,8.340973679815706365e-01,3.346166588966026367e-01
3.008731993412024908e-01,1.091203260524117730e-01,8.189810399490543569e-01,8.949592538932666930e-01
5.078979488521259134e-01,8.829294903195495925e-01,2.395717607992782217e+00,1.111887959388591307e+00
8.553987595170269020e-02,5.391872541096839333e-01,9.209585589050039989e-01,8.435944358127266118e-02
7.653760047854684112e-01,9.623818774897486827e-01,5.939858299532581043e-01,5.174770805560908293e+00
9.319087722126869755e-01,1.808622064327650159e-01,4.957302174471985623e+00,3.144572126675213131e+00
1.710746780239456311e-01,1.802108417672433974e-02,8.705787943100259940e-02,9.317404755541335293e-01
4.555174118348305767e-01,4.193535302091981332e-01,6.159842917178968147e-01,1.871912599738721816e+00
6.212293667737299740e-01,1.856814346012777839e-01,1.152513605943636943e+00,9.129613892698794642e-01
2.717513836017385609e-01,2.961229919899453500e-01,3.397888851235157048e+00,6.713526457376072232e-01
7.481855625937415821e-01,6.345475802122291231e-01,1.095575025698014349e+00,2.830563368136584934e-01
2.444971743984000412e+00,2.835028361719787449e-01,6.397635216001937852e-01,1.189247408681432638e+00
6.441893758671520809e-01,2.073129901198857150e-01,8.088479626339553974e+00,6.719814445293736949e-01
7.997012502843070525e-02,3.352558583546241117e-02,1.943571967004169343e+00,1.380611435669302445e+00
1.379179178577699116e-01,3.058663505993668430e-01,2.966121531069851880e+00,1.896507415951035114e+00
7.353371287701121473e-02,4.898472387312439724e-01,1.616192136936714263e+00,4.425469364817873341e+00
1.173291190823714525e-01,1.281330797169075719e-01,1.907957705222695033e+00,7.867835006178346413e-01
2.702554417534579201e-02,8.025046844044044780e-01,9.347731752425396667e-01,6.004247975788652436e-01
1.667733943884149417e+00,2.601350561462505984e-01,4.920443522727700802e+00,9.304366152250294064e-01
4.076852926755893058e+00,7.059396033947126260e-03,2.008865481081804294e+00,6.198181168539893537e-01
7.483533119312691939e-01,8.050262051995525914e-01,2.782986229559920144e+00,3.935678162503736033e+00
1.204910866562984406e+00,4.618459649528950939e-01,1.155434107478607197e+00,4.337270052227191641e+00
2.979908326310074518e-01,3.144366510847034640e-02,2.240639205394120981e-01,1.089842262108130955e+00
3.484340104876860189e-01,1.901072594730903453e-01,2.853567621700894841e-01,2.883918308762935201e+00
2.128448246509853647e-01,1.368295075317218279e+00,2.635239669802361018e+00,1.286231054853655076e+00
5.223057301692518584e-01,2.107689598861248528e-02,4.269833476972064723e+00,1.840603959778197019e-01
2.415847800307391324e-02,3.710364352980808356e-01,6.598767293796387046e-01,6.089503175174724170e-01
6.393323861664534924e-01,3.926132669045703794e-01,1.559060136534851093e+00,2.461240483673698520e+00
4.775626491460682743e-01,1.873334608052120986e-01,4.686890830067239611e-01,1.232583051805837115e+01
1.049264144685217337e+00,4.713596233378368472e-02,2.103454477405473533e+00,7.418189512360724436e-01
1.291643244463369644e+00,4.398771464341844628e-01,2.625185221275685432e+00,2.797298611886279290e-02
6.514160383622359385e-01,6.315457154838092224e-01,3.538437015454729551e-01,2.148306045581375834e+00
8.935062422832041884e-01,1.495079524223686729e+00,2.129293396188756682e-01,4.750816393113628244e-01
2.191439035152052961e-01,3.533869458309943923e-01,2.132959020386441251e-01,1.412587068985952932e-01
3.083991170435268492e-01,1.269892702833593512e-01,2.932323460502643808e+00,2.861060898003373154e+00
5.062463553413447670e-01,1.492759368422034716e-01,1.075168924712463850e-02,8.294794530728609727e-01
1.010317418318071203e+00,5.081831902923287236e-01,1.616777442047987678e+00,1.836416838159419695e+00
1.662467974336481746e-01,6.684965608312840590e-01,8.480379877305703751e-01,8.556291294653310953e-01
5.377420023578050046e-01,5.859820988114483598e-01,3.418143025887985242e+00,4.738025791858451741e-01
1.510057092334624373e+00,2.605713881940616705e-01,6.413041149306194511e-01,1.825811701856656866e+00
2.226649254782642195e+00,5.447434771850989677e-01,5.253630426504729556e+00,2.549226550260054736e-01
5.180139820809190887e-01,8.016129209562396218e-02,1.317071657049559752e+00,9.049817971893361346e-01
5.033280034792352309e-01,1.778026104400408369e-02,1.240064884358662134e+00,2.706860575197722607e+00
9.232895391871686064e-01,6.151936553242878247e-01,2.687225828815351103e-01,5.819224885568641259e-02
1.223823605666459535e+00,7.223066470528911875e-02,1.034131050416066788e+00,5.195553657958277283e-01
7.518479197331658925e-01,5.742138334499539143e-01,2.702790965689839009e+00,2.541212844618934152e+00
2.310265074227813298e-01,4.861918544687015009e-01,4.518417603549217176e+00,1.119469985731014064e-03
3.249693827215218711e-01,9.780022492134348225e-03,5.086033282744303996e+00,6.821302645847934221e-01
9.317218729079953035e-03,2.278917056278944864e-01,6.450022710835723316e-01,4.057326872004103913e-01
5.763108368930942582e-01,1.368377662927299510e-01,6.287056986382507651e-01,1.350000313874543778e+00
7.670759075417254991e-01,2.782519980441124363e-01,4.391341150914747637e-01,3.682399770702524111e-01
3.971169910104073608e+00,1.174837720123655532e-01,1.324245782090899271e-01,3.310617426004459629e-01
5.766300601563182360e-01,5.946143212997825334e-01,2.616767888026388933e-01,1.686595731740851700e-02
2.032785987295558927e-01,3.499461121522240425e-01,1.268565240105735015e+00,1.644657609312414781e+00
2.443617044683341344e-01,6.443938579555333335e-02,8.773852796322041403e-01,1.952206307970312915e+00
2.405976601038309903e-01,8.279577171481163067e-02,1.239320891302273797e-01,1.560325642241796318e-01
8.796724857262701036e-01,7.661077273916694526e-03,2.029182804823948860e+00,3.618584982882381840e-01
6.317000069532620055e-01,5.441429441572100956e-01,1.935391073743899737e+00,6.765596530976795142e-01
6.065368154129012757e-01,3.513727253947450113e-01,1.438190408866039993e+00,1.396705160656739997e+00
1.085273704609006629e+00,2.001628583885051715e-01,2.833671117046338228e+00,2.534223091677737738e+00
1.106074219136712333e+00,5.304841168031683152e-01,1.877094482940336873e+00,1.851167677829807623e+00
8.899779675447569982e-01,3.935381182360492835e-01,2.006794843916362314e+00,2.854634787013498709e+00
5.266103375292090494e-01,1.415453098652284976e-02,6.018839217309662239e-03,1.123883418749781260e+00
3.731916552982995211e-02,1.954110862779221136e-01,6.305798714549441186e+00,7.375727189881174650e-02
3.830910133578420695e-01,2.897506214965610283e-02,1.108546504686097167e+00,1.770607803040417760e+00
4.012724731459113015e-01,4.808783941758177360e-01,1.824962561462706745e+00,3.027285028412755874e-02
4.808576155937016039e-01,1.182922866934207201e-01,1.511832916535645222e+00,9.711835028155185734e-01
6.462161619933898260e-01,8.297875349593394345e-01,1.545858522160462600e+00,9.883929623245341078e-01
3.793329787332681557e-01,1.574717140463322007e-01,1.206239378538248586e+00,8.585107925532501141e-03
7.502435805835070415e-01,3.504258822848920651e+00,2.883130609890740992e+00,3.038868078687399610e+00
2.705064544422279837e-01,4.830207846557329349e-02,7.426549898170264896e-01,5.723544735732635225e-01
1.175100139515461439e+00,2.172537045020781279e-02,2.676651709781844080e+00,8.645664668645482998e-01
3.610935570842087050e-01,3.361513134904624556e-01,2.630674374418746631e-01,1.217979767436820210e-01
4.662260895109840320e+00,2.292345191006026350e-01,1.286173606283624038e-01,7.859880774606304854e-01
9.723640172550893634e-01,1.487181244127984692e-01,3.424369271502724299e+00,5.245790877518637096e-02
2.990432316110768873e+00,1.449285906219828224e-01,1.250328632662393302e-01,4.877358068958809190e-01
1.010564880291755285e+00,1.306048340281391607e+00,6.144598223358477718e+00,1.143771552232826227e+00
3.120331494774914935e-02,1.565771710195135169e+00,3.887427695397557281e-01,1.279076499550855783e-01
9.999650816230325479e-01,2.353114190573713516e-01,1.373406697427990153e+00,3.402446947350068474e-02
5.572158830411939601e-01,1.432794734030435890e-01,2.919317510456499232e+00,1.527282012466521510e-01
2.332798613436901647e+00,3.088373799212444648e-02,2.674004502739808498e+00,1.382209746784835325e+00
4.259658294225489028e-01,1.821815038170464529e-01,2.041113450753035075e+00,1.203290524083128199e+00
1.300419825892145553e+00,2.282748279829975580e-01,6.574725961759358972e-01,1.135486662072506370e+00
1.128335442872739763e-01,1.894833864887622565e-01,7.878163755615640307e-01,8.826821833790833294e-01
1.486636849951195272e+00,6.303390864637316016e-01,1.862491849109899178e+00,1.610720615043372606e+00
5.820754475703625586e-01,1.158220858352591032e+00,2.726768157528090875e+00,1.352994777973714591e+00
1.527339014803171358e+00,1.512697206073444267e+00,7.653762922562686200e+00,1.632696948609783372e-01
3.667834107143624900e-01,1.210285197339932978e-01,1.251247456082638543e+00,3.732004536884434565e-01
6.054931569064239683e-02,4.250469411562349253e-02,2.579493678500526244e-01,1.595623979249081656e-02
9.910997128944177836e-01,3.296682306993123368e-02,1.365905358869557717e-01,1.659360798708860107e+00
6.267142056594170174e-02,3.984038411231992871e+00,1.479293248077040657e+00,2.045747488016561366e+00
1.567962389223425346e+00,2.108387214700985224e-01,1.498234634311927937e+00,1.728514393464800847e+00
1.313838578282415341e-02,6.106449029648041565e-02,3.427719154025893999e+00,2.165144071045449703e+00
2.077051203767681375e-01,6.239716417041277774e-01,4.105032263094147704e-01,1.398165435691408609e+00
7.549163736621633709e-03,1.439723890072236168e-01,3.368032479050811823e+00,1.558289590983484185e+00
2.054736059032009066e-01,3.205193356468083454e-01,9.717792814097889753e-01,1.926075212221635580e+00
1.119050037680705101e+00,3.721487251772061938e-02,5.799560124870419831e-01,1.104948169661359669e+00
5.579753733060884846e-01,3.202853771437479402e-01,2.100673399845323974e+00,3.079745156306251674e-02
1.141575963793383997e+00,1.353964054365053515e+00,6.722924167937945894e-01,1.256580119422046338e-01
6.377238334976337818e-03,1.321663079920749606e-01,1.373529347316625460e+00,1.861637324798038895e-01
8.612664504511292618e-01,2.101261911583656161e-01,1.404560988225040497e+00,9.920922527036359906e-01
1.697955049824407592e+00,6.404685586518193974e-02,2.672799052898358951e+00,1.607226838828694215e-01
4.903213923612537717e-01,9.911188287783202766e-02,2.036317253879178946e+00,3.190112746404722088e+00
2.055826634308363321e+00,2.518612840773927219e-01,5.165123399926675463e-01,1.367561512774515542e-01
1.127798402984458548e+00,1.797986285827055455e-02,3.275141871934800442e+00,1.601264935293169878e-01
1.659245944097716974e+00,3.342582235404243929e-01,1.393334719509796038e+00,2.231177978328177325e+00
2.239506443449227890e-01,5.301510818245432077e-02,2.596737296862147715e-01,3.126995815710085669e+00
2.194072246474002841e-01,4.502707504435848329e-01,1.694497484502466067e+00,2.371463635507065959e+00
1.962578083024760334e+00,2.513399016371677397e-01,2.526093102736075569e+00,3.200832925256799077e-01
2.172508399554970104e+00,1.755789814348453215e-01,4.554443449360070506e-01,4.183884104490153133e-01
2.516341173316868907e-01,1.017756699376367868e-01,1.483270170881334504e+00,7.780846664178058258e-01
3.409032427580043767e-01,6.150903355273596995e-01,1.924549785366922727e-01,1.134438490158415691e+00
1.126428751946587647e+00,1.570606341899041247e-01,3.242027680159197123e-02,6.752312994573513860e-01
2.291658964225653794e-01,5.922082830995553104e-01,1.182199839546462572e+00,8.542576761357609794e-01
1.882010102287855036e+00,5.502877118854647698e-01,1.081332536597177096e+00,1.829146922253883867e+00
6.118690215415101274e-02,7.309681565723666896e-01,1.481792801005448190e+00,9.464236775596951423e-02
7.152940290038586890e-02,9.226211361482237194e-01,2.362405073964550350e+00,1.719749781005070588e+00
7.887301376527746655e-01,8.678332276440039461e-01,1.432277058131198322e+00,5.034566864173910528e-01
7.623799094296153100e-01,6.891394961067237590e-01,4.047433180572014066e+00,8.598047664030014081e-01
2.047543893115221780e-01,4.162607183374923414e-01,3.895542995445261947e-01,8.609588619792907238e-01
1.580976197776859937e+00,1.052003536587269444e-01,1.350947524589477533e+00,6.137880817229394159e-01
1.978884057146291564e+00,4.468217570013642836e-01,4.024949624623041622e+00,1.131505318554729245e+00
8.671516763548406947e-01,1.393020688994163425e+00,7.471319976148567132e-01,5.587092134752756900e-01
