alt_km,n_total_km3,n_payload_km3,n_rb_km3,n_debris_km3,n_starlink_km3
150,2.55319e-10,2.43922e-10,9.54833e-12,1.84895e-12,2.42415e-10
151,2.6694e-10,2.53313e-10,1.24599e-11,1.1668e-12,2.51835e-10
152,1.88889e-10,1.76907e-10,1.10337e-11,9.48174e-13,1.75455e-10
153,1.66625e-10,1.54404e-10,1.13784e-11,8.42593e-13,1.52977e-10
154,1.57233e-10,1.47019e-10,9.43841e-12,7.75643e-13,1.45617e-10
155,1.58452e-10,1.49071e-10,8.65295e-12,7.27568e-13,1.47692e-10
156,1.70794e-10,1.61982e-10,8.12144e-12,6.90452e-13,1.60624e-10
157,2.06933e-10,1.98556e-10,7.71624e-12,6.60407e-13,1.97219e-10
158,4.04743e-10,3.96155e-10,7.95256e-12,6.35262e-13,3.94837e-10
159,1.01223e-11,1.29942e-12,8.20921e-12,6.13693e-13,0
160,9.36996e-12,1.28157e-12,7.49355e-12,5.9484e-13,0
161,1.29847e-11,1.26448e-12,1.11421e-11,5.78116e-13,0
162,2.06551e-11,1.24809e-12,1.88439e-11,5.63103e-13,0
163,1.56881e-11,1.23235e-12,1.39063e-11,5.49493e-13,0
164,1.86987e-11,2.4132e-12,1.57484e-11,5.37053e-13,0
165,2.00153e-11,2.02048e-12,1.74692e-11,5.25606e-13,0
166,1.70261e-11,1.75939e-12,1.47517e-11,5.1501e-13,0
167,1.65012e-11,1.64079e-12,1.43553e-11,5.05151e-13,0
168,1.47586e-11,1.56543e-12,1.26972e-11,4.95937e-13,0
169,2.89862e-10,2.7634e-10,1.30345e-11,4.87294e-13,0
170,1.41253e-10,1.2404e-10,1.67336e-11,4.79157e-13,0
171,1.15403e-10,9.77796e-11,1.71515e-11,4.71474e-13,0
172,9.99936e-11,8.51355e-11,1.43939e-11,4.64199e-13,0
173,9.60144e-11,7.77032e-11,1.78539e-11,4.57293e-13,0
174,8.87918e-11,7.29859e-11,1.53551e-11,4.50723e-13,0
175,8.43398e-11,6.99545e-11,1.39408e-11,4.44461e-13,0
176,8.16593e-11,6.81159e-11,1.31049e-11,4.38479e-13,0
177,8.28769e-11,6.9954e-11,1.24902e-11,4.32756e-13,0
178,8.09431e-11,6.85179e-11,1.19979e-11,4.27273e-13,0
179,8.29091e-11,6.89653e-11,1.35218e-11,4.2201e-13,0
180,3.77569e-10,3.6099e-10,1.61622e-11,4.16954e-13,0
181,2.8503e-10,2.70242e-10,1.43758e-11,4.12088e-13,0
182,2.39177e-10,2.25616e-10,1.31535e-11,4.07402e-13,0
183,2.29609e-10,2.14655e-10,1.45508e-11,4.02882e-13,0
184,2.53856e-10,2.19078e-10,3.21693e-11,2.60949e-12,0
185,2.72211e-10,2.42289e-10,2.66084e-11,3.31394e-12,0
186,4.16086e-10,3.92739e-10,2.11762e-11,2.17006e-12,0
187,2.12703e-10,1.50152e-10,6.07581e-11,1.7934e-12,0
188,2.07262e-10,1.60378e-10,4.53007e-11,1.58361e-12,0
189,2.84303e-10,2.45573e-10,3.72854e-11,1.4443e-12,0
190,2.21804e-10,1.84511e-10,3.59503e-11,1.34269e-12,0
191,3.39982e-11,1.50154e-12,3.12326e-11,1.26406e-12,0
192,3.55627e-11,1.47866e-12,3.28834e-11,1.20069e-12,0
193,2.98783e-10,2.63224e-10,3.4411e-11,1.14808e-12,2.61766e-10
194,2.42932e-10,2.08654e-10,2.98775e-11,4.40017e-12,2.07217e-10
195,1.83549e-10,1.52026e-10,2.78336e-11,3.68943e-12,1.50608e-10
196,1.69875e-10,1.32292e-10,2.7652e-11,9.93062e-12,1.30891e-10
197,3.40308e-10,2.99451e-10,2.78803e-11,1.29769e-11,1.22458e-10
198,9.99068e-10,9.57335e-10,2.57537e-11,1.5979e-11,4.40301e-10
199,8.05744e-10,7.64433e-10,3.06417e-11,1.06693e-11,4.08008e-10
200,6.5978e-10,6.1298e-10,3.78824e-11,8.91762e-12,3.4767e-10
201,6.30921e-10,5.83692e-10,3.3615e-11,1.36132e-11,3.56938e-10
202,8.77729e-10,8.35252e-10,3.14616e-11,1.1015e-11,4.45067e-10
203,8.56927e-10,8.17323e-10,2.86878e-11,1.09165e-11,4.88343e-10
204,6.60638e-10,6.10151e-10,3.87462e-11,1.17414e-11,3.26792e-10
205,3.17987e-10,2.57601e-10,4.86233e-11,1.17629e-11,0
206,2.93953e-10,2.43346e-10,4.0801e-11,9.80607e-12,0
207,4.83155e-10,4.38334e-10,3.5891e-11,8.93005e-12,0
208,4.26164e-10,3.84513e-10,3.3326e-11,8.32477e-12,0
209,6.28147e-10,5.87398e-10,3.28916e-11,7.85708e-12,0
210,5.31561e-10,4.61226e-10,6.28599e-11,7.47532e-12,0
211,4.84556e-10,4.19419e-10,5.79844e-11,7.15312e-12,0
212,5.99112e-10,4.0361e-10,5.01447e-11,1.45358e-10,0
213,5.96524e-10,3.99929e-10,5.02007e-11,1.46394e-10,0
214,5.4831e-10,4.05615e-10,4.38669e-11,9.88287e-11,0
215,5.49509e-10,4.24097e-10,4.35201e-11,8.18911e-11,0
216,5.83632e-10,4.62668e-10,4.36951e-11,7.72686e-11,0
217,6.49227e-10,5.38519e-10,4.07049e-11,7.00033e-11,0
218,9.59591e-10,8.55493e-10,3.92616e-11,6.48359e-11,1.51989e-10
219,5.71649e-10,4.72079e-10,3.81307e-11,6.14394e-11,1.52764e-10
220,5.63934e-10,4.6245e-10,4.24611e-11,5.90234e-11,1.01644e-10
221,9.97476e-10,8.93643e-10,4.17557e-11,6.2077e-11,8.3689e-11
222,1.31999e-09,1.21275e-09,3.97346e-11,6.74998e-11,2.06395e-10
223,1.1702e-09,1.05946e-09,4.25233e-11,6.82177e-11,2.43339e-10
224,1.10371e-09,9.9503e-10,4.02861e-11,6.83977e-11,3.57797e-10
225,9.4165e-10,8.25707e-10,4.66661e-11,6.92766e-11,4.05401e-10
226,7.38061e-10,6.00803e-10,6.65346e-11,7.07234e-11,3.04113e-10
227,1.04521e-09,9.24528e-10,5.22464e-11,6.84346e-11,6.41071e-10
228,8.40869e-10,7.26527e-10,4.68707e-11,6.74715e-11,4.45711e-10
229,9.00531e-10,7.85327e-10,4.71738e-11,6.80303e-11,4.04631e-10
230,1.04682e-09,9.30601e-10,4.65396e-11,6.96837e-11,3.94743e-10
231,1.28513e-09,1.16531e-09,4.72513e-11,7.25728e-11,6.08179e-10
232,1.01038e-09,8.86403e-10,4.51346e-11,7.88397e-11,6.40366e-10
233,1.15216e-09,1.02259e-09,4.34579e-11,8.61095e-11,7.82319e-10
234,8.29128e-10,6.83341e-10,4.66198e-11,9.91666e-11,4.39502e-10
235,1.4037e-09,1.22444e-09,4.51983e-11,1.3406e-10,6.21109e-10
236,1.2207e-09,9.75918e-10,4.79419e-11,1.96837e-10,2.66694e-10
237,1.39839e-09,1.33803e-09,4.55744e-11,1.47882e-11,5.35194e-10
238,1.49312e-09,1.43476e-09,4.52308e-11,1.31261e-11,8.59174e-10
239,1.40442e-09,1.34052e-09,4.41305e-11,1.97707e-11,5.29303e-10
240,9.55834e-10,8.77649e-10,4.29107e-11,3.52735e-11,5.96219e-10
241,9.9851e-10,9.28999e-10,4.38314e-11,2.56796e-11,6.0365e-10
242,9.69151e-10,8.98896e-10,4.85993e-11,2.16556e-11,7.6651e-10
243,1.27845e-09,1.21037e-09,4.84495e-11,1.96347e-11,1.07734e-09
244,8.97364e-10,8.24161e-10,4.9449e-11,2.37539e-11,6.64675e-10
245,1.13742e-09,1.05655e-09,5.51557e-11,2.57117e-11,6.20169e-10
246,1.19448e-09,1.12209e-09,5.09143e-11,2.14777e-11,8.08711e-10
247,8.85672e-10,8.09652e-10,4.87389e-11,2.72808e-11,4.18264e-10
248,6.61845e-10,5.91252e-10,4.80082e-11,2.25851e-11,4.52017e-10
249,7.78136e-10,7.06407e-10,5.10521e-11,2.06764e-11,5.727e-10
250,9.16464e-10,8.43065e-10,5.39134e-11,1.94859e-11,7.15715e-10
251,6.29399e-10,4.64101e-10,1.46703e-10,1.85951e-11,3.3726e-10
252,6.76299e-10,5.44443e-10,1.13981e-10,1.78759e-11,4.20493e-10
253,7.91725e-10,6.759e-10,9.8555e-11,1.727e-11,5.51521e-10
254,7.42167e-10,6.28995e-10,9.53654e-11,1.78059e-11,5.01231e-10
255,5.84357e-10,4.83157e-10,8.35176e-11,1.76823e-11,3.51649e-10
256,4.84971e-10,3.86561e-10,8.1688e-11,1.67217e-11,2.46319e-10
257,5.04569e-10,3.97945e-10,9.04558e-11,1.6168e-11,2.39961e-10
258,5.83164e-10,4.48496e-10,8.30074e-11,5.16603e-11,2.41391e-10
259,6.18071e-10,4.94687e-10,8.74942e-11,3.58891e-11,2.51671e-10
260,4.34171e-10,3.16445e-10,8.30008e-11,3.47254e-11,2.7766e-10
261,6.38713e-10,5.30363e-10,7.91215e-11,2.9228e-11,4.91858e-10
262,6.71476e-10,5.66894e-10,7.43915e-11,3.01912e-11,5.00881e-10
263,4.59282e-10,3.35021e-10,7.43756e-11,4.98858e-11,2.78473e-10
264,1.50547e-09,1.38165e-09,7.0572e-11,5.32466e-11,6.88139e-10
265,1.52021e-09,1.41144e-09,6.81588e-11,4.06126e-11,8.37352e-10
266,1.40678e-09,1.2847e-09,7.58752e-11,4.61998e-11,4.221e-10
267,7.28408e-10,6.00822e-10,7.49106e-11,5.2676e-11,3.77488e-10
268,6.10485e-10,4.83603e-10,8.14849e-11,4.53977e-11,3.6186e-10
269,5.98564e-10,4.754e-10,8.19562e-11,4.12077e-11,3.64406e-10
270,1.28697e-09,1.16943e-09,7.976e-11,3.77827e-11,1.06491e-09
271,1.66639e-09,1.55274e-09,7.80818e-11,3.55695e-11,1.19374e-09
272,1.75599e-09,1.64604e-09,7.28465e-11,3.7103e-11,1.05554e-09
273,1.68209e-09,1.55243e-09,7.27853e-11,5.68718e-11,1.10744e-09
274,1.18409e-09,1.05634e-09,7.06055e-11,5.71459e-11,6.78586e-10
275,1.14358e-09,1.01156e-09,7.4956e-11,5.70635e-11,6.54176e-10
276,1.24572e-09,1.12507e-09,7.24731e-11,4.81712e-11,7.64004e-10
277,1.42468e-09,1.30917e-09,7.01262e-11,4.53879e-11,9.09333e-10
278,1.24305e-09,1.1248e-09,7.6217e-11,4.20269e-11,5.4741e-10
279,1.06473e-09,9.50979e-10,7.38495e-11,3.99031e-11,5.72859e-10
280,1.2611e-09,1.14742e-09,7.54336e-11,3.82439e-11,3.68415e-10
281,3.40592e-09,3.29287e-09,7.61812e-11,3.68715e-11,5.59696e-10
282,6.19336e-09,6.08669e-09,7.09724e-11,3.5698e-11,1.22372e-09
283,7.87702e-09,7.76148e-09,7.40106e-11,4.15313e-11,1.29441e-09
284,8.49437e-09,8.34516e-09,1.09735e-10,3.94799e-11,5.50042e-10
285,8.28255e-09,8.13775e-09,9.94068e-11,4.53961e-11,4.57065e-11
286,9.4742e-09,9.32907e-09,9.98481e-11,4.52804e-11,1.75138e-10
287,8.54232e-09,8.38966e-09,1.12392e-10,4.02735e-11,2.41869e-10
288,7.50034e-09,7.36411e-09,9.81307e-11,3.81025e-11,1.64064e-10
289,6.62967e-09,6.49665e-09,9.51331e-11,3.78955e-11,1.407e-10
290,4.41581e-09,4.27535e-09,9.8944e-11,4.15197e-11,1.28766e-10
291,3.63888e-09,3.49268e-09,1.00212e-10,4.59869e-11,1.21846e-10
292,4.74363e-09,4.20764e-09,1.26055e-10,4.0993e-10,2.23759e-10
293,4.94455e-09,4.56557e-09,1.17325e-10,2.61655e-10,9.11288e-10
294,7.32982e-09,7.00545e-09,1.08225e-10,2.16141e-10,9.18816e-10
295,6.45923e-09,6.13037e-09,1.02024e-10,2.26836e-10,6.84337e-10
296,6.49941e-09,5.96803e-09,1.00697e-10,4.30676e-10,6.05915e-10
297,6.76161e-09,6.29651e-09,1.06776e-10,3.58324e-10,3.09284e-09
298,5.66596e-09,5.14175e-09,1.12654e-10,4.11558e-10,3.06042e-09
299,5.96628e-09,5.4982e-09,1.11774e-10,3.56306e-10,2.68272e-09
300,1.01338e-08,9.90775e-09,1.08973e-10,1.17086e-10,7.57911e-09
301,1.14483e-08,1.10848e-08,1.0807e-10,2.5548e-10,8.8308e-09
302,6.49111e-09,5.99593e-09,1.05172e-10,3.90013e-10,2.77553e-09
303,5.14856e-09,4.66224e-09,1.94536e-10,2.91786e-10,1.70068e-09
304,4.24533e-09,3.85396e-09,1.44196e-10,2.47176e-10,1.90913e-09
305,5.84626e-09,5.48939e-09,1.34188e-10,2.22682e-10,2.6327e-09
306,6.62655e-09,6.15903e-09,1.31861e-10,3.35654e-10,1.83787e-09
307,4.02848e-09,3.62908e-09,1.24554e-10,2.74845e-10,1.20198e-09
308,2.63996e-09,2.27036e-09,1.2011e-10,2.49486e-10,1.3393e-09
309,2.15767e-09,1.80037e-09,1.18108e-10,2.39195e-10,9.07162e-10
310,2.37277e-09,2.02766e-09,1.14575e-10,2.30537e-10,8.7135e-10
311,2.8388e-09,2.47688e-09,1.26216e-10,2.35707e-10,1.3337e-09
312,3.13628e-09,2.45481e-09,4.49386e-10,2.32089e-10,1.09352e-09
313,3.37287e-09,2.5821e-09,5.46362e-10,2.4441e-10,1.22008e-09
314,3.61514e-09,2.95567e-09,4.00697e-10,2.58772e-10,1.73383e-09
315,4.07218e-09,3.20106e-09,5.89798e-10,2.81318e-10,1.77355e-09
316,4.63688e-09,3.58513e-09,6.12508e-10,4.39242e-10,2.04298e-09
317,5.75018e-09,5.02561e-09,5.20545e-10,2.04024e-10,2.93544e-09
318,5.99043e-09,4.94047e-09,5.54427e-10,4.95525e-10,3.49991e-09
319,5.66396e-09,4.72211e-09,5.51293e-10,3.90564e-10,3.20907e-09
320,5.62488e-09,5.01093e-09,2.69322e-10,3.44623e-10,2.83613e-09
321,5.8742e-09,5.24993e-09,2.59741e-10,3.64532e-10,3.51509e-09
322,6.40054e-09,5.77699e-09,2.54672e-10,3.68869e-10,4.36007e-09
323,7.15297e-09,6.53076e-09,2.56954e-10,3.65256e-10,5.0146e-09
324,1.16645e-08,1.10223e-08,2.5559e-10,3.86692e-10,8.73136e-09
325,1.12568e-08,1.0486e-08,2.57644e-10,5.13159e-10,8.20261e-09
326,1.13276e-08,1.05946e-08,2.73229e-10,4.59849e-10,8.49652e-09
327,1.14943e-08,1.07333e-08,2.81164e-10,4.79758e-10,8.80188e-09
328,1.27502e-08,1.22153e-08,3.01575e-10,2.33369e-10,9.47693e-09
329,1.34245e-08,1.23263e-08,8.47984e-10,2.50209e-10,9.1046e-09
330,8.97205e-09,7.97144e-09,7.81665e-10,2.18938e-10,5.74224e-09
331,5.65478e-09,4.89592e-09,5.51551e-10,2.073e-10,3.0254e-09
332,6.29931e-09,5.57876e-09,5.10023e-10,2.10527e-10,3.79001e-09
333,8.17967e-09,7.13417e-09,8.34595e-10,2.10902e-10,5.26456e-09
334,3.82797e-08,3.74235e-08,5.37024e-10,3.19137e-10,3.5708e-08
335,3.90894e-08,3.836e-08,4.40787e-10,2.8857e-10,3.62742e-08
336,1.00961e-08,9.34655e-09,4.07054e-10,3.42494e-10,8.38505e-09
337,7.77954e-09,7.17981e-09,4.15409e-10,1.84322e-10,6.25627e-09
338,7.8321e-09,7.02172e-09,4.66118e-10,3.44257e-10,6.20714e-09
339,7.98008e-09,6.70589e-09,6.24795e-10,6.49387e-10,5.96022e-09
340,6.02242e-09,5.17044e-09,3.72237e-10,4.79738e-10,4.10575e-09
341,8.07194e-09,7.50399e-09,1.7032e-10,3.97628e-10,5.37397e-09
342,8.47399e-09,7.92145e-09,1.58521e-10,3.94011e-10,4.88452e-09
343,7.45729e-09,6.92764e-09,1.69933e-10,3.59718e-10,5.04757e-09
344,8.04514e-09,7.47217e-09,1.698e-10,4.03179e-10,5.89786e-09
345,8.0322e-09,7.22551e-09,3.98194e-10,4.08492e-10,6.17351e-09
346,5.74203e-09,5.02074e-09,3.15452e-10,4.05837e-10,2.97704e-09
347,8.1371e-09,7.06017e-09,3.40821e-10,7.36109e-10,3.56454e-09
348,1.11581e-08,1.01058e-08,2.94845e-10,7.57405e-10,5.60909e-09
349,1.5488e-08,1.42654e-08,5.13173e-10,7.09393e-10,1.03228e-08
350,8.22158e-08,8.11531e-08,3.71734e-10,6.90996e-10,7.81829e-08
351,8.30719e-08,8.19545e-08,3.36649e-10,7.80765e-10,7.9687e-08
352,2.28219e-08,2.18942e-08,4.6439e-10,4.63339e-10,1.93095e-08
353,9.59806e-09,8.62328e-09,5.29955e-10,4.44827e-10,6.033e-09
354,6.80748e-09,5.86112e-09,5.13824e-10,4.32541e-10,3.9174e-09
355,9.58113e-09,8.62583e-09,5.27178e-10,4.28127e-10,5.32265e-09
356,1.04176e-08,8.69281e-09,1.08575e-09,6.38998e-10,4.5953e-09
357,1.17252e-08,9.84489e-09,1.28633e-09,5.93993e-10,6.53805e-09
358,1.29231e-08,1.12134e-08,8.25182e-10,8.84555e-10,7.64884e-09
359,1.27566e-08,1.11499e-08,1.02485e-09,5.8186e-10,7.86852e-09
360,2.08405e-08,1.98469e-08,4.18425e-10,5.75135e-10,1.52182e-08
361,5.13424e-08,5.03403e-08,4.13081e-10,5.89049e-10,4.4446e-08
362,1.6548e-07,1.64449e-07,4.35903e-10,5.95122e-10,1.59022e-07
363,1.82374e-07,1.81029e-07,6.80204e-10,6.65015e-10,1.74319e-07
364,1.67352e-07,1.66007e-07,6.63462e-10,6.81436e-10,1.62967e-07
365,6.04671e-08,5.92045e-08,7.71422e-10,4.91167e-10,5.53145e-08
366,3.06965e-07,3.06046e-07,5.16882e-10,4.01607e-10,3.02497e-07
367,2.41367e-07,2.40453e-07,5.03542e-10,4.10799e-10,2.36496e-07
368,1.5566e-08,1.42476e-08,5.89265e-10,7.29136e-10,1.10868e-08
369,8.06745e-09,6.80774e-09,5.47755e-10,7.1196e-10,4.14281e-09
370,7.9123e-09,6.73817e-09,4.5561e-10,7.18519e-10,3.50868e-09
371,7.33111e-09,6.00828e-09,4.17449e-10,9.05382e-10,3.46376e-09
372,8.47501e-09,6.8897e-09,3.99119e-10,1.18619e-09,3.53636e-09
373,9.92202e-09,8.10738e-09,3.89687e-10,1.42496e-09,3.30489e-09
374,8.49911e-09,6.92423e-09,3.83564e-10,1.19132e-09,3.25815e-09
375,9.8499e-09,7.70685e-09,1.08007e-09,1.06298e-09,3.21519e-09
376,9.22101e-09,7.53262e-09,8.91149e-10,7.97239e-10,3.49038e-09
377,8.73286e-09,7.02107e-09,9.67373e-10,7.44418e-10,3.09467e-09
378,8.92995e-09,8.12111e-09,4.10515e-10,3.98326e-10,3.79607e-09
379,1.05145e-08,9.50067e-09,4.80793e-10,5.33024e-10,3.34899e-09
380,1.11339e-08,9.97758e-09,5.52175e-10,6.0419e-10,4.2152e-09
381,6.44172e-09,5.3959e-09,6.40761e-10,4.05055e-10,1.06174e-09
382,8.52811e-09,7.75882e-09,3.79583e-10,3.89713e-10,2.96197e-09
383,1.34914e-08,1.27242e-08,3.97235e-10,3.69995e-10,6.33748e-09
384,1.1438e-08,1.05463e-08,5.27521e-10,3.64218e-10,5.58053e-09
385,1.0378e-08,9.44903e-09,3.6396e-10,5.65039e-10,4.40371e-09
386,9.09053e-09,8.16934e-09,3.42033e-10,5.79159e-10,2.83928e-09
387,8.99637e-09,8.14831e-09,3.411e-10,5.06956e-10,1.60987e-09
388,9.86546e-09,8.56716e-09,3.83047e-10,9.15249e-10,1.81732e-09
389,9.64905e-09,8.33478e-09,4.65778e-10,8.48494e-10,2.62721e-09
390,1.08463e-08,9.48245e-09,5.43089e-10,8.20807e-10,2.54346e-09
391,1.0801e-08,8.66449e-09,9.12111e-10,1.22436e-09,2.94077e-09
392,1.04146e-08,7.60038e-09,1.51514e-09,1.29911e-09,3.0187e-09
393,1.15401e-08,8.93968e-09,1.25661e-09,1.34377e-09,3.9384e-09
394,1.10428e-08,9.00907e-09,1.26543e-09,7.6835e-10,4.63468e-09
395,1.01966e-08,8.17649e-09,1.11942e-09,9.00666e-10,3.87005e-09
396,9.81957e-09,8.37812e-09,8.96488e-10,5.44961e-10,2.87968e-09
397,8.51017e-09,6.85271e-09,1.01357e-09,6.4389e-10,1.83193e-09
398,1.04169e-08,9.24274e-09,3.87178e-10,7.86954e-10,3.20706e-09
399,1.0628e-08,9.25972e-09,5.96014e-10,7.72275e-10,1.85028e-09
400,1.01014e-08,8.12291e-09,9.07794e-10,1.07074e-09,1.33455e-09
401,1.2556e-08,1.07151e-08,7.09618e-10,1.13125e-09,1.49157e-09
402,9.52251e-09,8.01755e-09,6.65165e-10,8.39795e-10,1.17063e-09
403,1.24414e-08,1.07117e-08,8.99902e-10,8.298e-10,2.65012e-09
404,1.32005e-08,1.13133e-08,9.5493e-10,9.32284e-10,3.5691e-09
405,1.07138e-08,9.1157e-09,6.6791e-10,9.30172e-10,2.98862e-09
406,1.17363e-08,1.04128e-08,4.43886e-10,8.79601e-10,3.97008e-09
407,1.10192e-08,9.78498e-09,4.27246e-10,8.07006e-10,2.64212e-09
408,1.01338e-08,8.24128e-09,4.7262e-10,1.41995e-09,2.37223e-09
409,9.96575e-09,8.00651e-09,4.69663e-10,1.48958e-09,3.31468e-09
410,1.11409e-08,8.90881e-09,4.61654e-10,1.77044e-09,3.8076e-09
411,1.19415e-08,1.02547e-08,4.99711e-10,1.18702e-09,4.63721e-09
412,1.00965e-08,8.2337e-09,5.86555e-10,1.27621e-09,2.92732e-09
413,1.02328e-08,8.85113e-09,5.07866e-10,8.73809e-10,2.8025e-09
414,1.19491e-08,1.03891e-08,5.75011e-10,9.8503e-10,2.63958e-09
415,1.245e-08,1.01421e-08,9.09383e-10,1.39843e-09,2.77539e-09
416,1.41778e-08,1.20704e-08,6.73913e-10,1.43346e-09,3.47876e-09
417,1.43325e-08,1.25586e-08,6.12526e-10,1.16135e-09,3.64118e-09
418,1.39192e-08,1.21517e-08,5.90629e-10,1.17688e-09,3.08441e-09
419,1.38028e-08,1.15101e-08,6.70845e-10,1.62189e-09,3.19586e-09
420,1.45255e-08,1.23296e-08,8.51279e-10,1.34466e-09,4.38039e-09
421,1.70835e-08,1.47834e-08,9.07439e-10,1.39263e-09,4.89921e-09
422,1.96535e-08,1.73326e-08,7.18545e-10,1.60239e-09,5.22313e-09
423,1.80282e-08,1.55971e-08,7.85258e-10,1.64578e-09,3.25571e-09
424,1.95521e-08,1.6858e-08,8.65717e-10,1.82836e-09,4.44517e-09
425,7.00942e-08,6.75219e-08,7.76639e-10,1.79564e-09,5.67522e-08
426,7.93279e-08,7.69572e-08,7.0342e-10,1.66733e-09,6.67846e-08
427,3.00695e-08,2.8136e-08,7.68752e-10,1.1648e-09,1.63337e-08
428,1.76421e-08,1.49989e-08,9.98621e-10,1.64461e-09,2.73948e-09
429,1.74871e-08,1.49016e-08,8.70804e-10,1.71475e-09,3.05016e-09
430,1.86809e-08,1.6065e-08,8.28452e-10,1.78748e-09,3.4493e-09
431,1.9543e-08,1.69037e-08,8.43514e-10,1.79574e-09,3.66921e-09
432,1.52734e-08,1.26159e-08,9.58815e-10,1.69871e-09,3.20793e-09
433,1.06186e-08,7.8093e-09,8.844e-10,1.92488e-09,1.4395e-09
434,1.09167e-08,8.57244e-09,5.63911e-10,1.78036e-09,2.76903e-09
435,1.10899e-08,8.63275e-09,8.44439e-10,1.61271e-09,3.40967e-09
436,1.22301e-08,9.48868e-09,1.00666e-09,1.73479e-09,3.84996e-09
437,1.52917e-08,1.26266e-08,9.79024e-10,1.68612e-09,4.99599e-09
438,1.44023e-08,1.17158e-08,8.50537e-10,1.83593e-09,3.9154e-09
439,1.42725e-08,1.14348e-08,9.80873e-10,1.85676e-09,3.40664e-09
440,1.39304e-08,1.11342e-08,9.98403e-10,1.79776e-09,2.58883e-09
441,1.47283e-08,1.171e-08,1.09776e-09,1.92052e-09,3.26282e-09
442,1.32332e-08,1.08356e-08,8.78983e-10,1.51863e-09,1.96099e-09
443,1.25519e-08,9.91358e-09,1.19169e-09,1.44667e-09,2.33921e-09
444,1.72664e-08,1.43741e-08,9.89405e-10,1.90283e-09,3.94539e-09
445,1.84851e-08,1.56761e-08,9.47423e-10,1.86151e-09,5.99157e-09
446,2.17949e-08,1.9065e-08,9.39989e-10,1.78987e-09,7.73234e-09
447,2.37265e-08,2.11179e-08,1.08216e-09,1.52646e-09,9.4374e-09
448,2.51305e-08,2.22143e-08,1.49253e-09,1.42366e-09,9.49663e-09
449,2.50619e-08,2.16507e-08,1.29881e-09,2.11237e-09,9.33186e-09
450,2.6066e-08,2.3243e-08,8.4913e-10,1.97389e-09,8.1172e-09
451,2.2774e-08,1.97609e-08,8.35858e-10,2.17715e-09,5.8862e-09
452,2.40007e-08,2.05116e-08,1.06386e-09,2.42517e-09,5.02674e-09
453,2.13648e-08,1.83092e-08,9.83763e-10,2.07186e-09,4.48061e-09
454,2.20927e-08,1.90951e-08,9.75213e-10,2.0223e-09,5.24119e-09
455,2.83562e-08,2.56256e-08,9.08e-10,1.82257e-09,6.86561e-09
456,3.14642e-08,2.80018e-08,9.29712e-10,2.53271e-09,6.85207e-09
457,3.76374e-08,3.35447e-08,8.47994e-10,3.2447e-09,8.56446e-09
458,3.5488e-08,3.21877e-08,8.18207e-10,2.48213e-09,7.77496e-09
459,3.50802e-08,3.20217e-08,8.98726e-10,2.15974e-09,8.26361e-09
460,3.71608e-08,3.37173e-08,1.17794e-09,2.26556e-09,7.37812e-09
461,3.75642e-08,3.37947e-08,1.30593e-09,2.4636e-09,9.24176e-09
462,3.71663e-08,3.35679e-08,1.08291e-09,2.51551e-09,9.20191e-09
463,3.42182e-08,2.99571e-08,1.64138e-09,2.61972e-09,5.48996e-09
464,3.11298e-08,2.79903e-08,1.29908e-09,1.84038e-09,3.8338e-09
465,4.28396e-08,3.94672e-08,1.22472e-09,2.14772e-09,1.40091e-08
466,1.55952e-07,1.52264e-07,1.47995e-09,2.20765e-09,1.26553e-07
467,1.43946e-07,1.39416e-07,1.56108e-09,2.96876e-09,1.16928e-07
468,2.3298e-07,2.29287e-07,1.00632e-09,2.6867e-09,2.08146e-07
469,1.42619e-06,1.42239e-06,9.80605e-10,2.81252e-09,1.40364e-06
470,1.2588e-06,1.25485e-06,1.1359e-09,2.81068e-09,1.23405e-06
471,3.6583e-07,3.6256e-07,1.07611e-09,2.19358e-09,3.42249e-07
472,6.18136e-07,6.14003e-07,9.94461e-10,3.1385e-09,5.92316e-07
473,4.48831e-07,4.45758e-07,1.05561e-09,2.0174e-09,4.26124e-07
474,6.92942e-08,6.57697e-08,1.22119e-09,2.30329e-09,4.77423e-08
475,3.22326e-08,2.86914e-08,1.19444e-09,2.34679e-09,1.2289e-08
476,1.00178e-07,9.66631e-08,1.07185e-09,2.4428e-09,7.63392e-08
477,7.28125e-07,7.24676e-07,9.78177e-10,2.47164e-09,7.04772e-07
478,6.3732e-07,6.33731e-07,1.35449e-09,2.23457e-09,6.12049e-07
479,4.8202e-08,4.42466e-08,1.57232e-09,2.38299e-09,2.03055e-08
480,4.81401e-08,4.41681e-08,1.46739e-09,2.50466e-09,1.70872e-08
481,3.84416e-07,3.80539e-07,1.50611e-09,2.37108e-09,3.5347e-07
482,4.88772e-07,4.84889e-07,1.40029e-09,2.48288e-09,4.57441e-07
483,2.42827e-07,2.3899e-07,1.34146e-09,2.49556e-09,2.12033e-07
484,9.98877e-08,9.50104e-08,1.2164e-09,3.66083e-09,6.78288e-08
485,8.81614e-08,8.3774e-08,1.05832e-09,3.32914e-09,5.93813e-08
486,3.56288e-08,3.19482e-08,1.12864e-09,2.55195e-09,1.23217e-08
487,4.51201e-08,4.10257e-08,1.16953e-09,2.92487e-09,2.18652e-08
488,2.33691e-07,2.29393e-07,1.51417e-09,2.78347e-09,2.10159e-07
489,2.16177e-06,2.15742e-06,1.39222e-09,2.95836e-09,2.13459e-06
490,2.32911e-06,2.3255e-06,1.17267e-09,2.43705e-09,2.30439e-06
491,8.22729e-07,8.19096e-07,1.08291e-09,2.54979e-09,7.97411e-07
492,7.04646e-08,6.71862e-08,1.05359e-09,2.22487e-09,4.56398e-08
493,4.53955e-08,4.22775e-08,1.00585e-09,2.11214e-09,2.04932e-08
494,4.78836e-08,4.44138e-08,8.28409e-10,2.64142e-09,2.03446e-08
495,5.17644e-08,4.79145e-08,9.85335e-10,2.86465e-09,2.22344e-08
496,4.77651e-08,4.37001e-08,1.06282e-09,3.00221e-09,1.99067e-08
497,4.52034e-08,4.06036e-08,1.28247e-09,3.31734e-09,1.4647e-08
498,4.0291e-08,3.60728e-08,1.22431e-09,2.99388e-09,9.76973e-09
499,4.55396e-08,4.12083e-08,1.40764e-09,2.9236e-09,1.34636e-08
500,5.72651e-08,5.28072e-08,1.15871e-09,3.29917e-09,1.61083e-08
501,4.87215e-08,4.4171e-08,1.13582e-09,3.41466e-09,1.25109e-08
502,5.52133e-08,5.10461e-08,9.739e-10,3.19332e-09,1.53055e-08
503,5.81206e-08,5.34981e-08,1.14199e-09,3.48051e-09,1.68744e-08
504,5.72592e-08,5.24408e-08,1.08886e-09,3.72962e-09,1.43757e-08
505,5.38717e-08,4.90862e-08,1.05957e-09,3.72602e-09,1.79886e-08
506,4.94597e-08,4.50139e-08,1.15538e-09,3.29036e-09,1.0973e-08
507,5.16161e-08,4.73957e-08,1.0807e-09,3.13976e-09,1.20708e-08
508,5.48707e-08,4.98242e-08,1.42274e-09,3.62379e-09,1.11057e-08
509,6.73774e-08,6.19129e-08,1.19366e-09,4.27078e-09,1.51289e-08
510,6.93374e-08,6.42459e-08,1.23123e-09,3.8602e-09,9.19088e-09
511,7.78292e-08,7.27945e-08,1.31116e-09,3.72347e-09,9.65947e-09
512,7.64295e-08,7.10634e-08,1.34714e-09,4.01895e-09,1.40087e-08
513,6.25412e-08,5.74084e-08,1.3608e-09,3.77199e-09,1.23652e-08
514,7.05597e-08,6.55834e-08,9.00467e-10,4.07583e-09,1.77036e-08
515,6.13315e-08,5.67849e-08,9.21061e-10,3.62549e-09,1.05875e-08
516,6.50657e-08,6.04465e-08,9.41098e-10,3.67815e-09,1.51483e-08
517,6.13268e-08,5.63102e-08,1.12692e-09,3.88962e-09,1.30391e-08
518,5.31595e-08,4.77453e-08,1.06767e-09,4.34656e-09,1.47381e-08
519,4.9403e-08,4.37493e-08,9.80838e-10,4.67281e-09,1.62672e-08
520,4.69224e-08,4.19257e-08,7.84491e-10,4.21224e-09,1.75323e-08
521,4.90168e-08,4.35663e-08,1.0577e-09,4.39272e-09,1.81608e-08
522,4.58793e-08,4.07713e-08,1.10973e-09,3.99834e-09,1.64804e-08
523,4.02755e-08,3.5153e-08,1.0089e-09,4.11361e-09,1.40956e-08
524,4.46154e-08,3.90273e-08,9.82482e-10,4.60565e-09,2.37871e-08
525,3.98833e-08,3.41875e-08,1.25273e-09,4.44306e-09,2.12807e-08
526,3.83168e-08,3.25862e-08,1.12584e-09,4.60471e-09,2.08446e-08
527,3.74793e-08,3.1526e-08,1.33946e-09,4.61384e-09,1.74375e-08
528,3.6045e-08,2.92863e-08,1.10286e-09,5.65585e-09,1.4554e-08
529,3.41987e-08,2.71881e-08,9.39511e-10,6.07107e-09,1.08912e-08
530,3.45292e-08,2.8265e-08,1.07887e-09,5.18533e-09,1.18682e-08
531,3.71465e-08,3.09861e-08,1.06865e-09,5.09168e-09,1.30027e-08
532,3.58052e-08,2.96387e-08,9.45713e-10,5.22083e-09,1.37901e-08
533,3.70467e-08,3.09477e-08,9.2879e-10,5.17028e-09,1.48545e-08
534,3.3321e-08,2.66537e-08,1.05177e-09,5.61549e-09,1.26644e-08
535,2.83134e-08,2.12075e-08,1.14519e-09,5.96074e-09,7.6091e-09
536,3.30168e-08,2.59407e-08,1.08605e-09,5.99007e-09,8.89705e-09
537,3.75449e-08,3.03999e-08,1.10611e-09,6.03891e-09,1.37946e-08
538,3.66868e-08,3.0127e-08,1.04933e-09,5.5105e-09,1.44631e-08
539,3.16547e-08,2.45723e-08,1.82369e-09,5.25864e-09,1.01286e-08
540,3.86502e-08,3.07708e-08,1.7971e-09,6.08232e-09,1.56573e-08
541,3.91931e-08,3.17956e-08,1.16635e-09,6.23125e-09,1.65394e-08
542,4.23452e-08,3.53337e-08,1.02266e-09,5.98881e-09,1.97029e-08
543,4.19304e-08,3.47697e-08,1.01969e-09,6.14097e-09,1.71772e-08
544,4.33504e-08,3.60192e-08,1.37645e-09,5.95476e-09,1.98183e-08
545,7.98673e-08,7.17746e-08,1.48363e-09,6.60913e-09,5.48806e-08
546,3.58853e-07,3.51244e-07,1.47726e-09,6.13202e-09,3.35793e-07
547,3.30675e-07,3.2345e-07,1.2495e-09,5.97491e-09,3.0902e-07
548,3.38611e-08,2.55338e-08,1.43717e-09,6.89012e-09,1.1312e-08
549,2.92139e-08,2.1083e-08,1.48014e-09,6.65077e-09,4.93565e-09
550,2.47731e-08,1.72607e-08,1.48193e-09,6.03045e-09,4.17516e-09
551,2.24677e-08,1.42901e-08,1.34049e-09,6.83708e-09,1.63755e-09
552,2.23216e-08,1.39315e-08,1.35124e-09,7.0389e-09,1.22334e-09
553,2.37682e-08,1.58108e-08,1.32639e-09,6.63106e-09,2.53989e-09
554,4.93969e-08,4.13046e-08,1.49177e-09,6.6005e-09,2.79264e-08
555,2.0422e-07,1.95567e-07,1.19486e-09,7.4582e-09,1.82054e-07
556,2.09606e-07,2.01092e-07,1.17268e-09,7.34182e-09,1.88322e-07
557,2.23704e-07,2.15263e-07,1.53277e-09,6.9085e-09,2.0338e-07
558,7.8031e-08,6.94386e-08,1.74881e-09,6.84359e-09,5.82442e-08
559,2.27059e-08,1.41224e-08,1.53926e-09,7.04424e-09,3.49417e-09
560,2.35326e-08,1.45801e-08,1.62894e-09,7.32355e-09,2.3545e-09
561,2.20149e-08,1.30635e-08,1.55955e-09,7.39189e-09,1.39553e-10
562,2.44229e-08,1.53323e-08,1.53101e-09,7.55961e-09,5.50815e-11
563,2.78867e-08,1.88444e-08,1.52645e-09,7.5159e-09,5.44107e-11
564,2.95567e-08,2.14299e-08,1.66803e-09,6.45884e-09,5.43343e-11
565,2.79872e-08,1.97888e-08,1.92393e-09,6.27448e-09,5.48453e-11
566,2.90442e-08,2.00174e-08,1.89173e-09,7.13506e-09,4.81986e-10
567,2.44801e-08,1.45043e-08,1.54678e-09,8.42906e-09,4.68667e-10
568,2.32821e-08,1.30148e-08,1.82878e-09,8.43855e-09,3.43456e-10
569,2.21651e-08,1.34017e-08,1.50123e-09,7.26212e-09,3.13453e-10
570,2.64945e-08,1.75253e-08,1.59139e-09,7.37777e-09,3.1165e-10
571,2.37846e-08,1.59207e-08,1.5174e-09,6.3465e-09,3.35797e-10
572,2.33178e-08,1.57451e-08,1.71838e-09,5.85436e-09,4.25662e-10
573,1.86713e-08,1.09616e-08,1.40353e-09,6.3062e-09,5.43906e-10
574,2.47491e-08,1.62234e-08,1.35863e-09,7.16704e-09,7.04857e-11
575,2.53365e-08,1.63428e-08,1.7016e-09,7.29216e-09,6.17697e-10
576,1.09451e-07,1.0035e-07,1.66012e-09,7.44088e-09,8.22368e-08
577,3.0051e-07,2.91926e-07,1.41897e-09,7.16524e-09,2.72774e-07
578,2.08807e-07,1.99742e-07,1.68576e-09,7.38005e-09,1.80287e-07
579,1.99005e-07,1.90255e-07,1.61709e-09,7.13288e-09,1.74055e-07
580,2.59679e-07,2.50554e-07,1.75214e-09,7.3728e-09,2.34983e-07
581,2.19601e-07,2.10564e-07,1.80879e-09,7.22834e-09,1.92594e-07
582,3.24358e-08,2.38628e-08,1.72852e-09,6.84453e-09,6.68406e-09
583,3.58215e-08,2.72821e-08,1.44004e-09,7.09932e-09,4.57646e-09
584,3.68551e-08,2.7604e-08,1.54256e-09,7.70853e-09,1.01147e-09
585,3.06101e-08,2.18594e-08,1.22442e-09,7.5262e-09,5.30896e-10
586,2.67263e-08,1.79308e-08,1.40874e-09,7.38679e-09,2.45022e-10
587,2.50796e-08,1.56864e-08,1.4403e-09,7.95283e-09,0
588,2.48613e-08,1.53073e-08,1.45716e-09,8.09683e-09,0
589,2.78791e-08,1.81995e-08,1.42448e-09,8.25505e-09,0
590,2.54349e-08,1.60322e-08,1.41751e-09,7.98517e-09,0
591,2.22609e-08,1.27533e-08,1.48404e-09,8.02356e-09,0
592,2.57373e-08,1.53745e-08,1.58285e-09,8.77997e-09,0
593,2.9971e-08,1.93257e-08,1.51854e-09,9.12679e-09,0
594,2.82421e-08,1.76886e-08,1.6395e-09,8.91405e-09,0
595,3.00626e-08,1.61669e-08,2.45268e-09,1.1443e-08,0
596,3.4339e-08,2.13619e-08,2.51343e-09,1.04637e-08,0
597,3.98188e-08,2.72086e-08,1.8417e-09,1.07685e-08,0
598,4.33863e-08,3.20566e-08,1.55965e-09,9.77011e-09,0
599,4.27398e-08,3.08207e-08,1.54609e-09,1.0373e-08,0
600,3.4717e-08,2.14876e-08,1.69085e-09,1.15385e-08,0
601,2.89184e-08,1.62429e-08,1.88927e-09,1.07862e-08,0
602,2.98341e-08,1.56793e-08,2.5967e-09,1.15581e-08,0
603,2.44557e-08,1.15467e-08,2.3265e-09,1.05825e-08,0
604,2.30337e-08,9.06863e-09,3.07468e-09,1.08904e-08,0
605,2.34344e-08,8.83749e-09,3.73762e-09,1.08592e-08,0
606,2.39446e-08,8.51918e-09,4.10411e-09,1.13213e-08,0
607,2.44369e-08,8.09927e-09,4.07971e-09,1.22579e-08,0
608,2.3253e-08,7.35522e-09,3.67649e-09,1.22213e-08,0
609,2.59997e-08,8.81454e-09,3.55639e-09,1.36287e-08,0
610,2.54331e-08,9.45642e-09,3.05245e-09,1.29242e-08,0
611,2.63085e-08,1.13407e-08,2.94602e-09,1.20217e-08,0
612,2.50262e-08,9.59961e-09,3.53661e-09,1.189e-08,0
613,2.74304e-08,1.15453e-08,3.33226e-09,1.25528e-08,0
614,2.85041e-08,1.34989e-08,3.28463e-09,1.17206e-08,0
615,2.88645e-08,1.32495e-08,3.45038e-09,1.21646e-08,0
616,2.82437e-08,1.31079e-08,3.62627e-09,1.15095e-08,0
617,2.88976e-08,1.27685e-08,3.5904e-09,1.25387e-08,0
618,3.05224e-08,1.39259e-08,3.67821e-09,1.29183e-08,0
619,3.01213e-08,1.34482e-08,3.42391e-09,1.32492e-08,0
620,3.00166e-08,1.17861e-08,3.62057e-09,1.46099e-08,0
621,3.09534e-08,1.25636e-08,3.83635e-09,1.45535e-08,0
622,2.74728e-08,1.0496e-08,3.37797e-09,1.35989e-08,0
623,3.0541e-08,1.2872e-08,3.72206e-09,1.39469e-08,0
624,3.13761e-08,1.39506e-08,3.73329e-09,1.36922e-08,0
625,3.11609e-08,1.39036e-08,3.9498e-09,1.33074e-08,0
626,3.09814e-08,1.2913e-08,4.00862e-09,1.40598e-08,0
627,3.33181e-08,1.55942e-08,4.15479e-09,1.35692e-08,0
628,3.38174e-08,1.6137e-08,4.26974e-09,1.34108e-08,0
629,3.39407e-08,1.51693e-08,3.83421e-09,1.49373e-08,0
630,3.78818e-08,2.0715e-08,3.59805e-09,1.35687e-08,0
631,3.37716e-08,1.66623e-08,3.28765e-09,1.38217e-08,0
632,3.06053e-08,1.51732e-08,2.57091e-09,1.28611e-08,0
633,2.72975e-08,1.19475e-08,2.28226e-09,1.30677e-08,0
634,2.91377e-08,1.37291e-08,1.83512e-09,1.35734e-08,0
635,3.94877e-08,2.41569e-08,1.69799e-09,1.36328e-08,0
636,2.97843e-07,2.82799e-07,1.55067e-09,1.34935e-08,0
637,9.12546e-08,7.58035e-08,1.76293e-09,1.36882e-08,0
638,2.49168e-08,1.04863e-08,1.69612e-09,1.27344e-08,0
639,2.39488e-08,8.79346e-09,1.72274e-09,1.34326e-08,0
640,2.20746e-08,7.01769e-09,1.7702e-09,1.32867e-08,0
641,2.33134e-08,6.87105e-09,1.65602e-09,1.47864e-08,0
642,2.39823e-08,6.24867e-09,1.73387e-09,1.59998e-08,0
643,2.23903e-08,6.51094e-09,1.1396e-09,1.47398e-08,0
644,2.32493e-08,7.51331e-09,1.18192e-09,1.4554e-08,0
645,2.51259e-08,8.36646e-09,1.46743e-09,1.5292e-08,0
646,3.09438e-08,1.46195e-08,1.26606e-09,1.50583e-08,0
647,3.19142e-08,1.63084e-08,1.24129e-09,1.43645e-08,0
648,3.26754e-08,1.61542e-08,1.50208e-09,1.50191e-08,0
649,2.83649e-08,1.0646e-08,1.37799e-09,1.63409e-08,0
650,2.5354e-08,8.16003e-09,1.35573e-09,1.58383e-08,0
651,2.46106e-08,7.06747e-09,1.47993e-09,1.60632e-08,0
652,2.48333e-08,8.07033e-09,1.37797e-09,1.5385e-08,0
653,2.55299e-08,7.7083e-09,1.45025e-09,1.63713e-08,0
654,2.40441e-08,6.92997e-09,1.26893e-09,1.58452e-08,0
655,2.40123e-08,6.53132e-09,1.32498e-09,1.6156e-08,0
656,2.55765e-08,6.79902e-09,1.61746e-09,1.71601e-08,0
657,2.42616e-08,6.20251e-09,1.37693e-09,1.66822e-08,0
658,2.46952e-08,7.35845e-09,1.19454e-09,1.61422e-08,0
659,3.16729e-08,1.2637e-08,1.24815e-09,1.77878e-08,0
660,2.93463e-08,1.06836e-08,1.36028e-09,1.73024e-08,0
661,2.97785e-08,1.09781e-08,1.36151e-09,1.74389e-08,0
662,2.80834e-08,9.02077e-09,1.39771e-09,1.76649e-08,0
663,2.52151e-08,5.73087e-09,1.23882e-09,1.82454e-08,0
664,2.43452e-08,4.91603e-09,1.37451e-09,1.80547e-08,0
665,2.43338e-08,4.16174e-09,1.40964e-09,1.87624e-08,0
666,2.40744e-08,4.44621e-09,1.46558e-09,1.81626e-08,0
667,2.44897e-08,4.67865e-09,1.32445e-09,1.84866e-08,0
668,2.4717e-08,4.41398e-09,1.05018e-09,1.92529e-08,0
669,2.34887e-08,3.97392e-09,1.0746e-09,1.84402e-08,0
670,2.49741e-08,3.93184e-09,1.95662e-09,1.90857e-08,0
671,2.50007e-08,4.6564e-09,1.66955e-09,1.86747e-08,0
672,2.33478e-08,3.74293e-09,1.44274e-09,1.81621e-08,0
673,2.3496e-08,3.86387e-09,1.26981e-09,1.83623e-08,0
674,2.46273e-08,4.1059e-09,1.36709e-09,1.91543e-08,0
675,2.65914e-08,6.10639e-09,1.74087e-09,1.87441e-08,0
676,2.7873e-08,5.78981e-09,1.52741e-09,2.05557e-08,0
677,2.51055e-08,3.81734e-09,1.41741e-09,1.98707e-08,0
678,2.55577e-08,3.57199e-09,1.22858e-09,2.07571e-08,0
679,2.57075e-08,3.32895e-09,1.3801e-09,2.09985e-08,0
680,2.70362e-08,3.87773e-09,1.80218e-09,2.13562e-08,0
681,2.86501e-08,5.42989e-09,1.55966e-09,2.16605e-08,0
682,2.80751e-08,5.37241e-09,1.92233e-09,2.07803e-08,0
683,2.86641e-08,6.29636e-09,1.61187e-09,2.07559e-08,0
684,2.7804e-08,6.13238e-09,1.54589e-09,2.01257e-08,0
685,2.94453e-08,6.79715e-09,1.50517e-09,2.1143e-08,0
686,2.792e-08,7.11994e-09,1.54097e-09,1.92591e-08,0
687,2.86381e-08,6.68574e-09,1.57871e-09,2.03737e-08,0
688,2.90021e-08,7.2362e-09,1.15276e-09,2.06131e-08,0
689,3.03611e-08,8.28156e-09,1.15862e-09,2.09209e-08,0
690,2.99464e-08,8.32788e-09,1.11121e-09,2.05073e-08,0
691,2.93194e-08,7.34581e-09,1.1539e-09,2.08197e-08,0
692,2.84105e-08,6.63441e-09,1.13868e-09,2.06374e-08,0
693,2.95493e-08,6.78286e-09,1.22442e-09,2.1542e-08,0
694,3.05249e-08,6.53074e-09,1.56304e-09,2.24312e-08,0
695,3.08522e-08,6.77379e-09,1.35823e-09,2.27202e-08,0
696,3.22442e-08,7.91008e-09,9.67087e-10,2.33671e-08,0
697,2.95011e-08,6.36485e-09,9.1126e-10,2.2225e-08,0
698,2.91262e-08,6.1652e-09,1.12046e-09,2.18405e-08,0
699,2.82057e-08,5.0238e-09,9.31746e-10,2.22502e-08,0
700,2.74127e-08,4.91254e-09,8.25576e-10,2.16746e-08,0
701,2.9465e-08,7.14506e-09,8.10953e-10,2.1509e-08,0
702,3.39378e-08,1.16853e-08,9.96529e-10,2.12559e-08,0
703,3.51544e-08,1.26982e-08,9.82836e-10,2.14734e-08,0
704,3.71814e-08,1.4094e-08,9.69168e-10,2.21182e-08,0
705,3.55455e-08,1.17237e-08,1.02363e-09,2.27981e-08,0
706,3.15818e-08,7.37836e-09,1.08725e-09,2.31162e-08,0
707,3.28519e-08,8.31495e-09,1.02266e-09,2.35143e-08,0
708,3.15419e-08,6.97854e-09,1.08714e-09,2.34762e-08,0
709,3.25422e-08,7.78284e-09,1.05527e-09,2.37041e-08,0
710,3.24323e-08,7.56193e-09,1.00882e-09,2.38615e-08,0
711,3.05951e-08,4.74848e-09,1.13936e-09,2.47073e-08,0
712,3.20483e-08,6.36303e-09,1.13083e-09,2.45544e-08,0
713,3.29902e-08,6.48383e-09,1.29906e-09,2.52073e-08,0
714,3.26927e-08,5.29781e-09,1.3545e-09,2.60404e-08,0
715,2.97164e-08,4.67204e-09,1.29116e-09,2.37532e-08,0
716,3.1322e-08,4.91068e-09,1.52142e-09,2.48899e-08,0
717,3.10127e-08,4.33407e-09,1.63417e-09,2.50445e-08,0
718,2.9426e-08,3.80291e-09,1.62505e-09,2.3998e-08,0
719,3.05921e-08,4.39216e-09,1.19012e-09,2.50098e-08,0
720,3.00641e-08,3.87957e-09,1.32399e-09,2.48605e-08,0
721,2.93335e-08,3.77134e-09,1.38106e-09,2.41811e-08,0
722,2.89245e-08,3.52729e-09,1.43761e-09,2.39596e-08,0
723,3.07513e-08,4.51396e-09,1.50129e-09,2.4736e-08,0
724,3.11051e-08,4.59665e-09,1.3467e-09,2.51617e-08,0
725,3.0131e-08,4.05592e-09,1.47376e-09,2.46013e-08,0
726,3.11575e-08,3.61233e-09,1.47063e-09,2.60745e-08,0
727,3.1308e-08,4.18729e-09,1.65328e-09,2.54674e-08,0
728,3.11112e-08,3.52541e-09,1.33283e-09,2.6253e-08,0
729,3.19284e-08,3.48797e-09,1.27068e-09,2.71698e-08,0
730,3.14108e-08,3.00593e-09,1.26647e-09,2.71384e-08,0
731,3.15748e-08,2.88341e-09,1.39581e-09,2.72956e-08,0
732,3.31119e-08,3.70383e-09,1.47276e-09,2.79353e-08,0
733,3.20141e-08,3.21144e-09,1.19399e-09,2.76087e-08,0
734,3.21811e-08,3.2185e-09,1.21725e-09,2.77453e-08,0
735,3.24408e-08,3.62399e-09,1.59684e-09,2.72199e-08,0
736,3.19211e-08,3.71456e-09,1.41794e-09,2.67886e-08,0
737,3.22807e-08,3.31802e-09,1.28963e-09,2.7673e-08,0
738,3.30056e-08,3.4083e-09,1.35053e-09,2.82468e-08,0
739,3.39421e-08,4.25308e-09,1.32554e-09,2.83635e-08,0
740,3.6426e-08,7.04128e-09,1.49097e-09,2.78938e-08,0
741,3.51404e-08,6.74255e-09,1.30153e-09,2.70964e-08,0
742,3.52446e-08,6.35492e-09,1.45556e-09,2.74341e-08,0
743,3.5941e-08,5.10774e-09,1.83158e-09,2.90017e-08,0
744,3.71014e-08,6.17802e-09,1.8274e-09,2.9096e-08,0
745,3.61401e-08,5.4105e-09,1.99966e-09,2.87299e-08,0
746,3.62563e-08,4.96875e-09,2.24242e-09,2.90451e-08,0
747,3.66752e-08,4.80683e-09,2.5153e-09,2.93531e-08,0
748,3.70677e-08,4.54589e-09,2.19203e-09,3.03298e-08,0
749,3.49493e-08,4.16187e-09,2.41001e-09,2.83774e-08,0
750,3.67116e-08,4.61187e-09,2.1998e-09,2.98999e-08,0
751,3.74878e-08,4.55168e-09,2.05236e-09,3.08837e-08,0
752,3.633e-08,4.60008e-09,2.50179e-09,2.92281e-08,0
753,3.90689e-08,7.00773e-09,2.55562e-09,2.95056e-08,0
754,3.70052e-08,6.03976e-09,2.43276e-09,2.85327e-08,0
755,3.88846e-08,6.39486e-09,2.55018e-09,2.99396e-08,0
756,4.02457e-08,7.28828e-09,2.58565e-09,3.03718e-08,0
757,4.08153e-08,7.28059e-09,3.01418e-09,3.05206e-08,0
758,4.16626e-08,7.25117e-09,3.50638e-09,3.09051e-08,0
759,4.17942e-08,7.74842e-09,3.23372e-09,3.08121e-08,0
760,4.02629e-08,5.19824e-09,3.44172e-09,3.16229e-08,0
761,4.1412e-08,6.09329e-09,3.91242e-09,3.14063e-08,0
762,4.17823e-08,6.07977e-09,3.86107e-09,3.18414e-08,0
763,4.30416e-08,6.87451e-09,3.65899e-09,3.25081e-08,0
764,4.24967e-08,7.0941e-09,3.49885e-09,3.19037e-08,0
765,4.48998e-08,8.44022e-09,3.43347e-09,3.30261e-08,0
766,4.49848e-08,1.00396e-08,3.69207e-09,3.12531e-08,0
767,4.62816e-08,9.95675e-09,3.65699e-09,3.26678e-08,0
768,4.6845e-08,1.02585e-08,3.69747e-09,3.2889e-08,0
769,5.19496e-08,1.41186e-08,3.59204e-09,3.4239e-08,0
770,4.91827e-08,1.30558e-08,3.44568e-09,3.26812e-08,0
771,4.90874e-08,1.28079e-08,3.59695e-09,3.26826e-08,0
772,4.89114e-08,1.35327e-08,3.16672e-09,3.2212e-08,0
773,5.07341e-08,1.52883e-08,3.22434e-09,3.22214e-08,0
774,5.12938e-08,1.50813e-08,3.29506e-09,3.29174e-08,0
775,5.16515e-08,1.39845e-08,3.63312e-09,3.40338e-08,0
776,5.27061e-08,1.38165e-08,3.4953e-09,3.53943e-08,0
777,5.122e-08,1.36598e-08,3.68351e-09,3.38766e-08,0
778,4.85685e-08,1.12467e-08,3.39129e-09,3.39306e-08,0
779,5.00719e-08,1.19327e-08,3.44314e-09,3.4696e-08,0
780,4.88248e-08,1.12073e-08,3.86775e-09,3.37497e-08,0
781,4.75507e-08,1.12483e-08,3.405e-09,3.28974e-08,0
782,4.94274e-08,1.09391e-08,3.35779e-09,3.51306e-08,0
783,8.18412e-08,4.37684e-08,2.78293e-09,3.52899e-08,0
784,7.14819e-08,3.20804e-08,2.61104e-09,3.67905e-08,0
785,7.39731e-08,3.51602e-08,2.5939e-09,3.62191e-08,0
786,7.22839e-08,3.31072e-08,2.55228e-09,3.66244e-08,0
787,5.1223e-08,1.09592e-08,2.15422e-09,3.81095e-08,0
788,5.21171e-08,1.26421e-08,2.18943e-09,3.72856e-08,0
789,5.16632e-08,1.23758e-08,2.3043e-09,3.69831e-08,0
790,5.20438e-08,1.29381e-08,2.38722e-09,3.67184e-08,0
791,5.40964e-08,1.29287e-08,2.43018e-09,3.87375e-08,0
792,5.36522e-08,1.26107e-08,2.28898e-09,3.87525e-08,0
793,5.14152e-08,1.19251e-08,2.39992e-09,3.70901e-08,0
794,5.3689e-08,1.26269e-08,2.60246e-09,3.84596e-08,0
795,5.37925e-08,1.38506e-08,2.29367e-09,3.76483e-08,0
796,5.52839e-08,1.37698e-08,2.46051e-09,3.90536e-08,0
797,5.45309e-08,1.25787e-08,2.24229e-09,3.97099e-08,0
798,5.50013e-08,1.3714e-08,2.25719e-09,3.90301e-08,0
799,5.20502e-08,1.05728e-08,2.34575e-09,3.91317e-08,0
800,5.07717e-08,9.59253e-09,2.07691e-09,3.91023e-08,0
801,5.43377e-08,1.14952e-08,2.34499e-09,4.04976e-08,0
802,5.4737e-08,1.26677e-08,2.17356e-09,3.98957e-08,0
803,5.01167e-08,8.75894e-09,2.03357e-09,3.93242e-08,0
804,5.1216e-08,9.14787e-09,2.4241e-09,3.9644e-08,0
805,5.00521e-08,9.34094e-09,2.58088e-09,3.81302e-08,0
806,4.79348e-08,7.82035e-09,2.65346e-09,3.7461e-08,0
807,4.96346e-08,8.90071e-09,2.41824e-09,3.83157e-08,0
808,4.93024e-08,9.07769e-09,2.25379e-09,3.79709e-08,0
809,4.71409e-08,8.67464e-09,2.08269e-09,3.63836e-08,0
810,4.69611e-08,8.39839e-09,2.09256e-09,3.64702e-08,0
811,4.57668e-08,6.87441e-09,2.41731e-09,3.6475e-08,0
812,4.70855e-08,8.33929e-09,1.96446e-09,3.67818e-08,0
813,4.81407e-08,8.48142e-09,2.10638e-09,3.75529e-08,0
814,4.67932e-08,7.99138e-09,2.12794e-09,3.66738e-08,0
815,4.73605e-08,8.273e-09,2.28405e-09,3.68034e-08,0
816,4.70404e-08,8.07527e-09,2.35879e-09,3.66064e-08,0
817,4.795e-08,9.39713e-09,1.89249e-09,3.66604e-08,0
818,4.72668e-08,8.6415e-09,2.00688e-09,3.66184e-08,0
819,4.7492e-08,8.40697e-09,1.79715e-09,3.72878e-08,0
820,4.87865e-08,9.20506e-09,1.96499e-09,3.76164e-08,0
821,4.78245e-08,9.08801e-09,1.49431e-09,3.72421e-08,0
822,4.75103e-08,9.2663e-09,1.45466e-09,3.67893e-08,0
823,4.82502e-08,9.49582e-09,1.45183e-09,3.73025e-08,0
824,4.64304e-08,7.37715e-09,1.37208e-09,3.76812e-08,0
825,4.66233e-08,6.81704e-09,1.49763e-09,3.83086e-08,0
826,4.70418e-08,8.57924e-09,1.72636e-09,3.67362e-08,0
827,4.78553e-08,8.04374e-09,1.5304e-09,3.82812e-08,0
828,4.74387e-08,8.6973e-09,1.55414e-09,3.71873e-08,0
829,4.50363e-08,6.45088e-09,1.62505e-09,3.69604e-08,0
830,4.58693e-08,6.45663e-09,1.6376e-09,3.77751e-08,0
831,4.81249e-08,7.84549e-09,1.55762e-09,3.87218e-08,0
832,4.7719e-08,8.22617e-09,1.79755e-09,3.76953e-08,0
833,4.76231e-08,8.84693e-09,1.65791e-09,3.71183e-08,0
834,4.76125e-08,7.50004e-09,1.72468e-09,3.83878e-08,0
835,4.56249e-08,4.75349e-09,1.95909e-09,3.89123e-08,0
836,4.47411e-08,4.13304e-09,2.00711e-09,3.8601e-08,0
837,4.42752e-08,4.5018e-09,2.45237e-09,3.7321e-08,0
838,4.28027e-08,4.46754e-09,2.08488e-09,3.62503e-08,0
839,4.5702e-08,6.79401e-09,2.29081e-09,3.66172e-08,0
840,4.52529e-08,6.15631e-09,2.55591e-09,3.65407e-08,0
841,4.53867e-08,5.6216e-09,2.46254e-09,3.73026e-08,0
842,4.4253e-08,5.73058e-09,2.68253e-09,3.58399e-08,0
843,4.60448e-08,6.13733e-09,2.63799e-09,3.72695e-08,0
844,4.46938e-08,5.631e-09,2.77957e-09,3.62833e-08,0
845,4.56472e-08,5.89271e-09,3.09667e-09,3.66578e-08,0
846,4.70416e-08,6.25769e-09,3.86507e-09,3.69188e-08,0
847,4.62626e-08,6.03828e-09,3.46655e-09,3.67577e-08,0
848,4.68247e-08,5.94553e-09,4.2782e-09,3.6601e-08,0
849,4.56657e-08,5.55729e-09,4.21946e-09,3.5889e-08,0
850,4.33775e-08,4.80627e-09,3.85492e-09,3.47163e-08,0
851,4.40231e-08,5.92918e-09,2.90552e-09,3.51884e-08,0
852,4.33532e-08,6.62874e-09,2.26235e-09,3.44621e-08,0
853,4.35088e-08,6.79559e-09,2.3104e-09,3.44028e-08,0
854,4.1915e-08,6.20563e-09,2.1744e-09,3.3535e-08,0
855,4.22734e-08,6.54387e-09,2.18365e-09,3.35459e-08,0
856,4.384e-08,9.12805e-09,1.69964e-09,3.30123e-08,0
857,4.27363e-08,7.59101e-09,1.71227e-09,3.3433e-08,0
858,4.38664e-08,6.72169e-09,1.931e-09,3.52137e-08,0
859,4.31245e-08,8.35384e-09,1.50898e-09,3.32617e-08,0
860,3.85716e-08,4.0023e-09,1.46384e-09,3.31055e-08,0
861,3.71007e-08,3.97004e-09,1.52189e-09,3.16088e-08,0
862,3.6063e-08,3.73343e-09,1.48289e-09,3.08467e-08,0
863,3.60878e-08,3.84904e-09,1.57159e-09,3.06672e-08,0
864,3.53159e-08,3.56308e-09,1.54959e-09,3.02033e-08,0
865,3.57396e-08,4.4519e-09,1.4005e-09,2.98872e-08,0
866,3.45151e-08,4.30466e-09,1.44756e-09,2.87629e-08,0
867,3.39686e-08,4.05785e-09,1.60789e-09,2.83029e-08,0
868,3.2861e-08,3.59216e-09,1.46485e-09,2.7804e-08,0
869,3.38666e-08,3.61165e-09,1.38013e-09,2.88748e-08,0
870,3.32693e-08,3.89147e-09,1.44922e-09,2.79286e-08,0
871,3.33363e-08,3.50886e-09,1.38608e-09,2.84414e-08,0
872,3.33482e-08,3.65223e-09,1.242e-09,2.8454e-08,0
873,3.43625e-08,3.88782e-09,1.21662e-09,2.92581e-08,0
874,3.35014e-08,3.63075e-09,1.27986e-09,2.85908e-08,0
875,3.19355e-08,3.44224e-09,1.22553e-09,2.72678e-08,0
876,3.18951e-08,4.07396e-09,1.29387e-09,2.65273e-08,0
877,3.16892e-08,3.59064e-09,1.22576e-09,2.68728e-08,0
878,3.0378e-08,2.8954e-09,1.2687e-09,2.62139e-08,0
879,3.08978e-08,3.4308e-09,1.31704e-09,2.61499e-08,0
880,3.11621e-08,3.28154e-09,1.3618e-09,2.65188e-08,0
881,3.00367e-08,3.43319e-09,1.46863e-09,2.51349e-08,0
882,3.05428e-08,3.51397e-09,1.37137e-09,2.56575e-08,0
883,3.05054e-08,3.71807e-09,1.20862e-09,2.55787e-08,0
884,3.00599e-08,3.90287e-09,1.27046e-09,2.48866e-08,0
885,2.99914e-08,3.59304e-09,1.15893e-09,2.52394e-08,0
886,3.2379e-08,4.0074e-09,1.262e-09,2.71096e-08,0
887,3.06315e-08,4.13027e-09,1.32074e-09,2.51805e-08,0
888,2.99926e-08,3.93289e-09,1.25807e-09,2.48017e-08,0
889,2.93398e-08,3.68365e-09,1.24803e-09,2.44082e-08,0
890,2.88838e-08,3.7383e-09,1.26242e-09,2.38831e-08,0
891,2.96005e-08,3.78234e-09,1.31328e-09,2.45048e-08,0
892,2.91513e-08,4.03099e-09,1.1348e-09,2.39855e-08,0
893,2.96151e-08,4.36424e-09,1.11313e-09,2.41378e-08,0
894,2.93518e-08,4.47952e-09,1.13672e-09,2.37355e-08,0
895,3.13306e-08,6.52961e-09,1.13147e-09,2.36695e-08,0
896,3.30375e-08,9.19561e-09,1.19582e-09,2.26461e-08,0
897,3.10715e-08,6.88987e-09,1.20591e-09,2.29758e-08,0
898,3.00499e-08,6.09187e-09,1.3184e-09,2.26397e-08,0
899,2.993e-08,6.39748e-09,1.26615e-09,2.22664e-08,0
900,3.24177e-08,8.12244e-09,1.1071e-09,2.31882e-08,0
901,3.15882e-08,7.61079e-09,9.98522e-10,2.29789e-08,0
902,3.11842e-08,7.85731e-09,1.11972e-09,2.22071e-08,0
903,3.12413e-08,8.13367e-09,9.70906e-10,2.21367e-08,0
904,3.01937e-08,7.78927e-09,1.15681e-09,2.12476e-08,0
905,3.06009e-08,8.04954e-09,1.36378e-09,2.11875e-08,0
906,2.98676e-08,8.518e-09,1.29898e-09,2.00506e-08,0
907,3.09797e-08,9.00024e-09,1.2412e-09,2.07382e-08,0
908,3.27983e-08,9.83387e-09,1.25302e-09,2.17114e-08,0
909,3.25242e-08,9.47559e-09,1.32677e-09,2.17218e-08,0
910,3.17648e-08,9.32782e-09,1.36314e-09,2.10738e-08,0
911,3.20852e-08,9.49204e-09,1.53577e-09,2.10574e-08,0
912,2.9746e-08,7.34508e-09,1.63159e-09,2.07694e-08,0
913,2.94315e-08,7.65883e-09,1.3405e-09,2.04322e-08,0
914,2.84844e-08,7.09673e-09,1.07748e-09,2.03102e-08,0
915,2.70512e-08,6.51349e-09,1.10566e-09,1.94321e-08,0
916,2.64576e-08,7.01513e-09,1.06721e-09,1.83753e-08,0
917,2.6168e-08,6.24806e-09,1.1712e-09,1.87488e-08,0
918,2.5298e-08,5.8165e-09,9.45441e-10,1.85361e-08,0
919,2.54643e-08,5.96386e-09,1.00146e-09,1.8499e-08,0
920,2.54644e-08,5.65936e-09,1.01437e-09,1.87907e-08,0
921,2.46989e-08,5.33935e-09,9.47512e-10,1.8412e-08,0
922,2.45391e-08,5.59921e-09,9.19075e-10,1.80208e-08,0
923,2.36364e-08,5.13583e-09,9.26202e-10,1.75744e-08,0
924,2.28586e-08,4.54369e-09,8.84185e-10,1.74308e-08,0
925,2.23219e-08,4.17241e-09,7.38357e-10,1.74112e-08,0
926,2.24392e-08,4.51512e-09,6.32341e-10,1.72918e-08,0
927,2.17812e-08,4.42967e-09,7.80402e-10,1.65712e-08,0
928,2.14228e-08,4.45368e-09,7.53156e-10,1.62159e-08,0
929,2.18961e-08,4.49295e-09,7.38195e-10,1.66649e-08,0
930,2.15168e-08,4.28446e-09,8.05538e-10,1.64268e-08,0
931,2.11135e-08,4.18647e-09,8.8859e-10,1.60384e-08,0
932,2.03637e-08,4.10232e-09,8.11724e-10,1.54496e-08,0
933,2.07259e-08,3.89904e-09,8.4735e-10,1.59795e-08,0
934,2.09392e-08,3.62948e-09,6.60069e-10,1.66496e-08,0
935,2.00758e-08,3.74106e-09,7.14939e-10,1.56198e-08,0
936,2.03465e-08,3.42429e-09,7.11256e-10,1.62109e-08,0
937,1.9823e-08,3.47324e-09,7.48403e-10,1.56013e-08,0
938,2.0315e-08,3.72508e-09,7.44172e-10,1.58457e-08,0
939,2.21527e-08,4.96241e-09,7.05084e-10,1.64852e-08,0
940,2.07924e-08,4.01407e-09,8.05299e-10,1.5973e-08,0
941,2.20733e-08,4.01845e-09,1.29806e-09,1.67568e-08,0
942,2.3042e-08,5.19978e-09,1.34619e-09,1.6496e-08,0
943,2.27076e-08,4.97923e-09,2.09061e-09,1.56378e-08,0
944,2.21876e-08,4.64966e-09,1.96177e-09,1.55762e-08,0
945,2.1912e-08,4.27435e-09,1.99476e-09,1.56429e-08,0
946,2.14301e-08,4.1322e-09,1.74163e-09,1.55562e-08,0
947,2.12912e-08,4.58344e-09,1.97704e-09,1.47307e-08,0
948,2.45308e-08,7.3981e-09,2.12507e-09,1.50077e-08,0
949,2.44995e-08,7.67045e-09,2.2904e-09,1.45387e-08,0
950,2.48088e-08,8.05979e-09,2.26021e-09,1.44888e-08,0
951,2.51665e-08,7.9624e-09,2.31044e-09,1.48936e-08,0
952,2.50804e-08,7.88604e-09,2.3241e-09,1.48703e-08,0
953,2.63244e-08,9.17057e-09,2.42919e-09,1.47246e-08,0
954,2.88069e-08,1.08361e-08,3.31857e-09,1.46522e-08,0
955,2.79351e-08,1.03931e-08,3.28124e-09,1.42607e-08,0
956,2.6086e-08,8.80078e-09,3.41904e-09,1.38662e-08,0
957,2.55724e-08,8.0686e-09,3.34343e-09,1.41604e-08,0
958,2.65302e-08,8.47965e-09,3.73757e-09,1.4313e-08,0
959,2.74661e-08,9.46479e-09,3.99878e-09,1.40025e-08,0
960,2.71455e-08,9.56377e-09,4.146e-09,1.34357e-08,0
961,2.73828e-08,9.28108e-09,4.80191e-09,1.32998e-08,0
962,2.91824e-08,1.08768e-08,4.85802e-09,1.34476e-08,0
963,2.99129e-08,1.09959e-08,5.18418e-09,1.37328e-08,0
964,2.91169e-08,1.06743e-08,4.82816e-09,1.36145e-08,0
965,2.62613e-08,8.97723e-09,4.40414e-09,1.288e-08,0
966,2.45753e-08,7.45705e-09,4.24273e-09,1.28755e-08,0
967,2.45991e-08,6.89689e-09,4.7015e-09,1.30007e-08,0
968,2.55148e-08,6.6977e-09,4.91802e-09,1.38991e-08,0
969,2.51615e-08,6.37498e-09,5.33815e-09,1.34484e-08,0
970,2.53568e-08,7.49801e-09,4.59058e-09,1.32683e-08,0
971,2.44379e-08,7.53588e-09,4.34411e-09,1.2558e-08,0
972,2.57527e-08,8.60502e-09,4.68302e-09,1.24646e-08,0
973,2.64866e-08,9.30619e-09,4.63931e-09,1.25411e-08,0
974,2.61805e-08,9.35723e-09,4.65007e-09,1.21732e-08,0
975,2.54953e-08,8.25569e-09,4.88786e-09,1.23518e-08,0
976,2.68333e-08,8.98673e-09,4.89921e-09,1.29474e-08,0
977,2.69321e-08,9.3907e-09,4.78203e-09,1.27594e-08,0
978,2.60145e-08,8.89315e-09,4.59217e-09,1.25292e-08,0
979,2.43702e-08,6.95542e-09,4.49168e-09,1.29231e-08,0
980,2.28908e-08,5.70871e-09,4.61099e-09,1.25711e-08,0
981,2.26933e-08,5.57718e-09,4.69631e-09,1.24198e-08,0
982,2.22977e-08,6.13774e-09,4.21405e-09,1.1946e-08,0
983,2.29265e-08,6.34943e-09,4.24198e-09,1.23351e-08,0
984,2.23947e-08,6.09281e-09,4.43038e-09,1.18715e-08,0
985,2.25872e-08,6.45776e-09,4.48129e-09,1.16481e-08,0
986,2.25223e-08,6.15846e-09,4.40039e-09,1.19635e-08,0
987,2.2738e-08,6.52337e-09,4.68574e-09,1.15289e-08,0
988,2.28007e-08,6.25878e-09,4.56814e-09,1.19738e-08,0
989,2.32218e-08,6.16812e-09,4.51196e-09,1.25417e-08,0
990,2.39028e-08,6.52733e-09,4.75301e-09,1.26225e-08,0
991,2.3388e-08,6.60774e-09,4.89035e-09,1.189e-08,0
992,2.35129e-08,6.59765e-09,5.10519e-09,1.18101e-08,0
993,2.39749e-08,7.15468e-09,5.44469e-09,1.13755e-08,0
994,2.45496e-08,7.58744e-09,5.45985e-09,1.15023e-08,0
995,2.41274e-08,6.39052e-09,5.60933e-09,1.21276e-08,0
996,2.36007e-08,7.06699e-09,5.15082e-09,1.13829e-08,0
997,2.34729e-08,6.77094e-09,5.28958e-09,1.14124e-08,0
998,2.27703e-08,6.30158e-09,5.02544e-09,1.14432e-08,0
999,2.27881e-08,6.62714e-09,4.95696e-09,1.1204e-08,0
1000,2.36103e-08,6.88899e-09,5.18094e-09,1.15404e-08,0
1001,2.25547e-08,6.78054e-09,4.4201e-09,1.13541e-08,0
1002,2.27836e-08,7.14185e-09,4.20163e-09,1.14401e-08,0
1003,2.14807e-08,6.40161e-09,3.90152e-09,1.11776e-08,0
1004,2.00895e-08,6.04416e-09,3.46628e-09,1.05791e-08,0
1005,1.97675e-08,6.05083e-09,3.25177e-09,1.04649e-08,0
1006,2.04239e-08,6.63892e-09,3.19886e-09,1.05862e-08,0
1007,2.02004e-08,6.57921e-09,3.04789e-09,1.05733e-08,0
1008,1.98809e-08,7.12941e-09,2.35673e-09,1.03948e-08,0
1009,1.96772e-08,7.2468e-09,2.38899e-09,1.00414e-08,0
1010,1.9352e-08,6.73302e-09,2.39963e-09,1.02193e-08,0
1011,1.87044e-08,6.79884e-09,2.24404e-09,9.66153e-09,0
1012,1.8239e-08,6.66264e-09,2.01341e-09,9.56297e-09,0
1013,1.72784e-08,5.9035e-09,2.05365e-09,9.32128e-09,0
1014,1.67061e-08,5.18602e-09,1.82513e-09,9.6949e-09,0
1015,1.55073e-08,4.60549e-09,1.53984e-09,9.36193e-09,0
1016,1.55744e-08,4.81411e-09,1.11939e-09,9.64089e-09,0
1017,1.45025e-08,4.35495e-09,7.12793e-10,9.4348e-09,0
1018,1.44518e-08,4.5543e-09,7.88602e-10,9.10889e-09,0
1019,1.33025e-08,3.64623e-09,5.56577e-10,9.09971e-09,0
1020,1.30014e-08,3.34736e-09,6.10864e-10,9.04319e-09,0
1021,1.29344e-08,2.71042e-09,5.46566e-10,9.67741e-09,0
1022,1.24925e-08,2.60184e-09,7.58158e-10,9.13251e-09,0
1023,1.25214e-08,2.55375e-09,8.86782e-10,9.08087e-09,0
1024,1.30398e-08,2.69702e-09,8.17064e-10,9.52571e-09,0
1025,1.25546e-08,2.4465e-09,5.76454e-10,9.53165e-09,0
1026,1.20768e-08,2.09287e-09,5.86614e-10,9.39727e-09,0
1027,1.23997e-08,2.2708e-09,5.56966e-10,9.57195e-09,0
1028,1.1635e-08,2.04647e-09,5.40516e-10,9.04801e-09,0
1029,1.13616e-08,1.89002e-09,4.83332e-10,8.98829e-09,0
1030,1.13613e-08,1.96454e-09,4.35479e-10,8.96132e-09,0
1031,1.10835e-08,1.76022e-09,4.36241e-10,8.88706e-09,0
1032,1.1267e-08,1.74297e-09,5.53394e-10,8.97062e-09,0
1033,1.13857e-08,1.70752e-09,5.13553e-10,9.16458e-09,0
1034,1.17222e-08,1.88825e-09,5.0336e-10,9.33059e-09,0
1035,1.17215e-08,1.84475e-09,5.14087e-10,9.36269e-09,0
1036,1.22201e-08,2.14918e-09,6.48935e-10,9.42195e-09,0
1037,1.2242e-08,2.0471e-09,5.95833e-10,9.59909e-09,0
1038,1.1863e-08,1.74207e-09,5.76059e-10,9.54492e-09,0
1039,1.09134e-08,1.70836e-09,4.82803e-10,8.72221e-09,0
1040,1.14146e-08,1.72206e-09,4.71547e-10,9.221e-09,0
1041,1.16315e-08,1.88003e-09,4.65808e-10,9.28566e-09,0
1042,1.18571e-08,2.2593e-09,4.60802e-10,9.13704e-09,0
1043,1.21837e-08,3.03652e-09,4.58362e-10,8.68883e-09,0
1044,1.27765e-08,3.76624e-09,4.57966e-10,8.55231e-09,0
1045,1.25366e-08,3.23486e-09,4.62111e-10,8.83963e-09,0
1046,1.25158e-08,2.49159e-09,4.66453e-10,9.55771e-09,0
1047,1.26125e-08,2.57587e-09,7.24273e-10,9.3124e-09,0
1048,1.27154e-08,2.54403e-09,7.38469e-10,9.4329e-09,0
1049,1.26913e-08,2.54084e-09,7.67397e-10,9.38308e-09,0
1050,1.19968e-08,2.89314e-09,5.90499e-10,8.51318e-09,0
1051,1.18469e-08,2.4955e-09,5.75757e-10,8.77565e-09,0
1052,1.63086e-08,7.02045e-09,5.40075e-10,8.74803e-09,0
1053,1.58904e-08,6.36549e-09,5.42162e-10,8.98277e-09,0
1054,1.19396e-08,2.67996e-09,5.65052e-10,8.69454e-09,0
1055,1.23416e-08,2.91759e-09,5.97336e-10,8.82672e-09,0
1056,1.21238e-08,3.20328e-09,4.62808e-10,8.45767e-09,0
1057,1.18423e-08,2.87585e-09,4.61103e-10,8.50539e-09,0
1058,1.12326e-08,2.08981e-09,4.6096e-10,8.68179e-09,0
1059,1.10725e-08,1.58923e-09,4.62692e-10,9.02057e-09,0
1060,1.19489e-08,1.86189e-09,5.37491e-10,9.54953e-09,0
1061,1.21084e-08,1.86655e-09,5.22719e-10,9.71913e-09,0
1062,1.37829e-08,3.28485e-09,5.38889e-10,9.95916e-09,0
1063,1.33391e-08,3.77701e-09,4.86709e-10,9.07539e-09,0
1064,1.28386e-08,3.93438e-09,4.56839e-10,8.44742e-09,0
1065,1.41848e-08,5.225e-09,4.57575e-10,8.50226e-09,0
1066,1.59772e-08,7.32891e-09,4.60404e-10,8.18785e-09,0
1067,1.66867e-08,7.65595e-09,7.28442e-10,8.30231e-09,0
1068,1.60344e-08,6.89328e-09,7.23713e-10,8.41744e-09,0
1069,1.54918e-08,6.17028e-09,7.51516e-10,8.57005e-09,0
1070,1.47466e-08,5.66908e-09,7.52061e-10,8.32545e-09,0
1071,1.56082e-08,5.54692e-09,6.99636e-10,9.36169e-09,0
1072,1.51202e-08,5.49819e-09,6.41583e-10,8.98045e-09,0
1073,1.59483e-08,6.26522e-09,7.55198e-10,8.92793e-09,0
1074,3.28996e-08,2.33771e-08,6.91272e-10,8.83128e-09,0
1075,2.51182e-08,1.63006e-08,7.06186e-10,8.11138e-09,0
1076,2.74912e-08,1.91149e-08,6.79433e-10,7.69682e-09,0
1077,2.24414e-08,1.44451e-08,6.11447e-10,7.38486e-09,0
1078,1.287e-08,4.92525e-09,5.81427e-10,7.36331e-09,0
1079,1.28528e-08,5.01806e-09,7.02073e-10,7.13269e-09,0
1080,1.3072e-08,5.2694e-09,6.5329e-10,7.14929e-09,0
1081,1.381e-08,5.75791e-09,7.11849e-10,7.34022e-09,0
1082,1.40785e-08,6.38724e-09,6.3951e-10,7.05176e-09,0
1083,1.50071e-08,7.50505e-09,5.44761e-10,6.95732e-09,0
1084,1.51566e-08,6.96729e-09,5.45369e-10,7.64398e-09,0
1085,1.29535e-08,4.88609e-09,5.58419e-10,7.50895e-09,0
1086,1.23934e-08,3.61088e-09,5.84922e-10,8.1976e-09,0
1087,1.18004e-08,3.27314e-09,5.79461e-10,7.9478e-09,0
1088,1.12366e-08,2.78904e-09,6.78193e-10,7.76936e-09,0
1089,9.80861e-09,1.60305e-09,6.5251e-10,7.55305e-09,0
1090,1.05336e-08,1.91197e-09,7.00651e-10,7.92102e-09,0
1091,1.04699e-08,1.90468e-09,6.59235e-10,7.90601e-09,0
1092,1.05572e-08,1.73267e-09,5.96955e-10,8.22759e-09,0
1093,1.03242e-08,1.56485e-09,6.28108e-10,8.13128e-09,0
1094,1.0597e-08,1.67251e-09,7.34794e-10,8.18973e-09,0
1095,1.04457e-08,1.44931e-09,6.16532e-10,8.37984e-09,0
1096,9.96084e-09,1.48192e-09,6.47416e-10,7.8315e-09,0
1097,1.07698e-08,1.67115e-09,5.86563e-10,8.51204e-09,0
1098,1.02919e-08,1.49858e-09,6.58738e-10,8.13455e-09,0
1099,9.97498e-09,1.41983e-09,5.75766e-10,7.97939e-09,0
1100,1.00856e-08,1.53026e-09,5.14966e-10,8.04042e-09,0
1101,1.00628e-08,1.5562e-09,6.14798e-10,7.89183e-09,0
1102,1.01828e-08,1.88231e-09,6.03661e-10,7.69678e-09,0
1103,9.99913e-09,1.99892e-09,4.81495e-10,7.51872e-09,0
1104,9.5373e-09,1.72599e-09,4.28295e-10,7.38302e-09,0
1105,9.60124e-09,1.70955e-09,4.75448e-10,7.41625e-09,0
1106,9.41673e-09,1.78455e-09,3.80991e-10,7.2512e-09,0
1107,9.55527e-09,2.10664e-09,4.17981e-10,7.03065e-09,0
1108,9.11255e-09,1.89091e-09,4.14157e-10,6.80748e-09,0
1109,9.69797e-09,2.51639e-09,4.23706e-10,6.75787e-09,0
1110,1.19536e-08,4.80242e-09,4.35687e-10,6.71554e-09,0
1111,1.19668e-08,4.71287e-09,4.0772e-10,6.84624e-09,0
1112,9.48647e-09,2.42683e-09,4.37199e-10,6.62244e-09,0
1113,8.96708e-09,1.87847e-09,4.90399e-10,6.59821e-09,0
1114,8.60408e-09,1.50831e-09,3.74588e-10,6.72118e-09,0
1115,8.43993e-09,1.34883e-09,3.28487e-10,6.76261e-09,0
1116,8.82453e-09,1.69637e-09,3.30675e-10,6.79749e-09,0
1117,8.68764e-09,1.81608e-09,3.33779e-10,6.53777e-09,0
1118,8.52048e-09,1.87732e-09,3.38214e-10,6.30494e-09,0
1119,9.02943e-09,2.25852e-09,3.44901e-10,6.42601e-09,0
1120,7.44162e-09,1.08935e-09,3.56442e-10,5.99583e-09,0
1121,7.4551e-09,8.72722e-10,3.89669e-10,6.19271e-09,0
1122,7.50563e-09,9.57187e-10,4.04001e-10,6.14444e-09,0
1123,7.29891e-09,9.44965e-10,3.0227e-10,6.05167e-09,0
1124,7.39228e-09,9.6944e-10,3.03809e-10,6.11903e-09,0
1125,7.3467e-09,1.02917e-09,3.28949e-10,5.98858e-09,0
1126,7.38522e-09,1.03176e-09,3.1861e-10,6.03485e-09,0
1127,7.26231e-09,9.30799e-10,3.18739e-10,6.01277e-09,0
1128,7.50722e-09,1.01033e-09,3.20871e-10,6.17602e-09,0
1129,7.18872e-09,8.66175e-10,3.24475e-10,5.99807e-09,0
1130,7.08463e-09,9.78496e-10,3.29901e-10,5.77623e-09,0
1131,6.772e-09,9.9155e-10,3.38447e-10,5.442e-09,0
1132,6.98165e-09,9.87045e-10,3.54971e-10,5.63963e-09,0
1133,6.81085e-09,8.71923e-10,3.99568e-10,5.53936e-09,0
1134,6.57005e-09,9.90052e-10,3.28347e-10,5.25165e-09,0
1135,6.40076e-09,8.10842e-10,3.13684e-10,5.27624e-09,0
1136,6.46607e-09,8.09301e-10,3.29008e-10,5.32776e-09,0
1137,6.57229e-09,7.96616e-10,3.74923e-10,5.40075e-09,0
1138,6.17311e-09,7.19935e-10,2.75805e-10,5.17737e-09,0
1139,6.12745e-09,6.56146e-10,2.76931e-10,5.19437e-09,0
1140,5.84847e-09,6.97156e-10,2.78182e-10,4.87313e-09,0
1141,5.80696e-09,6.93705e-10,2.79567e-10,4.83369e-09,0
1142,5.69941e-09,6.92192e-10,2.81099e-10,4.72612e-09,0
1143,6.01744e-09,7.26216e-10,2.82795e-10,5.00843e-09,0
1144,5.88912e-09,7.49709e-10,2.85923e-10,4.85349e-09,0
1145,6.01143e-09,7.45751e-10,3.04637e-10,4.96104e-09,0
1146,5.94739e-09,8.02925e-10,3.01235e-10,4.84323e-09,0
1147,6.41216e-09,1.10376e-09,5.65567e-10,4.74284e-09,0
1148,6.57088e-09,1.4531e-09,4.60247e-10,4.65754e-09,0
1149,6.74769e-09,1.72758e-09,4.20456e-10,4.59965e-09,0
1150,6.83367e-09,1.80423e-09,4.06415e-10,4.62302e-09,0
1151,6.41155e-09,1.5234e-09,4.01365e-10,4.48678e-09,0
1152,6.40296e-09,1.35778e-09,4.02631e-10,4.64254e-09,0
1153,6.17458e-09,1.25834e-09,4.20915e-10,4.49533e-09,0
1154,6.35004e-09,1.28452e-09,3.93604e-10,4.67192e-09,0
1155,3.61593e-08,3.11956e-08,4.06865e-10,4.5569e-09,0
1156,9.29901e-08,8.8133e-08,4.12174e-10,4.44484e-09,0
1157,2.84489e-08,2.36489e-08,4.07954e-10,4.39204e-09,0
1158,6.19687e-09,1.34796e-09,4.64605e-10,4.3843e-09,0
1159,6.24543e-09,1.39761e-09,4.83345e-10,4.36448e-09,0
1160,6.28847e-09,1.40896e-09,5.1732e-10,4.36219e-09,0
1161,6.21126e-09,1.45138e-09,4.68241e-10,4.29164e-09,0
1162,6.80033e-09,1.89862e-09,4.85441e-10,4.41627e-09,0
1163,6.71679e-09,1.77778e-09,5.10511e-10,4.4285e-09,0
1164,6.2154e-09,1.38766e-09,3.97647e-10,4.43009e-09,0
1165,5.80593e-09,1.03905e-09,5.1574e-10,4.25114e-09,0
1166,5.53339e-09,7.78833e-10,5.29287e-10,4.22527e-09,0
1167,6.29003e-09,1.22005e-09,5.00231e-10,4.56975e-09,0
1168,6.22166e-09,1.03613e-09,7.37342e-10,4.44818e-09,0
1169,6.36921e-09,1.10051e-09,5.45951e-10,4.72274e-09,0
1170,6.16375e-09,1.22486e-09,5.11673e-10,4.42722e-09,0
1171,6.66727e-09,1.60499e-09,5.47094e-10,4.51518e-09,0
1172,6.18591e-09,1.15838e-09,6.3449e-10,4.39304e-09,0
1173,2.64319e-08,2.15992e-08,5.13665e-10,4.31896e-09,0
1174,2.62318e-08,2.14734e-08,5.10568e-10,4.24787e-09,0
1175,2.54276e-08,2.06985e-08,4.65691e-10,4.26332e-09,0
1176,2.92403e-08,2.44321e-08,4.62242e-10,4.34603e-09,0
1177,6.47368e-09,1.28214e-09,5.33251e-10,4.65829e-09,0
1178,6.50119e-09,1.34028e-09,6.52288e-10,4.50862e-09,0
1179,6.13672e-09,1.13796e-09,5.94243e-10,4.40452e-09,0
1180,6.17471e-09,1.08408e-09,6.15921e-10,4.47471e-09,0
1181,6.73262e-09,1.54822e-09,5.80177e-10,4.60423e-09,0
1182,6.44309e-09,1.40856e-09,4.96533e-10,4.538e-09,0
1183,2.72312e-08,2.23029e-08,4.83267e-10,4.44506e-09,0
1184,2.24825e-08,1.74117e-08,6.10276e-10,4.46051e-09,0
1185,2.40437e-08,1.8814e-08,7.08689e-10,4.52101e-09,0
1186,2.29404e-08,1.79951e-08,6.42945e-10,4.30232e-09,0
1187,2.64032e-08,2.12197e-08,6.01503e-10,4.58203e-09,0
1188,2.33569e-08,1.82444e-08,7.66065e-10,4.34638e-09,0
1189,2.52374e-08,2.00218e-08,6.60923e-10,4.55467e-09,0
1190,2.34448e-08,1.80257e-08,9.85084e-10,4.43402e-09,0
1191,2.83851e-08,2.30039e-08,8.59656e-10,4.52161e-09,0
1192,2.19422e-08,1.64466e-08,9.54524e-10,4.54099e-09,0
1193,2.24924e-08,1.71626e-08,9.21208e-10,4.40865e-09,0
1194,2.47615e-08,1.93551e-08,9.1832e-10,4.48808e-09,0
1195,2.61383e-08,2.08949e-08,8.9545e-10,4.34798e-09,0
1196,2.29111e-08,1.7607e-08,8.56417e-10,4.44772e-09,0
1197,2.46986e-08,1.95167e-08,8.13518e-10,4.36842e-09,0
1198,2.09278e-08,1.56186e-08,9.01241e-10,4.40799e-09,0
1199,2.79196e-08,2.26637e-08,7.94818e-10,4.46106e-09,0
1200,2.53925e-08,1.99748e-08,8.76241e-10,4.54148e-09,0
1201,2.82252e-08,2.3047e-08,9.43042e-10,4.23517e-09,0
1202,1.98756e-08,1.4517e-08,8.16551e-10,4.54209e-09,0
1203,2.97785e-08,2.47151e-08,6.83139e-10,4.38029e-09,0
1204,2.45478e-08,1.97442e-08,7.14822e-10,4.08883e-09,0
1205,2.60356e-08,2.11046e-08,7.42471e-10,4.18858e-09,0
1206,2.5307e-08,2.04617e-08,8.44449e-10,4.00083e-09,0
1207,3.0179e-08,2.56418e-08,7.21871e-10,3.81543e-09,0
1208,2.26131e-08,1.80827e-08,7.57058e-10,3.77334e-09,0
1209,2.32882e-08,1.86479e-08,8.24034e-10,3.81634e-09,0
1210,2.7258e-08,2.27858e-08,7.87965e-10,3.68414e-09,0
1211,2.7702e-08,2.35202e-08,6.65779e-10,3.51599e-09,0
1212,2.20771e-08,1.81603e-08,5.66136e-10,3.35064e-09,0
1213,2.32554e-08,1.93217e-08,6.27093e-10,3.30664e-09,0
1214,2.50815e-08,2.11202e-08,7.13893e-10,3.24736e-09,0
1215,2.6213e-08,2.22737e-08,5.98786e-10,3.34045e-09,0
1216,2.13192e-08,1.73304e-08,6.26437e-10,3.36234e-09,0
1217,2.18218e-08,1.80155e-08,5.08313e-10,3.29796e-09,0
1218,2.23602e-08,1.83794e-08,5.27158e-10,3.4537e-09,0
1219,2.58844e-08,2.20416e-08,4.17785e-10,3.42506e-09,0
1220,2.22707e-08,1.8329e-08,2.97807e-10,3.64395e-09,0
1221,2.41145e-08,2.04523e-08,3.7777e-10,3.28438e-09,0
1222,1.95064e-08,1.59816e-08,2.30422e-10,3.29435e-09,0
1223,2.8268e-08,2.47783e-08,2.329e-10,3.25687e-09,0
1224,2.41936e-08,2.06642e-08,2.36259e-10,3.29311e-09,0
1225,2.81366e-08,2.45834e-08,2.40949e-10,3.31229e-09,0
1226,2.05032e-08,1.69535e-08,2.49227e-10,3.30038e-09,0
1227,2.75164e-08,2.41188e-08,2.61153e-10,3.13647e-09,0
1228,2.3458e-08,1.99706e-08,3.79061e-10,3.10832e-09,0
1229,2.66964e-08,2.30539e-08,3.83679e-10,3.25883e-09,0
1230,1.89529e-08,1.53865e-08,3.09412e-10,3.25698e-09,0
1231,4.90631e-09,1.20477e-09,2.71498e-10,3.43004e-09,0
1232,5.31959e-09,1.51775e-09,2.78644e-10,3.52319e-09,0
1233,4.85439e-09,1.19402e-09,2.83308e-10,3.37707e-09,0
1234,4.54081e-09,1.01485e-09,2.45417e-10,3.28054e-09,0
1235,4.28786e-09,8.61314e-10,2.38802e-10,3.18774e-09,0
1236,4.50657e-09,9.01482e-10,2.45623e-10,3.35946e-09,0
1237,4.44684e-09,8.66508e-10,2.58045e-10,3.32229e-09,0
1238,4.71184e-09,9.30078e-10,2.34971e-10,3.5468e-09,0
1239,4.93103e-09,9.08517e-10,2.32381e-10,3.79013e-09,0
1240,4.8291e-09,8.65754e-10,2.09351e-10,3.75399e-09,0
1241,4.93985e-09,9.91132e-10,2.09601e-10,3.73912e-09,0
1242,5.09971e-09,1.13341e-09,2.10121e-10,3.75619e-09,0
1243,5.22794e-09,1.06748e-09,2.10921e-10,3.94954e-09,0
1244,5.74503e-09,1.28559e-09,2.12027e-10,4.24741e-09,0
1245,6.00309e-09,1.25676e-09,2.13482e-10,4.53285e-09,0
1246,6.07294e-09,1.25855e-09,2.15354e-10,4.59904e-09,0
1247,6.38366e-09,1.32407e-09,2.17753e-10,4.84184e-09,0
1248,6.58232e-09,1.23417e-09,2.20866e-10,5.12729e-09,0
1249,6.61062e-09,1.31021e-09,2.25054e-10,5.07535e-09,0
1250,6.80238e-09,1.37631e-09,2.32346e-10,5.19372e-09,0
1251,6.71103e-09,1.27419e-09,2.44875e-10,5.19197e-09,0
1252,7.75296e-09,1.7712e-09,2.44638e-10,5.73712e-09,0
1253,8.01116e-09,1.81581e-09,2.3918e-10,5.95617e-09,0
1254,8.69186e-09,1.95763e-09,2.55506e-10,6.47872e-09,0
1255,8.8813e-09,1.8977e-09,3.04007e-10,6.67959e-09,0
1256,8.72589e-09,1.96046e-09,2.72291e-10,6.49314e-09,0
1257,8.91194e-09,1.71434e-09,2.20568e-10,6.97703e-09,0
1258,8.73595e-09,2.04064e-09,2.19471e-10,6.47584e-09,0
1259,8.64823e-09,2.07726e-09,1.83315e-10,6.38766e-09,0
1260,9.00561e-09,2.25603e-09,1.78285e-10,6.5713e-09,0
1261,9.34348e-09,2.36216e-09,1.85682e-10,6.79563e-09,0
1262,9.51753e-09,2.55593e-09,2.09012e-10,6.75259e-09,0
1263,1.03049e-08,2.50678e-09,1.69665e-10,7.6285e-09,0
1264,1.0296e-08,2.40941e-09,1.85175e-10,7.70141e-09,0
1265,1.02353e-08,2.13395e-09,1.55677e-10,7.94563e-09,0
1266,9.74231e-09,2.1685e-09,1.56431e-10,7.41737e-09,0
1267,9.5264e-09,2.37875e-09,1.57375e-10,6.99027e-09,0
1268,9.60181e-09,2.4785e-09,1.58616e-10,6.9647e-09,0
1269,9.76161e-09,2.39976e-09,1.60374e-10,7.20148e-09,0
1270,9.29064e-09,2.23211e-09,1.63249e-10,6.89528e-09,0
1271,9.06591e-09,2.09853e-09,1.7004e-10,6.79735e-09,0
1272,9.41259e-09,2.12453e-09,1.75975e-10,7.11209e-09,0
1273,9.54743e-09,2.44481e-09,1.50352e-10,6.95227e-09,0
1274,9.44711e-09,2.20454e-09,1.5072e-10,7.09185e-09,0
1275,9.60588e-09,2.06092e-09,1.51119e-10,7.39384e-09,0
1276,9.09446e-09,2.08867e-09,1.5212e-10,6.85368e-09,0
1277,9.34466e-09,2.47115e-09,1.52986e-10,6.72053e-09,0
1278,9.1083e-09,2.33213e-09,1.53096e-10,6.62307e-09,0
1279,8.78025e-09,2.09044e-09,1.53534e-10,6.53628e-09,0
1280,8.56264e-09,2.01704e-09,1.54078e-10,6.39152e-09,0
1281,8.61332e-09,2.0409e-09,1.54701e-10,6.41772e-09,0
1282,8.82058e-09,1.96887e-09,1.55398e-10,6.69631e-09,0
1283,9.01513e-09,1.90745e-09,1.56175e-10,6.9515e-09,0
1284,8.93596e-09,1.91234e-09,1.57038e-10,6.86658e-09,0
1285,8.80539e-09,2.06909e-09,1.59641e-10,6.57665e-09,0
1286,8.56252e-09,1.95808e-09,1.5988e-10,6.44456e-09,0
1287,8.66912e-09,1.95424e-09,1.60888e-10,6.55399e-09,0
1288,8.53377e-09,1.96438e-09,1.62171e-10,6.40721e-09,0
1289,8.48827e-09,1.88273e-09,1.63705e-10,6.44184e-09,0
1290,8.49788e-09,1.84501e-09,1.6554e-10,6.48733e-09,0
1291,8.59843e-09,1.98539e-09,1.67782e-10,6.44526e-09,0
1292,8.91189e-09,2.6444e-09,1.70643e-10,6.09685e-09,0
1293,8.84909e-09,2.5696e-09,1.75446e-10,6.10405e-09,0
1294,8.49659e-09,1.9016e-09,1.81938e-10,6.41306e-09,0
1295,8.23476e-09,1.9172e-09,2.00241e-10,6.11732e-09,0
1296,8.451e-09,2.23403e-09,1.69866e-10,6.0471e-09,0
1297,8.11751e-09,2.18623e-09,1.74783e-10,5.75649e-09,0
1298,7.6632e-09,1.66936e-09,2.63542e-10,5.7303e-09,0
1299,7.5614e-09,1.72535e-09,2.18504e-10,5.61755e-09,0
1300,7.7931e-09,1.75274e-09,1.9595e-10,5.84442e-09,0
1301,7.83619e-09,1.96255e-09,1.98536e-10,5.6751e-09,0
1302,7.54068e-09,1.5568e-09,2.03927e-10,5.77996e-09,0
1303,7.19673e-09,1.70038e-09,2.17057e-10,5.27929e-09,0
1304,7.01973e-09,1.56515e-09,2.54334e-10,5.20025e-09,0
1305,6.59395e-09,1.66768e-09,2.182e-10,4.70807e-09,0
1306,6.76944e-09,1.99803e-09,1.93174e-10,4.57824e-09,0
1307,6.71867e-09,1.88712e-09,1.45638e-10,4.68592e-09,0
1308,6.44224e-09,1.75917e-09,1.46281e-10,4.53679e-09,0
1309,5.84573e-09,1.43046e-09,1.47532e-10,4.26774e-09,0
1310,5.91387e-09,1.66575e-09,1.49948e-10,4.09817e-09,0
1311,6.09176e-09,1.7278e-09,1.55948e-10,4.20801e-09,0
1312,5.7292e-09,1.61259e-09,1.66615e-10,3.94999e-09,0
1313,5.366e-09,1.3306e-09,1.3503e-10,3.90038e-09,0
1314,4.63717e-09,1.07358e-09,1.35082e-10,3.4285e-09,0
1315,4.44993e-09,1.05631e-09,1.35206e-10,3.25841e-09,0
1316,4.18585e-09,1.03125e-09,1.35407e-10,3.0192e-09,0
1317,4.1491e-09,1.08701e-09,1.35697e-10,2.9264e-09,0
1318,4.01509e-09,1.17769e-09,1.36091e-10,2.70131e-09,0
1319,3.78445e-09,1.09727e-09,1.36621e-10,2.55055e-09,0
1320,3.76079e-09,9.68638e-10,1.37335e-10,2.65482e-09,0
1321,3.94809e-09,8.88218e-10,1.38327e-10,2.92155e-09,0
1322,4.01142e-09,9.78615e-10,1.39794e-10,2.89301e-09,0
1323,3.83354e-09,1.16568e-09,1.42249e-10,2.52561e-09,0
1324,3.54977e-09,8.38983e-10,1.47889e-10,2.56289e-09,0
1325,3.63426e-09,9.78366e-10,1.57295e-10,2.49859e-09,0
1326,3.39583e-09,7.52769e-10,1.29607e-10,2.51346e-09,0
1327,3.40187e-09,7.42884e-10,1.29802e-10,2.52918e-09,0
1328,3.29068e-09,6.99751e-10,1.3003e-10,2.46089e-09,0
1329,3.16087e-09,6.53949e-10,1.30295e-10,2.37663e-09,0
1330,3.06683e-09,6.39767e-10,1.306e-10,2.29646e-09,0
1331,3.28106e-09,9.1205e-10,1.30952e-10,2.23805e-09,0
1332,3.46294e-09,9.21389e-10,1.31357e-10,2.41019e-09,0
1333,3.56023e-09,1.01013e-09,1.36189e-10,2.41391e-09,0
1334,3.61551e-09,9.85223e-10,1.38328e-10,2.49196e-09,0
1335,3.63132e-09,9.99664e-10,1.36583e-10,2.49507e-09,0
1336,3.09098e-09,6.41288e-10,1.36627e-10,2.31306e-09,0
1337,3.2055e-09,7.03662e-10,1.37194e-10,2.36465e-09,0
1338,3.6639e-09,1.13544e-09,1.38193e-10,2.39027e-09,0
1339,3.38675e-09,9.75817e-10,1.39772e-10,2.27116e-09,0
1340,3.33598e-09,8.29967e-10,1.42489e-10,2.36352e-09,0
1341,3.35462e-09,8.53803e-10,2.56437e-10,2.24438e-09,0
1342,3.31763e-09,8.43841e-10,2.19131e-10,2.25466e-09,0
1343,3.23414e-09,7.6124e-10,1.81305e-10,2.2916e-09,0
1344,3.2321e-09,8.0489e-10,1.7422e-10,2.25299e-09,0
1345,3.28972e-09,7.59696e-10,1.71128e-10,2.3589e-09,0
1346,3.29467e-09,7.53277e-10,2.03631e-10,2.33776e-09,0
1347,3.60221e-09,7.62337e-10,2.70596e-10,2.56928e-09,0
1348,3.74082e-09,8.19313e-10,2.10516e-10,2.71099e-09,0
1349,3.86133e-09,1.07342e-09,1.90798e-10,2.59712e-09,0
1350,4.13935e-09,1.30372e-09,1.84141e-10,2.65149e-09,0
1351,3.63174e-09,6.567e-10,1.79838e-10,2.7952e-09,0
1352,3.71246e-09,7.46304e-10,1.76814e-10,2.78934e-09,0
1353,3.62011e-09,6.82573e-10,1.74601e-10,2.76293e-09,0
1354,3.69267e-09,6.57985e-10,1.72956e-10,2.86173e-09,0
1355,3.44883e-09,6.45316e-10,1.7174e-10,2.63178e-09,0
1356,3.50684e-09,7.44092e-10,1.70867e-10,2.59188e-09,0
1357,3.56103e-09,7.41304e-10,2.29061e-10,2.59067e-09,0
1358,3.5041e-09,7.21335e-10,2.34499e-10,2.54827e-09,0
1359,3.61847e-09,7.61809e-10,2.91892e-10,2.56477e-09,0
1360,3.53005e-09,7.01889e-10,3.28924e-10,2.49924e-09,0
1361,3.66039e-09,7.95597e-10,3.02971e-10,2.56182e-09,0
1362,3.62985e-09,8.11787e-10,3.56293e-10,2.46177e-09,0
1363,3.64131e-09,8.52401e-10,3.52313e-10,2.43659e-09,0
1364,3.56443e-09,7.72573e-10,3.12262e-10,2.47959e-09,0
1365,3.53605e-09,7.56317e-10,2.95018e-10,2.48472e-09,0
1366,3.66281e-09,8.11299e-10,2.89176e-10,2.56234e-09,0
1367,3.9141e-09,7.39824e-10,3.68745e-10,2.80553e-09,0
1368,3.72041e-09,7.24959e-10,3.57254e-10,2.63819e-09,0
1369,3.92362e-09,7.19354e-10,4.7842e-10,2.72585e-09,0
1370,3.9166e-09,8.44279e-10,4.31465e-10,2.64086e-09,0
1371,3.8858e-09,8.40338e-10,3.62688e-10,2.68278e-09,0
1372,4.04153e-09,8.11302e-10,4.6962e-10,2.7606e-09,0
1373,4.15678e-09,8.11822e-10,4.08706e-10,2.93625e-09,0
1374,4.29373e-09,9.24239e-10,3.8227e-10,2.98723e-09,0
1375,4.09299e-09,9.17953e-10,3.70884e-10,2.80415e-09,0
1376,4.20779e-09,9.21437e-10,3.67329e-10,2.91902e-09,0
1377,4.55268e-09,9.01077e-10,3.73617e-10,3.27798e-09,0
1378,4.4153e-09,9.2317e-10,3.91592e-10,3.10054e-09,0
1379,4.44101e-09,9.19261e-10,4.11037e-10,3.11071e-09,0
1380,4.31495e-09,8.88833e-10,2.89832e-10,3.13629e-09,0
1381,4.44802e-09,1.0305e-09,2.86822e-10,3.13069e-09,0
1382,4.69305e-09,1.17679e-09,2.84498e-10,3.23176e-09,0
1383,4.60519e-09,1.04654e-09,2.82775e-10,3.27587e-09,0
1384,4.65919e-09,1.10161e-09,2.81601e-10,3.27598e-09,0
1385,4.43991e-09,9.98422e-10,2.80951e-10,3.16054e-09,0
1386,4.29052e-09,9.80361e-10,2.80821e-10,3.02934e-09,0
1387,4.3348e-09,9.92769e-10,2.82789e-10,3.05924e-09,0
1388,4.54495e-09,1.24408e-09,3.27707e-10,2.97316e-09,0
1389,4.70379e-09,1.43507e-09,3.35409e-10,2.93331e-09,0
1390,4.911e-09,1.54996e-09,3.19083e-10,3.04195e-09,0
1391,4.95815e-09,1.61769e-09,3.16237e-10,3.02423e-09,0
1392,5.07943e-09,1.71376e-09,3.1795e-10,3.04772e-09,0
1393,5.13286e-09,1.99102e-09,3.23795e-10,2.81804e-09,0
1394,5.45993e-09,2.42773e-09,3.36776e-10,2.69542e-09,0
1395,5.40961e-09,2.33415e-09,3.79937e-10,2.69552e-09,0
1396,5.46746e-09,2.25055e-09,3.46886e-10,2.87003e-09,0
1397,5.76932e-09,2.57952e-09,2.79641e-10,2.91015e-09,0
1398,5.82036e-09,2.51169e-09,2.84643e-10,3.02402e-09,0
1399,6.81606e-09,3.37366e-09,2.93443e-10,3.14896e-09,0
1400,6.67788e-09,3.13708e-09,3.11584e-10,3.22922e-09,0
1401,7.61495e-09,3.74089e-09,3.84798e-10,3.48927e-09,0
1402,7.44575e-09,3.64026e-09,2.45681e-10,3.5598e-09,0
1403,7.7648e-09,4.01442e-09,2.48702e-10,3.50168e-09,0
1404,8.18119e-09,4.3399e-09,2.52807e-10,3.58848e-09,0
1405,8.20025e-09,4.74337e-09,2.59172e-10,3.19772e-09,0
1406,8.70505e-09,5.17295e-09,2.78574e-10,3.25353e-09,0
1407,8.5357e-09,5.29918e-09,2.54095e-10,2.98242e-09,0
1408,8.93174e-09,5.49317e-09,2.60328e-10,3.17824e-09,0
1409,9.79327e-09,6.26564e-09,2.69087e-10,3.25854e-09,0
1410,9.88036e-09,6.50054e-09,2.83241e-10,3.09657e-09,0
1411,1.13606e-08,7.60464e-09,4.99184e-10,3.25679e-09,0
1412,1.24632e-08,8.66391e-09,4.47632e-10,3.35169e-09,0
1413,1.30558e-08,9.34092e-09,3.87062e-10,3.3278e-09,0
1414,1.46132e-08,1.09931e-08,3.85323e-10,3.23487e-09,0
1415,1.56664e-08,1.19034e-08,4.53678e-10,3.30928e-09,0
1416,1.6147e-08,1.20921e-08,7.09746e-10,3.34521e-09,0
1417,1.68316e-08,1.27239e-08,8.91556e-10,3.21616e-09,0
1418,1.98337e-08,1.55452e-08,1.01936e-09,3.26915e-09,0
1419,2.21059e-08,1.79335e-08,9.46112e-10,3.2262e-09,0
1420,4.1371e-08,3.71247e-08,1.10639e-09,3.14e-09,0
1421,2.69265e-08,2.26531e-08,1.0277e-09,3.24572e-09,0
1422,1.63491e-08,1.16548e-08,1.06154e-09,3.6327e-09,0
1423,1.11985e-08,7.11718e-09,8.07012e-10,3.27433e-09,0
1424,1.06193e-08,6.60907e-09,8.20939e-10,3.18931e-09,0
1425,8.85436e-09,4.77492e-09,7.76086e-10,3.30335e-09,0
1426,8.25904e-09,4.03417e-09,7.63832e-10,3.46104e-09,0
1427,7.91157e-09,3.81787e-09,7.59466e-10,3.33423e-09,0
1428,7.98976e-09,3.99107e-09,5.85738e-10,3.41295e-09,0
1429,7.93333e-09,3.73147e-09,6.27532e-10,3.57433e-09,0
1430,8.28975e-09,4.08486e-09,6.00148e-10,3.60475e-09,0
1431,7.77864e-09,3.82738e-09,5.64629e-10,3.38663e-09,0
1432,7.39594e-09,3.58934e-09,5.44549e-10,3.26205e-09,0
1433,7.66259e-09,3.79615e-09,6.07549e-10,3.25889e-09,0
1434,7.54149e-09,3.58406e-09,5.57389e-10,3.40005e-09,0
1435,7.62109e-09,3.57955e-09,6.71778e-10,3.36976e-09,0
1436,7.97164e-09,3.74609e-09,5.84395e-10,3.64116e-09,0
1437,8.13365e-09,3.73177e-09,7.14568e-10,3.68731e-09,0
1438,7.73264e-09,3.65675e-09,6.16665e-10,3.45922e-09,0
1439,7.45624e-09,3.3469e-09,5.91315e-10,3.51803e-09,0
1440,7.33593e-09,3.3629e-09,5.76493e-10,3.39654e-09,0
1441,8.40397e-09,3.66115e-09,6.04281e-10,4.13854e-09,0
1442,7.94501e-09,3.47343e-09,6.54221e-10,3.81736e-09,0
1443,8.29477e-09,3.67011e-09,6.07658e-10,4.017e-09,0
1444,8.84487e-09,3.95463e-09,5.95809e-10,4.29443e-09,0
1445,8.80635e-09,3.78709e-09,6.25915e-10,4.39335e-09,0
1446,8.86888e-09,3.87998e-09,7.26378e-10,4.26253e-09,0
1447,8.95524e-09,3.88867e-09,6.71896e-10,4.39467e-09,0
1448,8.71673e-09,3.9976e-09,5.85376e-10,4.13376e-09,0
1449,9.5688e-09,4.42677e-09,5.76052e-10,4.56598e-09,0
1450,9.43736e-09,4.45204e-09,5.70519e-10,4.4148e-09,0
1451,9.78812e-09,4.70209e-09,5.67398e-10,4.51863e-09,0
1452,1.03227e-08,5.25861e-09,5.66252e-10,4.49781e-09,0
1453,1.02103e-08,5.04333e-09,5.67218e-10,4.5997e-09,0
1454,1.0313e-08,5.20403e-09,5.72028e-10,4.53697e-09,0
1455,1.10018e-08,5.34431e-09,7.31458e-10,4.92607e-09,0
1456,1.04175e-08,5.18165e-09,6.48518e-10,4.58731e-09,0
1457,1.09149e-08,5.4133e-09,6.29449e-10,4.87211e-09,0
1458,1.07901e-08,5.23031e-09,6.24653e-10,4.93516e-09,0
1459,1.05313e-08,5.13724e-09,6.2602e-10,4.76809e-09,0
1460,1.0918e-08,5.39342e-09,6.56213e-10,4.8684e-09,0
1461,1.18913e-08,6.18374e-09,7.97813e-10,4.9097e-09,0
1462,1.18347e-08,5.85756e-09,7.19471e-10,5.25764e-09,0
1463,1.1586e-08,5.8265e-09,7.89435e-10,4.97007e-09,0
1464,1.23404e-08,6.50215e-09,8.79758e-10,4.95845e-09,0
1465,1.30524e-08,7.15127e-09,7.67079e-10,5.13402e-09,0
1466,1.32301e-08,7.51513e-09,7.72825e-10,4.94213e-09,0
1467,1.42217e-08,8.31231e-09,7.51441e-10,5.15791e-09,0
1468,1.58529e-08,1.00082e-08,7.55372e-10,5.08933e-09,0
1469,1.62668e-08,1.01068e-08,8.77973e-10,5.28206e-09,0
1470,1.65842e-08,1.06948e-08,9.74729e-10,4.91467e-09,0
1471,1.4932e-08,8.87032e-09,1.02016e-09,5.04153e-09,0
1472,1.43665e-08,8.648e-09,9.27273e-10,4.79119e-09,0
1473,1.50275e-08,9.38212e-09,9.5929e-10,4.6861e-09,0
1474,1.51818e-08,9.41524e-09,1.07171e-09,4.69483e-09,0
1475,1.51562e-08,8.7344e-09,1.40616e-09,5.01564e-09,0
1476,1.46127e-08,8.65267e-09,1.27679e-09,4.68329e-09,0
1477,1.5002e-08,8.87234e-09,1.42253e-09,4.70715e-09,0
1478,1.5517e-08,9.42441e-09,1.34466e-09,4.74795e-09,0
1479,1.48995e-08,8.61279e-09,1.45434e-09,4.83235e-09,0
1480,1.49057e-08,8.85805e-09,1.01673e-09,5.03094e-09,0
1481,1.57097e-08,9.70929e-09,8.75058e-10,5.12533e-09,0
1482,1.50538e-08,8.8964e-09,9.14134e-10,5.24323e-09,0
1483,1.48261e-08,8.61135e-09,8.17889e-10,5.39691e-09,0
1484,1.51251e-08,8.92275e-09,8.90224e-10,5.31216e-09,0
1485,1.63676e-08,9.61203e-09,9.5393e-10,5.80168e-09,0
1486,1.65682e-08,1.01354e-08,1.11457e-09,5.3182e-09,0
1487,1.59143e-08,9.66937e-09,9.31466e-10,5.31346e-09,0
1488,1.68431e-08,1.03864e-08,9.44644e-10,5.51204e-09,0
1489,1.54319e-08,9.40929e-09,1.09127e-09,4.93134e-09,0
1490,1.53054e-08,9.10513e-09,1.04384e-09,5.15641e-09,0
1491,1.53538e-08,8.80586e-09,1.19949e-09,5.34846e-09,0
1492,1.52168e-08,8.5525e-09,1.2567e-09,5.4076e-09,0
1493,1.3455e-08,7.31697e-09,9.98163e-10,5.13986e-09,0
1494,1.36803e-08,7.31667e-09,1.05755e-09,5.30606e-09,0
1495,1.28181e-08,6.89972e-09,9.92975e-10,4.92544e-09,0
1496,1.29797e-08,7.14795e-09,1.13571e-09,4.69605e-09,0
1497,1.29099e-08,6.70864e-09,1.13415e-09,5.0671e-09,0
1498,1.30834e-08,6.50717e-09,1.43823e-09,5.13803e-09,0
1499,1.28843e-08,6.6241e-09,1.24917e-09,5.011e-09,0
1500,1.27417e-08,6.23024e-09,1.16884e-09,5.34263e-09,0
1501,1.30143e-08,6.48401e-09,1.13619e-09,5.3941e-09,0
1502,1.39209e-08,6.76138e-09,1.42685e-09,5.73262e-09,0
1503,1.3219e-08,5.67599e-09,1.36156e-09,6.18148e-09,0
1504,1.33086e-08,5.72087e-09,1.25387e-09,6.33383e-09,0
1505,1.30266e-08,5.46793e-09,1.32975e-09,6.22891e-09,0
1506,1.38806e-08,5.64543e-09,1.55389e-09,6.68132e-09,0
1507,1.35305e-08,5.61089e-09,1.36298e-09,6.55662e-09,0
1508,1.29558e-08,5.73937e-09,9.33182e-10,6.28322e-09,0
1509,1.34613e-08,5.7052e-09,9.73765e-10,6.78238e-09,0
1510,1.35875e-08,5.49388e-09,1.02015e-09,7.07349e-09,0
1511,1.29623e-08,5.15584e-09,9.31682e-10,6.87483e-09,0
1512,1.28201e-08,5.22607e-09,8.02408e-10,6.79164e-09,0
1513,1.25082e-08,5.00615e-09,8.41733e-10,6.66028e-09,0
1514,1.18005e-08,4.66929e-09,7.99599e-10,6.3316e-09,0
1515,1.13192e-08,4.49393e-09,7.98511e-10,6.02676e-09,0
1516,1.0951e-08,4.29119e-09,7.586e-10,5.90123e-09,0
1517,9.83916e-09,3.65534e-09,7.83585e-10,5.40024e-09,0
1518,9.43766e-09,3.25062e-09,7.60482e-10,5.42656e-09,0
1519,8.70619e-09,2.46818e-09,7.36483e-10,5.50153e-09,0
1520,8.94505e-09,2.88634e-09,6.9792e-10,5.36079e-09,0
1521,8.67256e-09,2.67171e-09,7.39177e-10,5.26167e-09,0
1522,7.49866e-09,2.10374e-09,6.82392e-10,4.71253e-09,0
1523,7.34801e-09,1.61506e-09,7.75854e-10,4.95709e-09,0
1524,7.20712e-09,1.70325e-09,6.63781e-10,4.84009e-09,0
1525,6.70593e-09,1.52197e-09,6.50746e-10,4.53321e-09,0
1526,6.56025e-09,1.44347e-09,7.15496e-10,4.40128e-09,0
1527,6.60581e-09,1.49415e-09,9.95772e-10,4.11589e-09,0
1528,6.63629e-09,1.83081e-09,6.61334e-10,4.14414e-09,0
1529,6.16878e-09,1.79156e-09,5.11317e-10,3.8659e-09,0
1530,6.32171e-09,1.97415e-09,3.8546e-10,3.9621e-09,0
1531,5.48499e-09,1.33975e-09,4.00794e-10,3.74444e-09,0
1532,5.47856e-09,1.3322e-09,3.7836e-10,3.76799e-09,0
1533,4.93666e-09,1.02152e-09,3.8252e-10,3.53262e-09,0
1534,4.76415e-09,9.05218e-10,3.89404e-10,3.46953e-09,0
1535,5.09169e-09,1.06452e-09,4.02484e-10,3.62468e-09,0
1536,4.51119e-09,8.91433e-10,4.3117e-10,3.18858e-09,0
1537,4.70902e-09,9.74956e-10,4.98703e-10,3.23536e-09,0
1538,4.58542e-09,9.01645e-10,3.41143e-10,3.34264e-09,0
1539,4.36921e-09,7.48319e-10,3.21714e-10,3.29918e-09,0
1540,4.32411e-09,7.39194e-10,3.23484e-10,3.26143e-09,0
1541,4.44772e-09,8.54667e-10,3.26702e-10,3.26635e-09,0
1542,4.2624e-09,8.85105e-10,3.33127e-10,3.04417e-09,0
1543,4.33583e-09,1.01051e-09,3.52235e-10,2.97308e-09,0
1544,4.52932e-09,1.15356e-09,3.51373e-10,3.02439e-09,0
1545,4.19818e-09,9.31277e-10,2.94734e-10,2.97217e-09,0
1546,4.08004e-09,9.93601e-10,2.94344e-10,2.79209e-09,0
1547,4.00284e-09,9.10466e-10,2.94036e-10,2.79834e-09,0
1548,3.87847e-09,7.98176e-10,2.93811e-10,2.78648e-09,0
1549,3.89931e-09,7.43525e-10,2.93673e-10,2.86212e-09,0
1550,4.1449e-09,9.43319e-10,2.93626e-10,2.90796e-09,0
1551,4.09045e-09,8.01876e-10,2.93676e-10,2.9949e-09,0
1552,3.85037e-09,6.62338e-10,2.93831e-10,2.8942e-09,0
1553,4.06422e-09,8.85179e-10,2.95174e-10,2.88387e-09,0
1554,3.94903e-09,7.88676e-10,2.95051e-10,2.8653e-09,0
1555,4.00005e-09,7.66895e-10,2.95445e-10,2.93772e-09,0
1556,3.91952e-09,8.2051e-10,2.97419e-10,2.80159e-09,0
1557,4.08234e-09,8.65246e-10,2.97517e-10,2.91958e-09,0
1558,4.15486e-09,9.02619e-10,2.98483e-10,2.95376e-09,0
1559,3.87693e-09,8.06583e-10,2.9982e-10,2.77052e-09,0
1560,3.76307e-09,7.64743e-10,3.01573e-10,2.69675e-09,0
1561,3.57179e-09,5.91357e-10,3.03872e-10,2.67656e-09,0
1562,3.49506e-09,5.43177e-10,3.0696e-10,2.64493e-09,0
1563,3.74462e-09,6.60299e-10,3.1132e-10,2.773e-09,0
1564,3.57414e-09,4.77412e-10,3.18103e-10,2.77863e-09,0
1565,3.37047e-09,3.98874e-10,3.3132e-10,2.64028e-09,0
1566,3.45766e-09,4.27621e-10,3.69829e-10,2.66021e-09,0
1567,3.33034e-09,4.33263e-10,3.1132e-10,2.58576e-09,0
1568,3.96305e-09,1.05973e-09,3.1304e-10,2.59028e-09,0
1569,3.99851e-09,1.0453e-09,2.78185e-10,2.67502e-09,0
1570,3.20045e-09,4.12438e-10,2.79801e-10,2.50821e-09,0
1571,3.08912e-09,5.03584e-10,2.82746e-10,2.30279e-09,0
1572,3.21695e-09,5.03736e-10,2.95796e-10,2.41742e-09,0
1573,3.0839e-09,4.36791e-10,2.76156e-10,2.37095e-09,0
1574,3.21702e-09,4.66508e-10,2.73342e-10,2.47717e-09,0
1575,3.20562e-09,4.86606e-10,2.74067e-10,2.44495e-09,0
1576,3.5243e-09,7.80658e-10,2.89087e-10,2.45455e-09,0
1577,3.12115e-09,5.48416e-10,2.83099e-10,2.28964e-09,0
1578,3.27253e-09,5.44278e-10,2.82196e-10,2.44605e-09,0
1579,3.29887e-09,6.14075e-10,2.82411e-10,2.40238e-09,0
1580,3.23056e-09,5.64303e-10,2.831e-10,2.38316e-09,0
1581,3.23637e-09,5.40305e-10,2.841e-10,2.41196e-09,0
1582,3.16171e-09,3.46614e-10,2.85358e-10,2.52974e-09,0
1583,3.41309e-09,7.79075e-10,2.8686e-10,2.34715e-09,0
1584,3.26147e-09,6.54316e-10,2.88614e-10,2.31854e-09,0
1585,3.55114e-09,9.07597e-10,2.90647e-10,2.3529e-09,0
1586,3.02729e-09,3.99783e-10,2.93001e-10,2.33451e-09,0
1587,3.13176e-09,6.89768e-10,2.95737e-10,2.14626e-09,0
1588,3.06833e-09,7.27932e-10,2.98951e-10,2.04145e-09,0
1589,3.00483e-09,5.87932e-10,3.02787e-10,2.11412e-09,0
1590,3.05757e-09,5.73842e-10,3.07488e-10,2.17624e-09,0
1591,3.07222e-09,5.98158e-10,3.13497e-10,2.16057e-09,0
1592,3.23673e-09,6.80759e-10,3.21804e-10,2.23417e-09,0
1593,3.07651e-09,5.6744e-10,3.41963e-10,2.1671e-09,0
1594,2.86724e-09,3.71392e-10,3.83706e-10,2.11215e-09,0
1595,2.9025e-09,3.72214e-10,3.34394e-10,2.1959e-09,0
1596,3.01359e-09,3.73923e-10,3.17586e-10,2.32208e-09,0
1597,3.02989e-09,3.76496e-10,3.30449e-10,2.32295e-09,0
1598,2.96814e-09,3.79984e-10,3.58738e-10,2.22942e-09,0
1599,2.88716e-09,3.84528e-10,4.02917e-10,2.09971e-09,0
1600,2.90591e-09,3.90395e-10,2.98863e-10,2.21665e-09,0
1601,2.87163e-09,3.98093e-10,3.20629e-10,2.15291e-09,0
1602,2.71861e-09,4.08718e-10,3.36847e-10,1.97304e-09,0
1603,2.68972e-09,4.25561e-10,3.1427e-10,1.94989e-09,0
1604,2.70365e-09,4.65645e-10,2.64647e-10,1.97336e-09,0
1605,2.52834e-09,4.34636e-10,2.75043e-10,1.81866e-09,0
1606,3.16126e-09,1.01622e-09,3.07944e-10,1.8371e-09,0
1607,3.4141e-09,1.32993e-09,2.43617e-10,1.84056e-09,0
1608,2.84218e-09,7.73021e-10,2.46401e-10,1.82276e-09,0
1609,2.83513e-09,6.64138e-10,2.50195e-10,1.9208e-09,0
1610,2.71571e-09,5.18357e-10,2.56197e-10,1.94116e-09,0
1611,2.93718e-09,7.17795e-10,2.76523e-10,1.94286e-09,0
1612,2.52697e-09,3.35903e-10,2.52754e-10,1.93832e-09,0
1613,2.68152e-09,3.46709e-10,2.66674e-10,2.06813e-09,0
1614,2.51943e-09,3.72504e-10,2.76378e-10,1.87055e-09,0
1615,2.46985e-09,3.61363e-10,2.29706e-10,1.87878e-09,0
1616,3.16367e-09,1.02848e-09,2.31187e-10,1.904e-09,0
1617,2.96047e-09,9.42224e-10,2.3284e-10,1.78541e-09,0
1618,2.42444e-09,3.27913e-10,2.35944e-10,1.86058e-09,0
1619,2.40738e-09,3.37301e-10,2.44546e-10,1.82553e-09,0
1620,2.44761e-09,3.56054e-10,2.45909e-10,1.84565e-09,0
1621,2.38007e-09,3.54789e-10,2.46613e-10,1.77867e-09,0
1622,2.46521e-09,3.74001e-10,2.49204e-10,1.84201e-09,0
1623,2.44156e-09,3.78399e-10,2.52992e-10,1.81017e-09,0
1624,2.69577e-09,5.99345e-10,2.58259e-10,1.83817e-09,0
1625,2.77232e-09,6.81313e-10,2.66867e-10,1.82414e-09,0
1626,2.74202e-09,6.17397e-10,2.79406e-10,1.84521e-09,0
1627,2.82542e-09,6.77252e-10,3.17244e-10,1.83092e-09,0
1628,2.87332e-09,6.86211e-10,3.30309e-10,1.8568e-09,0
1629,2.78534e-09,5.27259e-10,2.60207e-10,1.99787e-09,0
1630,2.63893e-09,5.43567e-10,2.11136e-10,1.88423e-09,0
1631,2.64183e-09,4.7639e-10,2.11909e-10,1.95353e-09,0
1632,2.70934e-09,4.59098e-10,2.12739e-10,2.0375e-09,0
1633,2.63053e-09,4.38017e-10,2.13627e-10,1.97888e-09,0
1634,2.33513e-09,3.82319e-10,2.14573e-10,1.73824e-09,0
1635,2.4051e-09,4.1677e-10,2.15579e-10,1.77275e-09,0
1636,2.40859e-09,3.6649e-10,2.1665e-10,1.82545e-09,0
1637,2.42976e-09,3.88973e-10,2.17791e-10,1.82299e-09,0
1638,2.29527e-09,3.92819e-10,2.1901e-10,1.68344e-09,0
1639,2.2966e-09,3.8081e-10,2.20316e-10,1.69548e-09,0
1640,2.42039e-09,4.33557e-10,2.21724e-10,1.76511e-09,0
1641,2.49659e-09,4.89905e-10,2.23255e-10,1.78343e-09,0
1642,2.39792e-09,4.31366e-10,2.24944e-10,1.74161e-09,0
1643,2.39994e-09,3.98867e-10,2.26847e-10,1.77422e-09,0
1644,2.73976e-09,6.08398e-10,2.29077e-10,1.90228e-09,0
1645,2.77209e-09,6.95889e-10,2.31901e-10,1.8443e-09,0
1646,2.65505e-09,7.02014e-10,2.36228e-10,1.71681e-09,0
1647,2.77304e-09,7.95945e-10,2.51276e-10,1.72582e-09,0
1648,2.37088e-09,4.19096e-10,2.27912e-10,1.72387e-09,0
1649,2.55017e-09,4.03332e-10,2.2965e-10,1.91719e-09,0
1650,2.42232e-09,3.32988e-10,2.31487e-10,1.85785e-09,0
1651,2.40701e-09,3.29227e-10,2.33431e-10,1.84435e-09,0
1652,2.47977e-09,3.28422e-10,2.35495e-10,1.91585e-09,0
1653,2.65824e-09,4.71869e-10,2.37692e-10,1.94868e-09,0
1654,2.51981e-09,4.12585e-10,2.40037e-10,1.86719e-09,0
1655,2.58714e-09,3.97685e-10,2.42551e-10,1.9469e-09,0
1656,2.49199e-09,3.9638e-10,2.4526e-10,1.85035e-09,0
1657,2.60787e-09,5.28948e-10,2.49257e-10,1.82967e-09,0
1658,2.82591e-09,4.81441e-10,2.84748e-10,2.05972e-09,0
1659,2.71285e-09,4.7883e-10,2.97593e-10,1.93642e-09,0
1660,2.68563e-09,4.94256e-10,2.85342e-10,1.90603e-09,0
1661,2.8181e-09,5.10482e-10,2.84731e-10,2.02289e-09,0
1662,2.88229e-09,4.81143e-10,2.87935e-10,2.11321e-09,0
1663,2.8337e-09,4.24625e-10,2.98492e-10,2.11058e-09,0
1664,2.4865e-09,4.15305e-10,2.92503e-10,1.77869e-09,0
1665,2.86229e-09,7.8549e-10,2.88612e-10,1.78818e-09,0
1666,3.0512e-09,8.74272e-10,2.9492e-10,1.88201e-09,0
1667,2.88626e-09,8.46605e-10,3.03701e-10,1.73596e-09,0
1668,2.30073e-09,3.12661e-10,3.18178e-10,1.66989e-09,0
1669,2.32248e-09,3.33063e-10,3.7011e-10,1.61931e-09,0
1670,2.11024e-09,3.32665e-10,2.97133e-10,1.48045e-09,0
1671,2.20392e-09,3.90993e-10,2.882e-10,1.52473e-09,0
1672,2.25977e-09,3.5229e-10,2.95329e-10,1.61215e-09,0
1673,2.22665e-09,2.99561e-10,3.0419e-10,1.6229e-09,0
1674,2.45662e-09,5.31629e-10,3.16113e-10,1.60888e-09,0
1675,2.52478e-09,6.33517e-10,3.35683e-10,1.55558e-09,0
1676,2.41962e-09,4.88669e-10,3.91507e-10,1.53944e-09,0
1677,2.17405e-09,4.72179e-10,3.03742e-10,1.39813e-09,0
1678,2.32247e-09,6.03568e-10,3.17386e-10,1.40151e-09,0
1679,2.07742e-09,2.80983e-10,3.49987e-10,1.44645e-09,0
1680,2.05971e-09,2.70081e-10,3.31487e-10,1.45815e-09,0
1681,2.07916e-09,2.27372e-10,3.46288e-10,1.50551e-09,0
1682,2.15088e-09,2.4374e-10,3.50944e-10,1.55619e-09,0
1683,2.12924e-09,2.51921e-10,3.54266e-10,1.52305e-09,0
1684,2.32168e-09,2.51106e-10,3.61364e-10,1.70921e-09,0
1685,2.33937e-09,3.21197e-10,3.37836e-10,1.68034e-09,0
1686,2.53912e-09,5.30266e-10,3.64575e-10,1.64428e-09,0
1687,3.84148e-09,1.846e-09,4.14102e-10,1.58138e-09,0
1688,2.46277e-09,6.16712e-10,4.69621e-10,1.37644e-09,0
1689,2.75453e-09,7.63053e-10,4.97887e-10,1.49359e-09,0
1690,2.24942e-09,4.21175e-10,3.65335e-10,1.46291e-09,0
1691,1.97701e-09,2.78668e-10,3.37066e-10,1.36128e-09,0
1692,1.93387e-09,2.17819e-10,3.58873e-10,1.35718e-09,0
1693,2.2886e-09,6.73399e-10,3.11745e-10,1.30346e-09,0
1694,2.2609e-09,4.34763e-10,4.5425e-10,1.37188e-09,0
1695,2.00097e-09,3.72917e-10,3.66885e-10,1.26117e-09,0
1696,1.98699e-09,3.47859e-10,3.23719e-10,1.31541e-09,0
1697,1.95473e-09,3.44129e-10,2.9576e-10,1.31484e-09,0
1698,1.96768e-09,3.1892e-10,3.27018e-10,1.32174e-09,0
1699,1.95688e-09,3.13411e-10,3.27029e-10,1.31644e-09,0
1700,1.99127e-09,3.1741e-10,3.23843e-10,1.35002e-09,0
1701,2.29744e-09,6.85229e-10,2.9576e-10,1.31645e-09,0
1702,2.29214e-09,6.25944e-10,3.07911e-10,1.35829e-09,0
1703,2.3387e-09,6.55942e-10,2.29191e-10,1.45357e-09,0
1704,2.15724e-09,4.67117e-10,2.11193e-10,1.47893e-09,0
1705,2.07424e-09,2.8454e-10,2.3142e-10,1.55828e-09,0
1706,2.08465e-09,2.98095e-10,2.67076e-10,1.51947e-09,0
1707,2.02998e-09,3.06506e-10,2.3482e-10,1.48866e-09,0
1708,1.73237e-09,3.19529e-10,1.80836e-10,1.232e-09,0
1709,1.66259e-09,3.42888e-10,8.26773e-11,1.23703e-09,0
1710,1.75254e-09,3.90007e-10,8.42593e-11,1.27827e-09,0
1711,1.95268e-09,5.9673e-10,8.62345e-11,1.26971e-09,0
1712,1.52104e-09,2.71389e-10,8.88073e-11,1.16084e-09,0
1713,1.43691e-09,2.89901e-10,9.23853e-11,1.05462e-09,0
1714,1.39161e-09,1.72712e-10,9.79633e-11,1.12094e-09,0
1715,1.44264e-09,1.5594e-10,1.09284e-10,1.17742e-09,0
1716,1.71172e-09,4.88597e-10,1.31589e-10,1.09153e-09,0
1717,1.52019e-09,3.50938e-10,1.01013e-10,1.06824e-09,0
1718,1.49998e-09,3.33215e-10,6.71957e-11,1.09957e-09,0
1719,1.5239e-09,3.56921e-10,6.79535e-11,1.09902e-09,0
1720,1.63973e-09,5.13522e-10,6.88976e-11,1.05731e-09,0
1721,1.28377e-09,1.85074e-10,7.01258e-11,1.02857e-09,0
1722,1.37073e-09,2.05205e-10,7.18314e-11,1.09369e-09,0
1723,1.3534e-09,1.94527e-10,7.44747e-11,1.0844e-09,0
1724,1.82949e-09,6.56131e-10,7.9611e-11,1.09375e-09,0
1725,1.71768e-09,5.00399e-10,1.05576e-10,1.11171e-09,0
1726,1.91878e-09,8.22415e-10,5.91911e-11,1.03717e-09,0
1727,1.31804e-09,2.6017e-10,5.9373e-11,9.985e-10,0
1728,1.29687e-09,2.38185e-10,5.95702e-11,9.9911e-10,0
1729,1.27488e-09,2.34031e-10,5.97846e-11,9.8106e-10,0
1730,1.19791e-09,2.01344e-10,6.00182e-11,9.36546e-10,0
1731,1.258e-09,2.0429e-10,6.02737e-11,9.93439e-10,0
1732,1.24826e-09,2.17944e-10,6.05542e-11,9.69762e-10,0
1733,1.17218e-09,2.04853e-10,6.08639e-11,9.06467e-10,0
1734,1.20215e-09,2.2349e-10,6.12077e-11,9.1745e-10,0
1735,1.21252e-09,2.1898e-10,6.15922e-11,9.31944e-10,0
1736,1.19825e-09,2.72779e-10,6.20262e-11,8.63444e-10,0
1737,1.25926e-09,2.77262e-10,6.25215e-11,9.19476e-10,0
1738,1.51084e-09,4.93485e-10,6.30946e-11,9.54257e-10,0
1739,1.56888e-09,5.77349e-10,6.37697e-11,9.27763e-10,0
1740,1.6715e-09,7.07227e-10,6.45837e-11,8.9969e-10,0
1741,1.1249e-09,1.74818e-10,6.55972e-11,8.8449e-10,0
1742,1.13603e-09,1.66758e-10,6.69178e-11,9.02355e-10,0
1743,1.08682e-09,1.62866e-10,6.87639e-11,8.55185e-10,0
1744,1.09763e-09,1.61306e-10,7.26724e-11,8.63649e-10,0
1745,1.075e-09,1.61597e-10,7.82862e-11,8.35118e-10,0
1746,1.33569e-09,3.74733e-10,9.66068e-11,8.64346e-10,0
1747,1.20873e-09,3.24489e-10,5.70761e-11,8.27167e-10,0
1748,1.19535e-09,2.65069e-10,5.74128e-11,8.7287e-10,0
1749,1.11206e-09,2.58144e-10,5.78397e-11,7.9608e-10,0
1750,1.10865e-09,2.65411e-10,5.83848e-11,7.84856e-10,0
1751,1.128e-09,2.81458e-10,5.91053e-11,7.8744e-10,0
1752,1.03222e-09,2.57023e-10,6.01212e-11,7.15072e-10,0
1753,1.06533e-09,3.0016e-10,6.17322e-11,7.03436e-10,0
1754,1.13889e-09,3.44351e-10,6.50389e-11,7.29496e-10,0
1755,9.74257e-10,1.65663e-10,7.68324e-11,7.31762e-10,0
1756,9.79782e-10,1.89355e-10,5.28695e-11,7.37557e-10,0
1757,1.08465e-09,2.44718e-10,5.29674e-11,7.8697e-10,0
1758,9.34614e-10,1.01417e-10,5.30715e-11,7.80125e-10,0
1759,9.26892e-10,1.0192e-10,5.31821e-11,7.7179e-10,0
1760,8.90714e-10,1.02465e-10,5.32994e-11,7.34949e-10,0
1761,8.76938e-10,1.0306e-10,5.34238e-11,7.20454e-10,0
1762,8.65233e-10,1.03715e-10,5.35557e-11,7.07962e-10,0
1763,8.90414e-10,1.0444e-10,5.36956e-11,7.32278e-10,0
1764,9.19927e-10,1.05253e-10,5.3844e-11,7.6083e-10,0
1765,8.37002e-10,1.06176e-10,5.40014e-11,6.76825e-10,0
1766,8.28994e-10,1.07241e-10,5.41687e-11,6.67585e-10,0
1767,8.4361e-10,1.08495e-10,5.43467e-11,6.80768e-10,0
1768,8.17788e-10,1.10016e-10,5.45361e-11,6.53236e-10,0
1769,9.9053e-10,2.57798e-10,5.54135e-11,6.77318e-10,0
1770,9.64544e-10,1.8347e-10,5.56443e-11,7.25429e-10,0
1771,9.34026e-10,1.71274e-10,5.56288e-11,7.07123e-10,0
1772,9.0991e-10,1.70017e-10,5.62224e-11,6.83671e-10,0
1773,9.08584e-10,1.82572e-10,5.68416e-11,6.69171e-10,0
1774,9.14395e-10,1.78647e-10,5.67317e-11,6.79017e-10,0
1775,8.76972e-10,1.30683e-10,7.05111e-11,6.75779e-10,0
1776,9.25322e-10,1.29569e-10,7.16719e-11,7.2408e-10,0
1777,8.5348e-10,1.2892e-10,6.67369e-11,6.57823e-10,0
1778,8.63461e-10,1.2864e-10,6.52359e-11,6.69586e-10,0
1779,8.35986e-10,1.28677e-10,6.46004e-11,6.42709e-10,0
1780,7.93932e-10,1.29006e-10,6.43722e-11,6.00553e-10,0
1781,7.84527e-10,1.29625e-10,6.43973e-11,5.90505e-10,0
1782,7.64026e-10,1.30549e-10,6.46131e-11,5.68863e-10,0
1783,7.90925e-10,1.31821e-10,6.49963e-11,5.94108e-10,0
1784,7.79109e-10,1.33514e-10,6.68065e-11,5.78788e-10,0
1785,8.14708e-10,1.3576e-10,6.68573e-11,6.1209e-10,0
1786,7.72906e-10,1.38801e-10,6.76684e-11,5.66437e-10,0
1787,8.50938e-10,1.4315e-10,6.88379e-11,6.38951e-10,0
1788,7.67352e-10,1.5034e-10,7.04373e-11,5.46575e-10,0
1789,1.0496e-09,4.05006e-10,7.2673e-11,5.71922e-10,0
1790,8.91885e-10,2.7201e-10,7.6293e-11,5.43581e-10,0
1791,8.73987e-10,2.64988e-10,8.21182e-11,5.26881e-10,0
1792,8.77182e-10,2.62559e-10,9.63741e-11,5.18249e-10,0
1793,9.06323e-10,2.82008e-10,1.0133e-10,5.22986e-10,0
1794,7.81178e-10,1.79209e-10,7.24835e-11,5.29485e-10,0
1795,7.78646e-10,1.86841e-10,5.10055e-11,5.40799e-10,0
1796,8.02198e-10,2.0321e-10,5.13098e-11,5.47678e-10,0
1797,8.74022e-10,2.67761e-10,5.17354e-11,5.54525e-10,0
1798,8.07709e-10,2.01387e-10,5.23513e-11,5.5397e-10,0
1799,6.93829e-10,9.44938e-11,5.33119e-11,5.46023e-10,0
1800,6.90709e-10,9.47991e-11,5.50653e-11,5.40845e-10,0
1801,7.17783e-10,9.51273e-11,6.01879e-11,5.62467e-10,0
1802,7.49235e-10,9.54756e-11,5.85207e-11,5.95238e-10,0
1803,7.21913e-10,9.58426e-11,4.62513e-11,5.79819e-10,0
1804,6.50447e-10,9.62278e-11,4.62389e-11,5.07981e-10,0
1805,6.39791e-10,9.66313e-11,4.62307e-11,4.96929e-10,0
1806,6.48042e-10,9.70539e-11,4.62265e-11,5.04762e-10,0
1807,6.53141e-10,9.74963e-11,4.62262e-11,5.09418e-10,0
1808,6.42748e-10,9.79599e-11,4.62296e-11,4.98558e-10,0
1809,6.48021e-10,9.84463e-11,4.62366e-11,5.03339e-10,0
1810,6.54805e-10,9.89575e-11,4.62472e-11,5.096e-10,0
1811,6.67999e-10,9.94962e-11,4.62613e-11,5.22242e-10,0
1812,6.65258e-10,1.00065e-10,4.6279e-11,5.18914e-10,0
1813,6.67197e-10,1.00669e-10,4.63002e-11,5.20227e-10,0
1814,6.91727e-10,1.01313e-10,4.63249e-11,5.44089e-10,0
1815,6.7956e-10,1.02002e-10,4.63532e-11,5.31204e-10,0
1816,6.57171e-10,1.02747e-10,4.63852e-11,5.08038e-10,0
1817,6.63702e-10,1.0356e-10,4.6421e-11,5.13721e-10,0
1818,6.71444e-10,1.04459e-10,4.64607e-11,5.20525e-10,0
1819,6.81242e-10,1.05472e-10,4.65045e-11,5.29265e-10,0
1820,6.96254e-10,1.06649e-10,4.65525e-11,5.43053e-10,0
1821,7.15508e-10,1.08079e-10,4.71642e-11,5.60265e-10,0
1822,6.98305e-10,1.09969e-10,4.78034e-11,5.40533e-10,0
1823,7.1762e-10,1.12953e-10,4.7363e-11,5.57304e-10,0
1824,7.67874e-10,1.2246e-10,4.72907e-11,5.98123e-10,0
1825,7.44169e-10,1.11738e-10,4.72892e-11,5.85142e-10,0
1826,7.94739e-10,1.05575e-10,4.73205e-11,6.41844e-10,0
1827,7.22762e-10,1.06614e-10,4.73728e-11,5.68775e-10,0
1828,6.84772e-10,1.07774e-10,4.74413e-11,5.29557e-10,0
1829,7.26157e-10,1.10211e-10,4.75242e-11,5.68422e-10,0
1830,6.81399e-10,1.11198e-10,4.76209e-11,5.2258e-10,0
1831,6.87012e-10,1.13029e-10,4.77319e-11,5.26251e-10,0
1832,6.79378e-10,1.15935e-10,4.78583e-11,5.15584e-10,0
1833,7.03495e-10,1.22381e-10,4.8002e-11,5.33113e-10,0
1834,9.06979e-10,3.07501e-10,4.9609e-11,5.49869e-10,0
1835,9.65063e-10,3.85674e-10,4.99918e-11,5.29397e-10,0
1836,9.10201e-10,3.1752e-10,4.96007e-11,5.4308e-10,0
1837,9.76521e-10,3.48084e-10,4.96439e-11,5.78793e-10,0
1838,9.94702e-10,4.03058e-10,4.98289e-11,5.41816e-10,0
1839,6.93457e-10,1.21149e-10,5.01211e-11,5.22187e-10,0
1840,7.37027e-10,1.37405e-10,5.05332e-11,5.49089e-10,0
1841,6.90555e-10,1.1523e-10,5.11136e-11,5.24211e-10,0
1842,6.98778e-10,1.17869e-10,5.19784e-11,5.28931e-10,0
1843,6.94544e-10,1.22774e-10,5.34466e-11,5.18324e-10,0
1844,6.73597e-10,1.4042e-10,5.78301e-11,4.75347e-10,0
1845,9.92673e-10,4.48599e-10,6.19532e-11,4.8212e-10,0
1846,1.51263e-09,9.68811e-10,4.63873e-11,4.97434e-10,0
1847,6.71342e-10,1.11636e-10,4.71599e-11,5.12546e-10,0
1848,6.24363e-10,1.15143e-10,4.70696e-11,4.6215e-10,0
1849,6.42126e-10,1.29492e-10,4.68705e-11,4.65763e-10,0
1850,6.25576e-10,1.08698e-10,4.68369e-11,4.70042e-10,0
1851,6.32669e-10,1.10596e-10,4.6858e-11,4.75215e-10,0
1852,6.41569e-10,1.12929e-10,4.69111e-11,4.81729e-10,0
1853,6.53683e-10,1.16077e-10,4.69883e-11,4.90617e-10,0
1854,6.74296e-10,1.21464e-10,4.70867e-11,5.05745e-10,0
1855,7.13193e-10,1.33999e-10,4.72061e-11,5.31988e-10,0
1856,6.99081e-10,1.11049e-10,4.73475e-11,5.40685e-10,0
1857,6.49856e-10,1.13328e-10,4.75139e-11,4.89014e-10,0
1858,6.66224e-10,1.16105e-10,4.77094e-11,5.02409e-10,0
1859,7.20203e-10,1.19741e-10,4.7941e-11,5.52521e-10,0
1860,7.2759e-10,1.25331e-10,4.82187e-11,5.5404e-10,0
1861,7.1672e-10,1.42986e-10,4.85588e-11,5.25176e-10,0
1862,7.08801e-10,1.23065e-10,5.56335e-11,5.30103e-10,0
1863,1.0319e-09,4.54644e-10,5.27526e-11,5.245e-10,0
1864,9.71381e-10,3.61346e-10,5.27447e-11,5.5729e-10,0
1865,9.77821e-10,3.65967e-10,5.36319e-11,5.58221e-10,0
1866,1.13001e-09,4.95572e-10,5.60737e-11,5.78359e-10,0
1867,7.67174e-10,1.4586e-10,6.44371e-11,5.56877e-10,0
1868,7.71586e-10,1.48659e-10,4.60534e-11,5.76874e-10,0
1869,7.39779e-10,1.26114e-10,4.60183e-11,5.67647e-10,0
1870,7.37531e-10,1.29037e-10,4.60071e-11,5.62486e-10,0
1871,7.15415e-10,1.37566e-10,4.60149e-11,5.31834e-10,0
1872,7.3333e-10,1.52869e-10,4.60387e-11,5.34423e-10,0
1873,8.04511e-10,2.04957e-10,4.60764e-11,5.53477e-10,0
1874,7.25462e-10,1.2576e-10,4.61269e-11,5.53576e-10,0
1875,7.28557e-10,1.54016e-10,4.61895e-11,5.28352e-10,0
1876,6.988e-10,1.50904e-10,4.6264e-11,5.01632e-10,0
1877,9.07184e-10,3.54102e-10,4.63502e-11,5.06732e-10,0
1878,8.5521e-10,2.56452e-10,8.09598e-11,5.17798e-10,0
1879,8.17089e-10,2.17175e-10,6.62388e-11,5.33676e-10,0
1880,7.49164e-10,1.81351e-10,6.09462e-11,5.06867e-10,0
1881,7.67648e-10,1.90961e-10,5.86109e-11,5.18077e-10,0
1882,7.76491e-10,1.93814e-10,5.72637e-11,5.25413e-10,0
1883,7.82541e-10,2.2627e-10,5.64005e-11,4.9987e-10,0
1884,8.55593e-10,2.59884e-10,5.58238e-11,5.39886e-10,0
1885,6.72647e-10,7.08591e-11,5.54397e-11,5.46348e-10,0
1886,6.76508e-10,7.37163e-11,5.51984e-11,5.47594e-10,0
1887,6.91327e-10,8.15471e-11,5.50725e-11,5.54708e-10,0
1888,6.72757e-10,7.88375e-11,5.5048e-11,5.38871e-10,0
1889,6.71153e-10,6.24412e-11,5.51204e-11,5.53592e-10,0
1890,6.67725e-10,6.29588e-11,5.52929e-11,5.49473e-10,0
1891,6.75374e-10,7.95737e-11,5.55779e-11,5.40223e-10,0
1892,9.30553e-10,3.19182e-10,5.60005e-11,5.55371e-10,0
1893,8.72614e-10,2.4755e-10,5.66067e-11,5.68457e-10,0
1894,8.16604e-10,2.0988e-10,5.7485e-11,5.49239e-10,0
1895,7.83166e-10,2.03343e-10,5.88249e-11,5.20998e-10,0
1896,8.27451e-10,2.15472e-10,6.11367e-11,5.50843e-10,0
1897,9.36949e-10,3.36312e-10,6.67644e-11,5.33872e-10,0
1898,9.59916e-10,3.1665e-10,7.21211e-11,5.71144e-10,0
1899,7.41231e-10,1.14998e-10,5.00981e-11,5.76135e-10,0
1900,6.69833e-10,8.79271e-11,5.05862e-11,5.31319e-10,0
1901,6.16769e-10,8.43016e-11,5.13431e-11,4.81124e-10,0
1902,6.24674e-10,8.17977e-11,5.2661e-11,4.90215e-10,0
1903,5.79929e-10,7.99359e-11,5.5749e-11,4.44244e-10,0
1904,5.94619e-10,7.84851e-11,6.20084e-11,4.54126e-10,0
1905,6.10203e-10,7.73177e-11,4.48611e-11,4.88024e-10,0
1906,5.95144e-10,7.63563e-11,4.48328e-11,4.73955e-10,0
1907,5.79974e-10,7.55507e-11,4.4812e-11,4.59612e-10,0
1908,5.81182e-10,7.48667e-11,4.4799e-11,4.61516e-10,0
1909,5.87192e-10,7.42801e-11,4.47938e-11,4.68118e-10,0
1910,6.03847e-10,7.37731e-11,4.47969e-11,4.85277e-10,0
1911,6.10993e-10,7.33323e-11,4.48087e-11,4.92852e-10,0
1912,5.74011e-10,7.29475e-11,4.48299e-11,4.56234e-10,0
1913,6.70406e-10,1.42296e-10,4.48613e-11,4.83248e-10,0
1914,6.81773e-10,1.72267e-10,4.4904e-11,4.64602e-10,0
1915,6.32494e-10,1.33564e-10,4.49596e-11,4.53971e-10,0
1916,6.45639e-10,1.21515e-10,4.50301e-11,4.79094e-10,0
1917,6.09362e-10,1.15077e-10,4.5118e-11,4.49168e-10,0
1918,6.05911e-10,1.11007e-10,4.52269e-11,4.49678e-10,0
1919,6.26012e-10,1.0822e-10,4.64902e-11,4.71302e-10,0
1920,6.07209e-10,1.06236e-10,4.64697e-11,4.54503e-10,0
1921,5.77824e-10,1.04807e-10,4.70108e-11,4.26006e-10,0
1922,5.88473e-10,1.03793e-10,4.68279e-11,4.37852e-10,0
1923,5.74002e-10,1.03113e-10,4.70378e-11,4.23851e-10,0
1924,5.79638e-10,1.02717e-10,4.74439e-11,4.29477e-10,0
1925,5.89862e-10,1.02582e-10,4.81102e-11,4.39169e-10,0
1926,6.00095e-10,1.027e-10,4.92721e-11,4.48123e-10,0
1927,6.14807e-10,1.0308e-10,5.18622e-11,4.59865e-10,0
1928,6.07485e-10,1.03751e-10,6.00217e-11,4.43712e-10,0
1929,5.67693e-10,1.04765e-10,4.19317e-11,4.20996e-10,0
1930,5.76772e-10,1.06214e-10,4.18881e-11,4.2867e-10,0
1931,6.00559e-10,1.08253e-10,4.18484e-11,4.50458e-10,0
1932,5.82048e-10,1.121e-10,4.18119e-11,4.28136e-10,0
1933,5.8423e-10,1.16114e-10,4.17782e-11,4.26337e-10,0
1934,5.88438e-10,1.23077e-10,4.17469e-11,4.23614e-10,0
1935,6.13089e-10,1.37373e-10,4.17178e-11,4.33999e-10,0
1936,7.02603e-10,2.23535e-10,4.16906e-11,4.37377e-10,0
1937,5.44768e-10,7.16601e-11,4.16653e-11,4.31443e-10,0
1938,5.64804e-10,7.17698e-11,4.16416e-11,4.51392e-10,0
1939,5.57687e-10,7.18992e-11,4.16194e-11,4.44168e-10,0
1940,5.56798e-10,7.20475e-11,4.15987e-11,4.43151e-10,0
1941,5.76467e-10,7.22147e-11,4.15793e-11,4.62673e-10,0
1942,5.47334e-10,7.24014e-11,4.24711e-11,4.32462e-10,0
1943,5.57955e-10,7.26085e-11,4.21394e-11,4.43207e-10,0
1944,5.85915e-10,7.28377e-11,4.19477e-11,4.7113e-10,0
1945,5.90269e-10,7.3091e-11,4.18568e-11,4.75321e-10,0
1946,5.46301e-10,7.33712e-11,4.17978e-11,4.31132e-10,0
1947,5.28719e-10,7.36819e-11,4.17542e-11,4.13282e-10,0
1948,5.25028e-10,7.40279e-11,4.17197e-11,4.09281e-10,0
1949,5.32194e-10,7.44159e-11,4.16913e-11,4.16087e-10,0
1950,5.42713e-10,7.48548e-11,4.16672e-11,4.26191e-10,0
1951,5.69267e-10,7.53577e-11,4.16465e-11,4.52263e-10,0
1952,5.68286e-10,7.59444e-11,4.16285e-11,4.50714e-10,0
1953,5.77075e-10,7.66464e-11,4.16128e-11,4.58816e-10,0
1954,5.54973e-10,7.75186e-11,4.15991e-11,4.35855e-10,0
1955,5.56426e-10,8.63483e-11,4.15871e-11,4.28491e-10,0
1956,7.56696e-10,2.8118e-10,4.15766e-11,4.33939e-10,0
1957,1.16981e-09,6.85055e-10,4.15676e-11,4.43187e-10,0
1958,9.58386e-10,4.56482e-10,4.15598e-11,4.60344e-10,0
1959,6.29077e-10,7.51635e-11,4.15533e-11,5.1236e-10,0
1960,5.53192e-10,7.52617e-11,4.15479e-11,4.36382e-10,0
1961,5.45071e-10,7.54687e-11,4.15437e-11,4.28059e-10,0
1962,5.53663e-10,7.57613e-11,4.15404e-11,4.36361e-10,0
1963,5.57204e-10,7.61306e-11,4.25896e-11,4.38484e-10,0
1964,5.82717e-10,7.65753e-11,4.21662e-11,4.63976e-10,0
1965,5.85322e-10,7.71001e-11,4.19875e-11,4.66235e-10,0
1966,5.90179e-10,7.77148e-11,4.1908e-11,4.70556e-10,0
1967,6.5584e-10,1.92735e-10,4.18612e-11,4.21245e-10,0
1968,7.11288e-10,2.44161e-10,4.18302e-11,4.25298e-10,0
1969,6.31841e-10,1.86927e-10,4.18087e-11,4.03105e-10,0
1970,6.30526e-10,1.7256e-10,4.17935e-11,4.16172e-10,0
1971,6.19089e-10,1.68308e-10,4.17827e-11,4.08998e-10,0
1972,6.18321e-10,1.69908e-10,4.17755e-11,4.06637e-10,0
1973,6.47176e-10,1.77534e-10,4.1771e-11,4.27871e-10,0
1974,6.48915e-10,1.95901e-10,4.17689e-11,4.11245e-10,0
1975,7.27232e-10,2.5657e-10,4.17688e-11,4.28893e-10,0
1976,6.66616e-10,2.47643e-10,4.17705e-11,3.77203e-10,0
1977,4.99575e-10,7.54441e-11,4.29247e-11,3.81207e-10,0
1978,5.04664e-10,7.72762e-11,4.22722e-11,3.85116e-10,0
1979,5.03579e-10,8.037e-11,4.21611e-11,3.81048e-10,0
1980,5.27136e-10,8.8735e-11,4.21086e-11,3.96293e-10,0
1981,5.3079e-10,8.68325e-11,4.20792e-11,4.01879e-10,0
1982,4.94992e-10,6.75641e-11,4.2062e-11,3.85366e-10,0
1983,4.90106e-10,6.7998e-11,4.20526e-11,3.80055e-10,0
1984,5.11878e-10,6.84905e-11,4.20485e-11,4.01339e-10,0
1985,5.07759e-10,6.90568e-11,4.20485e-11,3.96654e-10,0
1986,5.18319e-10,6.97194e-11,4.20518e-11,4.06547e-10,0
1987,5.61559e-10,1.42714e-10,4.20577e-11,3.76788e-10,0
1988,5.80377e-10,1.73907e-10,4.20659e-11,3.64405e-10,0
1989,5.5297e-10,1.36531e-10,4.20762e-11,3.74363e-10,0
1990,5.61413e-10,1.26693e-10,4.20883e-11,3.92632e-10,0
1991,5.3498e-10,1.24281e-10,4.21021e-11,3.68597e-10,0
1992,5.55744e-10,1.34145e-10,4.21176e-11,3.79481e-10,0
1993,5.1764e-10,1.10726e-10,4.21345e-11,3.64779e-10,0
1994,6.51537e-10,2.19704e-10,4.32553e-11,3.88578e-10,0
1995,6.00396e-10,1.88554e-10,4.26962e-11,3.69146e-10,0
1996,5.76273e-10,1.53237e-10,4.2586e-11,3.8045e-10,0
1997,5.53363e-10,1.46621e-10,4.2544e-11,3.64199e-10,0
1998,5.6938e-10,1.51931e-10,4.25276e-11,3.74921e-10,0
1999,5.43269e-10,1.29689e-10,4.25247e-11,3.71056e-10,0
