rho_star_150_465,rho_star_465_495,rho_star_495_570,rho_star_570_700,rho_star_700_1000,rho_star_1000_2000
0.0516563902,0.148166559,0.940277929,0.674631572,4.65829943,2.20126442
0.0335440304,0.501366739,1.3351089,0.674996617,7.25920185,3.62352991
0.0539348839,0.130224263,0.686958836,0.87380529,6.6458768,5.38635781
0.0786356599,0.460568474,1.30939228,2.24691443,6.4811134,8.68170654
0.14384741,0.59047408,2.19717075,3.08978364,10.3219915,4.98728104
0.090327003,0.190586051,0.78958683,0.873181231,3.7672052,4.50349563
0.0100079368,0.0281537225,0.15063646,0.252212822,2.18190275,1.5338866
0.0364795093,0.577242259,2.63479529,1.04593081,9.11344966,4.6329339
0.00948199711,0.0280186443,0.113534556,0.17239178,1.16355049,0.46268713
0.0318607478,0.401306374,1.17102499,1.20837168,11.2765514,4.73983274
0.0163246099,0.108916709,0.334339418,0.366563043,3.08954732,2.07884351
0.0270328085,0.098503705,0.348845934,0.523768148,6.09163655,0.368341431
0.0301323808,0.0890469638,0.634350238,0.975237831,8.79068308,3.60038528
0.00553964804,0.0427541405,0.165391679,0.406028799,2.76181009,1.71450668
0.0413439127,0.214567363,1.04228977,0.833105122,8.13647127,3.45084477
0.0277388239,0.15592533,0.800058545,0.604059787,4.91414939,1.02771949
0.0101826148,0.0311235032,0.209135741,0.290466964,0.971025911,0.571726135
0.0170173246,0.129943944,0.309642794,0.453859696,1.15004469,0.719053712
0.00984669536,0.0636624973,0.252670417,0.356403023,4.1763362,1.48219538
0.00882093762,0.096397564,0.375888226,0.68386729,1.34351905,0.805466213
0.0143987945,0.0699018655,0.474149844,0.582726796,2.51429563,2.25396915
0.181257568,1.44254786,1.88357556,2.25350755,60.1275896,8.70577541
0.0231550669,0.141112931,0.57334653,0.593335236,2.10393564,1.26289957
0.0130105992,0.0816577878,0.698448704,0.379861845,5.93843705,1.9347739
0.0281016181,0.126291794,0.658369754,0.789741374,6.41847304,2.15142914
0.119167399,0.616337183,5.56604848,4.24086761,44.4090573,5.55714404
0.0448404343,0.0576415929,0.467228156,0.293897361,3.44278368,2.76112818
0.0388531905,0.0561342038,0.345688673,0.752752687,7.79645987,1.03810191
0.0290928073,0.127488522,1.59023546,2.23589093,12.0451406,4.85104381
0.101023645,0.527746542,1.11296504,0.655258091,8.23214104,2.15313688
0.0272656625,0.131773835,0.467958656,0.734324932,2.9678909,3.55453085
0.0298815133,0.160681726,0.751224807,0.569336332,2.7615487,4.89044232
0.0470688708,0.469926437,1.06101442,1.34702486,9.76852647,4.6529428
0.0228652271,0.0644442323,0.274294932,0.28500457,0.917661274,0.428686973
0.0241172432,0.0546671931,0.229517636,0.380606961,3.05245379,1.04087275
0.223086083,0.18595278,1.94989629,2.1207306,8.77879167,2.3713902
0.0389833957,0.197357875,0.717331821,0.984278285,2.53175391,4.02490662
0.0067729217,0.0253450511,0.134718006,0.130482319,0.945621501,0.428095499
0.0194835559,0.0937184786,0.667904281,0.77609864,3.87670059,2.21133836
0.0846978332,0.411236989,1.66094159,2.80285703,7.35243211,2.70623975
0.0460432398,0.1065011,0.352842173,0.368409342,1.29489394,1.38564645
0.0191135495,0.115263406,0.439381625,0.728970715,9.0820662,1.37472625
0.0703788719,0.419277346,2.83367142,1.40300385,7.61484915,5.75633098
0.0323251822,0.151789667,0.742529173,0.452312742,3.18262695,1.65599733
0.0686831207,0.176794923,0.675541341,1.35105006,2.64637305,0.70346224
0.0151545983,0.143535379,0.534962241,0.740479282,3.37797137,2.62675945
0.0232955436,0.100082439,0.441784681,0.294404577,8.05614683,1.7915199
0.0210569882,0.0602115572,0.415740337,0.601825784,2.91745133,0.489405811
0.0323596193,0.156132006,0.511143096,0.472531816,3.51722335,3.53930141
0.0233890658,0.104667481,0.372641424,0.75997027,7.339003,2.06857867
0.256409246,0.909022128,1.32341268,1.42943956,25.9584198,18.3486398
0.00859138649,0.0816208182,0.139240426,0.331931952,3.35488353,1.04306257
0.00405917129,0.0220936414,0.245227559,0.134259879,1.15024274,2.43263971
0.0125914001,0.142589668,1.10452064,0.716711676,8.15504613,3.56442714
0.0141503251,0.0560335988,0.31045163,0.13592998,2.07537107,0.547943969
0.0401646488,0.133162039,0.620770251,0.509704762,6.3973663,1.35225613
0.0389624208,0.134672615,0.695812861,1.32508089,10.8241869,2.26492637
0.0250798335,0.119969671,0.400869334,0.67157202,8.67818083,3.61467137
0.0371049588,0.143902031,0.354079699,0.704052001,2.55392792,2.23511245
0.0165864251,0.0494650243,0.402977119,0.435275013,3.02202285,2.81631007
0.0411320503,0.0986211663,0.374008096,0.511885313,2.57248041,1.83184294
0.122057527,0.581465407,2.41589649,2.8424529,16.5464665,6.68568089
0.0193681698,0.156345933,0.67880597,0.558252142,2.71489298,2.6393695
0.0117342891,0.0418331471,0.159438317,0.169642901,0.743466527,0.344800477
0.0355164712,0.251377812,0.543547733,0.878607484,5.59503484,4.35877511
0.0122691722,0.0815796269,0.204679467,0.539500391,1.09459111,0.578662911
0.0109787515,0.0669965755,0.389369167,0.646883458,3.84505965,0.674412936
0.0318170932,0.0793056614,0.312135819,0.55636293,2.75161238,3.05551344
0.0270031613,0.0791654229,0.154004871,0.275427366,0.546945535,0.684622967
0.300931082,1.75726594,6.60600235,10.2833398,94.0376612,27.2541521
0.0247412263,0.115285916,0.631331075,0.866552961,1.30842864,0.677374981
0.0132165362,0.0938245021,0.346296274,0.39712843,1.91472584,0.486684316
0.00376681834,0.0380434222,0.262632999,0.144168755,1.06500156,0.530485767
0.0166780425,0.152168509,0.671420583,0.980890754,12.9512183,1.58594071
0.0373157543,0.173103731,0.669800442,1.80298339,4.32259605,5.99159446
0.0329531082,0.102901348,0.277116714,0.574517696,3.12194519,1.65454478
0.0713572783,0.117602929,0.645196802,0.83022736,9.04575331,3.28502416
0.0678105253,0.386151217,1.394907,2.94200972,6.28698633,4.06682687
0.0374380584,0.196042746,1.42803037,2.25565893,5.80851579,3.13599579
0.0443424667,0.0943781872,0.579867444,0.517791281,3.33701792,3.63081659
0.0229337222,0.0537284701,0.736908678,0.342577909,4.04326375,1.78474841
0.0464679872,0.100758619,0.663831016,0.743204767,5.25623684,2.9191692
0.0533801707,0.308243396,0.695382203,1.28777935,5.24939435,5.96015614
0.0376436845,0.216168423,1.01304927,0.930789819,13.6338833,4.02125268
0.0244794028,0.0774065514,0.358007034,0.276500188,2.38156342,1.24435348
0.134998097,0.279457359,1.53054604,2.16671264,13.4558246,2.76611217
0.0149618634,0.110050503,0.993629368,0.476806297,2.34822868,0.873428086
0.0241125784,0.28651907,0.472092594,1.29754544,4.07703123,1.63807339
0.0444902599,0.100490744,0.355750009,0.527393298,8.52707134,1.84346281
0.15634642,0.272071513,0.946210462,1.11582042,7.37704791,4.80030472
0.0451167408,0.286607579,1.27964916,1.55571804,8.35926704,11.0245178
0.0273158528,0.0506403154,0.31720327,0.274385178,4.962806,1.15088935
0.00368065659,0.0360203627,0.158348677,0.229782196,1.50469762,0.531229625
0.0189419687,0.0316891396,0.0741461343,0.280707982,0.615717092,0.534923283
0.0405858995,0.240735004,0.891637008,0.496809383,4.74406845,6.4059155
0.0255273916,0.131572081,0.466486083,0.52332123,4.64703594,1.64984606
0.12218945,0.495021829,2.01531229,2.71026555,21.1555384,7.4742277
0.145243733,0.246787037,1.13985098,1.57346585,3.23673069,4.64509432
0.0125042883,0.0905941036,0.192605392,0.284832074,1.61314882,0.771972972
0.046987567,0.24591503,1.24917808,0.893130346,11.1378046,12.9773417
0.0144261064,0.100002369,0.330129808,0.331495904,3.65113726,1.29061379
0.043720059,0.188449646,0.682012583,0.548206779,14.8324796,4.12859096
0.0160852977,0.0722632771,0.282395414,0.216531783,1.69543617,1.27372705
0.0552544736,0.16920935,1.20360497,0.857484512,9.80393127,2.73651674
0.0713831538,0.334679206,0.938868865,1.81789574,4.69416066,1.97602273
0.0145560917,0.140505709,0.783513208,0.833331536,4.39870474,5.42735131
0.027577405,0.135077929,0.315362003,0.969054249,5.42585492,3.53711559
0.013064214,0.061452599,0.283817077,0.416074884,1.21115095,0.957171348
0.0388996673,0.207255875,0.911091795,1.25291402,4.70368258,4.005543
0.041730034,0.197050675,1.05405242,1.00217295,4.66626192,4.13379915
0.0478718987,0.301919522,1.02889777,1.75779275,2.28485933,8.94454445
0.0157636423,0.0888175616,0.527383112,0.285678111,4.18001263,1.47297144
0.00938478375,0.0507901829,0.0993920719,0.368770757,2.03663491,0.384529266
0.0300798378,0.167292985,0.505900142,0.695013738,4.41307009,1.287394
0.00335722338,0.0143084713,0.0660300375,0.131247837,0.447160001,0.290343853
0.0112630436,0.0280324146,0.0800487309,0.105200407,0.685048761,0.197197141
0.0211884011,0.158473543,0.910570448,0.610556264,3.41192675,1.29675973
0.0267462357,0.130633403,0.564291587,0.515359457,3.72587605,2.05977087
0.0130969034,0.201652279,0.401562262,1.01253956,4.562765,1.88412113
0.0461881568,0.187688302,0.929114616,0.589845904,8.01075209,4.85491569
0.0817274607,0.216787844,0.404092402,1.04448385,8.4758193,5.39710618
0.00388577209,0.0233970545,0.413637525,0.22050329,2.47252088,0.563832035
0.0133202279,0.0671624886,0.323208012,0.475801312,1.56600456,1.12514484
0.0434569882,0.132190213,0.562918436,1.17459889,2.33521439,3.19724701
0.0413967386,0.145505561,0.564040966,0.442371966,3.73372411,4.11547655
0.0184877217,0.105028068,0.375515968,0.818916649,3.08294476,2.30022927
0.051467572,0.24258334,1.90363473,1.44147212,4.1538286,3.79011776
0.0153850769,0.137282773,0.54969424,0.756038452,1.8179661,1.54007012
0.0312555614,0.180076978,0.754964155,0.470607627,4.97059574,1.38134895
0.121707658,0.379608087,1.54597382,1.01287704,10.5110716,20.1533995
0.00582915397,0.0312712109,0.107794841,0.104904525,0.806584803,0.263600943
0.0207522864,0.183098036,0.507590488,1.04895033,6.18112333,2.46522808
0.0351866954,0.105972058,0.25122254,0.656220548,3.55345209,4.99585283
0.0660784882,0.246663808,0.752575042,0.819648075,5.29300168,3.57817476
0.0343230895,0.141645333,0.409513416,1.55412842,3.4709065,4.99573487
0.0530248434,0.149932338,0.647958004,1.09722392,6.47924774,7.71170823
0.123126522,0.742274795,2.31918176,6.1976724,14.1671979,17.2342085
0.0210758452,0.0330994534,0.213296584,0.236739573,1.56028009,0.707161396
0.0636584863,0.366753633,1.94633528,1.90911563,10.4899684,5.14695791
0.00443911631,0.0570588103,0.172640253,0.55314488,1.92174795,0.532702715
0.0515340085,0.158769695,0.737152093,1.12969891,8.7474723,1.52659943
0.0955320805,0.101932597,1.12124752,1.45035216,10.1362278,1.9502615
0.0160792958,0.180014136,0.675736485,0.779502235,1.41348453,3.09693881
0.241344895,0.919337754,2.09844029,7.66229017,21.8517371,9.00373722
0.0518207274,0.156553672,0.243620189,0.371288999,1.36525139,2.56103624
0.00526913578,0.0621240941,0.365093393,0.329362031,2.98774197,0.467594518
0.0400111059,0.249375512,0.596105606,0.6630759,2.17612979,3.26344123
0.0106243623,0.103621174,0.476831791,0.558852741,3.06810946,1.93046619
0.080058188,0.388700494,1.52685796,1.8175762,21.4733604,3.98691491
0.0865497254,0.218772349,0.722853894,0.993606749,5.15727507,2.27500762
0.012727575,0.0739165852,0.541126506,0.665638747,1.47055903,1.15627863
0.00782439326,0.0485841597,0.173898701,0.280043782,0.813388999,0.895919977
0.0392374164,0.086317946,1.15419504,0.999775365,8.79353204,10.3105095
0.106400252,0.138751509,0.414499403,0.420256197,9.6771725,1.41159742
0.0496284408,0.446436269,2.24270113,0.956915837,4.95191425,12.9839112
0.0156498395,0.0662821039,0.463692307,0.471060001,1.31211867,1.62692746
0.0321378067,0.3268037,0.406314313,0.998731597,4.57856175,3.50707973
0.0118580848,0.0782158235,0.228269041,0.11934824,1.17749624,0.746100542
0.0558400183,0.0979490925,0.650322124,0.919703633,7.83703547,5.67471198
0.0187975763,0.11001543,0.793590441,0.749700156,2.66452245,2.27373556
0.0111997329,0.0477141617,0.356104643,0.17825702,2.44047136,0.39361661
0.0465595454,0.169494465,0.931581361,0.587525335,5.2954788,4.18131393
0.0522163154,0.227294275,0.449846454,0.513259742,13.9158332,1.10104847
0.0671403202,0.172180209,2.61813615,0.543008414,7.59763375,7.17606986
0.0218874436,0.114168122,0.346400205,0.831644396,3.03887592,2.37054208
0.0492250167,0.107990034,0.362569339,0.498871883,2.03714578,1.32083401
0.109440694,0.427858185,1.69073711,1.77094315,22.6473928,1.96197904
0.0229314816,0.0446851582,0.336388034,0.42610406,4.09497362,1.89330827
0.0357983063,0.0699532151,0.461661026,0.725214179,5.05636205,2.14125592
0.0108156362,0.0824326244,0.347751279,0.562616747,3.46889492,2.57573088
0.0100494035,0.0537820673,0.164425396,0.304810968,2.13057595,0.407857966
0.00790451645,0.117780481,0.37057541,0.265045473,2.09684791,1.71970589
0.0796054085,0.129685793,0.682385852,0.930118002,9.97216245,4.35458976
0.0178015054,0.117313831,0.339591277,0.426115137,4.93676707,1.37985964
0.00490848477,0.0329567505,0.209384106,0.211716413,2.12814917,0.336372732
0.00826216968,0.0731110183,0.15611231,0.373018596,0.893889333,0.608431956
0.0305391785,0.0812855602,1.0428405,0.621467973,4.22802312,1.76041975
0.10290588,0.390249065,1.42833265,2.59725425,4.27170911,5.92817349
0.0360966001,0.132288453,0.439976978,0.444017918,1.45986583,3.57631687
0.0353555659,0.152433394,1.58055582,0.712407001,21.14211,6.23410616
0.218753152,1.12171725,2.18184128,2.28730382,20.2821966,7.64309634
0.0433387441,0.0359249517,0.181309388,0.348586033,0.746509044,0.529243548
0.0174064237,0.0342657825,0.219801718,0.205336459,1.5589369,0.955263086
0.273849645,0.978425787,3.59585909,3.57649202,32.2133291,11.9800125
0.0145814533,0.0292354871,0.189728468,0.403380468,2.04849041,1.44816857
0.0198771174,0.111015063,0.350937091,0.509142778,1.29346127,1.30783372
0.0300774838,0.126487147,0.461640208,0.27918902,1.92030721,0.952641364
0.0880359833,0.339472927,1.38628079,2.86862917,22.572749,13.5931381
0.0117821916,0.0399213243,0.214571393,0.414883639,1.20196873,1.5701661
0.21561512,0.741449771,1.31106813,2.84327083,22.9420083,5.92112113
0.0435709649,0.229506874,0.436545631,0.984943041,6.72596645,1.79231522
0.0191230318,0.14005483,0.829656896,0.742528847,3.99530678,2.40629159
0.0387501624,0.276210236,1.1639789,1.12496669,7.4103497,4.09195327
0.0279221799,0.120893987,1.01304192,0.744470458,3.25293004,2.84957842
0.119767303,1.2986813,2.60586183,5.43175969,103.848034,27.0236218
0.0794184225,0.370671487,1.09226254,3.90512635,7.43262825,2.97106604
0.035451498,0.144438493,1.04684774,0.600899101,12.3540106,5.6289843
0.0270430123,0.0433389414,0.292723938,0.365230162,3.89132205,1.44199678
0.0407990257,0.0654821675,0.399586422,0.527370094,2.18549556,2.16397689
0.0494902497,0.212470429,0.810136088,1.55718086,19.2446798,3.54047446
0.0200774473,0.127124257,0.595740867,0.508853824,1.66109051,1.6883492
0.0309524984,0.083221133,0.190302038,0.207392545,0.881325709,1.90266871
0.0242734035,0.100717624,1.28110076,0.815453715,7.62147169,2.09696754
0.0137292111,0.0622796324,0.264161562,0.421182175,0.972774833,1.95131167
0.047823432,0.122600335,0.777297049,0.921140052,4.67496914,1.32980672
0.0227125799,0.150428106,0.515164015,0.320246367,1.56185001,2.02303112
0.0679788047,0.127523629,1.2425653,1.45903673,13.8243585,5.17983337
0.443887023,1.83037059,4.63411639,2.97962414,23.7147724,23.7551945
0.0392862971,0.224636219,0.591505561,1.15077583,6.30724566,2.83088924
0.0160806394,0.0441785422,0.102678036,0.327054498,2.68231008,0.588613704
0.0224978735,0.0616206343,0.304659562,0.421285884,2.48938354,2.24445304
0.0719426804,0.120872294,1.03377056,0.670877559,3.30043487,1.76320446
0.0202462646,0.108273142,0.588965433,0.593726085,3.5527908,1.11410639
0.0268555025,0.158832627,0.962114675,0.721345909,2.23609284,3.29157203
0.0478494368,0.568313826,3.28332935,0.962786249,18.2360166,11.5798041
0.0341287052,0.205681111,0.869374909,1.48181041,14.6892653,3.85094257
0.108142025,0.669490662,1.50361216,5.34520212,12.6307653,7.98865766
0.00838333238,0.1457638,0.151047451,0.350826924,2.12451466,2.5799485
0.26124946,1.96885625,3.0653395,4.82457908,13.5053327,15.2774102
0.013477874,0.0807152936,0.343611442,0.42709873,1.63738434,0.814516281
0.00915042794,0.0213923944,0.0652059658,0.0758709217,0.554902261,0.580096299
0.0464358934,0.0920396529,0.633624333,0.405548087,8.73972855,6.07359057
0.0170482174,0.111064296,0.412926542,0.248589296,1.16039628,1.26373751
0.134911422,0.177125196,0.788772784,1.27582931,19.375473,1.35917126
0.582653227,0.885247079,2.68882712,3.31296551,20.2503858,15.3398955
0.0154016962,0.0344730804,0.18935282,0.314465909,3.67154268,0.705888444
0.083316146,0.294988772,1.78367534,1.79190535,17.4678199,10.4563803
0.045214266,0.145611696,0.570661898,0.334424992,4.96616489,1.74422304
0.0395180063,0.264241181,1.905871,0.876180143,7.4721956,7.39835443
0.0497286358,0.24431273,0.507468919,1.13292162,4.845655,3.13661946
0.0174160795,0.0265901419,0.363213613,0.40821794,2.43625398,1.10177937
0.00666492282,0.0159128029,0.0933493918,0.124669992,0.523182911,0.765474611
0.030843157,0.081919278,0.258078542,0.239387492,2.05166438,0.529747124
0.0136771744,0.0674607669,0.339260854,0.428834243,0.728092422,1.18707788
0.00977058936,0.0535869881,0.232161985,0.376960613,0.965683864,0.745143612
0.0274327726,0.152759564,0.691857731,1.0925666,14.5165649,7.71308241
0.0276350288,0.0752775027,0.302288475,0.660939748,3.30714571,2.05678187
0.0250393171,0.0532901157,0.173716186,0.326350655,3.00297218,0.659904619
0.0331037069,0.155738119,0.313526051,0.709024005,7.2254769,2.33443974
0.0416241034,0.0695727036,0.499340725,1.32538243,1.22043297,2.99552955
0.0377224637,0.285947709,1.36231797,0.698888464,2.62199713,1.8356738
0.0335657107,0.0820458261,0.510040563,0.930478997,9.66826062,3.91388436
0.0194943842,0.243621619,0.510077851,1.02761492,2.0635507,2.95515888
0.0643665365,0.328904642,2.00179403,3.09797608,10.2088448,11.0030237
0.0798257249,0.137754793,1.37779328,1.338437,25.4429182,4.17043304
0.0054512652,0.0839833043,0.236855765,0.318231345,4.73578696,1.04508993
0.0731522429,0.158915537,0.586695232,1.49604707,8.4334365,1.90938916
0.0748870664,0.445827171,0.958047664,1.29566272,20.3098786,3.32354438
0.0381034569,0.110706909,0.176699368,0.312275817,3.05544006,1.47189656
0.114787212,0.660698374,1.91686001,2.86010443,21.5278866,7.68978862
0.00853946502,0.0418997491,0.161467688,0.268622485,1.18844304,0.863076281
0.0217274623,0.0681223219,0.111335909,0.312920709,1.21732423,0.815146328
0.0208930314,0.300142819,0.637509587,0.76276819,3.42949123,1.69841486
0.101058825,1.0869019,4.09490926,5.6592791,16.5926642,8.97285798
0.014527883,0.181363128,0.342918655,0.405083519,3.15185546,0.878107948
0.0162273341,0.0714372671,0.473602957,0.620256546,5.99065112,2.47537939
0.0229935225,0.190424422,0.509393713,1.61633531,10.9101036,4.39098715
0.0313601733,0.222698125,0.617996376,0.690053464,4.48682837,0.745403556
0.0529513671,0.366268834,1.40638662,1.75609725,7.80330341,10.0448195
0.0458934965,0.172786089,0.679741526,0.921016263,2.46485682,2.45734112
0.0686340806,0.171836986,1.01796734,0.953474139,8.34507762,1.72536428
0.0824427796,0.244600969,0.569861266,1.33097836,7.23281151,3.64349299
0.0246161025,0.369259968,1.60976493,1.50078103,7.17741371,2.55925986
0.0204763652,0.0671241246,0.176756674,0.493753297,1.4925148,0.573732418
0.00807348402,0.0465616437,0.849196037,0.584849057,1.35709961,1.64438023
0.0234830588,0.206943736,0.520381686,0.759709692,8.09645524,3.48689908
0.0998213199,0.283736518,0.815284885,1.00427075,4.00200472,8.11340993
0.00326387748,0.0367451243,0.167137773,0.227681791,1.55433052,0.66037928
0.0278637682,0.0835839438,0.129989671,0.372876644,3.19345895,2.23693699
0.0133798419,0.103264477,0.432424046,0.928750919,3.22434166,2.29058377
0.00386740172,0.040459689,0.0945107397,0.316472522,0.993329715,0.661659346
0.0515131662,0.347044554,0.752509104,0.677568091,2.33606102,1.76197046
0.0342425703,0.0797966362,0.624415827,0.450158401,2.71794081,1.58668344
0.0327283428,0.383695707,1.08701316,1.63821027,3.60846107,5.0880682
0.0446635611,0.417339563,0.72886536,1.03482568,3.58791864,3.93656321
0.0222297521,0.0508290093,0.51024844,0.205036386,1.4833743,1.2543516
0.0207301461,0.0773782425,0.225815986,0.361549279,1.50733999,0.806677421
0.0385253791,0.179978173,0.747513218,0.811554021,5.85728841,1.65752668
0.0178954617,0.0758995137,0.408695483,0.326920861,1.17760896,1.91590356
0.0384714568,0.141925703,1.33312,0.823017253,7.75924963,1.36870689
0.0338776925,0.184325327,0.678443144,1.23309601,3.40479929,3.3232923
0.0482890252,0.282909849,0.77989453,1.64779201,11.8751051,10.1946051
0.0544765539,0.374945228,1.08879974,1.96400392,7.85231158,3.38662168
0.00526372697,0.0228689047,0.520635055,0.37628329,1.24824159,0.63993914
0.0212333978,0.064337129,0.461421722,0.381246857,2.45688258,1.31743119
0.0111039836,0.0696817718,0.120989656,0.24120952,1.08782031,0.276489912
0.0225860461,0.0880185093,0.310531648,0.476273665,1.1971505,1.16645346
0.022383385,0.121114534,0.46153784,0.286511,1.48043984,1.07572142
0.148293624,0.546656221,1.65905198,2.13471627,14.6981207,15.9160373
0.0347367909,0.093252465,0.305391132,0.476573625,2.6310692,1.81269047
0.0213752708,0.157937059,1.43112849,0.700980968,3.67299395,0.763689777
0.0318691216,0.119047069,0.371625241,0.301437023,3.27932425,0.884741112
0.0499308179,0.287036407,0.71676523,1.37231704,7.82867047,3.31309031
0.0119816521,0.0828320174,0.25410065,0.368240542,2.07488794,0.940589544
0.180643458,1.60612792,2.40330846,4.05758941,15.689308,8.12720997
0.0461467985,0.381988621,0.975220113,1.13857887,6.72079549,4.82407499
0.0301127967,0.247763354,0.684499771,0.691544049,6.54928418,5.53465051
0.00454798959,0.029973507,0.120953621,0.0901675711,0.812598828,0.21809383
0.0148327404,0.063945149,0.161853649,0.186299174,5.62856284,0.9020239
0.0960253938,0.41416073,1.13103387,2.56666007,24.1278261,4.25250858
0.0117534092,0.170931524,0.963909182,0.299065348,1.70979935,0.810343614
0.170612328,0.427914633,1.99376906,1.4646529,14.7957372,12.3910876
0.0193515694,0.118354238,1.2093818,0.685289719,2.2984952,0.521658885
0.111181675,0.170317581,0.581486985,0.812194819,10.4071073,5.32702824
0.00372579777,0.0321710506,0.179493999,0.183411863,0.392783787,1.47350808
0.0211155822,0.226285152,0.568772383,1.32517357,3.73227825,2.1438517
0.00278182308,0.0128344812,0.0597868744,0.0331275127,0.579381506,0.114629816
0.00658161314,0.0369622914,0.207937629,0.253015995,1.49591647,1.91681482
0.0243317845,0.107076215,0.467830882,0.641569098,2.77067164,0.933718011
0.029307017,0.184578405,0.446537665,0.893435005,4.88598936,2.58724436
0.0552656797,0.0686727709,1.10803817,0.708298809,5.06907861,1.73099807
0.146288934,0.248314555,1.32682778,1.45126273,25.5800079,8.50548101
0.0386222093,0.13442644,0.580834937,1.26473538,13.5906676,2.13755281
0.0282877474,0.190076774,0.573620005,0.887607634,10.0041288,3.40188486
0.0218084075,0.075726226,0.230504593,0.381134426,2.36835021,0.944471156
0.0790873803,0.342741266,0.69799675,2.21294905,16.6160216,4.52411751
0.025784908,0.185170611,0.53613322,0.755481455,4.28275454,1.52558052
0.0445199719,0.0998388342,0.285869783,0.580323862,1.56458759,0.973477831
0.019835573,0.142895587,0.733216718,0.74799123,5.79162498,2.27189444
0.0539563214,0.276900849,0.944483985,0.504260182,5.27366884,2.61056823
0.00545981187,0.0262651089,0.187043373,0.297270606,0.469705983,0.235533979
0.0157569709,0.038229671,0.197258788,0.13655184,1.16028905,0.876596022
0.0166730633,0.149154104,0.578168984,1.39867092,6.9954621,3.29730472
0.0139770803,0.124579289,0.467889218,0.966781293,2.66369332,6.94773356
0.0171264999,0.0408926018,0.283273366,0.172193076,1.37508155,0.721216791
0.032369492,0.19792029,1.01510557,1.04423186,4.73395903,5.4998158
0.00594794621,0.0184498993,0.248948852,0.130019797,1.01936979,0.232615975
0.0324121825,0.0994549586,0.173009673,0.446837331,2.78935927,1.32762745
0.00474748162,0.103790845,0.283835835,0.254772327,0.821190364,2.60468736
0.0251459869,0.116484143,0.235788533,1.31556,2.69038297,2.44453616
0.0284524552,0.125189227,0.292088028,0.397640481,5.4639183,3.21542807
0.0109443233,0.0303778712,0.103814422,0.0837506716,0.83009268,1.13322358
0.010733426,0.0611083035,0.301410008,0.317305573,3.32628535,1.33280034
0.0496627635,0.118156767,0.540824863,0.49006437,6.88337239,1.5619688
0.0639617902,0.706002302,1.38036669,1.39403467,8.49773078,12.5966693
0.0358508102,0.312409475,1.72838844,1.76853314,9.32072371,5.44053111
0.0382981869,0.148721005,0.852732178,0.704886839,5.11444999,5.04173185
0.0193861681,0.0545266197,0.277779938,1.01783545,3.23235368,0.842198039
0.00744097306,0.073610746,0.197508344,0.226754988,3.10842256,1.38557788
0.0611395841,0.14036006,0.438759643,0.595334354,3.95108173,1.05195637
0.0189018611,0.0807473978,0.30233793,0.472255343,3.10280495,1.51448628
0.0107173891,0.0458272302,0.246171628,0.123444092,1.72293855,0.631421026
0.0524250451,0.072384151,0.814999137,0.53699891,6.36447006,1.43887329
0.0067792984,0.0646580405,0.250810159,0.208905151,0.459621156,0.939482645
0.0453664585,0.271910048,0.778013551,1.54641834,5.66683203,2.88736664
0.0342452181,0.21670048,0.912421318,0.712153395,3.58495439,4.40256032
0.00649772972,0.0186475666,0.0606702991,0.111450889,0.758978795,0.249740685
0.0708599057,0.383600629,0.905952869,1.79413473,8.66863141,3.3540402
0.0184456236,0.034635854,0.176093018,0.192078777,1.11412156,0.353927323
0.0241142982,0.0776728351,0.322751264,0.493680563,1.42434645,1.61281294
0.00362549664,0.0696674895,0.352085003,0.259220165,3.79350339,2.42810217
0.0319682377,0.192951035,0.596564723,0.369815566,3.28948875,1.68850697
0.0305948357,0.11205742,0.420578559,0.437165867,4.41612114,1.51216909
0.00652397889,0.0585334835,0.116683223,0.275845584,2.03959971,0.853255112
0.135964996,0.342148102,3.10430006,2.75400128,32.1512092,8.23299529
0.0150939339,0.0589919122,0.370497617,0.609831133,3.35109485,0.724799042
0.0157417108,0.0674396489,0.284532087,0.273213207,6.8043568,2.00705747
0.0740555539,0.288470384,1.29727786,2.01539683,7.39365689,5.34125694
0.0353079054,0.145715471,0.604827203,0.867924424,4.16066046,4.02830533
0.198672232,1.18937959,3.4938282,8.91697142,19.7174152,9.73134728
0.0153916403,0.0581475008,0.126573654,0.333883422,1.20898602,1.30897069
0.0602249919,0.250562052,1.79411203,0.922311987,3.63954415,7.11076755
0.0108973812,0.117165199,0.444298342,0.428068251,3.22377154,0.989039
0.0755833036,0.305461849,1.93655546,1.04343704,16.4807491,3.92584205
0.012326341,0.0415100757,0.273321514,0.231022213,1.92230926,2.61067003
0.0139659245,0.0859429925,0.288735617,0.498042784,2.59649208,2.15380038
0.194937377,0.722862849,3.00601364,2.45641958,60.6442203,10.6876311
0.0249303644,0.0950203751,0.480732616,0.530485822,1.89588668,2.16672593
0.156627515,0.710795397,3.59060313,3.20702384,15.8993609,6.81598598
0.0241716653,0.032873514,0.217589211,0.262256182,2.66184404,1.06507693
0.0136025188,0.0910884052,0.399853859,0.698042817,5.51952685,1.44132722
0.0536879437,0.201081226,0.819576715,0.650892257,2.26912331,7.83103757
0.0398167352,0.209012301,0.757437511,1.04078211,8.55559831,5.19646847
0.0641790801,0.20430321,1.0075669,1.22907227,6.71371471,5.01125756
0.0208931007,0.049800068,0.140111164,0.186063886,1.76087309,1.56376914
0.0143047586,0.195028625,0.909774164,0.550628501,6.03636048,4.14096739
0.0468616334,0.111848775,0.989685875,0.925276173,3.51201578,2.20975233
0.03123233,0.157167263,0.853504805,0.704602704,8.1708289,3.51323002
0.0114063001,0.0463563997,0.20480147,0.239037568,0.96941874,0.69894595
0.039585476,0.198789832,0.682194352,0.529500038,5.97499469,4.16876029
0.111330732,0.280260815,1.41117858,1.28482635,22.916056,6.30613206
0.126499427,0.598466088,2.58367555,3.25475617,65.5806194,20.1355417
0.102061127,0.177194387,1.17276453,1.28064349,12.8066624,3.28220345
0.091178414,0.320493566,1.24141618,1.15021436,7.9194267,2.40158976
0.0194225176,0.0643672004,0.209878479,0.325410551,0.635396705,0.755340465
0.0559546058,0.117225383,0.668121295,0.598002064,1.35586189,2.87630789
0.0145715066,0.0518493372,0.24091662,0.259184977,1.72732929,0.546314034
0.0257831928,0.325306281,0.693188109,1.05022855,3.90749514,7.48320077
0.0641573408,0.325505235,0.65754532,1.00167003,10.4398432,1.43534969
0.0191281782,0.1036696,0.172570146,0.469044688,1.11163541,1.62454722
0.0106669826,0.0368801128,0.189202543,0.166577556,1.40715116,0.639870782
0.0953637192,0.590198904,1.66130331,0.850134697,8.56352706,8.40535441
0.0243096049,0.0602535554,0.223332577,0.490966819,0.911718149,2.32707138
0.0325518137,0.182444161,0.398666358,0.528418706,3.92926162,2.48894073
0.0212174066,0.0422303713,0.264229964,0.306643791,4.02301304,1.20532361
0.0226273308,0.0770927854,0.206642531,0.203481565,2.73847666,0.813832273
0.038643623,0.291642826,0.944284294,2.23794912,6.83296859,7.73670468
0.0157209821,0.105392379,0.245986642,0.142554964,1.11795736,0.501691987
0.00819688545,0.113962983,0.520417035,0.331758854,2.84262641,2.34563956
0.0311678301,0.259991794,0.806721387,1.04458017,6.77871855,2.48493252
0.00408558781,0.0517025157,0.185423581,0.234985551,0.988087708,0.779669392
0.0763275897,0.502796169,0.834041169,1.69615427,12.3809564,2.93930403
0.00871335799,0.0507977773,0.099513127,0.179489228,0.951797252,0.984781083
0.0317468518,0.28739719,1.2705408,2.17647016,8.45464304,8.56288678
0.0194310774,0.230312276,0.54805424,1.05345285,10.1371182,2.36216364
0.0513609155,0.614972435,1.06777812,2.44596367,17.9777493,3.44348933
0.0273699853,0.1001392,0.105071778,0.243035845,1.70093623,0.493202848
0.027834183,0.318744188,0.623334019,0.577613171,3.45956986,1.91147373
0.0163156487,0.108929439,0.833013266,0.307892027,2.05754981,0.900938454
0.00741352223,0.0371766509,0.0925906107,0.227002415,2.24557173,0.593896605
0.0462149435,0.364334729,0.756026234,1.2293251,16.9401255,8.00722858
0.0202556265,0.0413528594,0.525546898,0.335722748,3.53920801,1.30526375
0.0153482322,0.231891553,0.459030407,0.519651827,13.2011602,2.68272596
0.0462219596,0.102351594,0.555834219,0.93574437,6.5976562,1.40115398
0.0371750152,0.201372535,1.96706106,1.3575032,8.18937766,3.24211282
0.0186663789,0.10480353,0.39033011,0.338011329,2.31337481,0.477547926
0.0760222949,0.279700029,1.0929013,1.08294201,4.59484684,2.6294451
0.0106001304,0.132605754,0.621782256,0.771091765,2.85894785,1.55971046
0.00419472319,0.0297315684,0.0301812566,0.152600335,0.433287845,0.479887342
0.0152976251,0.157834407,0.856318598,1.48206546,6.83787108,2.15404609
0.0314684815,0.0913246599,0.480791419,0.955090002,6.21389332,1.35149858
0.0149683358,0.095917707,0.358387606,0.31644208,3.73451162,2.22681449
0.0524896056,0.199309426,1.67915853,1.50893508,7.99760101,1.39153435
0.094383323,0.392476123,2.38082996,1.87229894,5.45217153,4.68239976
0.00808729865,0.0373406899,0.225074223,0.207908023,1.20053813,0.958400429
0.00713896669,0.0433266514,0.146890985,0.193175402,2.21860844,0.636045954
0.0320910409,0.125016402,0.497750354,1.38598289,4.87825932,2.83630192
0.049119297,0.165905537,1.08303042,0.991644526,12.1321481,3.09146488
0.0456273637,0.271484897,1.12617769,1.35556313,17.9838403,3.37368064
0.014525561,0.0517118172,0.263768781,0.274762998,1.51534,1.44198874
0.0166877018,0.0568602621,0.613689189,0.335472456,3.65670644,1.00300205
0.0154761782,0.0809578943,0.213823187,0.217502874,3.02925177,1.60648825
0.00957064577,0.0581259239,0.214840669,0.177510062,1.30872681,0.656512365
0.0500422953,0.107679132,1.52888883,1.15366395,13.896747,3.26813242
0.0528700264,0.133881057,0.661622882,0.808153286,7.20607644,1.94293869
0.0202712842,0.0990476683,0.369066423,0.569898487,2.19191777,0.718788653
0.0395654019,0.176359783,0.605053164,0.41611191,5.71166006,3.60149997
0.0643284649,0.199507761,0.635511817,0.47007621,5.46695856,3.56214883
0.0190166196,0.167093376,0.588491002,0.507396713,3.37065667,2.11444887
0.0592315578,0.258193015,0.666103644,0.739979692,3.9938475,3.34954606
0.0156507795,0.0884389418,0.385073378,0.505935702,2.34021205,0.643155661
0.0256714186,0.096430708,0.684024915,0.443133249,3.49140966,2.16638746
0.0194174508,0.129675433,0.62896837,0.896833977,4.59700736,1.74204366
0.0448246515,0.036190283,0.337439364,0.282545806,2.07379661,0.853680301
0.0202610485,0.0642773813,0.265743131,0.956411524,3.03971558,1.21242958
0.1474981,0.834109518,1.88629381,4.53106224,8.49781672,7.71269922
0.0339636113,0.218158832,0.597298846,2.2687824,11.3757745,6.54058995
0.0196198551,0.0538495908,0.212538693,0.158543952,2.62714712,0.631092483
0.0439742601,0.101634168,0.60320653,0.474574883,2.31660355,3.90144488
0.00866255858,0.114384209,0.266421524,0.270363989,1.27339201,0.428842638
0.00514656641,0.016790796,0.151295786,0.109664899,1.92770857,0.736381711
0.0089935568,0.085075566,0.226730236,0.456696066,1.60860501,1.61025643
0.0306474841,0.20243644,1.21614713,1.60928716,21.410457,4.44413146
0.0310613222,0.101591253,0.621232682,0.379214213,4.86971266,1.40532845
0.00522199225,0.0227162155,0.0976874477,0.101720268,0.952814869,0.304426889
0.0177757152,0.146734445,0.220843719,0.431835098,5.45526008,0.764894574
0.0835928195,0.267686198,0.508484055,0.916489499,9.07466313,5.16051772
0.146209178,0.223683059,0.657342794,0.5614299,14.7640741,4.16275224
0.12592968,0.746138079,2.02500183,0.967445029,25.9822664,9.13151006
0.0270661837,0.0773642529,0.306885916,0.408201728,3.10959908,0.6917202
0.0184584511,0.145741239,0.344193483,0.513134062,1.5495099,2.62100746
0.161887314,0.499216351,2.44954652,4.33169165,10.2803894,11.1801956
0.118218355,0.299351262,1.34207385,1.56929524,10.3513449,5.58714007
0.0340842902,0.375816407,1.25533743,1.08920135,3.71571969,4.84592167
0.00994652706,0.178398265,0.305936134,0.283395589,0.812155217,0.606132451
0.00954409175,0.100573027,0.493013947,0.246643675,2.83681889,0.689381375
0.00372474632,0.0315980043,0.135269335,0.278533971,3.64126441,0.713803773
0.0549333079,0.11857032,1.01228416,0.866635551,5.48491921,2.80349533
0.0319324459,0.059648427,0.381549447,0.274170866,4.19055672,1.64976358
0.0301282934,0.112907374,0.679276009,0.47290503,13.7737928,1.9124877
0.0310083456,0.181770059,0.683862009,0.663034753,2.86363113,1.69846775
0.096562017,0.268832821,0.881728178,2.58226653,8.74516581,7.99948214
0.0125724503,0.114375924,0.605000983,0.316970998,4.72265606,1.37264877
0.0688775391,0.136624942,0.703235028,0.628191048,2.59104625,2.47758644
0.0213825132,0.0904395216,0.563529367,0.96231258,2.38915529,1.612452
0.00309406367,0.0341831609,0.196308404,0.186172212,0.3922853,0.386342054
0.157315942,0.393317568,1.50665309,1.93311031,7.09160103,3.93449843
0.0482817116,0.311459671,0.522451836,1.22151032,7.04761169,5.53192014
0.01214987,0.0583389118,0.323490481,0.137296099,0.825706518,1.11876449
0.00866469812,0.0815221274,0.453928416,0.879550856,2.52625665,2.29388416
0.0402999406,0.164997726,0.921370491,1.37337065,3.75933659,15.1796152
0.0411896165,0.108039255,0.45935009,1.03606965,4.25504,3.19962597
0.0277234018,0.14597164,0.413648474,0.610038326,4.69411208,1.77379459
0.00860776529,0.0547980237,0.145371973,0.285290197,4.05507136,0.561745219
0.0207974218,0.0517133236,0.370151672,0.371244151,3.91187035,0.87194324
0.0246018063,0.129545919,0.387974005,0.583093617,3.62819558,3.09976484
0.00615106449,0.0169392949,0.101419347,0.104631088,0.395659521,0.445608344
0.0751558528,0.216406181,0.668843538,2.36459771,8.22117358,2.89628125
0.020519368,0.0962230808,1.05904806,1.33243691,6.04729499,2.06095995
0.0818261456,0.353602375,1.80447793,1.37754572,7.11903752,4.49049335
0.0178291079,0.13496531,0.520634857,0.667512278,5.09834816,1.33787887
0.0149327172,0.163702602,0.405486152,0.794033167,5.54703308,1.19525274
0.0204791196,0.117563072,0.299556028,0.431513979,1.75519432,1.60257421
0.00769252435,0.0140523273,0.118180927,0.176814075,0.519714042,0.555661756
0.00878336166,0.137474185,0.289394545,0.364428496,2.85552783,0.789080641
0.0486306785,0.196032099,1.15475885,0.849197108,9.43665563,2.41919395
0.0730773111,0.182391694,0.928684902,1.33199089,9.16445423,1.07918602
0.134482127,0.285070434,0.888400298,2.06037163,4.26267022,8.02209716
0.0179293852,0.146966815,1.12952021,1.05987904,3.0501419,3.99688725
0.0248821279,0.328962506,1.3639681,0.83169495,8.16197133,7.34648858
0.0228312252,0.123861952,1.07441909,0.283608603,1.49005797,2.52183899
0.310090376,0.484055861,2.70919568,1.48385111,12.0514484,14.2606177
0.0298446785,0.167252661,0.276669036,0.564168047,4.45583507,0.54900029
0.0851786912,0.578402225,0.717346704,3.39948952,9.61431223,6.63890521
0.0562516066,0.313217552,0.445864639,0.491271543,8.98737274,2.15639107
0.012794421,0.0625153638,0.348024933,0.525790566,2.0992386,0.899080433
0.0361918386,0.132492781,1.787027,1.13499464,14.585048,2.78376328
0.0528331026,0.354876107,1.15678385,0.975473474,6.73744828,4.63645664
0.0203463662,0.0399768361,0.540190091,0.502232216,4.58070907,1.22006942
0.0190311319,0.0497095059,0.32721794,0.239392909,4.05001421,0.764932485
0.00242843708,0.025316792,0.17218126,0.0969813932,0.567395972,0.356570482
0.0559379728,0.200654359,1.59198678,0.819286529,7.31703271,2.94084461
0.0389377831,0.0875555616,0.909423652,1.57602412,12.4986466,2.68361927
0.0123565549,0.0224535572,0.112917921,0.173950202,0.850083499,0.654656376
0.0302634595,0.0532105512,0.10792122,0.198943208,1.48399135,0.860774708
0.0719597425,1.14897504,3.58947771,2.06881635,15.5793382,4.42070133
0.0154698187,0.0560992327,0.254019308,0.302856193,0.678398892,1.86965433
0.126039059,0.396414894,1.20543327,0.780727171,19.2057191,3.55208251
0.0278248294,0.30791692,0.295495689,0.522306239,3.16977939,2.65693965
0.01138892,0.0782471184,0.396061167,0.330221509,1.65075051,1.56053716
0.0545113104,0.0988340455,0.367068258,0.344819208,2.81794088,0.903870273
0.0516119275,0.322150325,1.10667664,1.3598931,10.4704939,4.42497264
0.0206439461,0.117902437,0.454072705,0.695408303,3.8761248,3.77063673
0.0349497246,0.172702449,0.627266413,1.25273547,4.06388966,2.91201801
0.012385541,0.0551985982,0.409118669,0.354920997,2.26967477,0.94168247
0.154419757,0.282682035,1.28064173,1.81996597,19.6702795,5.45826274
0.00977038641,0.145804488,0.298821329,0.573738084,1.43906645,0.736058267
0.057243193,0.316023218,1.27208541,2.30146801,7.27027021,4.01391498
0.0407252149,0.28886719,0.963414006,0.856008705,10.1772869,6.51280077
0.0193957469,0.108341058,0.527243489,0.770238517,3.93723303,4.12991569
0.0304753345,0.17002342,0.509867656,0.89470751,3.5740491,4.37126486
0.0463509219,0.109902809,0.65523612,0.654941803,4.143317,3.13237358
0.00807875329,0.0400049305,0.28136314,0.151887843,0.789576797,0.449830029
0.0619665913,0.22625712,1.01999629,0.703946234,3.46379357,4.64868036
0.103610821,0.553549979,1.53936946,4.92686978,9.47120652,5.13992162
0.0385853744,0.273309656,1.25784373,1.25111405,9.29708924,6.19337766
0.111970079,0.312937904,1.29591664,1.14070277,11.8208805,5.96748064
0.0493427892,0.352819148,1.75896937,1.70516951,14.2316345,9.78454957
0.204151306,1.72504432,6.11983374,5.57432489,31.5607132,28.0854294
0.0978384503,0.341465776,1.14405355,1.16591441,5.97059354,3.87826799
0.0122118249,0.0686090184,0.262531586,0.514369633,3.11894731,0.58652215
0.0273492051,0.148916764,0.466578265,0.569936684,3.47927935,1.59535796
0.0153481551,0.1103535,0.355662693,0.184889084,0.816996363,0.553306138
0.0136052841,0.0743033724,0.186018771,0.224665696,1.98462431,0.696738827
0.0455453506,0.0611906005,0.42669081,0.881242628,5.51377086,0.507166012
0.224561423,0.438515949,2.3576609,4.19233891,18.3362445,12.6067833
0.0492893728,0.35178653,1.11882629,1.1817859,7.86757755,1.84069505
0.0145706083,0.112069036,0.328330243,0.347431429,4.32129537,0.702917299
0.0119060785,0.042788289,0.235681224,0.211948861,2.40847428,0.459046014
0.0506843145,0.148182326,0.737994639,0.87923381,6.54815025,5.17530292
0.0810328558,0.524806833,1.2486921,1.97298673,6.06117617,5.66178657
0.0138727019,0.0497736775,0.310090615,0.400435807,0.988861886,0.66454521
0.196246967,0.302884856,1.58023937,2.78217746,6.35704688,3.46164906
0.0295626825,0.0935188085,0.458211247,0.316174377,4.02978875,2.26949895
0.0984626981,1.21507871,7.01090265,2.9008711,39.9795747,10.0819916
0.0174143032,0.0508005195,0.168617631,0.195445904,3.1345916,1.23154936
0.0269870484,0.118265278,0.540047446,0.679183802,2.11321213,4.35988643
0.0417813616,0.095786081,0.386160934,0.483058332,4.97937113,1.87648023
0.00608506939,0.0556899011,0.242987588,0.12408317,1.41554894,0.298737952
0.0408947241,0.159454872,1.1071355,0.871795021,7.81173748,5.21539134
0.0920025035,0.272137101,2.22163467,1.66078835,15.6963088,8.22459832
0.048332769,0.285810007,0.497511082,0.707052421,7.34561041,2.08384969
0.0156299543,0.112026002,0.481670198,0.443359597,5.0151362,1.2501602
0.0115677215,0.0950674314,0.155614345,0.188542897,4.80329581,1.11677912
0.0372896472,0.238561747,0.642535379,0.480770405,2.00720792,2.50900566
0.0106049238,0.0931532567,0.523420415,1.0783166,6.31683839,4.68121061
0.0263241681,0.119245788,0.503648103,0.845857376,3.45665868,6.43185597
0.0223222378,0.108465199,0.450905518,0.590898775,1.86575226,1.2072398
0.0158457904,0.051046256,0.20498113,0.151237165,1.14084492,0.973835803
0.0216193978,0.0672414744,0.4408512,0.359297294,4.97250272,1.6704573
0.126692245,0.279079249,1.27799703,3.32555296,15.0315703,3.03508601
0.0111238378,0.0681136238,0.2051872,0.336173465,2.41047608,1.29617888
0.0553276086,0.249521585,0.630014724,0.522658224,3.35379399,3.5695824
0.0358391713,0.238005972,0.6465598,2.1661417,9.26756703,2.01027393
0.0092379772,0.0506285578,0.298402423,0.277431475,1.83910513,1.49933369
0.0388815005,0.0687393581,0.532110314,0.99167179,2.04816423,3.4174521
0.0244916751,0.0832637598,0.145570988,0.273673465,2.73700045,1.33614037
0.0796031057,0.435988171,1.98230197,1.79413721,11.5606502,4.60891627
0.0560050473,0.101813151,0.916383608,0.567497729,5.46092652,2.48632755
0.0386160207,0.050345952,0.348606113,0.494553739,7.08209488,0.945281645
0.0335313608,0.232462537,0.512210675,0.641426978,5.33569497,4.11577977
0.0384875904,0.235094521,1.12325692,1.34376728,7.74845607,6.10562361
0.0403841728,0.11052788,0.271787408,0.572988985,4.88141212,1.10045736
0.010478638,0.0499083785,0.157163571,0.17432688,2.35091809,0.427597215
0.0182179626,0.135618882,0.765412993,1.35631592,7.76352919,4.09917471
0.0220118565,0.127839934,0.270401798,0.849556983,8.87540875,2.34853897
0.0617070364,0.423619125,1.34533662,1.08615794,6.70096126,2.65957279
0.0245429174,0.15825235,1.85072873,1.10688596,10.306564,2.50330728
0.0231503076,0.0774673285,0.668316383,0.428306636,4.04867006,2.20242466
0.0694928769,0.122062805,1.35828962,2.78284242,5.45094661,2.2596956
0.0796718894,0.13838213,0.798225106,2.23005942,11.6857379,7.04766365
0.0576287936,0.153158869,0.549821655,0.996572159,2.58951346,1.58747282
0.0287252733,0.169384202,0.753131143,0.381253635,3.92802045,1.89247994
0.0163591854,0.0541188777,0.426817598,0.429671119,1.14395984,2.081942
0.0243872918,0.138134117,0.676772847,1.14549538,2.53890698,2.05927812
0.0222757237,0.174834743,0.38168193,0.510475099,9.96961755,3.18055368
0.0173907294,0.083128989,0.656519276,0.571223909,0.859628248,0.672995475
0.012925945,0.10945356,0.424176938,0.60578754,3.86614958,2.34876722
0.188351663,0.179421896,1.24154927,2.16211461,2.71621448,4.50461526
0.0213745583,0.06248488,0.478917286,0.489116568,0.900248604,1.99525862
0.0361441463,0.12880116,0.757293019,0.270181971,4.57916774,1.7838004
0.0171662834,0.061076171,0.324191515,0.498220104,2.55948845,1.27969706
0.00992405172,0.0852616639,0.226424007,0.374918018,2.99345547,1.17996455
0.0198540752,0.177182538,0.488986841,1.07014279,5.63949363,1.36279742
0.0136565879,0.0658490666,0.121271593,0.27868475,5.87188113,0.821900308
0.0795331664,0.212369864,1.3369201,1.64723563,8.17227319,2.15320343
0.0640345357,0.338036011,0.872647625,2.25051632,10.5391012,9.92808083
0.00549059543,0.0391338293,0.283200547,0.225768105,1.27473428,0.701653753
0.0249363798,0.133375468,0.472374926,0.908938892,4.25204901,3.63087631
0.0549838147,0.133479423,0.555061518,0.716333292,4.56649401,5.34116694
0.00339959752,0.0165475932,0.0782122928,0.119500463,2.78214625,0.268811632
0.0120320449,0.0536788004,0.114985537,0.256467506,1.10464632,2.12320334
0.0615995001,0.197191195,1.701875,1.45678363,3.45661507,3.17617748
0.0192442297,0.0409442884,0.220247114,0.188963552,3.02399,1.43374551
0.0840265899,1.01576413,2.27297691,1.07190194,14.3269846,5.38901699
0.00500671035,0.0255521101,0.0898537598,0.0800584992,0.451616745,0.675479783
0.107852614,0.348412648,3.25953051,3.48613006,12.3609741,9.71427233
0.0150660195,0.0344110838,0.130687902,0.113772889,0.817505265,0.870254791
0.0254475637,0.127865329,1.25260623,1.35367272,6.96971844,2.49055859
0.0185549126,0.236629844,0.828421211,1.6504567,9.46408149,14.247065
0.0442754297,0.14745316,0.39908306,0.647626296,2.347373,2.16588558
0.0387343552,0.200596843,0.960349064,0.838609315,11.4943033,3.88037152
0.00332569203,0.0326809823,0.148369575,0.12374803,1.34871765,0.222418706
0.0462885122,0.12566091,0.603468968,0.724162531,7.75244957,3.08244259
0.0344957166,0.327063198,1.24519972,1.28746986,3.50954959,2.60337407
0.0648693639,0.186108675,0.77844892,0.925371745,4.93669266,2.46453249
0.0173522968,0.0909220365,0.477368165,0.517063167,2.68967859,3.33274042
0.233692284,0.719118506,2.49976221,3.86853495,13.0123279,15.0545803
0.0182300777,0.0725234907,0.163068114,0.246843781,1.44498046,1.06213706
0.0228089785,0.0595552959,0.303007741,1.13437904,2.21448228,2.29112905
0.011990215,0.209570725,0.456091437,1.01974574,3.15776996,2.61425725
0.0381973397,0.307664664,3.00482069,1.24673375,19.5792355,6.77457752
0.0176314014,0.0876314847,0.605216801,1.03401461,4.44635931,4.24879687
0.0295045118,0.174099079,0.821789795,1.78486319,10.2890992,2.95148947
0.0660602041,0.267671833,1.349045,1.38863189,13.0680148,7.9934185
0.0575350358,0.264014243,0.610977635,1.1299144,3.67148183,1.27464896
0.0266249788,0.06108215,0.194905144,0.44126898,2.0586698,0.831952229
0.0696235408,0.233485634,0.708816814,0.529090905,3.76522887,6.69981642
0.00641593314,0.122699838,0.573066823,0.583683488,3.20742538,0.754357767
0.0503435992,0.23505243,1.23663875,1.49145141,7.68581088,4.24649233
0.0353841455,0.404559689,1.04633515,1.24513264,11.8456003,8.4574207
0.0275524152,0.198237838,0.426302161,0.732483289,2.13749205,2.02775792
0.0712941036,0.208929679,0.601130826,0.610982524,13.0959176,1.86420195
0.0295053354,0.0926197353,0.239335515,0.522152966,3.34236396,1.2379197
0.0977780043,0.344986548,2.1208009,1.46418299,6.35018575,1.52039728
0.00522285334,0.0415705604,0.233062136,0.20980727,1.00129107,0.536643059
0.00982484767,0.0437274256,0.197486322,0.145534314,0.42305972,0.817718619
0.0157068834,0.044211962,0.222354228,0.168088244,1.44117747,1.11367163
0.0300861235,0.0974979489,0.397754133,0.767477451,2.75032429,5.01254139
0.0512438266,0.138320889,0.457024752,0.54172349,4.35656018,2.11731681
0.0385777051,0.118509029,0.65563813,0.460418334,6.58129004,1.78581049
0.0185037633,0.100678128,0.225990542,0.359817461,2.03001293,1.68955227
0.0179974933,0.0717011701,0.53911977,0.861549437,6.92616879,4.00226741
0.132057591,1.10076785,0.686610465,1.04885964,12.2578256,4.21788877
0.0250493289,0.189672949,0.437484234,0.488249768,7.59333126,1.24263901
0.0114179235,0.0239755552,0.0644403166,0.115485385,1.39837954,0.348819613
0.00762075128,0.0785043178,0.20771653,0.213689929,0.820090926,0.754596246
0.0458437816,0.254815188,0.385749442,0.717990514,2.07599074,2.82065683
0.130255809,0.218573889,0.781364441,1.53235997,7.18866119,3.99949242
0.0227916728,0.549789846,2.35467512,2.81657508,13.7250622,7.61886623
0.00488282683,0.0099918337,0.0299626049,0.0332674385,0.34219963,0.138077655
0.0129299842,0.100003959,0.457183586,0.381187705,1.86827069,2.52351659
0.0202760489,0.0448249534,0.679879401,0.436803608,7.58198903,1.61471808
0.102395478,0.499355745,0.991506067,2.75515015,10.0108251,9.20874307
0.0146265717,0.197086338,0.856013106,0.62744329,17.9175117,4.59479107
0.0133396881,0.101753685,0.361149601,0.916230061,2.31400368,1.08440076
0.0333681418,0.156916523,0.279019505,0.731607568,6.54790108,2.64074392
0.0213241846,0.0357790001,0.316206423,0.338063327,1.08488615,0.500140147
0.0378453187,0.045429965,0.29283754,0.397939513,1.13053622,1.88939209
0.00563701655,0.026007197,0.0615983127,0.180669119,0.549919877,0.739962241
0.143357268,0.378998909,1.75002197,3.27094533,25.8289483,9.85275053
0.0143436335,0.0835565166,0.309646765,0.420239356,3.82419529,0.933585487
0.0536252519,0.178348215,1.42197972,1.31257789,20.1790447,4.64505862
0.0219392285,0.109845216,0.658484405,0.664387077,6.69470727,3.80935443
0.0286251115,0.0402220956,0.268943542,0.170787001,2.44790274,0.773767223
0.0285386544,0.0428404194,0.167347602,0.57652006,8.93291051,1.81197585
0.0345133693,0.0412039377,0.566012336,0.405600243,2.990157,1.13694303
0.123792207,0.218895544,1.34541143,2.6248608,6.97861845,9.6676703
0.00362328866,0.0518776892,0.113733814,0.0815222037,0.501433449,0.86348204
0.00256983767,0.0083656583,0.085310565,0.12051717,0.910281132,0.473644892
0.0123188134,0.041631249,0.152315786,0.666182723,3.76052045,2.11680586
0.061147325,0.192224974,0.38131578,0.404806046,1.17492758,3.34220852
0.00508290929,0.0783077553,0.104577878,0.123948736,0.563628978,0.549497639
0.0560893932,0.177086953,0.613055772,0.683897606,2.88894108,0.913824846
0.171115191,0.865948187,1.94258964,3.01085348,5.70670118,5.14646718
0.0705156001,0.209430419,1.33784274,1.1252873,3.74680501,4.68869022
0.018850629,0.065836583,0.351555791,0.511115495,2.11630001,1.13408391
0.134518794,0.322088225,1.15759108,1.11818856,7.43360414,5.2509911
0.0432520451,0.229838043,1.00491689,0.831525029,2.69050093,3.81943215
0.0100550825,0.0684447748,0.161261812,0.271742543,1.2545097,0.577164435
0.0471595907,0.161014968,1.67664338,0.576257318,7.02702208,2.48486309
0.128025225,0.205580007,0.741629935,1.81511524,11.989532,9.95336444
0.0130374234,0.0563262051,0.130743395,0.332341378,0.769005129,0.540666114
0.0808625559,0.703475817,1.9612163,2.47730277,18.8440926,4.75439599
0.016703337,0.0520973992,0.216863276,0.195766219,0.821177852,1.02366143
0.0125407172,0.0508268772,0.180398289,0.426094397,1.76283084,1.16407186
0.0640440363,0.27272944,2.86641587,2.30745698,10.1817094,9.25164457
0.0866445992,0.185710588,0.886868966,0.976534948,6.67854268,5.03503006
0.0258666047,0.211474986,0.914321736,1.52135733,5.11433191,6.16111034
0.017427596,0.0445610512,0.189612875,0.326333518,4.72633459,0.435943667
0.0139476791,0.0583737881,0.257514015,0.200090724,1.4222687,1.65864159
0.0223739957,0.158803739,0.323880337,0.936709449,1.52918438,1.7627107
0.0138458665,0.0454489189,0.149973065,0.204485261,0.57367514,0.675766165
0.015900661,0.117908158,0.405766283,0.319580871,1.86581159,0.456903604
0.0167822582,0.115475795,0.713981674,0.634075673,2.96360521,1.55722711
0.011180932,0.0861386009,0.540383601,0.546564135,4.50891389,1.21892375
0.0145285452,0.0821366529,0.174780242,0.304107379,1.32707808,1.26029842
0.0268279953,0.122401554,0.636235413,0.572043839,4.53772707,3.14409835
0.0150348453,0.136776523,0.397233016,0.476298452,1.69839644,1.11257892
0.0163750146,0.0694950273,0.288800012,0.617610205,2.51154772,0.635558807
0.00722794595,0.0908173193,0.162583333,0.237994366,1.45408256,1.1287364
0.0279524507,0.0677517755,0.410249409,0.418071098,0.830176648,0.591188239
0.0382290238,0.277993478,0.634616012,0.650884993,6.01800611,3.18407178
0.0131252248,0.0967628751,0.277032964,0.32511756,3.12459696,1.46838999
0.0593583214,0.106952546,0.653589024,1.06027312,17.6363199,4.6558169
0.0465881778,0.15045094,0.381834269,0.625035129,4.53403123,2.21579195
0.034489805,0.14023626,0.961515191,0.768135626,14.4493743,2.19852024
0.348646608,0.700792664,5.72772428,3.09694098,49.7207312,28.2328384
0.0941085816,0.538250814,1.58379468,2.89553174,6.50365774,10.6997799
0.00813386201,0.0277542349,0.119156924,0.125558298,1.01676388,0.270066296
0.0207994685,0.209236456,0.68385314,0.491635107,4.20526223,3.5854062
0.0126323899,0.0346451097,0.785442635,0.28929308,1.22520507,0.810658298
0.0796000367,0.239770953,0.727706143,1.93837407,5.86842616,8.21385615
0.0162888764,0.0606716717,0.284984705,0.539044643,10.7676939,0.615754476
0.0744679041,0.17899697,0.822692401,0.721564085,4.74951519,2.36639951
0.0235543189,0.098901699,0.530615836,0.543749924,3.44518968,2.2562225
0.0265173036,0.158464329,0.474519223,0.501709177,4.82354475,1.34693522
0.0200469024,0.174204886,0.707290214,0.848135644,2.36917335,1.76296815
0.0117876949,0.16629991,0.782588174,0.958440971,5.08429935,5.15308293
0.00736647684,0.0691269441,0.290962258,0.284120677,4.21762993,1.70655356
0.0471166728,0.222760066,1.04327948,0.733343686,3.94159327,1.21665545
0.0651476334,0.315422706,1.90073468,1.1738232,37.6216824,3.71237182
0.0215769607,0.116404613,0.416121829,0.786895342,1.8260068,1.06394513
0.158207548,1.76535296,4.21411181,7.96303727,66.7030363,40.9382997
0.0421011268,0.324365205,1.04250879,0.721465878,15.7356233,2.02521982
0.38251356,0.768038271,3.48282784,6.57090125,20.9840527,14.969344
0.344301477,0.541527621,4.06934875,3.27795939,29.5778344,23.2854689
0.00975549594,0.049417651,0.256124088,0.276690124,4.57352337,1.2849085
0.0537652239,0.143859921,0.564377857,0.395489992,3.29116269,1.01077525
0.0476160255,0.155635628,1.28019073,1.53492587,5.43230454,5.16564276
0.024954401,0.221560463,0.521248573,0.671922196,2.66302108,3.72037599
0.031558538,0.165093069,0.386381153,0.588571781,3.21003863,2.01950604
0.0777706586,0.160659965,0.868352928,0.39007944,2.03390429,1.40921001
0.664630674,0.687062888,1.95485577,2.86887366,60.099526,9.29687969
0.069726749,0.378823846,1.66013343,1.88576432,4.53004616,3.89338604
0.034578287,0.0708971219,0.501540738,0.284709066,1.57440167,0.89352446
0.0104503787,0.0424246059,0.152060995,0.55916441,1.96580134,0.302815351
0.0309335846,0.216003083,0.818868404,0.69143108,3.32191433,2.91588995
0.0130467115,0.0664334713,0.196084825,0.240449317,2.06993163,0.54447382
0.017596132,0.102234161,0.305612223,0.442788051,2.25270048,1.48494259
0.104697831,0.321405941,2.41393762,2.39210254,25.9724573,9.69316
0.0244607019,0.0794202297,0.384637145,0.547276176,5.39972709,1.75568216
0.170984677,0.908103791,1.49070807,3.68285337,14.9878605,10.6610749
0.172240349,0.266182373,2.05240112,1.59922209,7.00024577,5.58820033
0.019121936,0.152741509,0.425286517,0.792563496,2.34597146,1.21956085
0.022594614,0.041041073,0.213992279,0.427292331,1.48418872,0.556507063
0.0273139656,0.063920023,0.185201816,0.19696158,1.4192847,1.58859208
0.0950633728,0.527069945,3.47696508,1.74466572,31.7495799,23.6660337
0.255431463,0.487341902,2.55438154,2.89544197,35.5854038,5.9789367
0.0481556673,0.19458099,0.454246585,1.93842474,9.99826562,9.87007112
0.0233058848,0.0571511535,0.212015531,0.344118525,4.75659433,1.11541822
0.112967465,0.66670331,2.80026963,1.15890091,17.346706,28.049922
0.0562175721,0.186977071,0.770056964,0.943971306,3.6012835,2.01952982
0.0478885414,0.630834869,3.241484,2.77007386,29.2685403,13.0964605
0.0161940062,0.113699555,0.402485055,0.449378677,2.8169339,1.05922636
0.0361702296,0.170402798,0.903183645,0.787649477,11.0095224,2.9324074
0.0162787997,0.0914361695,0.229098056,0.372247829,2.18077474,2.91094951
0.0392958316,0.101271035,1.4103986,1.3986996,31.6322933,6.07506082
0.0333420186,0.461878782,1.05046131,0.916982889,27.7587236,12.8757453
0.0218920759,0.0682756704,0.533543947,0.622720492,3.45224332,1.88195144
0.0271490341,0.137599843,1.04263348,0.83003718,4.5117283,0.821791471
0.0167267737,0.289096697,2.04311627,1.37809685,5.20905449,2.19358582
0.00880906738,0.149890402,0.37835447,0.488942046,2.0207664,1.54535232
0.0532096466,0.402109924,1.93168385,1.97965275,8.39869773,4.36419544
0.012504991,0.0435283316,0.293358377,0.518168465,4.38430652,0.845289187
0.0392391272,0.119218579,0.451306936,0.601780687,3.80300395,1.59461283
0.10293082,0.147052751,0.437401173,0.696089125,4.33856315,2.61476296
0.036271708,0.268244868,0.615634907,1.11788337,9.40447975,3.24095274
0.0402628303,0.172306182,0.245938522,0.467573576,3.2567674,1.37859437
0.0226724951,0.0822021294,0.526756854,0.413233881,2.97416953,0.83029326
0.0288196342,0.0745095831,0.765101066,0.77016671,5.33741793,3.25789219
0.0138933443,0.0257028648,0.150134886,0.295328814,1.76126999,0.519457847
0.0390936011,0.0930081388,0.419710156,0.541173746,4.11526035,4.03760803
0.0199198076,0.0959198025,0.269427528,0.257423761,2.3123716,0.854928925
0.00648490385,0.0371608568,0.100082423,0.130673607,2.59829229,0.348029229
0.0138493431,0.217448473,2.04395184,1.5751045,6.47470839,9.32342014
0.0505995117,0.407647378,0.988003875,1.32724202,8.55243666,11.9697378
0.0114203412,0.0296007874,0.26548009,0.222255949,1.24630168,0.603808535
0.150871855,0.471470168,0.746032345,1.53749973,12.2863424,8.21812296
0.0402326189,0.170488137,0.961606026,0.73144358,6.4522863,3.63413929
0.0214822704,0.142829019,0.656943552,0.477911782,3.24445546,1.22087732
0.126373673,0.687936629,1.94512037,6.54295775,28.4117103,4.0645036
0.035099863,0.0763707773,0.539279148,0.470547094,2.18031689,1.042631
0.00636302949,0.0144094568,0.109645178,0.126347321,1.86790574,0.570397183
0.00304837725,0.0279000593,0.130574277,0.130061522,0.59082316,0.357715452
0.00975008578,0.0672158296,0.358512881,0.362879503,1.4538297,1.76091537
0.0277681162,0.0352076502,0.505415105,0.701615244,6.36072762,1.66785277
0.110142828,0.648533005,2.0491596,5.93934524,27.2178966,6.3099018
0.0645599496,0.207319364,0.807376636,0.764597896,3.58618187,3.21864423
0.0271597104,0.133631407,0.936887247,0.513041555,1.75323468,2.17602116
0.0052650641,0.10217476,0.18483824,0.213070531,1.47093748,1.79932823
0.0434450377,0.141405683,1.1057414,0.968648204,3.60307383,2.88670769
0.221220941,1.4796347,3.24301272,3.47508258,9.18078187,6.03592994
0.0347352069,0.0957318805,0.573480314,0.768716757,4.96351246,1.41964932
0.0344635142,0.202488135,0.960839426,1.11028633,6.49748678,2.80439031
0.0168208456,0.044765864,0.494029794,0.260369439,2.11310055,1.74311587
0.0697340709,0.350644554,2.98031932,2.30534703,14.9527098,9.11668205
0.0480332044,0.137407897,0.947168161,1.5432558,3.12812402,4.10386085
0.0249622368,0.300798061,0.86175833,1.73470747,3.97433101,5.33235918
0.00699895642,0.0667434254,0.233490234,0.269159731,2.54328736,0.452332975
0.0171509408,0.0696524064,0.681670799,0.395606228,3.04239553,1.43774597
0.00657122194,0.0606156025,0.16448748,0.156028136,0.640450604,0.769982445
0.16381635,0.592321202,2.15541459,1.9275357,9.54356695,4.7989946
0.0298507001,0.032846693,0.142957689,0.243784532,2.64182685,0.621099342
0.0129370091,0.0374399371,0.238624175,0.289849986,1.72274616,1.24391659
0.0158044876,0.196814589,0.323571576,0.460251476,3.95761871,1.41304576
0.0180520448,0.0704073132,0.229009229,0.734842619,1.81746844,0.503684371
0.0809748225,0.216732762,0.693151396,0.733189638,4.87694392,2.83628245
0.0631710301,0.189735003,0.856416261,0.704631735,4.72735711,4.16043573
0.0102753173,0.050101451,0.280529907,0.228741839,0.940435418,0.703369027
0.0805265058,0.224576617,1.00276919,1.13821718,5.11556561,5.55959784
0.0451295203,0.125867201,1.23511591,0.660014974,4.57328919,8.16326439
0.0435858429,0.287957777,0.763036512,0.681375814,8.1582409,2.53766909
0.0145718855,0.0551644692,0.236202507,0.271450505,2.44344021,1.11661382
0.0332219761,0.129051033,0.595949493,1.00624638,9.716066,2.71546405
0.00621609962,0.0209414754,0.133836967,0.198275176,1.69809205,0.512148655
0.0455086024,0.190477042,0.915724768,1.28375929,8.13656885,3.05190406
0.0305979835,0.0532998016,0.550030695,0.500367871,9.43920548,2.81885297
0.0386906093,0.1039242,0.278715034,0.767678321,1.50258681,1.41342723
0.033135584,0.13582401,0.348096341,0.631962183,5.83479454,2.13378444
0.010138378,0.0489553289,0.247412339,0.124898122,0.482001603,0.611974078
0.0150705058,0.0850900624,0.376908877,0.342417066,2.46518204,0.857797469
0.0264073324,0.255987092,0.878299928,1.26196473,7.45369207,2.23600454
0.0771158554,0.163269036,0.678083756,0.550566443,6.01249099,1.05526997
0.0270739179,0.168470244,0.932855996,0.927379549,5.1324909,5.66433894
0.0122343492,0.167730001,0.762805335,0.615175824,3.12749331,3.47868089
0.045165882,0.162112307,0.490779237,1.00243272,6.71835708,5.54705115
0.0636880913,0.29282358,1.06700885,1.98454228,7.89673732,2.77755592
0.0537670033,0.092654824,0.357432642,0.396795441,3.84984355,2.6543558
0.0604404543,0.289583604,1.48600448,1.33824594,8.62476063,2.85820517
0.116258828,0.417474224,1.25275754,1.35347616,11.9236489,4.07336551
0.00819521758,0.0274367401,0.134602831,0.226080962,1.93872895,0.662120389
0.065100934,0.428541581,1.813327,1.15032958,7.3723035,2.49774787
0.0813502085,0.135184334,1.071981,1.90862112,5.37741595,2.2921301
0.0272634736,0.0709313502,0.73042223,0.404540473,2.86543324,2.26714887
0.0118194358,0.117043529,0.113699858,0.177186529,1.16671899,0.632709746
0.00806373938,0.0857482041,0.594410314,0.212054155,5.04918916,1.58439009
0.0143266917,0.0302758976,0.212188741,0.330228426,2.37541362,0.262405394
0.0109531279,0.117769332,0.470752958,0.328834718,1.36762571,1.37985812
0.0531923259,0.257098732,0.618322026,0.799052532,5.79177239,1.28221561
0.0415828079,0.130275685,1.31976863,0.464100733,3.46392986,8.14479722
0.0364327902,0.137905047,0.625604763,0.990793502,3.1058532,1.34446644
0.0317717111,0.270091031,2.1522186,3.31836869,5.25511338,2.58175101
0.0305517517,0.237598071,0.818654509,0.96802727,3.0987809,1.64458408
0.0109410636,0.0507529312,0.142543022,0.3586531,2.06789053,1.09243434
0.0198704822,0.100261923,0.2111041,0.63831978,2.12915229,0.931373255
0.0153610504,0.120699287,0.33790994,0.323471141,0.954254793,0.888789763
0.0153768458,0.0316050252,0.116888416,0.123636023,1.64851397,0.43353409
0.173141834,0.391205781,6.42508592,2.29927613,12.469288,10.0737217
0.0408237499,0.217028847,0.930312144,0.763132723,6.30586638,1.32391252
0.0648425232,0.855956918,1.65046233,1.95502442,15.8474718,2.50071331
0.056931905,0.181285749,0.411276708,0.54738302,2.67959377,4.27551324
0.0443792774,0.189974914,1.03345086,1.13590732,3.45098129,4.05456992
0.375475433,0.460321263,2.5774277,3.8505844,23.9266638,12.8899368
0.0246836195,0.0443901862,0.304283058,0.307030421,1.93456571,1.09892566
0.0545649657,0.108339041,0.380415338,0.518303036,3.15277817,0.73009632
0.0586521089,0.266458336,0.623789233,0.896542051,2.25526475,3.44890582
0.0356524172,0.197455258,0.816018479,0.846636483,7.78456642,1.95113078
0.0468703252,0.10362215,0.39745217,0.926401654,1.73685381,0.925787982
0.0206109473,0.08945384,0.425899073,0.760765746,1.99887771,3.15762629
0.0239939628,0.16586451,0.365910446,0.292931251,3.90271337,1.58750465
0.0197799587,0.0795185002,0.270656315,0.538278769,6.88577109,4.3445628
0.0146562286,0.0671298051,0.170844878,0.312391588,0.791567153,1.32213929
0.0162142195,0.108447676,0.731478161,0.641280017,6.32693721,4.51301048
0.0190740796,0.140978673,0.339108131,0.448153975,2.75378699,1.83959737
0.0173685415,0.153965649,0.619186926,0.500185528,7.35176522,4.78279477
0.0405237136,0.146973737,0.437874516,0.656338721,4.46142263,2.82003887
0.0401779971,0.233438437,1.38614999,1.68337817,4.92341509,2.65870594
0.0730839825,0.127642775,0.884437874,1.27562287,6.95444078,8.27262899
0.111857104,0.250262603,1.10900813,0.604795424,13.8531301,1.90174683
0.0202221438,0.0469320107,0.180508141,0.379888145,1.29491734,0.882976377
0.0290300502,0.0548017855,0.271061875,0.982810795,2.34669772,1.89753454
0.0407101553,0.235351664,0.879919568,1.31418665,7.16100754,2.39087853
0.0220003895,0.174191625,0.419290253,0.369852397,12.9415656,2.26068173
0.0507207776,0.22881153,0.719564781,0.806274384,5.73428262,4.4954392
0.0552118926,0.251772577,0.94137005,1.60840711,13.8993595,2.10382463
0.0638099964,0.732534229,1.78161059,1.72785357,6.37211945,10.7812503
0.0108090757,0.0465888385,0.267081829,0.258841696,1.53010359,0.677226423
0.01041915,0.07660024,0.497991796,0.409015503,2.02102857,1.21728735
0.0445105579,0.137373872,0.687425811,0.654547409,20.1852118,2.44902768
0.0280856594,0.0677670311,0.77498096,0.395399071,3.91099514,1.592383
0.0563962528,0.149454088,0.726812704,0.56174349,2.75816848,1.4967695
0.0288038482,0.287148633,1.45029289,1.19332937,15.4427359,4.30285971
0.0404765519,0.10420321,0.668868716,0.800770345,5.67433348,5.59067813
0.0654088105,0.390056391,2.02155259,1.13541611,8.33682902,3.07914532
0.0876515564,0.326401538,0.571823888,0.93319727,8.12209137,2.31291458
0.0346412466,0.137562694,0.787113851,1.19392315,4.81207693,2.75001988
0.0536192786,0.211019868,0.80937375,0.348084333,6.43634209,1.9305496
0.0918931938,0.171059244,0.894613404,1.96279874,6.35990577,2.81942797
0.0340680731,0.356809691,0.253514595,0.982367009,3.5518447,0.589743586
0.0134226071,0.0993577811,0.272413098,0.234159298,1.36392284,1.01033124
0.0868686474,0.644694458,1.62269511,1.23156343,5.12404648,4.89875864
0.0324732731,0.100819596,0.236456016,0.523675848,5.52571941,4.06945556
0.0180428927,0.0950276252,0.609398147,0.58057128,1.80923754,1.99539678
0.0475964161,0.0944755812,0.188757094,0.47828351,3.92879457,1.25587849
0.0186013093,0.0741659804,0.279366702,0.790742752,5.53401517,1.8746949
0.0226050448,0.0816371076,0.780843873,1.50323723,4.73332509,3.28040265
0.0144535117,0.0314733028,0.357630795,0.934311509,3.1611419,1.69931487
0.00838683116,0.0580764853,0.34418494,0.246061982,1.46397452,0.646720985
0.0645874685,0.618316225,0.55311859,1.06252643,10.7252023,4.58407013
0.00490931265,0.0780453341,0.16663497,0.177047469,1.04260738,0.264724408
0.0239231688,0.0751873532,0.356821992,0.282356249,2.41224356,1.2041308
0.0113306733,0.124363064,0.564523429,0.424407926,7.7335935,0.965833933
0.0206130953,0.0952489186,0.449410228,0.365541591,7.24638319,1.10824411
0.217498786,0.512534137,2.94444056,4.64138469,31.0620802,5.68279052
0.00802859717,0.0474116759,0.386301823,0.29135253,1.43864162,1.01912508
0.158105991,0.374342917,1.3541782,1.34243183,19.1808913,8.27617261
0.0307005727,0.0302647026,0.126683687,0.315052791,2.8806806,1.34194077
0.0299519589,0.365763539,0.480509596,0.843122481,3.20523951,1.30453463
0.0914055605,0.405033954,0.654510433,1.13793928,14.8755113,2.97717616
0.0544389026,0.138847341,0.554341227,0.597535978,1.88336538,2.37552676
0.0212384486,0.0830424851,0.305568965,0.49611252,2.05076334,1.23612825
0.0163735054,0.0683538137,0.390009173,0.475876734,0.856451668,1.32650005
0.0259615756,0.148796,0.47938364,0.354962041,2.65314413,1.64637145
0.0373227347,0.202405401,0.924877571,0.57854547,4.85099886,5.66586031
0.0633403897,0.177362037,0.759207539,1.79632606,10.8003704,5.59472045
0.022164238,0.0890637035,0.328357987,0.70099322,2.69698186,1.33337838
0.0322337504,0.125260503,0.318219404,0.594366038,1.3221992,1.11278544
0.04712462,0.181637567,0.951791474,0.455709489,8.18050857,4.09401235
0.131875117,0.171697871,2.47506327,1.77067138,13.8429772,10.2619233
0.0634838246,0.18090925,0.68296273,0.809660381,10.2148965,5.14513409
0.054656047,0.14077464,0.662603326,1.42559189,10.8039917,3.18577025
0.0147256999,0.128166479,0.531516205,0.457961336,4.28439221,1.90661468
0.00443063399,0.0758689745,0.262202101,0.56312109,2.53863607,0.662490036
0.00995251668,0.125538466,0.603294377,0.331348434,2.28143944,1.54165026
0.0139339262,0.126548548,0.177328536,0.278034044,1.91900741,1.43488693
0.156578248,0.213420941,1.31246129,1.85393386,11.8677571,3.17843016
0.0373254119,0.213874979,0.73163643,2.07382787,7.42987202,3.71874087
0.0072409999,0.0471557141,0.152593874,0.40593918,1.96326405,0.59775553
0.0335254851,0.152539312,0.562180663,1.21213764,10.5783829,1.84562249
0.0125217487,0.0703966106,0.14727542,0.26209819,0.78095068,0.503994129
0.0454521506,0.3038558,0.732530749,1.15476127,13.1869816,2.73655739
0.0174508666,0.091953756,0.55627539,0.473013024,3.46392672,1.95284155
0.0156508408,0.130516826,0.457786559,0.333576937,2.28185773,3.68693231
0.0727542445,0.435828179,2.844301,1.20429563,8.35712022,4.1992954
0.0668632098,0.289759001,0.703830143,0.817585575,9.95468115,2.19473913
0.0560111854,0.342204284,1.0675501,0.930373996,7.43142616,2.43479251
0.0480871691,0.177840326,1.00559537,1.32489924,2.83018221,2.21771214
0.0170753481,0.0346141474,0.232108152,0.0925624473,0.627608843,0.491977394
0.00378789643,0.0662766209,0.0690515285,0.126817126,1.01449437,0.314782297
0.0563741508,0.302467613,0.938639928,0.774312791,5.67739874,8.04634288
0.0572142734,0.305962659,1.10712312,2.10791911,6.99726939,5.46118206
0.0191458975,0.100450222,0.365260645,0.415821515,2.31928726,1.5677209
0.029704279,0.0594167757,0.397846095,0.480165748,1.25138207,1.32959701
0.0486244906,0.237730497,0.538736017,0.790955602,4.88017829,2.07372223
0.027645214,0.144912243,0.445518776,0.382700742,6.69289856,1.59451997
0.0472386619,0.372541923,1.17905041,1.38133969,7.14527201,4.18428479
0.474437229,0.763888213,5.25983745,3.24056809,36.6807375,11.7503814
0.00890983361,0.0650816109,0.34131165,0.189532102,6.23579864,1.16911953
0.0662562845,0.370794836,0.709242681,0.667113852,8.41140004,4.5333719
0.0385352211,0.315252569,0.870754532,0.422894355,3.47462355,4.42686546
0.0325543238,0.186617629,1.00488109,2.14179585,4.58972912,4.08254673
0.0446082563,0.330729347,0.88352731,0.864211731,2.16089245,1.44437001
0.0249542047,0.354212988,0.783744491,0.832526952,3.77212376,1.91935861
0.0119196983,0.0434642088,0.171554895,0.354169134,1.00313764,1.01698735
0.0234169549,0.222444672,0.698566824,0.816813326,4.49319224,1.22468657
0.0740692154,0.419235944,0.609286492,2.00241267,25.5646215,8.18987634
0.0623799062,0.226074858,1.19960234,1.13908236,2.89413631,5.13115963
0.0121649352,0.133184496,0.283714148,0.613742255,2.12105739,3.47461915
0.0362364709,0.053942806,0.414858424,0.357871974,1.06867457,1.63252767
0.0202444364,0.135280668,0.777809146,0.739629519,2.69515037,1.17608008
0.0281676335,0.118356818,0.524734521,0.692844788,9.57560978,2.12801371
0.175395633,0.201287078,0.995320468,1.71073423,8.89304575,6.77772969
0.0847973015,0.275972861,1.12159588,0.883657249,8.30626196,4.77242169
0.0155654688,0.18950039,0.323838899,0.897441389,2.47732403,1.34469162
0.0403448974,0.125293522,0.771009061,1.04587686,6.31603795,2.2931998
0.00746781406,0.0404480556,0.182728815,0.195915485,2.40443085,0.516610247
0.00314922671,0.0490159627,0.202474948,0.159817094,1.83635323,1.61278649
0.113639844,0.110341385,0.594546826,0.581370111,1.80528462,2.11701329
0.120106981,0.46940913,1.81993173,3.0513583,11.9744742,6.88390523
0.0050405761,0.0959436339,0.241703893,0.469508154,3.71015887,1.9021438
0.0718631134,0.49705455,0.665808636,1.02002939,9.00502639,3.9499184
0.0489788487,0.109484597,0.666458731,0.314494883,2.04699658,0.688704931
0.0678567685,0.0997597354,0.884642353,0.670798747,3.88099012,3.08635894
0.0137719597,0.158220982,0.462239168,1.24164822,3.21879838,0.98400348
0.0010338661,0.0409596997,0.0613602742,0.240270153,0.591199753,0.783832209
0.00717037769,0.066078959,0.200903237,0.218967561,1.65083597,0.775123518
0.033681328,0.218524263,0.745724083,0.914565161,5.97106654,2.32663507
0.0423086238,0.496391294,0.73051125,1.48549922,3.60429116,3.32042907
0.0158419195,0.0983828065,0.453107564,0.40970204,3.47707566,1.01570522
0.0203532282,0.0904196898,0.654831852,0.85260932,8.48954316,1.16411
0.0155794089,0.0398400538,0.230535686,0.30631581,3.33435866,0.719476808
0.00970590451,0.0406118257,0.138874577,0.278577222,1.78686311,0.723379333
0.0495005574,0.1542694,0.65092959,1.49957649,4.07288266,4.19242137
0.00820056502,0.0812964811,0.236981331,0.441106913,1.71846153,3.12675893
0.0677936809,0.163238447,0.883109104,0.621737641,8.77240343,3.27426976
0.0290653565,0.0786734343,0.460033401,0.375800796,3.66658022,0.926167852
0.0383228547,0.153609031,0.988854766,0.994154102,5.31525412,1.68595303
0.0163909582,0.0601510173,0.400381278,0.344501294,2.96145991,0.7560848
0.00613848197,0.0208612456,0.118622193,0.111569761,1.38430034,0.303302204
0.0185047663,0.068322758,0.477923935,0.693002117,5.49591189,1.03475411
0.0277320613,0.274664395,0.863441811,1.13258498,8.07311875,11.4748717
0.00777023378,0.10406364,0.298342409,0.6684121,1.50778767,1.36515697
0.0767457832,0.571821126,0.491151544,1.67385066,7.59020333,9.97505569
0.00847173152,0.161484938,0.434010629,0.307140406,2.32440928,1.10684884
0.0288306683,0.260917321,1.41684738,0.985725594,4.97888708,3.14446761
0.0949118589,0.585379413,2.01574198,1.96188943,8.71186511,6.51810093
0.0835162873,0.228485117,0.99144435,1.1722497,19.5244747,11.5729353
0.018236109,0.144186066,0.372343101,0.736443626,2.66398337,0.766829384
0.0873568563,0.263313791,0.605004999,1.05464604,9.13166489,9.01804403
0.122805925,0.648948822,1.46828877,3.01647232,27.5670408,16.0717707
0.1656823,0.446557462,2.2052273,3.62810153,5.31531936,14.7563478
0.0881956902,0.593964338,1.55249309,1.41887036,10.6089449,9.01867119
0.0113392956,0.0439367546,0.278876715,0.229655933,1.59407548,0.475167305
0.0887455935,0.226758382,1.38710733,0.886158476,7.65094273,5.59262823
0.0551501944,0.500946632,1.16652526,3.05726224,20.7760905,5.4542716
0.0150108162,0.0466381636,0.159765745,0.231695051,0.571778598,0.905247319
0.0781725464,0.221778987,0.791653724,1.2824245,4.98245031,1.19596026
0.0695454414,0.419394381,0.93133468,0.882963839,4.31561795,2.30621368
0.0875856346,0.135698976,0.655242871,1.28380848,2.81222252,1.52365177
0.0128092178,0.320176297,0.629816406,0.744967266,4.46334959,0.991840694
0.0142037013,0.047569903,0.424986693,0.481076447,1.73310895,1.49388516
0.00736960587,0.0203978669,0.148046859,0.125134795,1.82385162,0.364776523
0.0231157794,0.105629916,0.828747533,0.838455156,2.85890018,4.45844909
0.0152695813,0.147723196,0.493995205,0.494089169,3.3199191,1.3665903
0.0872332471,0.307854737,1.95519497,1.9639055,15.0422513,3.55540524
0.0466966656,0.217596321,0.96164838,0.92626311,11.2012002,1.69455835
0.0631275818,0.301631411,2.33261222,3.82058367,18.138529,3.1192156
0.20268892,0.382832364,0.727788244,0.82317193,8.86757985,5.93050651
0.0383392922,0.0862199393,1.17802657,1.3745536,3.12149833,2.46702735
0.0760511474,0.36630069,1.01242565,1.95643742,11.9014636,6.20718791
0.00919963201,0.103177896,0.305516373,0.238059664,1.55902999,0.681127328
0.0716063615,0.185261428,0.935858163,0.667237725,6.09561416,4.07978721
0.0361247234,0.137102103,0.533752881,0.725478068,6.51822218,2.40868418
0.0123967894,0.0404094588,0.144022256,0.263868769,0.905385408,0.402941844
0.0226406054,0.152978622,0.84535005,0.890530276,2.9222099,3.26050075
0.0626539277,0.194865451,0.865995332,1.27420802,8.86811631,3.94662771
0.0246799047,0.118825908,0.772342558,0.385652239,3.78261747,1.95094919
0.0154816812,0.0772914606,0.264743318,0.287857298,3.27445991,1.22952271
0.0155884007,0.020842017,0.159865399,0.214085953,2.38828349,0.92064539
0.067614018,0.586851285,0.82659174,1.64164843,5.99262595,4.99994709
0.010643806,0.128864858,0.491298846,0.503797541,3.35487219,1.12523875
0.0316219642,0.38454492,0.886106033,0.968699923,12.1322244,9.14257073
0.0113791604,0.0560285321,0.244384513,0.303949275,1.49308549,0.720960382
0.0335453803,0.197240471,0.513357634,1.23578867,7.14816454,2.07470829
0.235835963,0.692230879,1.68966257,1.52091461,5.05600509,3.91469052
0.0108675884,0.0427088025,0.510845095,0.334109858,2.01418381,0.925072865
0.00732939982,0.0587970011,0.198023272,0.179129973,1.00138219,0.638220638
0.0304295742,0.26535493,0.477137633,0.789704449,2.18313134,0.770997671
0.0357323743,0.0944988067,0.815117538,0.772629695,6.74028453,2.22187168
0.051194759,0.142626001,0.670430114,0.750888316,3.84438569,10.2744248
0.00476705287,0.00822085112,0.0535760067,0.109835372,0.801593603,0.302455149
0.0175191332,0.0663510238,0.639808407,0.798148022,7.62251422,1.71377241
0.0529779047,0.241285015,0.307180232,1.09284365,4.39788437,2.13889796
0.0515931345,0.221205072,0.814320365,1.41119424,8.19263734,2.93037689
0.0200652405,0.0465968211,0.142853586,0.224724148,1.72594153,0.325457263
0.0591253299,0.250959168,0.807874044,1.07979625,5.71405208,1.46670449
0.0735636941,0.0947551029,0.522429486,0.48267011,5.24387267,4.60698832
0.0222834081,0.247253793,0.793631663,1.47898044,10.709392,4.42713739
0.0323343079,0.0886486512,0.447323635,1.22117145,1.83862165,2.90298293
0.0569528816,0.381853675,3.27026281,1.67499314,22.4958619,13.7827012
0.00474748495,0.0340443526,0.125834585,0.173830002,0.512815586,0.213646879
0.0596751346,0.254469972,0.898749028,1.44255349,7.70735725,4.36926244
0.0374657734,0.378781074,1.00507935,2.19578521,28.0405251,4.38205361
0.04502762,0.167248315,0.924389423,0.580310399,3.22213167,6.43535365
0.0088787045,0.085506986,0.104462344,0.193567321,1.60849829,0.705041936
0.0274487532,0.110708398,0.288510671,0.363446351,3.15553085,0.604861123
0.0106122733,0.0674475174,0.112881059,0.187774379,2.27365411,1.34386154
0.00588205563,0.0900386385,0.11809099,0.284873552,6.22074167,0.836910063
0.183864185,0.804720057,4.60242545,4.30360628,22.1295774,11.6309075
0.016939455,0.192761932,0.661059503,1.25322403,4.88599659,2.99979597
0.0329479027,0.156699982,0.736653846,0.781359663,3.29889534,1.98240173
0.0132712291,0.0429602658,0.174309227,0.960537123,2.39316923,0.49006572
0.0214547011,0.0609025663,0.237744234,0.80264463,4.73549504,1.65876869
0.0423753972,0.192649657,0.860452209,1.09381853,2.37892836,2.18569306
0.117116456,0.804418161,3.52751293,4.01293744,12.3374179,14.5154209
0.0327153144,0.162839924,0.368997612,0.526950224,5.58493508,0.708801659
0.0166458396,0.12474462,0.399050591,0.324821285,2.35630746,0.895472058
0.0152483256,0.130619096,0.608969672,0.340880463,3.23955216,1.49124221
0.0151547801,0.092312192,0.480840923,0.604059681,4.03200121,2.14909108
0.14336564,0.42551036,1.42013551,2.54357179,81.1310907,4.43013451
0.0284176095,0.0860768818,0.334159446,0.559859255,2.2768576,0.572604565
0.0701721173,0.235659439,1.23526573,1.84385066,3.12968255,3.37476364
0.0703009929,0.587297132,1.17836579,1.04334646,10.566093,4.1865084
0.0252366016,0.0860120427,0.547426444,0.939633594,3.72689542,4.25134115
0.0154245695,0.152808674,0.436087862,0.529678069,2.16253348,6.86470471
0.0229999282,0.128641397,0.659967808,0.629762455,1.36942732,1.3780295
0.0196758348,0.131027042,0.558128116,0.539390749,6.20390974,2.635996
0.0314054073,0.160297729,0.598212391,0.617271835,2.72906328,1.2866949
0.0556319017,0.192306513,0.855953928,0.450763729,6.89379428,2.68122849
0.0244527896,0.15611117,0.924509958,1.05590099,6.49939935,1.82554219
0.0500863883,0.161444554,1.88218602,0.725641978,5.20087232,4.76791321
0.105160131,0.48496493,0.798735893,2.06485415,27.2445715,3.4622452
0.121268898,0.167993897,0.933223317,2.58375585,7.99252492,5.58276161
0.0548513539,0.198440914,0.955695339,0.381347284,13.6488344,0.815138562
0.0309574405,0.133032017,0.472837655,0.305855546,6.17761984,2.31360117
0.0173294331,0.0498859506,0.131362016,0.224545651,2.40030057,0.464772127
0.128506217,0.172681195,0.895821017,1.57386687,7.25202684,3.0065259
0.0106534272,0.0994406025,0.267227788,0.669783114,4.26907266,0.704862699
0.00475316134,0.0320346999,0.240156673,0.219380787,1.05243857,0.732648925
0.092139038,0.671797678,2.07962505,1.81127178,20.2227398,16.8871757
0.015521927,0.177536604,0.381822388,0.434167956,1.9356344,1.99380184
0.0161840372,0.176259798,0.997904423,1.46547266,13.2222603,2.3864881
0.015866694,0.070661168,0.300350363,0.230404426,0.955171315,0.716936773
0.0615302612,0.48428988,2.3720018,2.76954421,20.3675524,4.84132736
0.0318696099,0.0673656454,0.42319527,0.222492291,2.15061829,0.888660704
0.025777521,0.129585344,0.67029539,0.409229644,3.58108441,1.48103098
0.142119985,0.527551542,2.98199059,4.23418916,30.1466087,10.5071667
0.07851646,0.286366067,1.09202355,1.44147411,8.48486648,2.67386492
0.0646363112,0.398019574,1.80338315,4.06765446,21.9732191,9.58576126
0.0146162609,0.206185107,0.829851181,0.587090847,3.927455,1.64733327
0.113915405,0.728891796,0.945585834,2.74334764,9.58249473,11.4753515
0.0151367516,0.132714084,0.609174278,2.20582371,4.30068115,2.16191551
0.0216859256,0.103310939,0.363018406,0.266715952,1.57517322,3.42175601
0.0857485865,0.676631937,2.86148997,1.61231476,9.57415182,9.09424075
0.0785499693,0.161802532,0.610346475,0.503878865,7.71657075,3.8943902
0.036872386,0.3289368,0.832560795,0.983481702,8.53002425,1.95516806
0.0541997688,0.156550439,0.721679595,1.03463297,5.55920515,3.68456076
0.0204381626,0.13007781,0.211526393,0.449566757,5.27207069,3.03317074
0.0401862001,0.0933770537,0.881305782,1.07163921,3.87708284,2.03583176
0.012563338,0.055791562,0.2060397,0.437565928,3.40242096,1.3720144
0.0293988118,0.166854829,0.770328419,0.976645682,7.62814483,2.22103298
0.0243861192,0.0725867521,0.232783967,0.397353121,2.27261893,0.332185891
0.0227931157,0.175632658,0.413896698,0.669951363,7.11197151,4.30167519
0.00229528925,0.0244304979,0.122975937,0.256475392,0.571873139,0.382488391
0.0355641857,0.119605765,0.62891612,0.49953163,3.14989643,2.98069525
0.020706555,0.335011542,1.14708454,1.23400536,5.28410863,3.08282396
0.249554882,0.326333133,3.44010283,3.50768467,15.849491,7.45971778
0.0057694422,0.01206635,0.126131288,0.131216818,0.982305388,0.538467665
0.0172598134,0.038036088,0.295538233,0.195830608,2.29206015,0.948899514
0.0978438,0.221535038,0.934519881,1.32252928,9.62345731,4.14151986
0.199156492,0.865123628,2.19550495,4.37327526,12.8656744,12.3913212
0.0301431361,0.22563662,0.376390291,0.936441762,3.07320591,2.24211454
0.135541984,0.251509812,0.984670689,2.0234631,14.1700569,4.7309549
0.015064644,0.0488992196,0.212697049,0.242373776,1.8557033,0.474458074
0.0175746293,0.0517934055,0.425873104,0.643679815,1.90257716,2.34044295
0.468835168,2.02468315,3.97201356,5.34726702,34.7411211,26.1497712
0.0366878253,0.182984862,0.511163812,0.660901326,3.50352588,1.09954803
0.247924287,0.255403824,1.62798367,2.24483704,21.0223757,2.15900241
0.0245384505,0.079160925,0.226192205,0.212985131,3.57300474,0.277620863
0.035766672,0.123354095,0.452017987,0.608730014,7.00133445,1.59035624
0.0598663245,0.267785182,1.01577839,1.38781702,12.9887907,5.9662447
0.034078882,0.0943037787,0.726232726,0.767012541,3.05830878,1.09534128
0.0132076237,0.0773547485,0.125901247,0.217695679,1.45318105,1.08811812
0.00589505744,0.0477353087,0.0816019016,0.218206783,2.09851374,0.216706288
0.0084098629,0.0726374318,0.240457659,0.276126763,1.73990872,1.95699177
0.0757547014,0.266267079,1.70395833,0.956334523,12.2516849,6.78633885
0.0154843232,0.0717465518,0.326689439,0.452992585,6.51331937,1.5638653
0.0447220262,0.36368611,0.851231579,2.07896318,6.54630494,1.80018672
0.0164347462,0.147738313,0.338850418,0.412514104,2.71364875,3.38529187
0.00529164695,0.024048877,0.255619322,0.180591089,2.12361643,2.1207561
0.0971443416,0.618226067,1.93568888,2.89869851,5.48738108,18.633706
0.0135817289,0.0832653651,0.405259566,0.730128618,6.26200005,2.65807631
0.0126977691,0.0294202714,0.575824283,0.319133093,4.41108459,1.46417275
0.0222297171,0.134095669,0.661046464,0.429402074,7.80205652,1.24118202
0.00451694259,0.0239838006,0.139929927,0.124159685,1.17166999,0.687473272
0.0450696216,0.40034307,2.00420984,0.915850958,5.89305909,3.89426887
0.00599830945,0.0533347301,0.234187698,0.33074284,0.755235162,0.940066486
0.0250293739,0.222490995,0.672591867,1.4859864,3.36446816,3.72030846
0.0391116804,0.0643775135,0.359200122,0.446745367,3.72099031,2.62446939
0.0119482431,0.0431484217,0.262469557,0.272955536,1.47756017,0.684570645
0.0468382801,0.173200437,0.894174954,0.977572763,12.9697729,3.01994826
0.0350447157,0.0516229151,0.236576106,0.304558125,2.90808856,0.406428641
0.0851989218,0.263396102,0.822966724,0.908708283,2.75146836,8.03443836
0.175712374,0.68703824,2.42558742,2.85590188,35.7982986,14.7211057
0.069568101,0.188423201,0.918594589,1.34137864,4.77736679,4.99933865
0.0661291438,0.128576357,1.66312422,0.774002018,4.64685831,2.22339689
0.0103462123,0.0826275837,0.4027218,0.497417991,1.57161796,1.69387649
0.0211114524,0.115667067,0.388710708,0.648375822,4.12451453,5.33593608
0.0448905559,0.158975931,0.791827994,1.11443163,4.35323901,2.5574133
0.0299650334,0.0848420465,0.287493577,0.48700211,6.11033191,1.24948569
0.018453569,0.0442461397,0.0976970712,0.167656663,0.715066234,0.831471447
0.00883951095,0.0365807744,0.291003082,0.505898614,1.13345271,1.03426072
0.234869399,0.876641718,1.80179207,4.57310132,34.7329239,19.2495738
0.0501168485,0.241004585,0.780008184,0.803777685,18.7340543,1.59480077
0.0556653388,0.134730353,1.11534388,1.40069486,6.33282109,2.49807616
0.0284841675,0.411875417,0.863209499,1.46863411,4.66667103,3.04126665
0.0256184751,0.147608451,0.887483728,0.719038142,3.95248097,2.00023193
0.0266282624,0.179353018,0.45812634,0.864143799,8.72880165,1.8686318
0.0272545897,0.0725986842,0.877920753,0.511123605,1.59602619,0.863842111
0.020729815,0.0695652723,0.523812764,0.621584533,6.19787327,9.71455001
0.0616377432,0.177678731,0.583540424,0.55874026,9.18516542,3.27657389
0.00979692515,0.0293061774,0.252817358,0.355133745,1.83331677,1.31124366
0.00645169723,0.0689085986,0.178786897,0.122578404,3.56816222,0.505662057
0.0163563851,0.0901137614,0.440306204,0.522389055,2.22859632,1.26667663
0.0273124688,0.167751951,0.277645544,0.584006601,4.99510149,1.13564815
0.00729578028,0.0454306217,0.181941114,0.259897625,1.68554497,1.24073759
0.0488758782,0.141633841,0.710728479,1.16058697,4.29187368,1.58479564
0.0149866737,0.173138543,0.468524005,0.786451177,2.21867278,0.852791159
0.021543448,0.0866550829,0.404636498,0.931465497,3.32778992,2.03153487
0.00904774564,0.0269646427,0.107727233,0.194306335,1.23570473,0.375817157
0.0121383715,0.153729925,0.505211914,0.929167155,3.09978571,1.58806747
0.0360297679,0.155612335,0.577724782,0.685133077,3.05071482,1.7532053
0.218729454,1.31870974,3.67003439,6.97823932,17.7308952,21.0400831
0.232013205,1.31511496,5.09279015,4.42712599,52.0800179,13.2460732
0.0411819232,0.129399461,0.89210102,1.42794334,3.48181241,1.41461989
0.0298086722,0.0842597187,0.443091718,0.490210588,2.5194218,1.10398395
0.119688297,0.29509619,1.66211578,0.786727672,12.2855514,3.04245154
0.0720749385,0.0894003387,1.2006407,1.00793821,3.17001548,1.55492466
0.0172195502,0.0914212216,0.64315309,0.393865636,3.27750813,0.923125386
0.0156108364,0.059144432,0.249265946,0.32101459,1.65989513,1.23748912
0.0256650164,0.0324119535,0.119776588,0.333505821,2.21034776,1.79344236
0.0174614207,0.124366945,0.992856372,0.950437103,8.42072523,4.59730182
0.0114916971,0.0869645932,0.329199351,0.502668159,2.56034977,3.13009424
0.175063582,0.165048137,0.932305113,0.367201629,4.02436476,0.774721935
0.00809703297,0.0737546407,0.222501768,0.267204433,1.07631544,1.18470173
0.017776327,0.146005929,0.522500005,0.579235107,5.21521624,4.50887037
0.0411406509,0.0977122119,0.540403345,0.900734761,3.32423615,2.82440096
0.0808322515,0.369586291,2.01711799,1.62826065,13.0126102,4.0731875
0.0134992494,0.0410883502,0.228695139,0.37995659,2.62557111,0.549850652
0.0178380826,0.0316639595,0.324367999,0.113644488,1.13195743,0.81529166
0.0194279458,0.0415083546,0.271460967,0.172381444,1.34355564,0.47368659
0.0215394869,0.19988757,0.715173559,0.854444729,11.9775811,5.09473365
0.016991354,0.116174579,0.20793073,0.786137781,5.51802934,1.03543722
0.0708224614,0.326255075,2.35635265,1.57365483,8.29537794,5.05897367
0.0222988173,0.0558253125,0.278292216,0.628390964,0.717427077,0.912840008
0.0219432753,0.105183079,0.265541631,0.543049673,2.18097046,0.94583617
0.0337891745,0.216731798,1.38801259,1.9568667,10.2285496,3.60096608
0.0256402664,0.197412566,0.868451464,0.451963319,2.99398513,2.52590453
0.0244614518,0.223899476,0.827415565,1.20872622,5.48806287,3.69309536
0.0112685717,0.1171642,0.432667051,0.46963278,0.980126707,1.70738203
0.0302164721,0.233882517,0.71411234,0.415164594,2.4610202,1.73745422
0.0136567875,0.167706112,1.19984752,0.926093095,6.62650673,4.77379415
0.0166646535,0.0790271862,0.293893897,0.55987022,2.08337912,0.942811306
0.0204573063,0.0672468584,0.372882577,0.218050187,1.21335688,1.84198921
0.237150717,0.861657076,5.00377122,6.02652901,12.3547767,16.8677309
0.0413255375,0.253055199,1.36924737,0.982440344,4.67910372,1.89072861
0.0199011882,0.150580011,0.595416827,0.805294844,3.85009499,3.99327154
0.0324217166,0.128624653,0.612424794,0.708747661,3.12281147,0.658698717
0.1540527,0.471932783,1.87764393,3.73522108,8.0566429,6.9066908
0.0804337116,0.207671811,0.636261531,0.670728282,5.45512398,2.7855122
0.0177394506,0.0881956591,0.294881595,0.458950005,2.03926018,1.48368757
0.0109834376,0.159749653,1.21936955,0.849458575,1.52617889,1.64696698
0.0553289145,0.369880401,1.3037774,1.72091243,6.86496091,3.19095947
0.0164632592,0.140407422,0.128937578,0.261954686,1.46258339,1.66134787
0.123694863,0.255933055,0.721807615,2.36903202,11.7631086,7.03084703
0.0628977123,0.26947762,1.07731578,1.38259409,11.584251,3.30830608
0.0118594273,0.113077846,0.344950312,0.312097207,1.83023467,1.14441719
0.0299527338,0.0656451663,0.484399093,0.518140228,3.67283058,2.90583012
0.0201636819,0.191777113,0.581200557,1.49562586,7.45164148,1.39534798
0.0361866458,0.387394584,1.04998087,0.927165301,3.5168003,3.16095534
0.0109516412,0.0483823327,0.302732325,0.359940467,2.91367986,0.467241293
0.330828325,1.46147362,1.7046826,1.9349673,38.9906461,6.60592378
0.0261266219,0.0711428232,0.313155209,0.30727187,2.29057293,1.49458469
0.0291517063,0.192054123,0.664904799,1.20900987,8.78543465,2.74183454
0.113633042,0.617111064,1.59149588,1.79222577,24.4803482,12.9381992
0.0448708345,0.246116817,1.44779962,0.651313409,9.08165813,1.85189202
0.0363688727,0.151293815,0.461880453,0.370877976,3.53567934,2.93081339
0.0239626083,0.159002533,0.568767196,0.396122968,4.75985953,1.44638135
0.0587497586,0.0997428617,0.395753663,0.447275898,4.83792213,1.53863548
0.0667506913,0.176439819,0.918782158,0.758689507,5.60521325,4.10601351
0.0190708215,0.150210361,0.986754471,1.46971209,6.53271015,14.666153
0.046994324,0.204215139,1.18199758,2.04158856,24.76867,12.0900396
0.0095962321,0.0495734564,0.222341734,0.16912489,0.970916753,0.67514363
0.012982732,0.232961761,0.670559525,1.17079169,10.9259896,3.0096164
0.116603887,0.368590703,6.11112631,3.02814111,27.2115883,6.11882005
0.0213077863,0.100089329,0.547722129,0.385827552,2.40219645,1.87574169
0.0425010587,0.175785063,0.291570854,0.338090108,3.86646411,2.26638394
0.0150872105,0.0793568086,0.508325047,0.354570059,6.53723388,1.20625923
0.00269705594,0.0251894106,0.213280735,0.159642412,1.77433556,0.355549976
0.0144525562,0.0879199557,0.276625634,0.454541407,2.77271104,1.53636249
0.0257818945,0.149792539,0.546493261,0.593527126,3.02513621,0.68193526
0.0228834767,0.139783269,0.730579497,0.367614182,3.84771784,0.936169698
0.102372581,0.886620238,3.27488958,1.42013882,31.6190845,12.4146686
0.022698639,0.0576479818,0.230055191,0.590192447,2.34673945,0.959627889
0.0488206705,0.116786463,0.265850553,0.502405345,1.27798725,1.47768629
0.0789109917,1.02259455,6.06932937,5.26802543,41.9818331,25.3075739
0.0403147165,0.117045597,0.716824661,0.656361513,3.99835544,3.25230186
0.0371692664,0.297992888,1.84447097,1.47864083,9.13069823,5.7555618
0.0109614183,0.0864718981,0.278611688,0.431622739,3.68877347,3.01331736
0.00778813968,0.0275921425,0.0861966251,0.0653465643,0.455184113,0.413524919
0.0108922236,0.0717283306,0.258297966,0.197098041,2.1866018,0.934286368
0.0135533623,0.158005802,0.225549242,0.478154843,5.98176218,1.97508316
0.0946198733,0.194808727,0.627681851,0.730837379,5.38714095,4.8177438
0.0483181914,0.311538017,0.572378066,1.01172478,7.50660591,3.58079435
0.120650581,0.24410765,1.29719733,1.33413594,11.6789759,4.01537902
0.0243553703,0.0874224926,0.278681102,0.355405082,1.48854758,2.36766801
0.02634958,0.0800162418,0.238346245,0.429401798,1.88302413,2.97556444
0.0151113967,0.043810129,0.141242125,0.415691824,4.39427632,0.726937401
0.136732517,0.245208215,2.85840647,1.64082672,13.1413274,6.00306806
0.0490366329,0.236759307,0.885372395,1.02708291,12.9900426,2.327621
0.0212841163,0.109364423,0.327428536,1.51281954,5.97160559,1.82176746
0.0307752279,0.0677126388,0.159854759,0.359415475,1.41567411,0.883295609
0.00700044818,0.102379608,0.185010955,0.27188238,2.7236596,3.49133499
0.0325642852,0.270048664,0.599674609,0.470130758,2.28357918,3.64159542
0.0301580999,0.176532517,0.682938368,0.766517686,6.64337658,2.44787879
0.012543207,0.100318918,0.259936154,0.184002465,0.937008227,1.26649073
0.0587134936,0.654559371,2.65034989,2.02905143,15.8615952,9.75547452
0.0381611736,0.238124016,0.338539608,0.558621894,1.57143358,1.61059915
0.0473286455,0.194465414,1.25637503,1.20076129,5.45683669,6.39521843
0.0679154902,0.37949391,1.07516168,1.4342887,14.4455567,6.47792536
0.012448601,0.0817617891,0.352999612,0.494325101,3.16087386,1.09474505
0.0195698492,0.021317832,0.182227274,0.244462688,1.43902027,0.697208876
0.0213986912,0.0413568328,0.252918164,0.270156902,2.75916073,1.14829047
0.00678383044,0.0608690735,0.348376384,0.25188753,1.03363317,1.13716855
0.0303972855,0.0934843916,0.952056775,1.12547875,2.0921658,2.02859198
0.0124173338,0.0780717701,0.359321648,0.528982392,2.39130265,1.29164425
0.0649104038,0.280148974,0.99169181,1.55731757,25.1845714,5.98047663
0.059188457,0.459598256,0.904586059,1.23386262,7.17431794,2.56245453
0.0468210213,0.232914647,0.938506493,1.57721953,6.75241852,2.05484667
0.00950584819,0.0882972586,0.264890171,0.240554083,4.77103976,1.20968584
0.00953586996,0.172432275,0.167320983,0.507360011,1.54470632,1.52530332
0.0136276569,0.16859766,0.813960349,0.543574358,3.05778969,1.82582193
0.0186134784,0.125759624,0.2541072,0.474981114,3.13931357,2.61171539
0.0388939747,0.0758762784,0.422491751,0.673369287,4.03834689,1.89306887
0.0153990577,0.158345259,0.952423318,1.05660258,1.64084127,4.84571705
0.0127071224,0.07063637,0.142564348,0.399847241,2.19311328,0.5848882
0.0431805867,0.175985335,0.328971495,2.02164489,9.89120604,1.63329365
0.0603208043,0.142336164,0.840522583,1.00336314,3.29191727,2.53742384
0.00682652252,0.0497263081,0.164702958,0.199717552,2.8856991,0.394449532
0.0133976944,0.0444725369,0.403296641,0.451019301,2.56760858,0.677074041
0.0411934647,0.260947142,1.01858999,1.28325609,14.707006,4.48575418
0.0229925555,0.104766942,0.209743635,0.359826146,2.1337741,1.32034383
0.0109719372,0.0305613959,0.25163086,0.343473221,1.53288347,0.62961633
0.117416035,0.354971776,2.23074753,2.53943197,6.90408967,12.6619978
0.152847733,0.596464199,4.14870262,1.40879135,29.5544696,8.15507507
0.0159741835,0.146811752,0.501449226,0.412722241,2.92330206,1.72909341
0.00968260829,0.166877416,0.580689739,0.436573059,2.39421504,1.29270332
0.00843320288,0.0194205671,0.0518010628,0.096405949,0.658322884,0.29626292
0.00819800494,0.124923089,0.572528235,0.399004689,4.24387481,0.744708664
0.0133189839,0.0655402866,0.269584706,0.296259627,0.996758028,1.45024038
0.0261888702,0.0563392192,0.295131702,0.771660427,1.873291,1.295744
0.0113491983,0.103038445,0.138422017,0.452765397,0.519259427,1.3269765
0.0254846136,0.076053155,0.617514852,0.54444056,3.28747079,2.75833177
0.0305318558,0.221804415,0.647731161,1.55043879,4.46268545,3.75305335
0.0332854994,0.156087773,0.870906882,1.03174054,7.48342693,0.943818259
0.054921745,0.113786906,0.612312842,1.05177998,9.28541736,1.3962456
0.0848012776,0.251647806,1.50150532,1.02775724,4.18393911,3.92555355
0.0246841851,0.0647589571,0.445387629,0.712550444,1.29948371,3.51527276
0.0177932265,0.0829499586,0.317327381,0.29198602,2.29220594,1.94221889
0.265120717,0.640494225,1.22538107,2.36296893,8.81514055,5.28808838
0.0496442441,0.241823301,0.312109688,0.481110855,4.99344053,3.95083974
0.00659505186,0.0614294305,0.21087251,0.211777041,4.01786329,1.33439207
0.0267928671,0.332952466,0.605949197,0.868242589,11.1197841,1.72233817
0.0482275373,0.273054573,0.762228601,1.49093685,4.32160078,8.17791488
0.00540725786,0.0409716781,0.176894952,0.330801934,1.9184791,0.518206847
0.00662386183,0.0665781058,0.124998373,0.235254667,1.09535543,1.33915784
0.0484073378,0.139007836,0.692470381,0.721617453,2.8667257,1.81770085
0.00800099119,0.0542052177,0.187413062,0.247468638,0.966673132,0.859608365
0.0995155566,0.286650224,0.785525738,1.32954519,6.05470179,5.65094279
0.0236893868,0.0859934845,0.502107396,0.240704974,5.16330588,0.953355097
0.0275699897,0.110494054,0.570190771,0.825720231,4.61005318,1.68553458
0.0606085717,0.219232415,1.10396841,1.38015797,4.40874471,3.0734191
0.0324004152,0.283676197,1.72560307,2.24360839,16.3167922,5.78318991
0.0468530205,0.239155653,0.788584326,0.899174841,5.78732735,2.95905166
0.0389521947,0.297924563,1.4961552,1.40792318,9.86721553,2.46496493
0.408139247,0.607117897,1.42780551,1.84823681,23.0856591,7.15695587
0.0543186228,0.158053687,0.308365246,0.952797797,9.10775191,3.45184828
0.00720707965,0.0556271946,0.158203888,0.182463924,1.24325047,0.568633896
0.0238294345,0.146727382,0.33052601,0.66920809,1.5459778,1.27275154
0.289810557,0.222557395,1.136679,0.826336664,3.0615473,3.76425643
0.0615798802,0.434469906,1.54981243,0.984457102,14.321802,3.90255046
0.00939370389,0.0328264346,0.21183634,0.36057941,0.488337263,0.614787919
0.224154475,0.457122177,2.60944831,4.90894771,29.7589996,9.04983976
0.0205078116,0.0548300527,0.264642033,0.233680677,2.09345848,1.87905691
0.038278886,0.0928613588,0.393517779,0.273876046,0.994520894,1.1808196
0.0558732205,0.151618543,0.804577856,1.14472064,5.19664856,1.32100936
0.113691245,0.152147274,0.637760196,1.95256629,7.23690566,5.19544807
0.0461246922,0.146232456,0.735171764,0.522336515,1.27448264,1.00385868
0.0674937166,0.176833733,1.36798151,1.19860265,7.00998435,3.4663626
0.0329186988,0.0761630158,0.330533581,1.29059202,3.10073424,3.062393
0.0142160274,0.128345883,0.591985351,0.369722196,1.12333091,1.90540642
0.0348714965,0.198322977,0.534355378,1.11045623,2.48661838,2.9264522
0.02563057,0.11097944,0.274337489,0.589847763,3.05585036,0.798053064
0.0355299083,0.0775442947,0.330970381,0.283388818,1.36372672,0.797499189
0.0809606247,0.211861257,1.92564837,1.49569302,12.2314272,4.99669825
0.0245547316,0.148273429,0.674105359,0.621681995,3.28692547,2.25140828
0.0056642344,0.0760832214,0.443385128,0.382029542,2.54105042,1.11511885
0.0379556889,0.235186331,0.357391197,0.693984413,7.97646167,7.66528745
0.139823738,0.294302381,1.37432689,1.19072995,18.5935685,2.41816057
0.0505945568,0.312941923,1.21296631,1.52961606,6.9391181,5.45441752
0.064558431,0.11757766,0.658849682,0.628461628,7.52169036,2.7893557
0.0642334347,0.209507822,0.558568634,0.421754357,7.49042356,1.16345469
1.33121658,1.82555509,6.01827342,6.05545968,33.7366219,46.832592
0.0504185329,0.165460962,0.842707666,1.57112089,13.5995877,1.95607867
0.0753423029,0.169571327,1.15344504,1.27884612,7.98319787,3.20987948
0.0373901766,0.353154995,1.35327364,1.26595952,8.30827685,2.65913724
0.0171933792,0.0278628753,0.190781731,0.28559569,2.7556091,0.818193719
0.14717419,0.639228984,6.82249461,5.10774839,42.3710803,30.4642755
0.0354832507,0.0788666092,0.688164181,0.512637989,3.64033504,4.98377876
0.103914314,0.272989917,0.948015263,0.634049351,5.91766063,12.5421016
0.0416955807,0.0805751625,0.159962234,0.560600279,3.91141722,1.70043639
0.173023381,0.30732201,2.27169151,1.28772155,13.5516044,4.56824356
0.0692378739,0.10249389,0.454466285,0.556382651,4.03961229,2.39153654
0.113357062,0.310814998,0.721377115,0.673382892,18.5095861,6.92916475
0.025228586,0.100415053,0.488044576,0.726762258,6.99381591,1.47575753
0.0422236612,0.39683894,1.8205247,0.913802014,10.5302513,8.87791224
0.129110671,0.375052418,0.981947538,0.876892944,14.8514186,8.28030095
0.0491676912,0.215594674,0.448089494,0.789838948,8.24118478,2.15132568
0.028373623,0.174901825,0.70688011,0.96387102,11.0096228,3.79761943
0.119235323,0.136002557,1.54521679,0.822663756,4.13306683,2.14666142
0.0530639462,0.0786553458,0.422416517,0.153596724,3.63427932,1.01935874
0.0324041856,0.0845259822,0.249786849,0.438611358,2.94896295,1.26747424
0.0316159657,0.0945823859,0.692381892,1.16762833,3.74166566,2.51602463
0.0335172397,0.0887677085,0.734405396,0.743858266,1.65387651,1.65285757
0.0221121521,0.158050423,0.805454346,0.842944421,7.86404011,6.76261005
0.0299891533,0.0707774017,0.340111253,0.576887946,4.15048448,0.731537583
0.0387206873,0.152542153,0.261448494,0.533925086,1.75012049,1.84304034
0.0586206002,0.101894481,0.900749305,1.12085747,16.834407,0.758235554
0.0383614695,0.439473057,1.85847058,1.67374769,28.8607977,4.33412174
0.0204373877,0.222081667,0.667096661,0.54045754,2.46392051,3.34750386
0.0609753265,0.301424966,1.15617548,1.95252039,5.30514304,2.84350021
0.0317855767,0.0491181248,0.444569387,0.342231397,1.2435239,1.25584338
0.152476045,0.508501593,0.529459873,1.71734205,2.39338405,6.77338504
0.024820722,0.154115847,0.437415035,0.641643516,2.11636551,2.43213033
0.0222169262,0.235211799,1.07825835,0.833097335,3.81099936,1.90887268
0.0348638091,0.170846599,0.331024557,0.604773875,2.73486238,1.24617302
0.0276360565,0.103188987,0.513873948,0.493613234,2.95612142,1.571824
0.0855220155,0.182179199,0.522694472,0.606518427,4.78037308,3.45141835
0.0616651327,0.140028344,0.831304596,1.12746313,4.28871679,1.26020573
0.0168178065,0.0686421096,0.811548492,0.652684566,2.0424751,1.1220546
0.0849353002,0.490371089,0.936173976,1.43869182,12.2270519,3.02948977
0.00254160585,0.0160399847,0.093382432,0.0676533707,0.512867718,0.37699668
0.141351586,0.690723595,2.79876122,8.28922287,14.8779309,12.1913275
0.00540578523,0.0311112349,0.156112304,0.417334432,1.63185804,0.602250312
0.0214027724,0.0810811017,0.337482366,0.74676221,2.62185126,1.12293067
0.0246232842,0.325996272,0.673552253,0.514625251,4.46601014,2.9691645
0.0132267568,0.107805513,0.573669745,0.288098793,2.41714565,1.71557053
0.0157089514,0.134081407,0.544919359,0.581340309,3.24767062,2.60213022
0.028533068,0.119768604,0.767324721,0.528392449,3.34305231,3.80453541
0.0269792089,0.109108504,0.293944762,0.636305251,4.05974464,2.87740743
0.0468172238,0.344723516,1.06773105,1.35072483,4.36782526,4.07139388
0.0299075849,0.169224873,0.639895874,1.17708875,5.01505057,1.52949332
0.0140777892,0.115180256,0.377098093,0.68296008,7.8774269,1.47969352
0.0212059314,0.0502099065,0.448788669,0.434105887,0.643545927,0.881644726
0.0193961408,0.131468515,0.431689529,0.793926051,6.45572767,3.39620389
0.0226849745,0.221962572,0.793626684,1.04026189,4.19092106,4.95365756
0.0273802406,0.108149274,1.05444105,0.54888988,4.62220501,2.71676016
0.0276684277,0.126706436,0.46410704,0.467466842,2.97452297,2.28915807
0.0211480131,0.213939947,0.277573707,0.987478165,4.26790633,0.987362582
0.00714571377,0.0391808639,0.19564505,0.135112278,0.629691985,1.04216528
0.346997974,0.842142886,2.02101117,5.17453003,38.2857948,12.7388578
0.075468009,0.291767742,1.14292406,1.06308352,15.8448042,3.52079387
0.0713462109,0.258497008,0.574495698,0.396648301,3.8311304,1.24373303
0.0262241583,0.127187171,0.543935165,0.516322476,2.67584196,1.12142805
0.0216771118,0.0380125195,0.235884635,0.256510832,1.31744972,1.17105278
0.018558177,0.155598919,0.363584821,0.556339668,2.07896226,1.58899108
0.0179562657,0.0451192518,0.358083571,0.36739274,2.11851405,2.43502961
0.0172212809,0.0498452263,0.379639576,0.634210942,5.77293509,0.489348786
0.023295449,0.0962348529,0.413407571,0.228540864,1.95025835,1.34548745
0.011802119,0.138460788,0.322464516,0.371073186,1.81446482,0.699690407
0.0602824095,0.0718253119,0.266491444,0.343656326,2.61488778,0.806470255
0.0239746436,0.187082086,0.918372042,0.676531523,3.04499175,1.21227294
0.0621797976,0.189089584,1.02048226,1.17040474,7.61748965,4.7849906
0.00498830662,0.0708369578,0.140741252,0.33078912,1.1469651,0.393662428
0.0350939369,0.448074731,1.17220261,1.80878669,7.69448789,2.71063802
0.0309053308,0.206572011,0.804492659,0.602079981,5.88339746,2.1616698
0.00533262605,0.0540741971,0.156802062,0.479978191,1.10325782,0.59339027
0.00923423356,0.0442074608,0.277490577,0.127780226,2.7262514,1.63938229
0.00650213257,0.0386910223,0.139014535,0.123536462,0.81382457,0.327510558
0.0220109653,0.143939295,0.413775487,0.245577056,2.06143069,1.39996178
0.0314480535,0.207135943,0.415623508,0.676871881,3.0879237,4.75725153
0.0364586241,0.199241396,0.580827568,0.726959718,4.94627402,1.53911627
0.0816082561,0.28079959,1.92718958,1.31790791,7.37846669,7.78905078
0.0194581679,0.0741049506,0.345152569,0.735703603,4.35504403,2.07359151
0.0898554599,0.130458511,0.760230392,0.624725485,1.04530087,4.23112254
0.030457172,0.13830582,0.426583309,0.377289399,4.85948186,1.90250059
0.0308980271,0.192180459,0.913111497,1.39748612,9.35721618,1.50281629
0.0116984955,0.0484349685,0.278940227,0.373529902,0.786602398,0.595438122
0.0210443463,0.128825941,0.440903164,0.173906857,1.73454853,1.20677855
0.0468918643,0.165653027,0.436149912,0.400416521,5.02072396,5.19698871
0.0126706277,0.0746012765,0.145934098,0.307908435,1.7951956,1.0352638
0.0253839927,0.254402698,0.493951673,1.04963478,3.53445686,2.69043414
0.00573659344,0.0736966058,0.29906088,0.173819596,1.71461891,1.31624414
0.022310984,0.120327656,0.861591508,0.335653007,7.131671,1.66609495
0.172247679,0.647855832,1.39203207,3.92350603,7.8557215,4.68292951
0.0324967072,0.28689303,0.653912831,0.44795741,4.17668019,2.68341692
0.0174164116,0.0619307816,0.185000728,0.41658613,4.25923732,0.684543146
0.0103615982,0.091899919,0.556590451,0.181602614,0.887209435,0.546699219
0.185009641,1.05338829,2.78128676,3.60048769,22.0823575,11.8653738
0.0369542947,0.0841223169,0.254447684,0.461456538,1.8475558,0.694343025
0.0145158951,0.109411518,0.405597088,0.736340053,3.18776167,2.18153543
0.0431135954,0.121047176,0.47778601,0.485578012,1.2630717,0.585167707
0.0225303151,0.121400508,0.293542984,0.543710581,2.14086291,1.31750009
0.00221957255,0.00594991353,0.0475426576,0.0501323683,0.289864808,0.0644559769
0.0248948219,0.0861257581,0.239044213,0.247360185,1.6994138,1.11213924
0.0386263445,0.261314698,1.06257761,1.33314451,4.246434,4.22230445
0.019177679,0.0622524518,0.420961993,0.36421475,2.86014828,2.36691996
0.0985231271,0.295761509,0.6527596,1.18901225,5.86294868,2.35853079
0.0114553782,0.013094176,0.265971531,0.231594806,1.49937132,0.523243378
0.0422995081,0.180845785,1.18968612,0.500435898,6.21750039,1.34284
0.0178614374,0.0892184552,0.246197207,0.310199157,2.10015773,0.975900638
0.069780192,0.164247373,1.30034889,0.90696209,7.8495712,3.66217344
0.0328656735,0.475295042,0.462352661,1.81303195,5.76486487,8.21985847
0.0101099574,0.061212247,0.197162981,0.278782309,0.926752823,0.756734947
0.0180065415,0.0256086622,0.220691526,0.718525664,4.24961177,1.4973631
0.0067343041,0.0241133574,0.0660551801,0.230241571,1.47006819,0.447158871
0.0724976193,0.522492235,0.884415708,1.48576673,15.2719995,15.7303086
0.0171407339,0.08922996,0.238843322,0.252425064,2.74754578,1.71100331
0.006056429,0.0724310179,0.503863682,0.537174096,1.1687772,0.966260897
0.0641127055,0.157999466,0.30969061,0.77879905,11.2714573,0.997769455
0.0128878224,0.0415282678,0.270497354,0.246036632,1.35827517,0.884536569
0.0265445024,0.117899494,0.443746713,0.61120245,2.31106656,0.530003593
0.0298874772,0.135312805,0.557670315,0.327802609,2.52859695,1.33834395
0.0153009609,0.123012233,0.203728187,0.221663201,3.50026124,4.87702147
0.0123703345,0.0634388837,0.355962956,0.383674535,1.84202822,2.18365381
0.00751267386,0.180194391,0.625500112,0.365409662,5.85710236,2.18862257
0.036572143,0.112246821,1.11133569,0.553704342,1.54172143,3.49004803
0.0247329585,0.0824216307,0.172037357,0.163451243,0.957778062,0.539679278
0.119654985,0.239312729,0.907308772,1.2671677,6.22332249,3.6523863
0.0153738619,0.077786707,0.358687604,0.561813553,1.71120616,2.11104446
0.211268832,0.230275648,2.83625376,3.23998473,8.70444085,7.39808772
0.0119984926,0.0438080518,0.238238579,0.28020045,0.468748908,0.262532899
0.0221817386,0.135716553,0.417849965,0.592732207,3.74689732,5.36437458
0.0155407327,0.0475729779,0.18211503,0.380203491,1.77736064,0.667673934
0.0117052205,0.0593992319,0.198767297,0.349622459,1.64271765,1.12810483
0.0188116857,0.153182282,0.59786034,0.846782586,5.28838974,4.74455834
0.0272329164,0.316796134,0.931830285,0.833403778,9.08135095,3.77589702
0.020952746,0.167055547,0.849084343,0.348433327,14.056223,3.59279207
0.0476241658,0.0905311888,0.594851894,0.316790756,3.60263164,1.02316008
0.569620518,0.702216309,2.33664068,3.49563406,10.3986442,6.13197829
0.0338900674,0.0653909114,0.493898653,0.343568665,5.91917162,1.71664879
0.0498382556,0.0621057371,0.832555723,0.242852094,4.24991344,0.70775641
0.00736245325,0.0349926704,0.168351911,0.180756596,0.939101845,0.703447844
0.0170644916,0.180627228,0.702553196,0.372141461,4.83948646,1.66342066
0.0798794164,0.207824408,0.852718153,1.2459903,7.84166096,4.56650083
0.00995780965,0.0261851601,0.131001521,0.480246476,1.00640099,0.541588113
0.0116906154,0.0701745042,0.540621365,0.269646744,2.91683047,1.83339584
0.108513434,0.642279271,1.47880024,1.0551319,15.9101997,6.40437109
0.0933627908,0.534894299,1.47727733,2.79460884,9.45483346,10.2611802
0.101492425,0.136890493,1.11733236,1.19520193,9.01566741,4.75779285
0.0133538156,0.119076711,0.270945007,0.475051727,2.53198868,1.34863594
0.00763721953,0.0390471988,0.17880887,0.181426734,1.20646242,0.348935068
0.0723959865,0.38973402,0.780543391,1.17113343,6.98107763,4.84815317
0.0329198095,0.0798599352,0.480534777,0.352050648,3.15696401,1.6763267
0.051559205,0.16085432,0.629219859,0.725850908,6.0837577,2.83909901
0.049088503,0.264620644,1.75249291,1.06620776,9.52172795,4.54559022
0.011907714,0.0467948632,0.369201925,0.403904497,3.33030741,0.689652062
0.0225190996,0.0675583302,0.46531388,0.5054009,1.13396267,0.789997365
0.0152663984,0.105317006,0.218396335,0.257053636,1.98663405,1.54127172
0.0159531895,0.164757959,0.602853739,0.628567997,3.50829759,2.43550283
0.0645047168,0.215405878,0.764621548,0.909749046,5.5586713,2.22538239
0.0713465906,0.138880365,1.84670954,0.949261264,7.35473072,2.11832784
0.027822215,0.376359647,1.33238155,2.50932879,8.52613936,4.15848032
0.00478651424,0.0340417947,0.206606488,0.184162035,0.775031571,0.291142209
0.0694626056,0.0955157338,0.67974705,1.06272683,8.83650849,2.36274231
0.0554578062,0.113843366,0.426369878,1.00672873,3.94968592,1.76804888
0.0591493623,0.272302029,1.37186056,0.818655398,7.79180754,2.68456197
0.104267466,0.252354904,3.72406038,1.487351,18.3903334,3.70698521
0.0164717916,0.088931058,0.323272252,0.360656663,2.44635532,1.4352695
0.0189442024,0.166719875,0.308440992,0.583283671,5.57120153,2.08503752
0.0429591322,0.112433851,1.21177278,0.944691973,7.21964209,4.82272339
0.0400929948,0.10553233,0.523484806,1.26675218,6.11200102,1.89241867
0.0377355655,0.156996997,0.903110273,1.69103737,9.09206206,1.56023821
0.016586553,0.0838963391,0.269682787,0.309467756,2.62893097,1.08828259
0.0164709801,0.102299963,0.398059377,0.601454729,1.94215378,1.02639627
0.00506370721,0.059525277,0.0918510486,0.181782661,1.34723458,0.208984636
0.400956299,0.745705551,6.00829366,4.95776623,14.7856739,17.7748686
0.0170330545,0.146035759,1.07758167,0.560052893,5.75285182,1.46057445
0.00612283835,0.102868665,0.160831534,0.196685518,1.87665885,0.657705099
0.0123308958,0.0445947782,0.168061333,0.194439792,1.44363518,1.10125699
0.0949821939,0.507445584,1.76226534,1.57519539,13.9065177,10.2825146
0.189886926,0.55995804,1.33840075,1.3007012,12.8669938,10.3405795
0.0385993758,0.127630258,0.322570201,0.765993172,3.44388602,2.03007938
0.0321486479,0.13531316,0.456621802,0.532349154,2.86970787,1.13778054
0.0373864362,0.167744377,0.695390375,0.948183446,8.83529954,3.12429208
0.102484833,0.42778574,1.10328679,1.79507101,18.3989742,6.25530371
0.0244106629,0.189243254,0.591155695,0.355381588,1.30319508,1.81677047
0.0135870608,0.0475549268,0.265957399,0.404512986,1.4590206,1.38488887
0.0577254772,0.13423493,0.368654289,0.410338601,5.40028758,2.8933595
0.0149660655,0.037455074,0.204995382,0.402571246,3.09960595,0.680198346
0.0297811107,0.204968247,0.705271107,1.47771227,11.7095387,1.37202083
0.026264836,0.0471012894,0.266639556,0.248699895,1.12625942,0.89700143
0.0177437641,0.124448178,1.21373925,1.08300675,10.0170719,2.53078113
0.039593539,0.183181734,0.662539702,1.20218861,6.82364861,2.42745769
0.0164520837,0.0719893469,1.08533119,0.602015651,7.78145955,2.98728875
0.0284421425,0.293740654,3.22359693,2.49841452,17.914239,6.42357659
0.0465960437,0.115988441,0.376714291,0.733725701,3.2564639,1.81609905
0.0187311332,0.0998589144,0.479012445,0.545063822,4.52694693,1.44130666
0.00982379055,0.0543536742,0.384826603,0.347746418,1.69577969,0.604408094
0.0270182298,0.0623412563,0.289328893,0.374322789,2.80446701,0.284858422
0.0680070946,0.312114004,2.61562827,4.42864117,20.7968169,1.83275165
0.0071415846,0.0331756826,0.223011856,0.237926333,3.44280374,1.0090128
0.0137532028,0.0482812233,0.349964224,0.372114365,1.21698831,1.0211295
0.0264127429,0.0835915154,0.318799087,0.659752687,3.63992097,1.25487671
0.00982343644,0.0411404886,0.255084274,0.222812399,4.20927323,1.66971138
0.00785596076,0.0705381506,0.327669757,0.607805811,2.7736188,1.41361309
0.0215220372,0.178214227,0.381918014,0.590057963,4.96282855,3.37124854
0.0214829712,0.080869088,0.395834865,0.397400308,1.69809534,1.34946752
0.0119174951,0.0933024882,0.364996691,0.758399159,3.01255322,1.17914469
0.0293666459,0.118280432,0.877703897,1.81774776,7.55382196,1.80700818
0.0196485873,0.117498507,0.325512083,0.26603184,3.57999239,1.54156209
0.314926934,0.971758346,7.84905008,7.83180832,86.0635845,63.4844911
0.0139535926,0.0477704961,0.111128212,0.316572341,0.897904504,0.606514287
0.116528531,0.329809946,1.17367158,1.46689425,6.05408588,5.94568109
0.0318774773,0.348483258,1.29775136,1.72202218,34.8214991,6.57631807
0.00450304394,0.0412807179,0.185329636,0.136707863,0.772455187,0.500779272
0.142674541,0.434520648,1.02051604,2.1411282,6.04158636,6.93003519
0.176653067,0.576796578,2.02560438,1.63040905,22.4093756,25.8250944
0.0494880137,0.343396164,0.745679133,1.88358928,3.26928907,7.1776963
0.0300899038,0.230147509,1.14330227,0.616320368,4.40936328,1.94200396
0.0186193698,0.0988956708,0.139851017,0.149980429,4.33355647,0.487121617
0.113756065,0.127389544,1.65699818,1.51894622,15.040224,3.2338212
0.00839196921,0.0315075419,0.119526099,0.21277334,0.841746095,0.319884157
0.047481091,0.0935943192,0.637254898,0.826583377,2.88302364,8.2501367
0.00602613719,0.0250174235,0.120691276,0.0634861148,1.30542313,0.603272139
0.00526465414,0.012112301,0.117635448,0.116853736,1.02022522,0.298771069
0.0109586348,0.0749410249,0.405893229,0.364923135,4.27254854,1.52427969
0.0323377219,0.0763460558,0.817452682,1.20237329,4.03128033,2.22754056
0.0151837559,0.105178145,0.342800455,0.599210532,3.79052928,2.00994364
0.0264574842,0.0480039983,0.206015052,0.457272475,2.18009855,0.756370442
0.0347706341,0.126145958,0.596053759,1.23676874,3.63216736,1.98487383
0.0213544626,0.218478381,0.744138895,0.818053418,10.1935114,4.38018059
0.0113843823,0.0627780384,0.10894918,0.10829793,0.518053217,0.68404598
0.130970809,0.743551212,1.36220233,1.6484234,25.4318857,11.1783852
0.0273237432,0.145666836,0.375815069,0.795166794,4.10724693,1.68126745
0.0122212294,0.0691773245,0.406967358,0.322680623,1.66908781,1.23865895
0.0661092907,0.389507757,0.545421897,3.1770601,13.1533009,3.0464621
0.0417739101,0.110923107,0.52970596,0.432897438,2.56047598,1.62595586
0.0252075233,0.0560474764,0.16773126,0.397711758,2.72508622,1.19686403
0.0450372833,0.344484663,1.02879279,1.3573347,10.9713507,8.06759863
0.250284467,0.854701729,4.07906549,8.86065476,44.4191629,9.31840568
0.018519961,0.0564856466,0.313809995,0.845648289,3.94315593,0.448667562
0.0129796798,0.11326389,0.695228796,0.68183036,6.87820738,1.37223373
0.124153635,0.159407025,1.69173995,0.811549522,8.12969946,3.15387304
0.0242735077,0.135282771,0.76663487,0.688666173,4.12079613,1.32270839
0.0402420209,0.158300847,0.58397262,1.45108931,2.65037915,4.9899321
0.0722116748,0.171383124,0.603911886,1.09024847,5.90526282,4.26011878
0.0594063726,0.38270803,0.552919197,1.11616401,14.2239726,1.79739386
0.0384759947,0.0624113115,0.309018545,0.320181618,1.77092802,1.32020614
0.0251409968,0.188298499,0.547886437,0.511406699,4.78218494,1.23746364
0.18301901,0.629469929,3.59074446,4.1069657,29.6067946,19.1566546
0.189076705,0.832888432,3.20961159,6.56429942,20.0747916,14.7549374
0.0108558069,0.0453251688,0.376424178,0.236115898,3.69649814,0.404459155
0.0446443671,0.320581031,2.18082753,1.12966591,5.54925245,7.30158191
0.0225587079,0.185791385,1.13912512,1.39915448,21.7627878,2.72770215
0.0301575052,0.0829051906,0.308544942,0.396495217,5.04849628,1.0496757
0.00767676695,0.0486469908,0.137465528,0.257084409,0.570144599,0.872876371
0.0679624724,0.0886496785,0.977757498,1.0613053,10.2801667,1.10096423
0.055274916,0.239177112,1.2356948,1.05781299,6.64825211,5.59166776
0.0246938531,0.093179956,0.884746443,1.45356041,3.52952112,3.13367346
0.106285364,0.282077898,0.745969964,0.381412304,3.82648672,2.1963817
0.00674112757,0.0440637046,0.590041908,0.212199283,3.41307885,1.69445969
0.0128945782,0.0953556083,0.268668753,0.209032131,3.18871505,0.827964502
0.048567054,0.0727823863,0.22288283,0.479908902,1.29750043,0.64016646
0.107469503,0.584789849,3.85551786,1.99619156,7.13707148,8.30046494
0.0326409816,0.133222534,0.369531508,0.506235155,1.96230161,1.60034406
0.0149730596,0.0388337672,0.279393328,0.215178221,3.61614486,0.952007913
0.0572208358,0.284451775,0.902671882,1.34419446,3.09714408,5.20941757
0.0118609441,0.0495626196,0.312867306,0.430824554,1.60964084,0.876262859
0.0599318886,0.214490406,1.24563721,1.33230006,4.58418497,3.39928582
0.0849150988,0.435718942,0.97846995,0.872462388,9.24053687,6.00177882
0.0577125343,0.254504,0.590353352,0.672349956,3.26076135,2.22372768
0.0352176616,0.0892568484,0.475840608,0.523337132,2.1687243,1.16615421
0.0361650834,0.161947742,0.746546829,0.614282453,8.31663666,1.69484748
0.0681222673,0.290570091,0.939145371,1.85080143,18.1096494,9.11783004
0.0104685288,0.185124126,0.36529656,0.578049486,3.18274697,2.56834252
0.0569527351,0.0602645722,0.305497606,0.629013939,1.028876,2.0255433
0.0308243868,0.0821357169,0.266215014,0.415238753,1.16829482,0.944113115
0.0207275971,0.146786354,1.06808124,0.946250871,3.84818409,2.42903847
0.00700920556,0.0714337084,0.191392128,0.222090358,1.87878569,0.541999127
0.0456701643,0.407447543,1.30337332,5.26328108,8.36547853,7.52449128
0.0219239712,0.100889757,0.352987616,0.568277199,3.947834,1.91506527
0.0171537408,0.0458646909,0.195435136,0.410637165,1.13184341,0.550601064
0.0112705146,0.104928608,0.498299026,0.422208648,1.72144197,0.552418167
0.0456679385,0.281990307,1.39952683,1.36839454,10.8450348,2.3995808
0.0132728559,0.0940739038,0.393926942,0.724176308,2.02312771,1.22803727
0.078473502,0.410733626,2.46023117,1.91915259,12.938702,7.16659883
0.016484054,0.0240107563,0.159504435,0.314738817,1.61064431,1.10682401
0.0330381189,0.188811691,0.593659087,0.602222034,1.40532212,1.79020216
0.0660639055,0.550524371,2.4240178,1.81043127,3.68618178,5.86901199
0.333104468,0.511464075,2.68908345,3.85040056,25.5094179,13.6491683
0.0289533097,0.0887098161,0.279478871,0.499416207,1.13061068,2.70108612
0.0290142617,0.08830495,0.463170942,0.444861561,2.75135369,2.95055482
0.0282024757,0.237292516,0.695579631,0.224893254,4.63921807,0.927425129
0.0273176526,0.13102822,0.281732622,0.620800458,8.70068002,1.42136368
0.00916477044,0.20250278,0.551610894,0.901510229,1.83498373,1.51777194
0.0216010304,0.0457908708,0.400371575,0.90063394,1.97009694,0.917781289
0.00443639746,0.021187526,0.141628249,0.139232719,1.00571742,0.577081829
0.0181973791,0.0581075446,0.444124835,0.343843742,2.18263115,1.64302012
0.0184116566,0.13308825,0.427801486,0.767663341,7.40454351,2.28975183
0.0551598362,0.0899197112,0.599345084,1.09994786,9.58975443,3.78875252
0.0378391289,0.117186035,0.738668263,0.734729354,3.10788072,1.48802354
0.0986073347,0.354398577,1.52611874,1.26661114,25.839875,3.34388641
0.0245980866,0.120247685,0.344985989,0.54606039,6.73969749,1.53276996
0.0291148177,0.0749323059,0.325571738,0.359394834,1.49843681,0.64868448
0.00638040996,0.0246273501,0.129778089,0.14996143,0.860692908,0.351370327
0.0173920874,0.0582423416,0.202226495,0.200480198,2.2222892,0.589263277
0.0812289147,0.1003016,1.17925626,0.768418566,5.9457234,3.40237573
0.00590236519,0.0446744399,0.149378622,0.175357302,1.37010201,0.984327449
0.0861105191,0.503400935,2.18141819,1.69631974,27.0556109,9.37539701
0.0659208609,0.0896943822,0.26127435,0.942346979,5.19071566,2.22389188
0.0322467895,0.0864789365,0.417711851,0.618650529,4.79178193,1.68655727
0.0152508139,0.142922738,0.289371393,0.680085218,5.68056046,2.87195347
0.0758666776,0.362830435,2.20607076,1.11290004,10.9775827,10.3917593
0.0295536329,0.136443991,0.368953597,0.393961346,2.12755837,0.712877784
0.0109930594,0.0466743288,0.278852003,0.399799293,1.95453367,3.09984333
0.118424361,0.242080924,0.819496045,1.92584113,17.4519591,3.16581719
0.0470173319,0.223837801,0.617016327,1.2111694,8.83945527,8.45642468
0.133798441,0.489974588,0.783328042,2.00871437,7.01404504,1.77646864
0.0171442187,0.0904616617,0.756547143,0.805953589,3.70226968,2.99620606
0.0168814008,0.0913922783,0.679595034,0.456986289,3.80194412,0.927559477
0.0208761827,0.0937110285,0.109087273,0.299722817,2.89624979,1.2976607
0.0394245641,0.295993962,1.13223755,1.65497954,6.37948348,2.62573297
0.0395493379,0.105847594,0.645043419,1.18959465,3.87915687,6.29978693
0.112166437,0.340768819,1.83663146,2.88375391,23.8849958,9.83303058
0.0566279529,0.368572756,2.29854162,2.45732368,15.0631088,12.7226287
0.042038834,0.607132379,1.38338483,1.31697756,27.9965253,9.24688805
0.0280113067,0.0771317174,0.703473151,0.724976102,3.12736567,3.65511614
0.00933330212,0.040591951,0.219783695,0.443828742,5.24109291,1.91612532
0.0346173222,0.0740372042,0.38210744,0.432223932,1.25969955,3.09447359
0.0482750213,0.22755096,1.05628084,1.35929197,4.44046187,6.4622879
0.0223864188,0.11926002,0.404484973,0.301715199,4.44928192,1.96101988
0.0416546821,0.0666299726,0.461651606,1.00435802,5.75463956,1.58762202
0.0149107041,0.10059521,0.215094186,0.286784899,1.8155852,0.701088338
0.00558893767,0.0360039069,0.124673235,0.0935364783,0.806095191,0.375279134
0.0177665349,0.0414484483,0.165276777,0.360162128,2.33367388,1.3891816
0.0473921095,0.0720936331,0.320814679,0.490216614,2.73795468,2.42204212
0.075835112,0.412587723,0.619777723,1.67106266,8.83438272,6.49403226
0.0852708808,0.233143337,0.690454294,0.656884725,3.27935449,6.38782009
0.0288149647,0.246516674,0.412272148,1.55788683,1.49893898,2.98715443
0.0109959763,0.15607753,0.405458339,0.476657858,1.98730755,1.20789989
0.00867972757,0.0363608064,0.22023826,0.171010436,1.0438971,1.41344716
0.00562071642,0.100101193,0.215061282,0.240724066,2.03400497,1.21365819
0.0302491532,0.157897979,0.489857733,1.11884103,7.5937503,2.13565416
0.121299446,0.318490766,1.3863795,0.971800274,8.91917002,1.92244418
0.033858035,0.237536214,1.46499392,1.17234061,9.99065965,5.8190799
0.0154468094,0.0825951409,0.33641597,0.328866949,3.98724712,0.720917454
0.0133058606,0.0792160894,0.332020302,0.415452526,6.71513376,2.24602505
0.0368824807,0.609825929,1.91855876,1.06857481,10.97051,3.18165906
0.0262150094,0.136658387,0.444611245,0.892384032,2.20444743,1.52142346
0.0166971772,0.0785452078,0.377105123,0.442356273,1.24021769,0.821681261
0.0139068972,0.0866214203,0.105885222,0.410133871,2.81738445,1.77517792
0.0833908873,0.33590263,1.53066739,1.78054205,12.4668506,5.49893946
0.013652781,0.0423851714,0.394583951,0.217523629,3.76409322,0.418599117
0.0204476837,0.150868641,0.418413102,0.661111409,4.81111533,2.78460505
0.0171581524,0.100407886,0.457874234,0.450504664,2.92830363,2.76047889
0.0371660585,0.119105238,0.442433063,1.04304714,4.70520508,3.07014962
0.0119154726,0.0479289456,0.242630217,0.647869226,0.882730926,0.743809807
0.0416395983,0.271963372,1.46894504,1.70440846,12.845313,9.88072144
0.0188871923,0.0842680733,0.212084438,0.878294164,1.67030647,2.45285996
0.0769217151,0.184157465,0.62312941,1.01200883,6.86931352,2.87482314
0.0460568648,0.299799681,1.01248623,1.10479215,11.7653889,1.77882959
0.0230819943,0.193169317,0.621663078,0.55622012,4.65702823,1.3005042
0.00938371093,0.0300997968,0.236491926,0.235769884,3.89365888,1.20843482
0.0140655735,0.0840636568,0.294072727,0.429183657,1.61770696,0.82791578
0.0167095183,0.201025601,1.07762259,1.41677209,3.88574012,5.46346408
0.00861866221,0.0439693892,0.136148715,0.188850054,1.41284614,0.252745787
0.0120007048,0.0802380463,0.556431479,0.448521078,4.73162878,0.888206658
0.0443553974,0.226830679,0.598403581,1.28874691,4.284703,9.47028023
0.015133668,0.210866294,0.642968827,0.571269752,6.9949547,1.47107488
0.0703784822,0.651598733,2.33034184,4.77243276,27.6843565,11.2076893
0.0132159422,0.124529035,0.155273683,0.381331486,3.02843452,2.65911536
0.0428183049,0.071440743,0.82894324,0.316376253,4.37453769,5.89020527
0.0215905862,0.0842655952,0.313129295,0.117100642,2.26478609,1.09923986
0.0515792494,0.164150468,0.888535386,0.755802851,12.0760672,4.68450877
0.0226516275,0.113308559,0.429598745,0.525495866,3.94947698,0.795896011
0.012314685,0.0665157389,0.2272382,0.257922098,0.736275882,1.13563561
0.0179501673,0.107426765,0.567573153,0.834263384,5.45547764,5.67020512
0.014772507,0.315175362,0.361590277,0.499185413,2.01854659,1.88596816
0.0925687271,0.329402562,1.78050515,2.20009382,6.9326801,9.74567176
0.0575249323,0.400721026,1.06547292,1.86435782,8.81391915,4.17844254
0.0251454811,0.228837639,0.615715434,0.921230148,2.75729008,2.63164019
0.0114752735,0.121405382,0.512427592,0.348860276,7.20669986,1.82557421
0.00725204307,0.0718130887,0.159227407,0.837059381,1.16250814,1.28386475
0.00587538512,0.0387552449,0.0958673314,0.17398977,1.34682232,0.234298376
0.00530574397,0.0485264307,0.193054168,0.233960451,2.22417875,0.690764505
0.0196729701,0.107522401,0.386955221,0.400353871,3.17608782,0.596538698
0.050822084,0.146142908,0.571358914,0.845483105,3.8639888,2.35139813
0.067403918,0.615364627,1.96739695,2.1090154,11.3872179,5.05050336
0.0789969023,0.834998684,2.04707313,1.73924293,19.506857,5.33730518
0.186845962,0.249789423,1.32121723,1.05073422,3.47863884,2.11342312
0.160792695,0.325087796,1.73616692,1.32155753,6.97454168,20.3889874
0.0887206993,0.16194571,1.2745772,0.951269051,6.89844498,2.29487104
0.0219163031,0.16924153,0.538514869,0.581605058,1.63225787,0.998669368
0.0320210852,0.104590368,0.594232222,0.501207211,2.43924904,0.843397914
0.00928017319,0.0621419556,0.187198097,0.172347361,1.43774907,1.15380086
0.0377588265,0.317030716,0.828128339,0.891896226,6.70665768,5.20903177
0.0380238101,0.134931214,0.396948235,0.561648897,2.19092954,1.3142813
0.0449741659,0.165430579,1.27684553,1.1720351,12.1146687,3.13893661
0.0150645881,0.286233058,0.703833034,1.0791348,1.40742244,2.30581321
0.0147693365,0.0496978634,0.425920341,0.253751433,2.53537549,0.492211156
0.0395931619,0.278745918,0.933202294,0.446408431,5.92607125,7.21267981
0.047575831,0.167782572,0.745754437,0.714856691,8.31834401,4.43777507
0.0332960753,0.0750401624,0.346965716,0.410278018,5.98865221,0.824167775
0.0855317521,0.20707253,1.66395063,1.4374282,18.5533725,3.48628073
0.00236407863,0.0267965862,0.093833647,0.101429949,0.854642351,0.544150271
0.0635646914,0.50129449,2.01729077,1.69290643,10.0081298,4.57433972
0.0200347428,0.0571684548,0.645722112,0.720844707,3.55112706,2.86812516
0.0616351858,0.270246751,0.928153068,0.571839537,6.28072425,1.53013335
0.044892239,0.0946173595,0.258352203,0.484336862,1.84752136,0.665850201
0.0727342625,0.207922721,0.832403783,1.93214115,13.2314759,2.85015127
0.0326069492,0.115686396,0.309571149,0.873052039,4.55786821,2.48223249
0.0409480859,0.158355445,0.796646329,0.436445124,5.50235168,2.59549912
0.0258060169,0.218564445,0.798349094,1.22041016,27.2884858,2.25402105
0.0319198374,0.0901982161,0.491386415,0.523302966,3.90526957,1.52170546
0.143190228,0.39537003,1.45325255,2.27418611,24.5066058,9.38874476
0.0578924648,0.227468401,0.905461306,0.991887745,6.99589768,3.13190378
0.0340637984,0.0748044949,0.29260449,0.748842421,9.45683685,3.57859831
0.0103031258,0.0955282769,0.802638946,1.0737325,2.18382891,0.847590592
0.069384842,0.370311112,1.80678641,1.10447831,7.86106978,8.99921947
0.0294010771,0.167512999,0.705885775,1.34802421,4.25132594,2.45806281
0.0489011783,0.322310941,2.15846397,2.53434938,30.3319964,3.74529787
0.0273507717,0.200729357,0.831239537,0.831208422,9.42314542,3.00371308
0.0292004441,0.116307574,0.206418162,0.643603003,2.3052006,1.40569017
0.0125979546,0.0521596004,0.159793312,0.251090273,1.02408209,0.995582633
0.0829174037,0.614816676,0.835253966,1.5336854,11.5006462,6.93463976
0.11753965,0.383101804,1.42416086,0.829964929,19.2293269,4.89035132
0.0108541246,0.0414752741,0.173137226,0.136944933,0.483054771,1.15194885
0.0057402828,0.0885454398,0.209985296,0.349934171,2.92141622,0.726394588
0.029370564,0.0574961545,0.331845673,0.341572769,3.93788557,1.57786282
0.0021012172,0.00847029001,0.0632407727,0.0643684098,0.267642109,0.258583027
0.0340517478,0.250577477,0.488782354,0.821116174,9.1370773,3.52669571
0.0506119757,0.420807091,1.0027653,3.2077368,7.3642748,4.18951239
0.0139598895,0.11402219,0.602602068,0.666000677,2.43263908,2.12462604
0.0122578343,0.0380792809,0.15241067,0.286737267,1.38742104,0.372313372
0.0727999136,0.822705668,1.67841596,2.18951756,11.6356244,10.4083656
0.005841806,0.0897695349,0.242538544,0.329456339,2.64167155,1.40133328
0.0149620909,0.0838339348,0.31880494,0.59382446,3.30911831,3.77750003
0.0683274405,0.246129773,0.579665894,0.854869859,6.27258406,2.09101892
0.0287644262,0.109738547,0.556596451,0.614374973,5.65090151,2.20842753
0.063681148,0.27992249,1.52500797,0.89264424,5.77872095,6.24443796
0.00423638209,0.0737821942,0.241062429,0.395621777,1.53569439,0.794304743
0.0190476492,0.079541506,0.504199576,0.787960539,10.4371441,1.58962854
0.0181626933,0.0749928374,0.19947766,0.303854118,1.16818419,0.585190766
0.0137751276,0.0489180895,0.145532609,0.163028584,3.48689464,0.800886212
0.120946805,0.435286038,1.365784,1.77662213,34.9602068,9.75173817
0.0727778387,0.262897512,0.544815828,0.921819504,9.15670533,2.75442288
0.159167738,0.541953285,2.09210279,5.12998188,51.4875312,21.1297101
0.0229682953,0.154313961,0.343163137,0.28805864,1.03004527,1.03811597
0.0165746562,0.346751577,0.927011122,1.10113988,4.90455755,1.72286708
0.303458536,0.500658718,1.39798208,2.27657368,14.0827272,21.1401055
0.0327263746,0.420589332,1.18143247,1.94621893,6.40025879,3.384603
0.022918254,0.0529199915,0.244452855,0.202355079,2.23110191,0.730067081
0.0107625811,0.0947322969,0.54194604,0.896578807,4.67522963,0.832543866
0.0282446508,0.220930362,0.76366363,0.958742908,7.64241144,1.32703635
0.0340482657,0.143695215,1.22931626,1.2171463,4.40856453,5.98286172
0.078083353,0.381583629,1.23170219,1.86757311,17.8242425,4.31437087
0.144836811,0.402997392,2.21182623,4.31931504,15.694971,5.45788228
0.00806695323,0.0972812044,1.11296042,1.15025414,3.52762925,2.56570869
0.0243164847,0.207262329,1.08707104,0.324565977,1.27145739,2.32843939
0.0437910136,0.186399197,0.405171629,0.552499991,2.1787292,1.25533647
0.056625003,0.217515178,0.888830871,1.51367887,14.7131255,11.8078537
0.0284896777,0.142910321,0.422575466,0.4140343,1.08941448,0.496864412
0.0650014255,0.102901914,0.846192871,1.15655143,12.3534705,3.5680791
0.0150086694,0.066187018,0.313558304,0.427505349,1.89056203,2.08102329
0.0502519361,0.100269324,0.513042887,0.490291998,3.35038279,0.987523371
0.0141631659,0.0177187339,0.230508016,0.202052071,0.630373213,0.688554656
0.0148335153,0.220490712,0.472181938,0.622292561,5.29865954,2.25677023
0.0308399025,0.165848089,0.471715237,0.813495262,3.78597999,2.26703183
0.021055571,0.0805381878,0.54464785,1.56403227,5.17579464,0.991399836
0.0542631577,0.363725033,0.831286959,1.53339291,6.22590425,4.74662045
0.0283111598,0.0739188441,0.272146037,0.95112111,3.73344705,1.01474171
0.0521316929,0.0985978386,0.890388842,0.69576238,4.57487555,0.863392991
0.0348813893,0.0632742373,0.59903001,1.76802863,7.00553798,1.86148532
0.0631626482,0.184357492,0.689526725,0.561238023,6.21115721,1.14697793
0.0455937275,0.253723438,1.22434603,0.615416315,5.44470018,3.86692311
0.0534287768,0.143304933,0.599469484,1.22545748,4.37957841,1.44317791
0.00766156146,0.0980259551,0.568852035,0.35965314,2.63162642,0.997716986
0.0241411822,0.0771462682,0.322084983,0.497033428,7.44934117,3.83916581
0.0671298048,0.304841594,0.730255338,1.18328176,4.05308517,3.742307
0.0733400329,0.256075673,1.44596727,1.84866593,13.4617858,2.30937153
0.0461785701,0.341974559,0.932980931,1.71928074,7.10017747,3.9961171
0.0170224882,0.0731916932,0.473389557,0.179482731,2.68432766,0.896455328
0.0446400353,0.297600052,1.97215387,1.31801631,20.7783755,13.6729806
0.0395055216,0.271243253,1.53607894,1.88886046,5.51198214,5.02414525
0.046076975,0.234541778,0.748086451,2.10315383,11.1810362,3.94330631
0.00142234302,0.00477109093,0.0495058197,0.055803597,0.279675073,0.403671856
0.0116453409,0.0552647837,0.203155118,0.274468819,0.977887832,0.448891163
0.0317020076,0.0859464455,0.503807347,0.891616908,13.2755986,1.20027313
0.00966083256,0.0470044968,0.145761173,0.217102612,2.95845521,0.924986403
0.0400111589,0.247312297,0.720411552,0.969703967,3.33902388,3.71376609
0.0455260186,0.235987958,0.507286622,0.803822457,4.88308238,3.01941821
0.0195870096,0.0830593216,0.354674834,0.421857008,3.58983186,1.09568345
0.0210975275,0.115485509,0.60674404,1.17359792,3.27675293,4.34047861
0.0372237372,0.0832617219,0.711602866,0.640448596,4.13529146,3.56197269
0.0236317066,0.224549532,0.500082668,0.640160422,12.1164471,1.45659996
0.105329397,0.58488832,2.41550741,1.80715283,17.7729817,6.5693358
0.0247282257,0.105832437,0.731548128,1.28443861,8.77810608,2.1048385
0.0140410292,0.114738307,0.517722154,0.50272764,4.55796044,1.45937624
0.00822009503,0.0899258597,0.17438815,0.222400848,1.69134497,0.187907787
0.106631965,0.505230015,1.40888366,2.2101354,6.29685928,4.40916923
0.0519604523,0.148778638,0.86369201,1.18753254,3.53846471,4.77149929
0.0156692487,0.170947271,0.367488407,0.781755678,4.45950688,1.11469025
0.0148069631,0.202820797,0.879061737,0.652026262,5.72983866,5.77753499
0.0533270157,0.262020142,1.59081827,1.06590448,11.8305002,2.14199082
0.0230550515,0.206140496,1.10662994,1.56749058,10.2869974,3.04756022
0.0116282096,0.0614271723,0.258802951,0.157093702,2.99640387,1.56584935
0.0247192432,0.345488776,0.391651442,0.928237309,6.21641634,5.21875497
0.00536947849,0.0498641126,0.198721581,0.211674619,1.38580447,0.540313741
0.0202429995,0.0898477388,0.575747196,0.665238948,1.81015561,1.8841381
0.017307224,0.0385467126,0.288452966,0.403257539,2.84013694,0.90911279
0.0609991661,0.137434915,0.9035645,1.30018255,6.99076206,5.79435369
0.0711109629,0.106458133,1.28145095,0.579390917,3.30846056,2.00153136
0.00984120107,0.0357465258,0.102331674,0.0906016705,0.755829336,0.298651572
0.0272470042,0.249232977,0.83971431,1.59654728,5.57389436,1.79671425
0.0227941563,0.0874694028,0.471123392,0.616035766,4.1050708,1.25521105
0.0194649596,0.138095537,0.897425713,0.821155037,4.64818477,4.69621705
0.0844598465,0.396144161,2.40983287,1.22091565,14.5303832,3.39157791
0.0255096263,0.220626387,0.429733902,0.342868199,1.96371938,1.26625026
0.0465320092,0.0847287359,0.514031944,1.25325946,10.2128164,2.27235259
0.12443527,0.478218211,1.52307055,2.50893473,10.8176629,8.09513931
0.183397534,0.616410093,3.85507108,4.41163515,12.4565743,8.06225667
0.00856367403,0.0474703969,0.166574584,0.244107261,1.54846342,0.923197915
0.0482645438,0.172605181,0.607144114,0.559441211,5.51006914,3.5957803
0.0169092843,0.0507238136,0.149006679,0.133812049,1.39914274,0.734641669
0.0172229617,0.0501365973,0.159394333,0.276521169,1.76491332,0.715539783
0.0387978017,0.265059931,0.939424635,1.31997838,7.19764454,3.08510548
0.0320322288,0.245630378,1.15710218,0.847531738,11.1522184,3.66174252
0.00827653622,0.241911641,0.321321728,0.22797134,3.65947395,0.528511077
0.0176438733,0.0904260638,0.456632712,0.450081969,2.55595107,1.25399917
0.146699816,0.542876254,2.85010063,2.26783515,59.4040607,17.394987
0.0437652733,0.155934104,0.877514184,0.949559489,5.28698458,3.67431632
0.070305862,0.174270716,1.3108624,0.826055544,6.64027613,3.19074062
0.00739012661,0.0740126705,0.141571305,0.161844735,1.34315141,0.3053644
0.00542939768,0.032151757,0.159933512,0.180846882,0.706611259,0.483359941
0.0581582403,0.0751092487,0.502648929,0.258328111,6.8740625,3.42346481
0.177816249,0.174030916,0.850534371,1.19715416,14.532127,6.22079606
0.0243344136,0.176152859,0.721112837,1.38364151,7.2917594,2.96159376
0.011803762,0.0933437492,0.404134975,0.472149395,1.21226231,1.13635734
0.0134518346,0.10835392,0.260822127,0.419014016,1.59513413,1.01882916
0.0130038015,0.162779767,0.50457336,0.74854638,9.55908912,3.41094416
0.025125233,0.125147524,0.456329111,0.447772086,2.42859438,2.53394658
0.034246538,0.109855498,0.249687405,0.511492422,1.85806821,3.28385324
0.130674977,0.448197088,1.46379342,3.72376148,29.7672848,8.37211839
0.0182254039,0.10260335,0.433683475,0.561640146,2.46528059,1.65160322
0.0155864066,0.123074504,0.414503972,0.487522301,1.12823904,1.07014974
0.0415276395,0.194302905,0.743244617,0.409502609,2.01733774,3.58399464
0.0247178346,0.149784504,0.564218232,1.04718984,5.64925631,4.38850496
0.119728381,0.795610354,2.08291929,1.92212355,15.4618326,8.30191384
0.0484072791,0.315210616,0.710204096,1.15018045,6.3877872,9.32637762
0.14674997,0.335821582,1.65968744,2.24834167,10.1228321,19.0843114
0.00621901825,0.0992512518,0.345379311,0.425154154,4.05509365,1.5755929
0.0604792326,0.370201276,0.864014066,0.552148841,4.75200092,2.5037676
0.0188229282,0.182711626,0.710950985,1.28169425,4.32988024,6.06058795
0.0327421176,0.109441599,0.441526588,0.322197903,5.38198578,2.40691314
0.0283534004,0.149912166,0.833454824,1.04224878,8.48333776,2.46392526
0.0578027027,0.159366932,0.772316459,1.0733316,10.2039237,3.92625284
0.105610203,0.280974229,1.36115605,1.87442509,13.3156141,5.34821222
0.0309377501,0.1342118,0.159954465,0.207757437,2.05411086,0.82745937
0.0773065403,0.0918703969,1.05548717,0.776349103,5.31524307,1.53894572
0.047288821,0.129988959,0.848652547,0.977109011,10.504022,2.20001646
0.0237316308,0.162293402,0.17381437,0.31667627,2.31727139,0.878201226
0.00345777219,0.031474779,0.212304971,0.203512066,0.82258055,1.09952485
0.0334950628,0.151481042,0.313157938,0.447928347,4.17383327,0.85530044
0.00701047868,0.0427701604,0.118360495,0.10219938,1.07091495,1.65734461
0.0107423949,0.162599325,0.544221497,0.481349106,2.37013949,0.52619881
0.0298075756,0.0497569056,0.192097891,0.244547927,2.92234428,0.738650852
0.119634801,0.535763596,0.978827054,1.51985961,3.82604535,4.40222433
0.0178256513,0.118147409,0.63948698,0.651140543,6.64561575,0.846797994
0.0416980063,0.270748074,0.381777913,0.638103062,4.30343934,2.65314584
0.0669358048,0.184841554,0.812220299,1.06965031,3.59095289,3.81901131
0.110126769,1.17819605,3.72091866,2.16578815,21.940864,13.1556901
0.0109935589,0.044371211,0.0931680984,0.118768112,0.903584676,0.85339199
0.0120211925,0.0470665576,0.310455355,0.611740122,3.84765337,1.05091967
0.042178308,0.129859599,0.399137571,0.235678402,3.23380391,3.59375629
0.0138839187,0.116529235,0.4361156,0.348351438,1.9926178,1.98824167
0.0207993915,0.0656548873,0.337017751,0.690340867,3.39672961,0.387872531
0.0052149683,0.073643121,0.164619713,0.21078822,1.71891451,1.02300295
0.141974816,0.261278711,1.764863,1.63201787,6.31476279,7.05687095
0.034464282,0.27029765,0.729273416,0.904483817,11.7294233,3.26096201
0.00951354423,0.0782473385,0.170613347,0.415132071,2.04117058,0.626198554
0.0497185867,0.198014358,0.763889565,0.822148055,5.28445239,3.27182989
0.0825501724,0.304995883,2.17484011,0.979334143,10.7920992,3.52489447
0.0353424055,0.216730433,0.330498082,0.752127107,2.60005367,2.48042565
0.0290200887,0.232908315,0.58560898,0.484937775,1.98667715,1.0684729
0.0151699205,0.131776345,0.259790476,0.437947675,4.20235531,1.25642025
0.174423171,0.389935705,1.46020422,1.56294307,5.55841482,6.39117117
0.0200242701,0.0896639233,0.35914818,0.628250688,5.59600564,2.69914487
0.04829212,0.268416866,2.20951502,1.96220869,3.95774492,2.42791247
0.0137383453,0.0245934357,0.141747508,0.300577816,2.1255542,0.929897421
0.04843565,0.0644904588,0.353118288,0.318486782,2.28862368,1.82273073
0.0243539575,0.146312409,0.320557425,0.804855182,3.61379596,0.746678358
0.0168314476,0.0375716309,0.324501303,0.499893437,1.22252416,2.16778335
0.00969975512,0.0323201207,0.103845704,0.338581645,0.620422308,0.551098976
0.0818958266,0.158785018,1.21138196,2.15358807,5.30337407,4.62470199
0.0259104741,0.0650441388,0.374411654,0.757956889,5.68364434,0.902366046
0.0768946956,0.270068279,2.47056708,1.90563971,5.71436999,5.54373535
0.104187225,1.60002428,4.0869346,4.42156736,7.99558161,12.4419417
0.0096407522,0.160145768,0.483250614,0.961775398,2.37166924,0.729085896
0.0866059833,0.285946858,2.16688809,2.02141024,11.1237264,4.36453722
0.0447122525,0.119041695,1.17824563,0.895581467,3.08525077,2.09672137
0.0149720035,0.047566136,0.608115312,0.264863242,1.81960941,1.19170777
0.0402279864,0.139987379,0.638754087,0.489433307,9.92377203,1.43014055
0.00591766957,0.0217124462,0.119319854,0.194468258,1.71942742,0.264450703
0.0273588885,0.184996751,0.400524054,0.692766145,3.78278114,2.37491884
0.0693801493,1.03149701,1.95957641,1.47427554,10.0758556,7.98418739
0.0360779684,0.0572513412,0.226675345,0.210813517,0.958419269,1.73616
0.0184040656,0.0710196131,0.202113207,0.36626291,1.50690491,0.892469286
0.0200231619,0.131158331,0.23065577,0.539130396,3.38909176,8.13984245
0.0258650547,0.184772069,0.559310144,0.767935597,4.78552952,4.3355312
0.0233669638,0.126873584,0.694663234,0.620819086,2.60237799,0.971794594
0.0518001091,0.0649133566,0.402809796,0.604320067,5.09958792,0.941885518
0.0879343095,0.235490106,0.34275234,0.393217904,5.95754294,0.723973194
0.0504093511,0.186875514,1.99856423,1.82686301,9.48593334,3.79255059
0.0908548542,0.301148698,1.82435489,1.06063066,14.7316362,6.35255652
0.0191231816,0.0958752998,0.262882261,0.275890069,4.07018015,2.75240155
0.0281311221,0.098013129,0.301510004,0.51776051,3.48790741,1.6613601
0.0404647096,0.0549923907,0.325697953,0.510614648,3.79826968,1.52018698
0.022085725,0.134766542,0.395221324,0.57846133,3.03085025,2.74913081
0.00683830417,0.0677065355,0.384145479,0.423924508,2.53510203,0.97695287
0.121055583,0.621442347,1.15691703,1.85518082,4.93185761,3.16834024
0.0442198129,0.175923745,0.635970812,0.438682756,5.09876836,1.71987224
0.00582946038,0.0581086101,0.298776935,0.196912915,3.35766568,0.425089141
0.0281730373,0.192174491,0.849302285,0.554192067,2.94963489,1.24750933
0.016310882,0.151168037,0.627023717,1.34283533,13.3008315,2.92505589
0.0469652219,0.227869686,0.506097349,0.780109517,5.7421083,5.45848324
0.0180134564,0.026870339,0.229033565,0.222907533,1.15934956,1.49452709
0.0188023972,0.245492612,0.320731333,0.549282674,2.95245863,1.01508715
0.0174916073,0.145347763,0.234232266,0.350523758,5.20674964,1.14987553
