theta,k,L,Qd,n,u,M,Qeq,Qstar,Qoa,region_eq,fstar_cournot
1251992.67,174374.03,461630.586,108216.443,4,0.660528755,19.7516983,74505.796,93127.4953,93132.245,1,-269313.248
1765.58557,319472.936,9032635.58,131257.018,10,0.439378889,19.9163884,0,0,0,0,-318890.287
16868.9142,54152.1484,1863463.4,41853.1016,4,0.302876327,10.9783457,0,0,0,0,-37451.4605
1130691.29,205955.833,5060237.76,931600.988,9,0.896663893,5.07122035,680302.724,750982.633,755891.915,2,-95934.6886
5847.36298,31020.5619,832396.824,35573.2756,7,1.83316577,3.48251701,0,0,0,0,-25628.0191
1833774.76,120054.057,1120990.02,57950.9321,7,0.849988707,13.5584689,47377.0332,54141.7913,54145.1809,1,-244654.083
71022.5313,409497.258,2187815.77,402770.849,9,2.00693827,25.1003677,0,0,0,0,-339783.463
994.805623,574558.798,6399036.58,22921.4365,3,0.539772811,3.97380774,0,0,0,0,-574593.509
3333.19042,306468.176,3182484.62,39313.9876,4,0.674637524,3.49882781,0,0,0,0,-303774.933
38994.1726,270341.965,1123011.92,64324.7346,6,0.684312796,6.81262238,0,0,0,0,-231576.851
6493.42109,526706.928,407512.681,15168.4431,6,0.89868298,0.684240883,0,0,0,0,-520322.665
1257.54419,118939.949,4246781.18,45145.1941,5,0.8249785,3.11133017,0,0,0,0,-118726.668
11716.1814,151540.109,3104311.49,20006.6157,2,0.667945953,25.1003677,0,0,0,0,-140441.964
1058.00926,224109.531,1697488.12,108459.861,10,1.92359887,2.66705621,0,0,0,0,-224024.782
1938573.43,294645.926,5143979.08,172504.746,8,0.620403056,10.0548028,129892.361,146051.686,146128.907,2,-204395.288
803818.972,69166.3399,4834043.02,254007.22,10,0.468559558,13.7743543,210590.528,231349.293,231649.581,2,-72351.1493
1840515.72,68340.8932,1016075.1,37367.5574,6,3.72528258,3.17248198,30816.2985,35946.1241,35952.3482,2,-294816.728
66071.2474,244650.543,340967.3,131661.681,3,1.30328025,1.70271562,0,0,0,0,-178711.748
23646.6553,138522.703,3303564.87,684580.427,7,0.176926205,7.79144587,0,0,0,0,-115050.262
6477.83079,220772.679,3489477.99,52690.4558,3,0.735162949,7.45090968,0,0,0,0,-215059.479
6807.11681,431413.152,561407.118,444808.702,9,1.09447099,2.92419414,0,0,0,0,-424789.178
33818.1061,79110.7508,1341729.88,17883.5818,9,0.757729765,4.520692,0,0,0,0,-45595.6756
7526.2486,60863.464,1359120.76,132072.04,2,0.743600647,4.93046085,0,0,0,0,-53638.4503
27922.1631,315738.844,721748.161,77035.0503,9,0.859644237,6.27324925,0,0,0,0,-288001.613
449.031466,35489.1707,7373618.77,47188.1507,2,0.985619123,5.20003189,0,0,0,0,-37206.3329
118295.554,184282.414,346820.406,259456.077,7,0.651287454,6.2597945,0,0,0,0,-66054.1859
1504.96847,651363.83,4306339.04,235283.999,10,0.412270166,0.908456765,0,0,0,0,-650388.035
1847.75651,191592.372,975184.115,14814.5646,10,3.53491435,20.5828403,0,0,0,0,-190772.095
52884.5238,122708.493,868625.178,107152.354,6,0.336718011,16.1470593,0,0,0,0,-69911.1474
1045.44854,60162.9609,7714867.61,895130.716,7,0.877700973,12.713694,0,0,0,0,-61135.7976
767.765642,145705.657,1974985.4,75555.3151,6,2.71812417,4.39462,0,0,0,0,-146537.968
6272.0708,651768.616,1350298.19,884481.464,10,1.08196239,11.1789499,0,0,0,0,-645932.006
106462.274,86830.027,536054.033,535865.489,6,2.12063445,5.90983891,82419.8502,95115.8833,96156.4919,2,-2971.9765
37044.4322,783982.946,681454.915,45963.3811,7,1.75125207,9.78715291,0,0,0,0,-747294.221
15229.306,78766.5365,869101.974,45227.199,10,1.71488707,6.85849944,0,0,0,0,-63981.4665
1811560.61,729172.012,2551669.64,15196.862,10,0.81396406,2.37638581,8249.54469,9073.90027,9074.49916,1,-108098.42
2970865.89,882849.298,1236810.99,118487.728,5,0.667410007,7.71094487,69385.2306,83256.9077,83262.2768,1,-417392.557
39098.5837,420681.618,5681916.06,415410.139,9,0.321387796,24.1821246,0,0,0,0,-382127.326
193604.001,970139.708,312264.411,19007.878,8,0.762799089,5.20223767,0,0,0,0,-776606.705
1017807.99,948173.503,5824514.67,89762.2329,10,1.12760717,9.50723262,5420.49782,5945.79829,5962.5476,1,-6558.56692
348.114361,922566.451,504663.735,98889.8578,10,0.643847877,10.7092691,0,0,0,0,-922315.185
2798179.35,581461.912,890435.732,16664.6932,6,1.62402745,3.62354471,11313.4322,13198.6466,13199.0043,1,-369311.002
73644.7446,73546.7094,7041047.61,30166.689,10,0.345533356,18.8964505,0,0,0,0,-627.126246
274191.692,106879.218,5317899.49,190518.908,10,0.700712375,3.57525884,104515.339,114407.155,114966.873,2,-15730.1087
254154.778,246332.394,2470759.12,158183.211,10,2.63118644,2.23116131,3306.38292,3537.50786,3637.02122,1,-411.354104
12561.9138,585076.405,2027236.84,58758.3436,8,1.09801122,6.04372166,0,0,0,0,-573177.958
6978.36408,138236.958,6692739.34,28079.9416,4,2.18463125,23.9044889,0,0,0,0,-135616.617
8540.44446,180812.656,7858887.97,18154.2979,6,0.289127605,3.6746184,0,0,0,0,-172949.476
537.154914,642662.054,6189347.88,31519.028,10,4.09340051,18.2381732,0,0,0,0,-649676.458
703356.106,129526.354,3654948.72,604389.063,8,0.421927523,3.99078166,436944.63,490413.034,491562.709,2,-70162.63
70202.7301,153985.392,4503947.51,314895.949,10,0.486132652,2.12102497,0,0,0,0,-84435.2745
12269.4803,166209.782,1025004.01,84598.5354,2,2.85660097,12.0726264,0,0,0,0,-154813.037
25536.9178,317851.365,6565965.74,37425.8936,9,2.98791654,5.98467769,0,0,0,0,-298162.005
12542.6627,928637.04,8303301.91,773057.499,7,2.93770762,24.4071038,0,0,0,0,-923364.921
877777.733,138896.072,5258109.46,69944.2678,8,0.743393418,7.67602949,52223.9764,58714.4588,58751.9735,1,-91684.6395
563479.99,966419.823,855775.542,40770.6433,9,2.14793419,20.4015171,0,0,0,0,-403487.718
3169.39169,44607.6322,3473940.27,744069.335,7,0.638161854,7.84384339,0,0,0,0,-42099.0263
264072.731,85204.3059,2505850.77,377072.577,2,1.21737106,7.51381132,168135.847,250245.986,252203.771,2,-86907.4172
974.314243,230576.639,503480.889,27978.2333,4,0.737209126,6.40707218,0,0,0,0,-229712.957
1641374.66,58657.3738,446784.167,339561.776,8,0.9717708,22.3787951,290977.028,327296.481,327349.156,2,-197536.989
704881.966,121967.212,6163052.26,45549.1243,7,2.0961154,4.81529003,32694.1319,37295.2494,37364.7222,1,-81492.9907
16014.8165,73586.8453,3688836.2,20608.9715,5,1.01427449,7.53499531,0,0,0,0,-58687.2277
666.053823,57799.4226,1450322.56,615427.25,5,0.766252983,7.82228189,0,0,0,0,-57464.6099
91582.8888,416798.895,2851455.8,332505.51,8,0.475319984,4.01231014,0,0,0,0,-325619.987
592.87157,771407.95,1733012.7,968008.528,6,0.432876924,14.6297616,0,0,0,0,-771038.68
7400.3772,47953.6053,4777696.45,88178.7675,10,0.153989414,12.010027,0,0,0,0,-40772.5171
4657.69513,32295.1155,603594.787,896688.245,5,0.665529512,30.2119793,0,0,0,0,-27757.1551
4629.04792,393059.322,304151.005,155185.31,5,1.4275127,1.86649486,0,0,0,0,-388559.687
7972.28632,760463.35,6133814.76,364806.958,6,0.614971044,2.58965907,0,0,0,0,-753615.391
1689.32366,68231.0689,9176132.4,71985.8269,10,0.546031255,12.8087271,0,0,0,0,-68035.1744
50865.0536,83644.3525,2241044.18,83177.3543,8,2.56398011,9.95866626,0,0,0,0,-34491.9644
1101601.32,32850.102,1788836.24,124846.226,6,0.718034703,12.5318566,103756.55,121016.038,121049.308,1,-177718.813
85997.0638,797033.45,1932374.68,14659.7245,2,0.42631237,15.0882768,0,0,0,0,-711281.929
9384.61233,331594.928,1057358.06,239930.327,4,1.24538204,6.12486007,0,0,0,0,-322602.808
854.471609,155091.504,3043519.1,25642.6843,7,2.6524938,9.23590081,0,0,0,0,-156643.267
952.41343,148599.318,7521926.92,186077.964,6,0.707216729,2.56373187,0,0,0,0,-149232.488
2696.27063,46809.5907,4194709.47,37800.921,4,1.10725707,5.05013884,0,0,0,0,-45497.7081
1891397.75,84470.1382,1878528.92,140604.959,3,0.37409253,8.84346524,100723.329,134284.628,134297.773,2,-602003.602
152457.263,363212.203,2817414.17,605046.705,7,0.521493729,2.8280353,0,0,0,0,-211192.873
1789.85135,340086.07,5943066.82,79679.3613,4,2.8189528,14.2952686,0,0,0,0,-343289.728
8546.36155,400708.345,2914197.73,74254.7316,9,1.32813616,8.77022271,0,0,0,0,-393315.62
19033.3343,30414.0133,873402.186,26547.172,2,0.516394887,6.95120638,0,0,0,0,-11515.1112
15047.3241,85948.5556,751149.753,437632.401,6,1.01408526,14.8280725,0,0,0,0,-71128.2747
584.29083,590474.115,1559169.5,23004.0758,9,1.34517628,29.3756545,0,0,0,0,-590514.968
111852.94,30550.7859,5385976.99,268325.952,5,0.612074248,2.03927194,158393.115,187389.787,190071.738,2,-14703.9208
1947.87452,287616.4,3143269.77,346149.491,3,0.826248427,6.62828268,0,0,0,0,-286442.63
16818.595,105746.917,1723031.51,477245.422,10,4.33075972,6.29265092,0,0,0,0,-91152.4757
311.654122,101846.077,4258958.3,424915.645,6,0.490129489,3.87307147,0,0,0,0,-102156.611
331.030848,67961.5817,582702.749,26458.1226,8,3.99084099,4.29353499,0,0,0,0,-68323.6877
1536.64047,130308.305,1858688.38,317717.924,7,2.24206208,6.86268927,0,0,0,0,-130013.78
129528.053,260271.471,543396.487,40281.0268,7,1.39706374,8.49037117,0,0,0,0,-130969.695
1629.97211,526880.753,2574451.91,15764.1161,5,1.74814062,14.3734532,0,0,0,0,-526592.213
789.934231,31213.1061,6704248.54,681031.802,4,0.59195849,11.1299406,0,0,0,0,-31606.074
22964.5507,208520.345,3968168.39,108504.998,8,0.579662054,2.01453976,0,0,0,0,-186241.397
2571.76951,603906.52,614695.073,305082.757,5,1.49832522,5.55511929,0,0,0,0,-601609.27
4171.4435,40666.8018,2594276.87,36957.2508,4,0.377305833,20.7119856,0,0,0,0,-36787.1126
42576.8574,446185.262,1270104.11,17577.4032,8,0.526859691,10.9365911,0,0,0,0,-403807.858
1727642.2,437023.994,7801059.7,49833.5578,6,1.79577044,3.62354471,31783.911,37047.7488,37081.2294,2,-213051.996
165942.742,352134.913,1198052.27,707831.316,2,0.931352206,18.1164021,0,0,0,0,-186524.752
26552.9342,442059.858,651312.111,155218.99,3,0.94387816,6.8604139,0,0,0,0,-415690.161
6471.43973,408408.011,490987.394,408226.653,8,0.599011838,2.52927618,0,0,0,0,-402024.233
15790.0914,795555.635,2713383.15,21966.4707,8,2.0960615,1.64708725,0,0,0,0,-781460.751
2624060.78,288450.155,5557966.71,495342.346,5,2.3736017,12.6324951,365213.119,436332.201,438255.742,2,-454054.974
6382.90976,272880.166,494237.214,36857.7138,2,1.09903695,5.93128042,0,0,0,0,-266659.159
5359.81722,815053.335,3546222.09,280679.512,6,1.27133794,8.38503968,0,0,0,0,-811037.317
2506501.13,230768.231,2396260.44,86724.0377,5,0.499108201,6.62828268,65601.2944,78715.1309,78721.5533,2,-454852.521
7221.19192,39737.334,6812949.09,253824.949,6,1.35376339,14.5753433,0,0,0,0,-35265.2095
40923.7689,34268.5078,8892546.01,15185.4666,4,1.22189896,1.4885434,1007.17658,1176.21015,1258.97072,1,-573.400787
221595.565,45759.9653,1799040.64,299288.124,3,0.554540273,4.45164188,177397.388,235954.43,236529.851,2,-57943.3563
19978.7033,198866.65,2275504.68,277985.31,4,1.28119725,2.17122981,0,0,0,0,-179756.91
924339.252,77810.3673,3933516.95,22297.924,2,0.627944096,5.78750295,13600.6852,20397.8093,20401.0279,1,-422696.174
522.419771,595571.872,985871.361,440000.227,7,0.771780253,17.4668397,0,0,0,0,-595276.241
1135.04942,83730.0785,909962.937,14126.1422,6,1.20632634,19.9595018,0,0,0,0,-82922.216
21255.8011,329707.74,6476093.14,82110.3306,5,0.265727433,13.8062398,0,0,0,0,-308964.868
16408.326,908414.547,996816.635,81822.5587,6,0.648233559,12.0726264,0,0,0,0,-892198.821
1136.90277,452459.358,8508473.34,91503.9628,3,0.712806273,4.9731147,0,0,0,0,-453130.173
5317.67479,234850.416,444026.177,750895.729,3,1.42235949,2.68426166,0,0,0,0,-229720.987
156639.865,33326.3271,4424326.03,16921.7099,2,2.32828748,6.06068959,8643.1747,12919.1732,12964.7621,1,-59487.3532
236429.062,91892.0424,345246.512,713933.566,9,0.370050907,2.37638581,392440.199,435745.985,436044.665,2,-15945.4619
796.0481,366809.636,3455722.99,149290.257,5,0.615327585,3.52514596,0,0,0,0,-366647.389
40389.6079,266343.871,3107081,37608.7732,2,0.274110395,11.1202718,0,0,0,0,-226208.118
28597.7075,300055.683,8041847.76,369874.115,8,2.90970605,20.1764961,0,0,0,0,-278432.465
303931.113,565014.56,5774643.16,64812.4931,6,0.509047934,16.2788421,0,0,0,0,-261959.623
27244.2884,45766.7996,4502406.68,24912.6294,8,0.389599684,18.6121064,0,0,0,0,-19045.3536
356.73588,41964.5003,5623031.43,90400.4647,8,0.469795383,3.25029201,0,0,0,0,-42395.1487
4808.54255,416168.106,557007.679,58633.585,3,0.149831388,2.842633,0,0,0,0,-411384.439
148328.164,446786.974,3576179.83,273263.758,7,0.414120981,10.604029,0,0,0,0,-298900.231
28961.8886,176176.71,6824689.07,870694.41,2,0.556426999,44.5363731,0,0,0,0,-148346.697
12683.2585,63663.3249,4589710.58,41914.6947,3,2.0459598,17.8420165,0,0,0,0,-53778.9825
770.081638,771545.626,5411128.82,949175.002,7,0.965350681,4.13085006,0,0,0,0,-772332.515
4174.81459,119451.509,3594103.32,880445.712,4,0.809070373,9.96820959,0,0,0,0,-116143.425
1641022.72,543447.583,1271932.49,537400.705,7,4.21842127,8.90893828,313090.996,356701.408,357818.281,2,-152658.363
165866.486,256409.05,666852.714,96414.8548,9,1.16377693,6.32027426,0,0,0,0,-90773.8813
93499.1538,46438.3505,836732.025,15050.8018,8,0.727638172,6.81536048,6706.67088,7541.89696,7545.00474,1,-5838.19314
1280965.99,357001.261,509589.313,112814.728,7,0.704770731,19.6738047,71189.754,81354.6649,81359.7189,1,-131914.082
26764.3649,167998.416,301340.663,304043.006,8,0.835233662,6.97812685,0,0,0,0,-141309.071
9695.59229,903813.068,1766468.2,288246.414,7,0.474465832,3.72793712,0,0,0,0,-894367.291
26957.4298,175756.832,597402.305,433707.721,3,5.27837285,2.41452153,0,0,0,0,-149739.286
1215410.73,324782.515,443345.313,710255.247,8,7.22099787,6.19407701,460640.623,516514.676,518220.701,2,-107914.26
1681038.87,61922.9729,351173.703,33345.0411,6,0.826044111,6.74429671,27526.8883,32114.2752,32114.703,1,-269813.076
64731.3047,55076.2072,2881392.24,17061.2611,7,1.12551093,5.13924819,2000.80341,2267.37468,2286.63247,1,-1157.58313
559.688236,921493.384,597736.509,35356.6178,10,0.979120467,22.0027236,0,0,0,0,-921108.139
27627.5615,137467.415,395665.438,27511.0425,10,0.391251628,7.31751649,0,0,0,0,-109885.995
2247853.56,908086.908,6535788.97,14202.1899,5,1.69396205,3.73591793,7035.76754,8440.59375,8442.92105,1,-266851.259
99087.5475,991108.849,398201.375,44069.1209,3,0.576012355,8.31616842,0,0,0,0,-892089.668
10219.4655,201994.36,3908224.09,942320.69,7,0.655294226,3.21068855,0,0,0,0,-192538.244
67771.3647,55082.9427,8006334.35,22088.5132,6,1.14505538,9.69199837,2766.98629,3156.49349,3228.15068,1,-1401.4832
179707.822,37549.0507,416378.969,54300.2185,9,0.514373186,8.64550322,38637.3148,42924.3248,42930.3497,1,-15766.1684
404.97864,902192.972,2302555.86,127499.583,5,0.494436466,5.55622931,0,0,0,0,-902127.328
795571.703,231858.735,1255257.21,11052.9681,6,0.448541267,7.48327076,6710.82044,7829.03853,7829.29051,1,-93903.031
5504.7273,51154.5931,1957941.49,16194.8826,3,0.587955025,10.0961488,0,0,0,0,-45992.99
1669083.6,515004.543,724171.474,26429.948,2,0.682499774,10.5688851,12181.5115,18271.8734,18272.2673,1,-576928.555
6956.29265,441570.946,520431.799,40634.5193,3,1.74691166,12.0726264,0,0,0,0,-434885.637
40160.554,216639.055,9555394.97,14212.0995,4,0.212701022,7.09327148,0,0,0,0,-177084.296
6924.09866,136815.383,1405169.72,439725.501,8,1.85310185,20.0621017,0,0,0,0,-130667.416
1827.54787,79100.0694,504789.613,17952.6111,5,4.40630162,8.27170999,0,0,0,0,-77935.4888
2832.34736,744799.674,2480769.51,373420.504,2,0.307005823,9.03273842,0,0,0,0,-742194.335
29041.7403,57660.9868,1045080.8,329819.841,7,2.39482876,1.7858481,0,0,0,0,-29365.2344
1054092.21,98911.507,2211444.18,142366.354,9,1.88276284,11.7866087,115842.686,128578.29,128714.096,2,-104874.969
1526488.88,143750.322,7673781.54,12189.4655,3,0.757088137,8.04097268,8270.14584,11025.1095,11026.8611,1,-460043.136
22290.8315,574338.159,904535.439,661550.99,7,1.46737835,4.59566593,0,0,0,0,-552442.944
7295.5303,88601.1817,6943675.76,69047.0614,2,0.424101135,6.32709474,0,0,0,0,-82183.3923
27898.0323,256844.299,1204627.9,46687.2,7,0.890591136,7.19383906,0,0,0,0,-229266.038
49817.091,760061.985,7621699.75,118744.413,10,6.91389408,29.0081417,0,0,0,0,-725951.488
69850.1277,342595.705,692597.81,24083.5672,4,1.01339404,4.22600963,0,0,0,0,-272954.779
654086.741,884091.185,5755901.55,343163.125,3,0.525986025,17.1976437,0,0,0,0,-230906.835
13181.9188,30520.0505,6149048.14,611404.766,7,0.285030329,39.1357111,0,0,0,0,-17860.5356
1417536.69,62586.467,1352604.54,468591.796,7,1.76288288,11.0111156,391174.297,446431.912,447056.339,2,-191301.028
56173.3842,49201.731,776799.213,26559.9437,10,1.20440735,3.57525884,2874.60324,3151.41204,3162.06357,1,-644.479701
108295.635,34859.3792,3071813.14,19253.0577,7,1.00080189,7.27940463,11270.4825,12858.1966,12880.5514,1,-10216.1481
136176.094,921952.344,4453530.24,25115.7552,8,4.99581862,3.94129927,0,0,0,0,-792407.853
425254.003,67808.3891,1612572.6,83865.9553,7,0.344693966,24.3658347,61641.2406,70431.6961,70447.1321,1,-50950.522
584486.021,68567.2207,7536495.33,11762.595,4,1.03760428,14.1288035,8266.37829,10327.2227,10332.9729,1,-128039.738
156087.079,111045.279,9582962.18,68154.7652,2,0.649665015,8.62154876,12512.3457,18630.6472,18768.5186,1,-21117.2129
177299.829,617557.77,2468595.65,11639.4901,2,0.433921007,1.56438463,0,0,0,0,-440577.219
12011.8961,232458.42,2171259.55,48944.6668,7,0.7381773,19.9455099,0,0,0,0,-220924.251
186652.946,173454.544,1699348.34,134659.993,9,0.857842379,14.5618123,8272.51671,9155.45148,9191.68523,1,-1362.30451
9914.27187,48102.6602,398206.29,41012.3066,2,1.36821873,15.4659806,0,0,0,0,-38350.7827
246669.572,34119.8524,2163684.68,28601.688,4,0.533601241,10.9383793,19679.861,24591.6219,24599.8263,1,-52962.9314
59245.982,836414.632,6364789.7,16729.9467,2,0.486390699,0.908456765,0,0,0,0,-778091.385
146438.638,180316.068,7592649.03,133821.095,9,0.432384558,4.93820381,0,0,0,0,-34855.9537
1813735.39,50147.1333,4653036.08,79589.7955,6,0.542952642,10.7235771,66292.5706,77324.3959,77341.3324,1,-293355.501
5107.25496,267040.31,8226148.73,139341.786,3,0.5524284,7.31119624,0,0,0,0,-263287.558
1446113.86,117632.222,1273894.63,261820.476,5,1.26543714,7.77354742,200261.95,240187.328,240314.339,2,-264757.979
1195073.94,313984.953,1466664.56,915785.537,4,0.664426455,5.24697371,539266.197,673197.685,674082.746,2,-218754.037
41089.8325,43603.3935,4279038.1,331463.166,5,4.385465,14.3570058,0,0,0,0,-8106.87605
359.04788,46086.6883,6047215.4,85150.2008,7,1.30312675,3.7108833,0,0,0,0,-48076.4596
152176.538,56085.7168,305946.028,337954.667,4,0.839391737,7.84993783,170414.669,212797.344,213018.337,2,-23879.0582
2940.0342,43398.1493,335568.815,196537.341,3,1.05719675,11.8023713,0,0,0,0,-40563.8565
62393.9591,135033.875,2224387.84,443890.207,3,0.924165537,1.85786993,0,0,0,0,-73252.6436
1521.45537,114896.604,3180702.84,583014.258,8,0.678019123,0.977904684,0,0,0,0,-114017.944
730852.429,177649.131,1410806.41,94005.7121,6,0.583535048,3.65885353,60952.2932,71095.9756,71111.0087,2,-92023.2732
2674.23838,83250.6322,485892.685,95009.8684,9,0.442874727,6.57257914,0,0,0,0,-80640.5338
547.518505,62973.9495,1547622.03,288397.565,4,2.99261342,4.26363272,0,0,0,0,-63806.8884
3679.91109,70809.6696,340340.77,41542.8074,10,1.16390444,4.21420792,0,0,0,0,-67247.8283
576285.014,168480.143,356192.845,340428.902,10,0.679956233,5.37770933,218909.26,240737.772,240800.186,2,-40657.0172
761321.775,697208.695,540403.554,35408.1753,3,0.52099949,47.9800012,2233.38964,2977.54127,2977.85286,1,-21334.1207
6713.09041,339293.121,1029410.25,923140.841,4,0.862559275,8.5815375,0,0,0,0,-332844.688
3814.66322,34928.1024,5181047.37,20720.5625,2,0.385932453,2.11894582,0,0,0,0,-31709.4255
109436.347,897047.648,512738.54,25683.1471,2,0.586820221,7.69296106,0,0,0,0,-787700.984
1484286.92,894661.433,2594228.95,30021.842,10,2.85715631,21.0203364,10798.4086,11872.3696,11878.2495,1,-58421.7694
31959.7858,48863.7324,9072347.55,11305.1056,10,1.49963983,11.9071285,0,0,0,0,-20959.1638
407204.172,274287.36,461438.992,39638.7503,2,2.58893078,0.56906583,8600.89725,12896.5782,12901.3459,2,-66206.8861
1095.64008,833332.254,442207.582,168424.788,7,3.39442096,19.3379396,0,0,0,0,-832684.017
1197932.21,110059.603,784334.276,675597.978,6,3.40158246,3.03986011,524128.005,609866.586,611482.672,2,-177827.691
720.418053,47956.9228,7826322.56,981059.934,7,1.76223228,3.99580276,0,0,0,0,-51347.3239
2283.18221,968128.451,940593.657,554565.972,3,3.38992419,12.0726264,0,0,0,0,-966795.653
792.200552,64730.0092,308377.9,21524.4458,2,0.672225076,11.7542562,0,0,0,0,-63999.5968
355.805197,379284.985,3808718.54,423181.396,3,0.522330149,12.6013132,0,0,0,0,-379522.148
328110.915,47119.5705,6219686.13,17416.4743,2,0.673734198,1.905463,9895.52678,14833.4252,14843.2902,2,-139592.291
1078502.79,282462.518,2404325.65,329715.44,3,0.420234953,39.6992219,182354.83,243003.847,243139.774,1,-264653.23
571.47165,56410.422,8290796.16,24160.8497,3,1.2765586,11.106343,0,0,0,0,-58993.5516
745.132636,30647.939,833468.764,276647.024,2,0.894299853,7.42541459,0,0,0,0,-30124.9736
11027.233,458252.734,9543030.21,36814.2522,4,0.485752395,4.17064698,0,0,0,0,-448607.185
348936.444,248908.412,9703260.22,240141.182,6,0.794571368,11.6949509,57124.333,65945.4931,66645.0552,1,-15091.5003
862566.067,34215.941,502484.826,154126.588,5,0.239478754,3.97183844,123334.019,147994.901,148000.823,2,-165623.08
13962.5874,818603.436,1021984.95,30288.742,3,1.12551204,7.53499531,0,0,0,0,-804983.697
63116.8777,928951.313,1170946.7,11586.5729,9,0.962166732,4.61402668,0,0,0,0,-866170.246
6425.83016,104544.331,9827635.16,594150.7,8,0.852401816,10.4870602,0,0,0,0,-100615.399
6425.95008,335206.826,5917908.44,932136.924,4,2.12694086,31.2161501,0,0,0,0,-332532.602
354.815597,39103.4552,4221355.36,10245.4454,8,0.873790774,18.5702432,0,0,0,0,-39848.0677
722.086615,73121.5833,6773898.72,19343.2434,5,0.208645826,1.62045385,0,0,0,0,-72820.7621
3134.98219,373485.992,1395406.97,49214.3433,6,0.131835501,10.4694793,0,0,0,0,-370405.843
4704.00778,729205.977,8686986.47,11963.0415,2,1.34923549,1.02204992,0,0,0,0,-727995.498
5775.18328,949664.966,8610582.03,913482.504,5,4.24863366,8.5241441,0,0,0,0,-954793.869
2106972.01,637613.089,510427.501,93037.1306,9,2.79890997,7.67602949,58370.6502,64848.0053,64856.278,1,-163006.601
816.446557,482247.088,1318278.35,76964.1689,9,2.42203104,118.059712,0,0,0,0,-482382.329
1558.71355,54951.0776,831181.208,59390.3016,8,1.07703262,6.76872491,0,0,0,0,-53659.1924
149092.552,148201.315,2563611.83,15216.1301,9,0.666286058,33.9901691,35.0876506,35.7289593,38.9862785,1,-6.98405552
771.094066,97198.9429,4246681.94,798624.787,8,2.57916254,1.30201845,0,0,0,0,-99692.4935
224951.507,346042.171,7562761.74,263106.321,8,1.91440811,23.5931569,0,0,0,0,-125406.078
5681.95224,119395.88,6459471.68,14273.3057,10,0.51375447,19.9595018,0,0,0,0,-114703.073
10911.71,792850.214,1670814.04,11887.4806,2,0.847557925,7.51381132,0,0,0,0,-782360.594
54294.8122,78792.4598,4318719.84,173452.53,9,0.76823632,1.62608914,0,0,0,0,-25486.5589
163972.223,221812.121,9193575.45,26533.5535,6,1.90956871,9.92874891,0,0,0,0,-63072.6151
365026.701,36808.6979,3210405.69,563521.614,7,0.832427986,9.99976311,439140.199,498256.659,501874.513,2,-44077.0329
809253.109,671936.001,7689323.39,61365.0805,3,0.372973066,7.2776021,7757.95047,10335.9854,10343.934,1,-45347.6151
421.245017,248218.25,888982.368,168981.879,2,2.13611,24.1798013,0,0,0,0,-248363.015
318719.668,47633.7197,580315.314,434445.336,3,0.727193381,5.43013556,276732.217,368598.044,368976.289,2,-89949.6992
766.96373,224282.971,637724.184,816918.324,9,0.526699845,3.46179848,0,0,0,0,-223616.124
1361739.84,626586.981,2098529.82,84391.8311,6,0.590453404,7.82072832,39026.6279,45523.5705,45531.0659,1,-122322.802
197225.554,473224.057,3233185.48,714192.129,9,0.567296835,20.6687017,0,0,0,0,-276545.202
440.757332,81315.8261,9720153.53,11453.2529,7,0.798476274,11.9679475,0,0,0,0,-83188.4256
9792.01911,983325.442,7353406.79,158664.752,9,0.377939744,7.12453386,0,0,0,0,-974361.782
534148.837,205932.921,1219210.69,53241.3028,3,0.901632105,12.1749713,24507.0455,32667.8101,32676.0606,1,-109185.7
399202.091,201715.751,7854487.67,46027.9575,3,1.98449341,37.3181864,16624.015,22063.3875,22165.3533,1,-63097.3127
1148.74547,281844.895,337854.814,25870.2128,10,1.50540454,12.2306521,0,0,0,0,-280847.746
21264.6273,119759.659,1970729.88,20253.4729,9,0.349325065,8.60773509,0,0,0,0,-98700.226
380.528628,903974.548,714294.358,52884.6948,8,0.487415966,2.65703299,0,0,0,0,-903697.792
193005.7,526903.588,2108583.16,10311.5914,7,1.77350464,3.32061871,0,0,0,0,-335012.518
1181.3746,63822.4216,1325752.5,10249.3085,2,0.511189148,11.6620518,0,0,0,0,-62843.0471
37062.0731,47322.9194,1532018.59,363931.405,4,1.07660797,12.9648351,0,0,0,0,-10752.4657
1197105,397204.934,9733576.13,12930.1074,10,1.14056042,4.05652074,7820.27951,8598.28544,8602.30746,1,-79249.4141
733741.64,99549.4403,8841147.21,143799.882,6,0.466227461,9.67951709,106179.081,123687.431,123875.594,2,-104372.241
1205.33108,423045.806,420163.882,109065.228,3,0.541142319,44.0214172,0,0,0,0,-421908.245
5925.38769,825119.329,5030394.38,921955.596,5,0.655856424,3.49016908,0,0,0,0,-820177.314
1780.80764,264031.05,302238.1,135593.156,3,0.64012649,6.54623497,0,0,0,0,-262307.908
3007.06215,38274.1941,1631683.55,352774.891,5,0.610727897,8.89411855,0,0,0,0,-35564.1557
179558.992,897015.664,2585374.47,28247.7814,4,0.353010059,17.3924675,0,0,0,0,-717728.702
140831.775,870958.728,380871.275,36650.0883,2,4.46939913,1.72890068,0,0,0,0,-730634.335
1586037.92,161324.045,1080239.94,13122.2197,4,1.39899194,1.86649486,9426.80723,11783.0205,11783.509,2,-355992.043
1259.44273,653551.238,6334993.87,882866.044,9,0.212310594,8.78399888,0,0,0,0,-652692.685
58837.8391,40502.8189,448320.373,416012.802,8,6.65087159,4.86189517,105778.363,114578.249,119000.659,2,-1451.38635
89389.2651,485133.489,7076783.7,14247.6326,3,0.672098114,9.95866626,0,0,0,0,-397161.897
58718.3384,195110.096,339343.851,15600.9009,10,4.20772812,20.4502241,0,0,0,0,-136817.351
541676.74,70504.5258,334907.771,104694.447,6,1.28898366,11.8306818,78025.1934,91014.6632,91029.3923,1,-78418.3367
31417.9179,214907.891,9076390.91,118476.629,6,1.75031774,4.25436997,0,0,0,0,-188225.165
635.757583,60533.3483,2613801.73,126686.577,7,2.23187083,22.4857872,0,0,0,0,-61636.3889
16318.0541,61110.8918,4347491.89,803690.035,3,0.946203346,3.38110258,0,0,0,0,-46018.9514
205094.372,95787.3756,7199971.21,50581.704,9,1.16916189,4.74234161,23620.1883,26112.388,26244.6536,1,-11268.4015
687.098697,68264.338,2376980.83,113703.57,4,0.411172557,10.8814024,0,0,0,0,-67868.5506
652.459538,32189.4467,309562.946,115046.939,2,0.760478971,18.6612466,0,0,0,0,-31607.1559
2196561.73,309891.009,544092.424,440408.148,7,1.02122496,1.34489728,330897.911,378093.892,378169.041,2,-269072.288
1120104.42,103741.171,5452749.3,891735.075,9,1.36959101,4.67420888,719215.765,790942.629,799128.627,2,-101139.175
3412.75231,200415.877,2497494.11,676027.32,7,0.378158725,3.77899466,0,0,0,0,-197284.63
734955.727,160850.232,9636284.82,36067.6278,4,1.34829437,4.9731147,22362.4015,27910.2925,27953.0018,1,-141469.152
18725.1634,71729.3189,687449.404,515910.119,2,1.29377056,6.8604139,0,0,0,0,-53269.253
335.381266,937649.317,1557425.17,25090.6498,6,1.33629903,13.1435024,0,0,0,0,-937934.259
266421.481,761623.961,893968.634,48549.1864,5,0.571166079,6.96692346,0,0,0,0,-495354.672
1628.69139,75066.6772,732812.287,775872.586,5,1.93180476,1.19888333,0,0,0,0,-73859.9382
84679.5417,56911.9739,2863628.45,38125.2952,3,0.841751163,2.60687789,9116.57523,12112.4879,12155.4336,1,-8888.94518
4318.85246,53891.3163,1345822.97,96302.7329,10,0.859164429,2.519914,0,0,0,0,-49917.1086
904191.351,482330.084,4779233.25,185720.161,6,1.20918047,9.97387612,73816.1016,85920.1167,86118.7851,1,-68892.3692
3030.59225,579475.52,1348913.68,16364.642,10,0.894309741,4.81175435,0,0,0,0,-576804.495
1944057.5,477320.197,8107942.23,239857.093,10,1.16681787,2.519914,163865.927,179867.26,180252.52,2,-142949.979
15634.5506,103122.412,1804608.72,559476.102,2,0.413346568,15.6445501,0,0,0,0,-87710.1948
694876.908,149466.376,863837.956,24571.9173,3,1.43997075,1.10008323,14453.9809,19269.6846,19271.9745,2,-181593.572
183847.731,125089.58,329331.263,508420.79,5,0.628333407,7.96568599,135134.041,161989.509,162160.849,2,-11664.8718
138289.7,50217.4817,3358939.94,17098.6902,10,1.83429824,13.0547894,9680.41658,10620.2652,10648.4582,1,-8372.42548
1614259.95,253146.798,1234447.32,378780.836,2,1.30033938,10.1398111,212706.648,318844.71,319059.972,2,-678940.374
2100.98666,853790.449,1899691.73,75896.2944,4,0.465714187,14.2501897,0,0,0,0,-851953.162
182083.447,65443.462,1353838.33,31060.5586,10,1.12374603,1.34101188,18009.694,19796.9201,19810.6634,2,-11529.9894
161873.869,47381.8326,318142.169,12470.7727,8,0.618407123,2.36061108,7836.19901,8815.2097,8815.72389,1,-14296.6657
827.90439,183562.78,1157761.91,353250.562,4,1.61403697,7.24136364,0,0,0,0,-183291.857
158871.655,112725.028,2030647.44,165419.991,9,2.11006462,69.3988687,41724.0186,45924.7592,46360.0206,1,-4517.42415
809094.599,289317.867,1138607.23,339756.868,6,0.719073998,13.4583393,186885.681,217896.98,218033.294,2,-86209.8358
124139.84,680439.184,3729778.62,82681.1512,2,0.74560241,6.3316362,0,0,0,0,-557128.235
2944.83294,597352.707,332554.282,11175.5792,2,2.12146784,16.4974026,0,0,0,0,-594618.158
4286.2417,120635.764,2349282.15,119746.323,7,0.840936612,1.89484899,0,0,0,0,-116938.374
1364.1392,64744.0867,8066890.63,20732.351,9,1.64016851,6.40569153,0,0,0,0,-67323.6315
27749.3494,60795.6657,9104757.84,46487.7709,7,0.873549599,13.3261972,0,0,0,0,-35416.9445
45365.1453,680561.998,6998171.71,464671.377,8,2.17052423,14.8977734,0,0,0,0,-639724.335
867.368489,180072.359,7889346.16,25814.2382,7,0.385706599,3.77273168,0,0,0,0,-180111.987
2639174.24,190342.017,414264.818,20296.0689,5,0.526126672,10.1422102,15693.1045,18831.6393,18831.7253,1,-489740.032
202317.603,102833.559,889718.689,421907.905,6,5.51563294,19.714606,172152.614,197216.468,200844.716,1,-14271.016
37331.8874,60070.6472,785741.243,92050.6637,8,0.841018242,12.3520999,0,0,0,0,-22935.7263
1586.26913,121066.72,1417422.67,385372.195,8,0.588162429,17.4974596,0,0,0,0,-119728.938
937.419211,374045.485,3511960.45,95835.938,9,1.6695508,4.61280477,0,0,0,0,-374855.725
882142.286,164673.617,462819.89,11549.1124,7,0.575227486,1.54355329,8218.07878,9391.9683,9392.09003,2,-102473.562
743913.276,547224.231,5854193.52,79912.0351,4,2.04194988,1.5277453,16559.7601,20629.967,20699.7002,2,-47468.25
671.895385,123633.2,666213.491,174815.25,5,0.202092738,5.24697371,0,0,0,0,-123001.435
513373.356,123427.317,7954169.11,327376.146,8,0.946998042,3.1720598,217948.121,243093.47,245191.636,2,-44730.2478
797.307025,639601.576,413166.038,19836.9338,5,1.20574338,6.84261736,0,0,0,0,-638952.756
3258.5574,63399.3085,741516.213,66678.9374,10,1.8696914,8.77022271,0,0,0,0,-60553.987
9395.61868,106690.307,5501976.76,112202.206,4,1.46161473,6.50491438,0,0,0,0,-99691.6395
4377.57031,567320.757,2895893.1,312127.035,7,0.780536752,15.1891237,0,0,0,0,-563616.913
456088.329,84184.4762,1382672.78,328037.276,3,0.771518838,12.5756899,200178.262,266535.7,266904.349,2,-123177.65
31191.4534,214680.772,1750123.92,35676.1673,6,1.06314148,4.74234161,0,0,0,0,-184043.903
37177.713,858683.469,3637989.26,202659.268,3,0.96024982,3.96267314,0,0,0,0,-822547.001
177866.133,657858.841,938913.51,238167.23,2,2.05475815,5.81946892,0,0,0,0,-480567.742
334.728315,209033.204,2192162.52,77794.8466,4,0.361503017,8.33544005,0,0,0,0,-208934.682
27884.6683,812899.298,7982586.14,18312.8476,9,1.25673174,3.83219372,0,0,0,0,-788004.785
1717.60781,37467.4718,4706030.32,70822.4048,10,1.47694402,6.5556871,0,0,0,0,-37821.561
14367.6358,531692.68,463901.585,158861.247,10,1.4440578,33.029574,0,0,0,0,-517524.716
847.805438,81427.0212,8334899.22,21186.234,5,2.71797851,6.2984312,0,0,0,0,-87331.5487
31074.1954,631871.167,3035403.63,82955.08,3,0.457244349,100.08173,0,0,0,0,-601210.659
803650.998,38839.5556,488294.644,119333.245,8,1.6602188,4.57096157,100894.59,113480.474,113506.414,2,-95374.6532
474509.406,126980.22,4734313.61,50106.6793,3,1.06102982,6.5556871,27379.7013,36462.8662,36506.2685,1,-114795.452
5172.79468,165764.665,333439.712,122421.214,2,0.403597324,6.66967522,0,0,0,0,-160631.982
2059386.16,39710.7916,2118200.94,53439.8434,2,0.582666275,10.7319218,34931.2762,52393.4062,52396.9142,1,-1009450.96
8138.75886,50096.6554,4400944.52,183191.999,6,0.407194626,14.5477064,0,0,0,0,-42492.0369
157154.65,135110.629,799917.7,106588.659,10,3.41736207,3.76853748,13047.5955,14272.1592,14352.355,1,-1992.43992
497078.738,143484.674,951797.179,49603.0125,2,1.15461965,16.4821567,23496.9469,35236.6739,35245.4203,1,-176501.754
499209.027,110600.547,2442433.94,285516.679,2,4.03084126,8.28505308,145631.579,216251.071,218447.368,2,-187020.596
2238123.66,188196.289,7333966.37,336664.641,9,0.907551177,7.99895041,276770.673,306971.981,307522.97,2,-223472.276
4459.59083,621461.908,466745.318,15117.3136,9,0.856553977,10.7178278,0,0,0,0,-617121.481
48081.9114,39491.3006,6991441.41,17030.6405,9,0.819675055,4.8249537,2186.30664,2383.18458,2429.2296,1,-619.772426
30234.4179,52592.5707,3459094.94,392118.485,10,2.41615433,11.3253799,0,0,0,0,-24849.2728
1784667.22,55170.8058,1200897,296371.968,10,1.85818514,17.5257773,260831.86,286723.899,286915.046,2,-171616.175
365.865999,404270.107,398692.701,335711.49,6,0.568088012,11.2804875,0,0,0,0,-403971.75
729789.978,515639.267,478867.555,775380.046,3,0.343633739,3.6746184,170555.723,227335.429,227407.631,2,-71276.5846
2158.60797,522280.472,1049159.95,11048.5422,5,1.57408447,21.4416676,0,0,0,0,-520614.104
564.920997,144009.298,539281.076,69820.6681,4,0.552312748,3.00343173,0,0,0,0,-143533.155
586775.765,563167.27,4364361.63,304361.304,10,1.66564569,2.60047643,10045.0531,10908.8603,11049.5584,1,-1843.84545
133218.62,745894.493,4045956.71,630486.412,10,1.08371492,8.50607238,0,0,0,0,-613982.777
1795517.19,272861.836,787109.733,35078.1337,10,1.18774838,17.8144506,27037.2547,29739.6974,29740.9801,1,-152165.444
16159.7608,77958.9955,2748662.02,680066.3,5,0.958706689,22.6206161,0,0,0,0,-62584.6775
1225448.1,59311.6911,461790.137,71819.1129,4,2.28300026,4.56838902,54653.8615,68308.8533,68317.3269,2,-291274.792
46443.0023,31181.8672,1801880.04,25004.6933,3,1.35102107,8.85681745,5856.08078,7766.12511,7808.10771,1,-4740.97323
235111.437,537591.255,336994.956,273297.837,6,0.920610324,19.9595018,0,0,0,0,-302572.289
96737.1688,40342.5563,6000579.64,227015.423,5,1.57731935,5.57559617,100880.503,116340.729,121056.604,2,-8210.29203
772290.321,261234.025,911748.579,12420.3387,2,1.25048933,14.8280725,5475.54848,8212.71986,8213.32273,1,-255302.002
1083.2904,82758.1302,363833.442,943013.735,3,3.07520745,17.8464354,0,0,0,0,-82008.3311
1707.45949,330444.066,8066903.14,16452.7894,9,2.21928182,3.54512001,0,0,0,0,-334072.741
123745.278,680843.534,1359131.51,48469.7877,6,0.410999195,7.86631933,0,0,0,0,-557264.754
307533.853,263301.293,688293.648,24546.0813,3,1.19851239,25.845789,2632.82544,3508.80666,3510.43392,1,-14635.0398
2161.14446,81146.0875,320574.452,26354.1343,3,0.383412987,24.7159586,0,0,0,0,-79021.5786
20853.3347,173704.905,2171043.48,953155.494,7,0.771066874,3.7255483,0,0,0,0,-153350.533
19403.6608,53555.9514,2901728.27,40276.8882,6,0.353202132,21.0283154,0,0,0,0,-34457.774
904.650156,48276.807,8446408.32,92360.833,4,1.22509738,3.61140099,0,0,0,0,-50456.411
17644.5302,126301.82,9655779.46,553429.251,7,1.25651225,3.93077592,0,0,0,0,-112273.565
3135.66435,101898.693,1953719.55,255760.557,10,0.738984228,6.48029507,0,0,0,0,-99193.3615
105368.13,152261.325,574633.969,102750.145,4,0.619348329,2.61295798,0,0,0,0,-46999.2742
3061.25979,185651.741,2613086.31,249767.471,2,0.892610494,11.4114237,0,0,0,0,-183285.703
948.151286,56433.8466,758637.387,142033.181,6,0.912503966,3.10473939,0,0,0,0,-55692.032
209845.577,460628.041,435877.591,192222.853,2,0.596347218,37.2157567,0,0,0,0,-250859.94
671.959639,578500.55,4620743.21,16177.5587,5,1.03863125,4.01001683,0,0,0,0,-579259.067
354.640543,185353.162,3768657.76,109567.439,5,1.0440553,16.3729976,0,0,0,0,-186171.305
412.495619,297072.662,1592253.39,35665.9549,9,0.611117692,1.1548035,0,0,0,0,-296950.198
223212.987,164718.763,474335.681,328714.031,2,0.910947539,3.77899466,57237.9377,85750.4898,85856.9066,2,-29074.2034
2455.94304,253350.555,482156.828,34061.4799,6,0.64868295,5.58668675,0,0,0,0,-250987.836
69658.8782,43870.4882,1988789.9,48279.3124,5,0.827498878,12.010027,14582.3821,17443.1969,17498.8585,1,-4963.0093
764355.296,703115.704,6221985.51,37582.0312,3,0.71228232,9.27596347,2208.73682,2939.8135,2944.98242,1,-19832.6559
1551892.53,77788.2399,2923663.75,883843.986,4,0.506721282,3.99078166,670450.452,836824.01,838063.065,2,-365692.213
1403892.27,711779.273,4004870.45,38979.1222,7,0.940956453,14.1767255,16784.1405,19176.4452,19181.8749,1,-98489.2899
821671.722,124335.142,2091257.22,54235.1898,9,1.53458001,5.13324026,41353.4785,45927.49,45948.3094,1,-77024.9669
27938.369,180084.623,304848.799,51840.3409,8,2.57664642,6.41332617,0,0,0,0,-152380.379
4619.10512,607588.038,310849.81,783672.163,8,1.8181293,4.2064439,0,0,0,0,-603137.387
74748.3308,280383.045,908287.073,201659.074,5,0.468871824,0.566458959,0,0,0,0,-205761.65
38802.9942,307226.124,415080.115,283432.853,7,1.18396451,27.0545998,0,0,0,0,-268569.609
1487.28477,131427.164,3510303.16,21284.4225,6,0.696550687,1.1699988,0,0,0,0,-130668.673
2349.9549,89576.6238,1670162.67,103251.674,8,1.29553933,10.0548028,0,0,0,0,-87871.6052
15211.5883,940669.94,1243309.14,298035.601,5,0.71373944,8.38503968,0,0,0,0,-925722.852
47056.1622,218176.163,9856864.99,15807.9633,4,1.9989081,15.5358629,0,0,0,0,-176992.718
4045.55254,593966.765,2552341.48,18975.3118,3,0.698934071,2.06200477,0,0,0,0,-590452.932
927834.063,107600.816,1445595.93,33765.6454,10,0.781667178,3.98471197,27123.1467,29832.5669,29835.4614,1,-81902.1468
21271.4264,103971.859,403483.774,38966.4113,7,2.50672772,3.7197839,0,0,0,0,-83001.8998
28305.268,139867.882,891019.346,26458.6751,6,0.692696326,4.30176842,0,0,0,0,-111746.58
14788.6615,95100.7034,1091053.76,331162.22,4,0.17017584,10.5847457,0,0,0,0,-80367.3836
7125.93874,383278.795,7307127.62,768919.603,10,1.47410107,7.42223246,0,0,0,0,-379363.421
469.778732,49794.7964,2965782.31,306662.23,7,4.53663645,14.6297616,0,0,0,0,-53335.3534
249734.035,35071.6353,596643.423,20172.1632,7,0.405059271,8.34943355,15166.2531,17331.91,17332.8607,1,-30642.3146
5810.36988,177071.05,688988.463,393721.135,5,0.854451256,6.31056848,0,0,0,0,-171436.152
191757.656,66788.85,4298274.69,170045.867,4,2.86630405,7.11714853,84449.3137,103437.497,105561.642,2,-27273.195
112122.636,904759.361,1628269.05,313007.242,10,1.07563734,26.3071223,0,0,0,0,-793158.761
1362067.68,318898.9,5126773.64,634473.452,8,1.94274908,6.32027426,427264.539,476779.229,480672.607,2,-120546.357
623.899085,135430.403,9104480.35,42531.6733,4,0.721422415,15.9960678,0,0,0,0,-136764.231
1531.82892,765101.23,601281.867,326448.843,8,1.68926267,14.1520446,0,0,0,0,-763872.15
5380.35603,396803.506,1599795.3,326181.809,10,1.03067587,4.2514874,0,0,0,0,-391914.617
32742.2429,608734.49,5129952.61,864016.829,7,0.772174663,14.7682917,0,0,0,0,-577172.938
194117.649,247459.614,443683.746,715570.996,6,0.857700776,13.1435024,0,0,0,0,-53455.3923
758102.808,184702.594,1106358.62,14046.339,6,0.99274522,10.445841,9100.86652,10616.9236,10617.6776,1,-95464.6635
15466.4535,278944.453,511792.723,328455.324,3,2.99574524,9.67951709,0,0,0,0,-263934.99
1142952.79,675949.692,5255170.56,48889.5677,8,0.416337307,17.9130211,17728.7344,19939.8455,19944.8262,1,-58162.8528
2043.55009,39584.2972,355198.187,280660.737,8,1.9685377,10.8848991,0,0,0,0,-37749.1587
708.558487,111076.369,510694.901,105121.206,9,2.36649689,16.0921875,0,0,0,0,-110728.036
494675.882,212503.023,8313077.14,19678.5033,9,1.22120123,2.52433356,9987.17109,11081.5787,11096.8568,1,-30589.2976
15686.2827,50969.7852,3785115.4,108757.51,6,1.62651036,1.42406262,0,0,0,0,-37118.5336
16626.3101,271402.202,3684504.13,91102.9569,3,2.66515965,13.9976148,0,0,0,0,-257702.804
1260.77725,54810.5914,764588.508,169377.102,10,1.56528983,5.68876549,0,0,0,0,-53906.5363
213896.117,142391.161,9633735.52,135066.259,4,0.839566508,13.9226684,34597.4097,42776.6908,43246.7622,1,-16334.7692
1445481.39,38957.3551,499161.491,21022.0323,9,1.17295848,8.04097268,18407.3621,20452.1638,20452.6246,1,-156225.852
5342.33529,128386.411,1982461.33,107950.358,9,0.437916056,6.76941758,0,0,0,0,-123302.839
1464392.27,146556.807,4758008.49,62379.1362,10,0.711715152,6.37281518,50981.0747,56062.4668,56079.1821,1,-131250.859
370431.283,310811.916,582089.049,318400.785,4,3.80860623,3.90509566,40408.2308,50309.1088,50510.2886,2,-14446.1084
2853.04328,787498.21,381740.281,179011.88,7,0.378589577,9.5449956,0,0,0,0,-784688.244
30938.8354,60598.6988,3248206.94,10767.7048,6,0.894026995,8.14997001,0,0,0,0,-30525.4326
549.868453,53695.5444,9341259.61,13559.7224,5,0.398524533,3.1041409,0,0,0,0,-54255.2798
5802.37566,614161.392,317216.725,107397.548,7,0.554477685,11.6109283,0,0,0,0,-608411.442
4088.76231,218385.966,528649.21,19527.1056,6,0.350382333,5.68428099,0,0,0,0,-214352.414
2419126.42,181688.415,427657.834,233299.576,6,1.43376954,7.4111836,184918.163,215714.624,215737.857,2,-372594.787
1011.359,283229.262,760213.905,974330.921,9,0.715032185,14.5683168,0,0,0,0,-282379.923
25408.9667,33380.7431,655874.207,11572.2249,10,0.776368844,25.0492692,0,0,0,0,-8123.5499
2079193.12,38584.1992,3165924.67,37425.1431,5,0.40379772,3.82733058,30601.924,36720.414,36722.3088,2,-407919.253
130956.702,117385.565,2605528.83,19471.2654,4,1.85861323,7.82072832,1440.76533,1785.33221,1800.95666,1,-2900.40981
1097582.1,293622.426,5898786.27,10941.7312,9,0.872894458,11.9071285,7198.75309,7996.9462,7998.61455,1,-88972.3617
784.493211,585516.124,816913.297,815051.43,7,0.389424241,7.37360451,0,0,0,0,-584826.452
582.326092,95002.4323,1535709.62,21204.8516,5,1.11113701,11.5982452,0,0,0,0,-94928.7154
933623.996,885086.355,7255230.52,606866.596,6,1.93947241,3.507905,24320.1337,27771.8833,28373.4894,1,-6293.66115
532.087665,132814.286,597330.857,864312.916,10,2.00734737,21.2308413,0,0,0,0,-132639.59
561998.856,414701.446,7239454.33,66570.9143,7,1.19572402,7.36925237,14972.8842,17062.4957,17111.8677,1,-20196.7008
1487.40091,74534.1742,2823730.41,27626.3679,10,1.14992306,14.8234307,0,0,0,0,-74014.6042
345512.303,279902.747,2106634.54,294590.278,8,1.80824051,13.9226684,48590.0444,54299.3365,54663.8,1,-7575.66145
132468.768,925685.688,6981958.97,12843.6727,10,5.15096933,26.7094466,0,0,0,0,-803936.4
1067.7203,86833.3666,2130155.2,25617.945,4,0.473608485,6.42622579,0,0,0,0,-86066.3496
49256.2976,63089.5285,827044.64,38949.099,5,2.01883684,17.1412179,0,0,0,0,-14330.8965
16257.7933,699948.159,328497.225,45039.6332,9,0.342604031,5.67022698,0,0,0,0,-683723.911
26565.5591,147494.364,756316.343,45765.0039,4,1.91046379,4.45164188,0,0,0,0,-121359.48
959.872264,335428.369,651177.046,56978.3312,9,0.639935589,6.51003391,0,0,0,0,-334592.703
371.350044,51823.0285,763080.942,92693.551,3,1.43768982,18.6612466,0,0,0,0,-51778.6751
89176.2282,77748.0675,9664628.96,960816.529,6,1.90985949,24.2695251,40690.5614,35587.8762,47472.3217,1,743.195601
282528.916,78577.328,2009815.7,96210.3521,10,0.630257715,17.8464354,62974.3445,69211.9845,69271.779,1,-20164.1086
64000.1609,217749.255,989557.866,12263.4883,4,1.17480189,5.67344347,0,0,0,0,-154095.602
2081.08879,383846.156,3403144.89,37782.4019,4,1.48446014,7.69562605,0,0,0,0,-383270.83
1002.92254,444218.563,1052307.67,14852.358,10,0.429525769,9.16518844,0,0,0,0,-443350.363
1192.1148,662654.094,1740981.15,820783.64,8,0.487334594,2.83431329,0,0,0,0,-661714.867
2891554.31,79278.3422,1427785.84,10813.3039,5,0.265067852,27.9493557,8763.65468,10516.3334,10516.3856,1,-562415.884
371.525479,254290.681,7862686.31,116200.425,4,1.23515916,26.285753,0,0,0,0,-256813.84
10833.9327,132145.432,361258.829,522715.632,10,3.27164863,9.13629488,0,0,0,0,-121663.783
1078052.55,253717.755,1063748.35,31187.592,2,1.89336419,24.6354259,15885.2478,23824.3779,23827.8716,1,-411686.069
1054.88713,130660.275,5978775.38,27994.093,2,5.25107486,6.22348306,0,0,0,0,-138963.062
368456.378,171899.926,1496873.18,385181.704,10,0.464865733,2.86957831,186366.5,204731.525,205003.15,2,-19348.7294
434198.529,36062.7076,6470204.74,932375.513,2,0.212631241,25.0492692,566466.707,845334.085,849700.061,2,-195797.453
2067134.39,381345.387,1097472.43,262266.289,10,0.910963485,13.9250382,194362.259,213749.088,213798.485,2,-168120.73
356695.177,694343.732,2918667.92,561295.936,3,0.968678235,22.4857872,0,0,0,0,-338491.253
941.238317,517465.387,387490.55,17725.1133,3,1.38770348,5.62813565,0,0,0,0,-516684.424
402171.389,161383.859,463666.025,757836.875,4,1.0637246,24.2243849,362179.198,451978.995,452723.998,2,-59665.1329
1881058.54,195188.676,460043.36,94922.6893,2,0.29869439,5.36482998,56713.276,85068.7612,85069.9139,2,-842880.186
354.332624,180328.444,3077215.05,20352.769,6,0.72984786,22.6206161,0,0,0,0,-180643.53
476331.112,449306.59,3215961.18,15976.407,6,0.367418381,4.7844074,766.751208,893.743375,894.543075,1,-4417.56984
122809.241,124178.061,1424124.48,63021.5531,2,0.265235373,2.83431329,0,0,0,0,-1481.40678
80940.3032,723909.8,3850509.21,211261.161,5,0.667322381,6.8604139,0,0,0,0,-643735.377
465.444179,486451.973,596430.308,14520.8919,9,0.494718368,3.67239276,0,0,0,0,-486074.476
21453.9581,84607.7185,5856653.8,66994.5458,3,1.88991925,4.49038356,0,0,0,0,-66452.8968
304220.98,150337.473,1717284.17,953980.858,5,1.07812041,6.04372166,396686.916,471217.491,476024.3,2,-28808.3535
1867.69159,316548.066,4118233.66,487769.354,10,0.61271158,12.1311193,0,0,0,0,-315432.473
108297.083,596721.439,4114058.2,15126.0223,10,0.202433131,3.45114387,0,0,0,0,-488672.589
1855.26915,306363.886,6597900.23,16380.3844,7,1.11318606,7.27940463,0,0,0,0,-306697.795
11695.1428,144739.364,2677191.13,602586.846,9,1.76817804,2.41452153,0,0,0,0,-134455.175
77466.4813,48490.432,987372.685,40320.2092,5,0.344289212,15.108703,12520.2283,15016.3701,15024.274,1,-5756.7167
21381.6082,60485.5594,2970618.21,59629.3968,2,1.6778112,10.796835,0,0,0,0,-40589.5359
40136.196,31680.941,4617821.6,41474.1887,5,0.547062127,8.67408643,6602.62959,7839.39568,7923.15551,1,-1442.74595
961180.526,89340.4313,445664.923,113459.124,2,1.09944194,0.566458959,68590.4576,102874.286,102885.686,2,-435702.136
1726583.56,182385.167,840727.441,324839.177,3,2.14319777,16.2727048,217690.111,290076.64,290253.481,2,-513299.778
381.750429,340086.951,1116159.62,29204.1907,3,1.50256559,0.977904684,0,0,0,0,-340205.083
1501035.06,49922.0682,6642796.25,102539.816,10,1.81953215,5.67022698,89765.3906,98585.528,98741.9297,2,-142228.985
246067.883,877554.036,742358.535,199671.889,6,1.98849722,2.05194751,0,0,0,0,-631926.146
2163.50314,826667.719,434843.216,311642.494,10,0.399512544,4.17064698,0,0,0,0,-824555.996
600401.167,79028.6874,1785683.77,890411.706,8,0.786969469,17.1976437,684271.089,767002.623,769804.975,2,-62985.6976
708013.821,52591.9343,410039.093,798157.853,8,0.856530979,14.3749887,656217.551,737730.897,738244.745,2,-81401.5075
918.66343,491100.662,423253.145,103100.509,5,1.88712127,7.14350113,0,0,0,0,-490420.07
2534.98824,52377.1284,1676881.2,211095.71,2,2.13595216,5.69370191,0,0,0,0,-50909.7223
228015.339,61655.6018,3636873.07,26700.4522,2,1.45636184,14.5477064,12850.0061,19242.7804,19275.0092,1,-81977.2261
477.18466,193772.247,327189.975,986267.509,6,0.441601546,7.9812586,0,0,0,0,-193338.129
2140112.11,240073.944,7080599.85,13595.5534,2,1.28702472,5.41003891,8034.6417,12049.6739,12051.9626,1,-948120.525
396299.251,141478.139,599001.117,703282.435,2,1.40082526,3.36021447,300402.478,449417.824,450603.717,2,-126280.54
24030.8357,38642.056,4578119.75,209043.318,4,1.08526969,16.4287041,0,0,0,0,-16092.1426
1088735.96,176970.47,8680813.61,24530.7659,6,0.189881776,5.51379992,17597.9805,20528.9626,20530.9772,1,-151774.705
993786.687,391465.665,750599.044,122277.241,4,0.456234001,20.1100793,59274.1191,74086.4477,74092.6489,1,-150491.735
63527.9648,61892.9438,792932.305,25741.8783,2,0.835212296,16.0038717,388.17466,576.996621,582.26199,1,-699.311472
260096.901,225332.832,6642447.67,140600.369,8,0.444404272,1.44775712,16236.6064,18186.3212,18266.1822,2,-4068.86391
4222.9454,38965.7152,4892195.46,354092.803,4,0.619129633,3.97598802,0,0,0,0,-35645.5725
10087.52,475931.219,2427722.55,19783.2512,9,1.16351562,1.1699988,0,0,0,0,-466685.634
1437.05755,74873.3341,486923.738,113946.668,6,0.537219258,6.31902149,0,0,0,0,-73514.2452
1947.65743,90577.2804,784283.951,821227.937,3,0.853026845,11.628788,0,0,0,0,-88829.0314
1847646.14,55165.8035,4720106.58,78237.6284,7,1.2152245,9.68387222,66322.655,75760.8809,75797.32,1,-254840.492
71477.1744,155309.796,1030173.88,12792.39,10,0.482257533,6.33575416,0,0,0,0,-83980.7015
1958212.25,101589.605,325658.412,32013.8923,3,1.98609959,1.54355329,22762.0073,30348.5892,30349.343,2,-618748.476
1939214.41,38290.0454,6762465.08,163276.287,2,0.969610493,0.758316989,106489.869,159571.813,159734.803,2,-946578.469
101564.37,262328.511,1403023.22,213739.635,6,1.76995673,16.0227365,0,0,0,0,-161504.317
98772.0082,52464.0358,5921676.98,24584.4155,2,0.67954945,3.96267314,7472.0446,11170.0614,11208.0669,1,-22324.835
2522371.56,41618.4332,530175.693,950906.679,8,1.53523914,37.6079227,830780.347,934125.077,934627.89,2,-308562.536
21079.5272,356623.838,4042755.78,86648.1833,4,1.73023455,12.0619709,0,0,0,0,-337629.233
28115.6146,372864.352,3469499.32,13100.1824,3,0.923283168,9.09894851,0,0,0,0,-345703.53
4092.68204,714312.774,401347.553,45715.5035,10,0.955641218,5.52763333,0,0,0,0,-710334.412
2224.37528,62526.7767,1948194.02,588241.684,5,0.814596354,3.5346949,0,0,0,0,-60775.4243
77824.8787,453117.94,7390844.35,712381.96,6,0.578264611,5.48270581,0,0,0,0,-376566.94
1393.4665,153396.24,1116003.85,24727.9425,3,1.559164,4.07115768,0,0,0,0,-152521.412
164724.192,62879.0656,9589715.58,28039.9036,9,2.00401965,51.4918022,14642.1024,16117.4326,16269.0026,1,-9684.69282
1030.82487,33677.3598,3119685.51,44245.7303,4,0.953436963,3.0357991,0,0,0,0,-33533.0993
221896.473,279586.942,2610430.54,999351.139,9,1.30129864,23.0804821,0,0,0,0,-58702.973
3735.24548,574451.491,9790760.37,357957.827,6,0.583568377,5.83488022,0,0,0,0,-572419.249
237560.581,748505.541,961784.166,13880.8022,8,0.485511933,30.419626,0,0,0,0,-511084.142
1206.60598,31756.22,5856790.69,967387.921,10,0.341890264,23.3424419,0,0,0,0,-31146.4485
3432.99636,80749.8966,788397.924,40691.7143,5,0.749147663,7.51698743,0,0,0,0,-77492.9439
6191.89655,35097.4906,2552343.63,111742.618,8,0.984925608,2.75610837,0,0,0,0,-29654.8842
411308.68,46972.6592,4687449.33,547424.241,8,0.857428468,5.01732417,425660.083,474405.98,478867.594,2,-41585.9766
17987.3502,654730.108,915299.216,35033.7874,7,3.79568919,16.4287041,0,0,0,0,-637778.284
229637.747,98590.0631,9644508.06,997754.103,9,0.864458367,10.4256037,473002.022,495612.784,525557.802,2,-6145.63874
4335.16124,437787.228,1060620.95,135306.839,10,0.704816159,10.3701406,0,0,0,0,-433674.881
1885.02306,865628.028,322979.007,115465.205,8,1.16122347,20.8315981,0,0,0,0,-863854.793
1970180.93,47927.0583,1599131.68,62176.4608,8,1.00234838,6.99739524,53905.3706,60637.2777,60643.5419,1,-239998.689
705.578188,993104.234,2361164.17,38487.773,2,1.09234895,33.9901691,0,0,0,0,-993167.424
17920.0034,30587.4975,6818862.82,124536.501,7,0.861637563,2.29733994,0,0,0,0,-14418.7276
1071594.35,37493.3702,2725106.57,936786.855,9,0.950936434,14.3538975,809818.154,896246.664,899797.949,2,-110282.844
12421.0771,266094.501,9634101.07,636167.683,3,0.874276363,77.9151089,0,0,0,0,-256183.965
1248609.8,47538.7592,1276441.97,17748.1879,3,0.644449456,8.68204356,12801.4676,17068.0593,17068.6234,1,-400222.37
3755.06326,134690.362,3414726.37,148410.036,9,1.21699738,14.5618123,0,0,0,0,-132173.961
8165.02078,246604.686,3458781.95,341201.979,9,0.214330894,5.40178107,0,0,0,0,-238660.626
271556.027,398715.687,4516312.88,356777.47,5,1.2661033,5.95259719,0,0,0,0,-128864.017
2583.32774,209790.334,600163.81,19535.2459,6,1.78236147,2.70043206,0,0,0,0,-207525.846
937.263778,459089.642,584162.768,14938.5703,9,2.11327584,10.8648823,0,0,0,0,-458520.336
8384.7172,489178.401,302985.739,552534.531,9,0.679186185,13.8062398,0,0,0,0,-480855.02
30320.6299,243146.035,5019094.74,70051.7936,9,0.869820304,100.08173,0,0,0,0,-214126.661
3895.4292,152341.829,561158.565,152843.103,8,1.02367531,11.106343,0,0,0,0,-148617.62
2629.26174,48544.4593,4065397.38,369130.107,4,2.41187833,7.60039662,0,0,0,0,-48837.7739
32423.9025,80719.8693,1687312.54,77175.57,2,1.32290761,4.57096157,0,0,0,0,-48961.2898
176336.95,31438.8948,1151512.83,10175.6866,6,1.1897045,25.845789,7145.80223,8334.15368,8336.76926,1,-24028.7326
1597963.53,42342.8907,443964.879,276208.648,2,0.384759179,0.949317559,179244.724,268852.763,268867.086,2,-777660.556
62296.5519,112533.677,520945.059,354485.596,3,0.49899994,7.84168399,0,0,0,0,-50314.6065
9753.52135,115549.27,9953219.46,435675.494,8,0.874439535,22.6206161,0,0,0,0,-108389.934
923.600188,93989.952,1305768.6,93575.4071,8,0.591138741,3.7965634,0,0,0,0,-93296.4235
1051948.38,37194.136,3955506.04,11701.44,7,0.946578321,9.65053725,9865.16912,11272.8886,11274.479,1,-144642.046
524243.018,152417.759,390089.801,45885.3626,3,1.44349556,4.61399762,24395.4283,32523.5385,32527.2377,1,-123829.45
1022.01949,56415.4982,480690.193,707954.2,5,0.404079009,2.57267489,0,0,0,0,-55451.3734
727.726741,643867.925,500899.757,13969.7132,4,1.7456421,27.0545998,0,0,0,0,-643400.821
107032.913,48394.5266,673878.479,26421.9602,6,0.952546402,8.5815375,12363.5781,14417.2603,14424.1744,1,-9708.49131
433.312009,52027.1759,8099126.56,503563.161,2,0.814992831,16.0407419,0,0,0,0,-53561.2946
2033.96765,46632.6002,2256548.79,238802.754,7,0.223596538,31.9782948,0,0,0,0,-44749.0219
467649.08,325957.611,1461551.05,21101.3033,4,0.755548702,2.00313952,5102.40961,6376.5326,6378.01201,1,-35299.5946
26728.9439,783468.634,1190225.56,27626.4729,7,0.172133708,10.445841,0,0,0,0,-756800.756
52447.4911,279630.329,5298584.55,132372.909,3,2.99661991,30.5988355,0,0,0,0,-231915.429
8443.36352,95170.3198,2318357.29,54005.3508,8,1.70834766,10.7349977,0,0,0,0,-87907.4511
810116.816,237084.671,561136.302,83496.0366,3,1.38305038,5.82418404,44271.3575,59018.7964,59028.4766,1,-190808.362
1896361.36,33059.8054,1426833.73,126706.803,6,1.0120188,2.04092217,106669.968,124425.672,124448.296,2,-310083.427
4544.02671,49205.792,5048933.79,106057.639,7,2.25386055,12.4164701,0,0,0,0,-48053.5962
3974.82659,776774.18,4847692.3,43649.1631,3,0.405486595,4.47061125,0,0,0,0,-773385.248
2010.31845,471702.333,4804792.5,652493.883,10,1.88725668,6.99739524,0,0,0,0,-472394.81
346033.711,65140.1736,840817.955,739870.851,4,1.15701974,3.70276733,478251.125,595633.197,597813.906,2,-68871.4083
3528.99838,41698.8149,4057391.14,16294.6101,4,0.914132437,1.18744695,0,0,0,0,-39275.3286
1247330.23,32076.9787,935640.564,239129.828,3,0.23415587,19.1948162,174713.06,232932.99,232950.747,1,-404939.141
135103.225,157759.152,8607725.7,64589.1661,8,2.95807427,12.7107709,0,0,0,0,-30245.2837
6172.15619,801250.746,4519892.37,44632.9576,7,1.92212812,1.71979276,0,0,0,0,-797668.101
641402.082,180464.064,1162590.78,22538.2129,5,0.551493055,41.4707908,13491.2851,16188.4896,16189.5422,1,-92113.4372
479301.73,223746.442,487321.99,111072.016,8,1.8731978,5.50546903,52566.128,59111.2651,59136.894,2,-31785.9354
213543.824,74216.8349,1825760.34,116498.321,10,1.01742207,7.07185156,68704.1441,75423.3202,75574.5585,2,-13571.8503
404.606083,423355.943,979553.591,453220.514,5,3.79798882,18.5702432,0,0,0,0,-424060.23
99675.4419,814305.439,4706684.81,521560.186,2,2.4359597,7.56485656,0,0,0,0,-718047.373
639.557589,582808.154,6772812.47,37051.273,9,0.437738019,11.1396366,0,0,0,0,-583052.268
852.892057,956944.647,4366501.66,563759.692,6,1.55229917,11.1856399,0,0,0,0,-958112.058
39484.88,60392.0859,4146941.98,690689.358,7,0.518943823,5.31071679,0,0,0,0,-21548.6456
280609.224,44088.6982,759759.911,18902.5423,3,0.486691337,28.402918,11943.3782,15923.3521,15924.5043,1,-78780.6306
1649.36013,575309.577,318437.4,231718.946,10,3.8980419,3.97598802,0,0,0,0,-574030.196
207524.534,56230.5695,764228.453,223203.665,9,1.24754441,3.96267314,145917.513,161824.074,162130.57,2,-16461.6736
24416.3043,56420.9628,1194139.43,623682.76,4,3.18033587,7.42223246,0,0,0,0,-33136.63
44953.307,39284.7645,1005806.54,950441.21,3,2.58834215,11.6949509,70818.4425,85991.6432,94424.59,1,-1048.25831
28077.5325,76160.4475,1459221.36,720276.531,8,1.07688943,14.6103191,0,0,0,0,-48551.2966
812.448122,40695.4529,445887.113,14510.6878,6,0.435849893,6.29782339,0,0,0,0,-39940.9302
125287.808,942394.236,327377.995,58237.9845,6,1.37629273,3.68344616,0,0,0,0,-817240.725
2619573.72,934892.194,8653678.92,86738.6764,7,0.4363945,24.6233697,48766.7198,55718.9782,55733.394,1,-240010.315
19540.7157,54677.547,6292382.12,131229.377,2,0.419916559,3.82733058,0,0,0,0,-35924.3948
75038.3175,175614.16,2365102.19,794685.358,7,1.08781761,1.84204041,0,0,0,0,-101342.698
4598.5162,590411.968,360893.31,11236.756,2,0.63918667,8.85681745,0,0,0,0,-585882.208
130629.006,43003.0769,408762.865,103768.956,9,0.909501563,2.85189086,62536.1185,69443.5095,69484.5761,2,-9666.43205
77113.1984,154504.805,917366.915,269566.324,5,1.2378182,15.2713332,0,0,0,0,-77730.0665
619.559154,66734.7796,1711615.73,187035.896,8,0.731671251,6.81144381,0,0,0,0,-66488.4962
1812492.61,985018.783,4275504.97,37278.4449,5,1.17069485,21.476905,14154.4589,16980.4005,16985.3507,1,-164907.521
29252.5202,156178.583,565835.95,152582.581,2,0.672361673,3.48251701,0,0,0,0,-127039.46
127427.662,97534.0669,427744.101,177731.249,3,3.25751668,3.59720669,30732.7487,40803.779,40976.9983,2,-9659.94451
684839.787,36132.1512,1811143.89,697376.761,7,3.68277186,5.42424389,569526.637,643269.529,650887.585,2,-83737.9092
76623.0198,661810.646,460572.816,54235.9122,9,0.564402709,24.7466813,0,0,0,0,-585265.107
185303.233,171418.91,3055021.32,73007.3984,8,0.651735452,5.27050878,4648.2955,5207.6598,5229.33243,1,-1599.38914
1870.34613,81826.2505,2628735.4,34117.2306,9,1.1508972,1.1699988,0,0,0,0,-80857.6642
407601.469,377950.438,2490125.57,48250.8733,7,2.07282797,5.66467876,2908.8246,3309.49533,3324.37098,1,-3872.3119
10740.4991,457131.268,2173629.17,29653.8025,9,2.07022326,19.3379396,0,0,0,0,-447732.02
501790.764,157575.2,2781812.45,60871.2703,2,0.546653042,2.80261446,27791.8657,41671.0288,41687.7985,2,-171673.725
273257.312,144150.723,1904042.16,32382.2131,2,0.644775097,7.23934117,10168.3292,15245.9365,15252.4938,1,-64287.3099
17925.9646,125480.546,421379.915,14388.287,3,2.64709121,4.2236988,0,0,0,0,-107887.05
113288.833,231676.657,5535776.54,95797.5454,6,3.5105952,5.85320402,0,0,0,0,-124180.334
1093.63021,862553.491,6129937.3,24253.817,5,0.895922336,5.18266202,0,0,0,0,-863096.805
727.716653,677193.232,1275885.35,49237.8593,10,1.00149557,22.0119034,0,0,0,0,-676846.378
124945.321,84420.0923,1144822.05,25772.4531,5,2.07507134,7.51698743,6838.41784,8190.02304,8206.10141,1,-7869.81358
428.795953,677379.214,1726971.97,269435.344,7,0.54769536,4.08829124,0,0,0,0,-677232.342
1063899.84,124266.737,1529477.57,21184.378,7,1.38100965,11.4989326,16359.0679,18693.93,18696.0777,1,-134020.088
5878.18295,247898.592,2672785.17,72640.6628,4,1.6071564,2.18759896,0,0,0,0,-243300.761
300560.223,50436.3196,1989301.78,87550.5097,5,0.510017041,14.1169247,60611.2274,72690.7126,72733.4728,1,-49788.0541
662170.106,104860.225,1724141.08,327815.012,8,0.545394357,8.31616842,244925.697,275310.535,275541.409,2,-69103.6297
50515.0551,36938.8241,4844013.87,187814.626,4,0.99237094,2.00313952,35032.8929,42198.8671,43791.1161,2,-2483.93651
1367.42071,438915.992,7360520.33,32874.5243,8,0.273462782,1.75959119,0,0,0,0,-438148.52
377.313618,33607.5965,2716254.86,43599.804,4,5.14256308,7.25136622,0,0,0,0,-37393.7738
194567.746,231951.79,511677.308,35489.1089,9,2.66669967,1.19760668,0,0,0,0,-37790.7474
502.507696,562352.857,503473.012,37736.5907,6,3.36310743,9.26011376,0,0,0,0,-562355.039
796.955878,67331.1675,2937611.56,302576.751,7,2.29352058,2.29733994,0,0,0,0,-68542.4001
871540.4,649479.98,373813.346,710521.063,2,0.815419516,6.71516069,120588.081,180799.568,180882.121,2,-110832.826
41949.2219,41217.4505,1052587.15,161679.569,9,0.525847647,2.92855118,1958.81794,2129.01833,2176.46438,1,-49.2483241
20212.897,530511.56,816548.925,143371.614,9,2.49055294,12.1748326,0,0,0,0,-510904.821
574288.421,149156.516,1966087.77,151873.184,6,1.40963136,6.81503242,96057.5021,111911.306,112067.086,2,-70029.5289
359.062495,81888.7327,2046504.53,17603.2941,2,0.578603908,4.2064439,0,0,0,0,-81882.6107
493.620755,189869.193,506868.658,16940.2728,4,1.66162206,7.71692206,0,0,0,0,-189626.608
23714.1333,101122.015,3397707.69,16613.1899,2,0.943553761,7.25136622,0,0,0,0,-78363.4466
347331.538,337234.028,490962.89,510026.345,3,0.491840827,6.81503242,11034.4351,14696.9416,14712.5801,1,-3327.63648
976694.148,157297.667,2349876.93,14384.0216,7,0.358053485,71.1625896,10555.5681,12063.0162,12063.5064,1,-116982.773
5774.05818,67214.1488,554277.453,776329.614,7,1.69391544,21.02336,0,0,0,0,-61719.9413
197341.421,126056.716,714963.906,17386.8748,3,0.330733236,6.27482745,4705.60633,6273.5269,6274.14177,1,-23728.7694
439675.67,133888.976,2060574.53,13122.4448,3,0.441303479,11.038246,6838.43308,9116.97589,9117.91077,1,-101796.784
3939.11751,108822.369,1937983.43,577130.852,6,0.958315181,2.11894582,0,0,0,0,-105436.813
859.10688,383799.502,3799553.59,97749.6916,4,0.955214278,3.77273168,0,0,0,0,-384022.18
937920.428,120943.495,368833.629,143335.057,5,1.35393101,6.81503242,104010.777,124794.988,124812.932,2,-163224.691
374.837627,45068.0746,8725195.53,586005.894,8,0.9723557,3.70245541,0,0,0,0,-47221.9981
2845684.6,562548.094,443389.739,199029.716,10,1.51875502,6.192528,145143.195,159643.592,159657.515,2,-228074.587
407660.221,95687.6552,816084.854,32721.444,9,1.53696835,5.9092968,22505.9017,25000.3156,25006.5575,1,-34535.6589
2125.04959,54036.0037,1495859.67,112377.337,10,2.16074725,56.4374411,0,0,0,0,-52874.3444
617.320037,224931.642,7999601.71,529049.309,5,2.05294863,25.5533388,0,0,0,0,-229209.336
29033.6119,175159.192,4054266.67,71749.0046,3,0.869608308,2.92855118,0,0,0,0,-147176.437
12981.4452,955616.408,1092747.53,130652.342,8,1.03331607,26.285753,0,0,0,0,-942971.521
2701.04935,252158.679,316844.8,32137.411,5,1.64186761,5.68229165,0,0,0,0,-249612.687
1371470.63,190594.278,978838.003,249030.616,7,1.60292027,8.26124188,187452.848,214120.724,214231.827,2,-167930.188
1180.34044,151647.775,954108.458,134507.712,5,0.345148389,17.5257773,0,0,0,0,-150565.589
138578.399,754535.145,7267922.89,591400.024,5,1.08306913,10.5240586,0,0,0,0,-618302.994
39222.6207,195927.227,7635119.36,956433.994,6,1.16431475,8.59789234,0,0,0,0,-159354.288
944872.556,70159.7219,5873044.27,115136.852,6,7.48673515,3.13731211,89162.9841,102976.041,104023.481,2,-133479.462
1410.10435,95735.7723,5864085.48,356913.621,9,0.734839106,6.92336218,0,0,0,0,-95610.0671
265276.978,408143.162,1075631.01,16353.7589,6,1.3358847,12.6317774,0,0,0,0,-143294.475
44626.666,97696.6832,6759153.18,278708.963,7,0.470156679,3.21068855,0,0,0,0,-54017.2188
444979.692,138207.166,637522.24,11363.1067,9,0.898908716,11.9283438,7046.32962,7828.78373,7829.25513,1,-34046.3453
986.034389,643155.716,340829.703,291338.96,4,1.83348846,9.93264396,0,0,0,0,-642355.943
98134.2096,120314.476,1200581.16,104040.418,3,0.207008111,16.791118,0,0,0,0,-22254.3439
190538.465,67718.5696,843175.897,21505.7806,7,1.2348069,3.98471197,12096.5647,13819.6393,13824.6453,1,-17450.6667
526996.1,402842.143,3316299.3,985136.415,8,1.24151438,5.13324026,201567.887,223674.608,226763.872,2,-13481.8483
1731222.27,443846.801,697230.999,15822.8759,4,1.25931511,13.3681806,9410.94997,11763.3742,11763.6875,1,-321735.592
286642.289,39895.4837,1034548.28,412445.172,9,0.306523323,2.92419414,319161.061,354334.587,354623.401,2,-27182.6098
888.871658,635483.347,4254334.09,155845.42,6,0.309510305,10.7178278,0,0,0,0,-634986.952
1085810.74,32198.9176,5932600.66,242893.555,7,1.50426289,23.5931569,204998.623,233441.234,234284.14,1,-145814.713
4645.85049,340898.582,2165765.47,15146.087,6,0.778978951,9.13629488,0,0,0,0,-336755.589
308.610712,426987.042,649205.288,37168.0414,9,0.434428693,11.8672395,0,0,0,0,-426762.495
15636.4605,986070.525,750311.579,28265.8142,4,0.568235933,9.1372934,0,0,0,0,-970561.145
51081.0709,92927.202,6966021.87,41859.9441,6,0.203927909,2.70043206,0,0,0,0,-42269.5488
111680.353,956522.14,649414.923,17225.4002,2,0.300214217,5.64351962,0,0,0,0,-844899.898
4051.04959,78600.9897,8639459.75,275370.018,9,1.80608085,4.41975041,0,0,0,0,-79200.7785
266180.355,83927.8945,827765.367,939230.465,4,0.433937691,3.03204925,513038.885,639870.894,641298.606,2,-45029.4656
14974.7781,613267.889,9537829.16,69319.405,8,1.1501544,11.1489703,0,0,0,0,-601562.85
9515.3025,38586.0318,1786813.4,64422.1462,7,0.388513613,26.8986037,0,0,0,0,-29277.6447
101464.302,238054.604,651141.705,249134.592,2,1.08553348,2.51243925,0,0,0,0,-136800.984
213244.637,483548.28,471713.872,60836.2357,2,1.42582545,5.84975703,0,0,0,0,-270504.115
65298.2696,768416.05,674642.647,175619.88,3,1.00828417,17.4921642,0,0,0,0,-703320.531
67768.0475,161031.584,326367.635,23194.4027,10,1.02563371,7.90594162,0,0,0,0,-93363.3084
2080.76326,485804.235,8189245.83,134546.449,3,0.374082652,18.4778407,0,0,0,0,-484636.573
1364012.13,40433.3993,1438254.34,997838.232,6,1.59736316,5.0422801,827095.158,962115.512,964944.351,2,-215957.753
330294.263,838215.127,1210127.27,26674.2071,9,0.725811058,2.23177057,0,0,0,0,-508182.659
217713.817,546976.737,3906922.82,238411.224,9,1.6687743,5.03928338,0,0,0,0,-331206.22
1852249.12,258603.911,2712435.28,200153.293,3,1.62905879,31.640538,128942.922,171772.808,171923.895,1,-528910.257
1257051.14,64823.1881,1648819.18,26228.7988,9,0.86966605,3.06751974,22379.429,24864.1841,24866.0322,2,-132323.865
408735.006,252582.895,562828.788,69607.5686,7,1.68618874,5.81946892,23219.9523,26526.6413,26537.0883,1,-22196.906
748.331227,141232.371,808546.805,21687.8938,3,0.331423316,37.2157567,0,0,0,0,-140563.912
821882.982,275176.112,9200505.76,140912.219,6,4.15238419,22.6354232,77785.1871,89621.5777,90749.385,1,-81458.3475
998.430091,271283.584,7805910.5,235414.181,6,1.12427843,3.31757523,0,0,0,0,-272900.956
45710.0674,312900.213,888425.18,230723.058,5,1.31200906,10.2341353,0,0,0,0,-267537.574
1450.00942,64364.9509,7697457.9,22594.567,6,1.42853075,7.54758103,0,0,0,0,-66192.4542
17166.3556,268741.514,819217.738,18598.5199,3,3.40901125,2.81788483,0,0,0,0,-252407.565
5213.83607,73872.5742,5333758.53,14689.219,8,0.976804003,3.45905024,0,0,0,0,-70211.6552
904048.081,275525.421,3610558.6,16175.4371,6,0.579862396,3.24418954,9628.95183,11232.3493,11233.7771,1,-104556.663
534040.335,55853.6014,506790.973,10065.7871,8,1.02446916,26.7094466,8008.86062,9009.63291,9009.9682,1,-59733.9854
648418.93,207324.292,351182.459,132322.09,5,0.74552348,20.4502241,74991.1644,89980.061,89989.3973,1,-88148.4142
2918592.13,78189.4769,442939.092,12602.232,4,0.856391348,1.64712654,9811.27479,12264.0281,12264.0935,2,-710053.474
1193.53709,336017.923,7380763.55,18487.8598,6,1.03142159,11.9629366,0,0,0,0,-337093.441
1842.0005,93382.6313,411959.063,17025.7973,5,2.42204059,2.83431329,0,0,0,0,-91838.0322
84453.7896,130763.151,2291583.99,98586.8388,2,1.31167328,4.06644523,0,0,0,0,-47205.281
480.436973,117560.904,1549732.94,15182.0157,6,0.79864129,7.76006753,0,0,0,0,-117449.373
71017.6211,683016.229,790764.042,318833.066,8,0.713637115,13.3681806,0,0,0,0,-612166.81
301295.405,161659.77,2304211.48,44581.375,4,0.673280956,1.49991756,16467.7279,20572.1943,20584.6598,2,-34687.9573
12357.7671,153655.914,316662.214,613858.345,4,1.55233299,9.99176289,0,0,0,0,-141444.664
152269.174,446878.258,1076144.16,20640.3719,8,1.91880146,4.27565092,0,0,0,0,-295224.556
1964061.85,101753.011,962372.828,510295.351,10,0.684438993,6.27324925,439694.201,483516.894,483663.621,2,-185589.86
41774.6537,45557.5182,1518591.99,41301.4521,2,0.646037438,14.6813507,0,0,0,0,-4075.2839
850474.996,42854.6157,3520105.61,90912.9158,8,1.14468393,11.2279185,76568.1218,86066.8411,86139.1371,1,-100040.996
1154.58719,89531.7362,3270671.34,96010.711,2,0.519140556,8.53503032,0,0,0,0,-88883.2408
62553.4593,89884.7995,4451203.06,601432.616,6,0.237972357,2.37638581,0,0,0,0,-27647.067
361990.35,530739.023,1853301.55,10559.6982,8,0.783775883,5.78750295,0,0,0,0,-169181.63
20128.3749,187346.63,7620226.8,11556.4184,10,1.76173006,71.1625896,0,0,0,0,-171219.68
515811.58,634399.952,6964557.28,50175.9954,2,1.26998833,7.36925237,0,0,0,0,-121224.708
380.103498,92243.5098,991821.877,136887.095,4,1.16742786,19.1948162,0,0,0,0,-92208.5272
27096.114,793067.03,3929832.36,43199.5888,2,2.6124955,2.06200477,0,0,0,0,-769031.026
572.876423,171065.606,2139273.55,196010.92,6,0.732740733,7.60638393,0,0,0,0,-170959.953
882.798019,761282.891,4990939.63,749213.248,5,0.986014835,13.815179,0,0,0,0,-761866.901
154996.731,87290.8622,8488068.75,19137.4766,6,1.91839261,9.99976311,6628.64306,7669.4306,7733.41691,1,-9868.68284
314.23332,95547.1895,1973627.48,38440.3699,5,0.445407407,2.92419414,0,0,0,0,-95494.9735
6586.29359,797149.59,376656.608,18339.2865,2,2.15755811,8.14997001,0,0,0,0,-790805.52
6925.32559,43122.2086,903282.5,145509.156,4,2.32743668,1.44775712,0,0,0,0,-36823.5098
324565.127,69001.1021,8115400.72,210177.308,4,1.55929435,4.62602255,128612.922,158395.005,160766.153,2,-58305.9436
595.008516,904109.269,1830915.23,14432.4579,8,2.71959133,12.0103209,0,0,0,0,-904998.416
912008.079,47769.3822,615955.736,176705.77,8,0.373867631,1.62248851,148821.307,167410.179,167423.97,2,-107941.174
3580.99305,884724.488,1698361.23,92102.3926,5,0.822125531,3.68672765,0,0,0,0,-881559.67
1654.60101,415964.898,316132.02,256012.005,6,0.569895442,5.776883,0,0,0,0,-414363.996
32550.3176,438777.255,3630314.06,32867.9506,7,0.972033143,0.67584249,0,0,0,0,-407278.737
514.193451,985175.851,864514.831,138832.826,8,1.38346306,2.82316017,0,0,0,0,-985018.148
445444.161,196501.903,750791.869,132308.294,2,0.925552275,22.4241501,49236.1589,73823.9645,73854.2384,1,-124214.628
25345.1593,62881.988,4642385.58,10948.3443,5,0.402807292,8.60773509,0,0,0,0,-38094.2017
405.87199,72229.3763,322356.798,20830.7554,6,0.554336081,1.30909207,0,0,0,0,-71876.7663
444178.353,189913.152,914706.966,104752.286,9,1.95210371,3.11933615,53815.6176,59743.6691,59795.1306,2,-27949.9196
29035.2447,61338.4782,2585599.82,58314.2451,5,0.717618298,0.758316989,0,0,0,0,-32856.2808
21799.0817,59359.3721,555801.789,195440.891,2,0.980698285,3.70276733,0,0,0,0,-37722.7565
376.16857,118691.84,1980845,39056.2484,3,1.00674221,1.5277453,0,0,0,0,-118910.068
1739859.37,201007.516,823899.921,610134.463,10,2.43450411,5.25142726,489798.038,538108.788,538777.842,2,-151724.177
369274.984,39651.4324,835602.095,21755.6021,9,0.958047524,3.45905024,17463.5256,19401.4512,19403.9174,1,-36551.8112
825375.915,242526.928,2029203.33,80388.8796,10,1.35789842,6.17490886,51510.1664,56629.8271,56661.183,1,-57848.4698
306515.772,239500.041,478605.947,16715.7088,2,0.493652535,9.08963406,2433.83511,3650.43103,3650.75266,1,-33463.8076
38110.8367,862153.585,1828707.13,20387.6711,8,0.539868612,4.47061125,0,0,0,0,-824337.014
681902.712,55569.3381,1443085.25,19348.1367,7,0.756884115,10.4227864,15541.0796,17759.7015,17761.2338,1,-89367.9662
10589.5585,294490.48,953337.569,84154.8918,4,0.687844279,12.0619709,0,0,0,0,-284096.375
4514.6236,103075.842,3920462.92,21063.9399,3,0.916054723,6.52916809,0,0,0,0,-99631.6678
96948.1298,616562.461,2752439.54,11740.9162,7,1.50425226,1.34023451,0,0,0,0,-520848.418
2167.33859,694598.747,1613280.83,155523.659,6,0.421599343,3.87307147,0,0,0,0,-692634.138
5208.71949,531629.75,1587071.04,176671.562,10,1.85863269,2.61880418,0,0,0,0,-527300.25
1020816.37,242699.627,925282.693,19520.1818,6,1.06098622,7.99895041,12748.4301,14872.3343,14873.1685,1,-129586.462
1272.86832,691706.183,2654026.7,11507.882,8,1.06228946,33.6342835,0,0,0,0,-691273.656
515860.698,811730.906,2962365.45,10321.1377,6,1.88418705,18.7932652,0,0,0,0,-297533.889
1334099.96,377397.037,3931576.4,60512.9947,2,0.288327255,22.0027236,28917.0486,43370.746,43375.5729,1,-478022.883
32341.5415,272158.514,6191304.99,684709.779,10,1.16934355,5.03928338,0,0,0,0,-241974.875
363.2745,33342.0591,5768976.02,43430.7962,3,1.5234215,6.38162166,0,0,0,0,-35598.3321
25799.3398,403411.643,6737945.35,76607.1301,7,1.02851685,7.04594009,0,0,0,0,-379677.904
417742.929,303462.906,6765488.2,24839.7521,9,1.88260909,10.1398111,5904.84354,6538.26621,6560.93726,1,-11851.7722
481.289631,86697.875,2265230.37,67853.3856,10,0.615373931,24.4142415,0,0,0,0,-86632.0738
1377985.51,131880.304,1087007.2,404990.281,8,0.997482882,25.0144858,325274.047,365725.255,365933.303,2,-154925.942
189607.747,36572.5636,9933142.05,511565.157,5,4.58544288,1.99483541,258443.487,262167.452,310132.184,2,-2009.49441
17833.813,483637.052,2649954.91,92447.7293,6,1.07807042,6.42677987,0,0,0,0,-466654.755
70425.5458,481795.42,523448.857,41582.8607,9,0.523477823,2.47182314,0,0,0,0,-411451.547
12777.4292,599718.091,3093890.57,50839.5918,5,1.63114632,12.0103209,0,0,0,0,-588444.861
14148.5038,882467.663,571877.338,37100.9882,9,1.47273358,5.77572147,0,0,0,0,-868570.195
634026.469,91495.9541,2378439.62,810345.317,3,0.778756926,2.45430367,517399.135,687011.082,689865.513,2,-177669.447
27822.0418,158867.322,498483.888,22539.6215,7,1.60407824,2.38505612,0,0,0,0,-131283.614
363347.354,549974.899,7335048.43,91192.6631,2,0.871887782,10.2027148,0,0,0,0,-188533.756
348.014607,42843.9276,1199371.87,23470.2512,5,0.423346786,6.52916809,0,0,0,0,-42647.2543
15781.3805,196759.208,3634383.28,493676.218,3,4.99361224,5.37770933,0,0,0,0,-186387.277
76426.6728,56492.3672,4697011.77,16912.5732,7,0.457815432,3.5695294,3732.69291,4253.56809,4265.93475,1,-2692.27443
128027.491,949028.514,7281217.65,208524.722,7,1.44511653,8.45448383,0,0,0,0,-824137.299
6560.32646,870447.045,2169787.16,27089.7159,6,1.47086495,13.9379521,0,0,0,0,-864837.974
1375.57872,170698.45,2079624.23,44086.0658,6,1.09971668,14.6297616,0,0,0,0,-170004.54
1003.3461,190962.444,1265811,594472.561,2,2.07111224,3.68672765,0,0,0,0,-190740.509
3654.48259,979199.879,6149205.82,20054.0239,3,0.930840928,5.95259719,0,0,0,0,-977251.487
443026.67,153392.521,3319763.61,737997.807,8,1.66458436,4.59566593,419723.724,464714.277,472189.19,2,-30869.5829
332396.204,724048.11,5367949.94,152608.433,2,1.07201193,3.32061871,0,0,0,0,-393367.109
321298.627,48653.835,799416.073,68508.3028,4,2.80612033,16.7995858,46354.8165,57886.6136,57943.5206,1,-67660.1516
452582.273,63500.4554,874666.903,671555.276,2,3.80278581,8.360801,380647.026,566072.726,570970.539,2,-189051.618
577173.08,681581.531,2575199.03,24632.9269,4,1.26036919,3.70276733,0,0,0,0,-105375.874
840555.937,419470.922,687624.649,570370.716,3,0.266705065,4.82347611,214225.665,285570.252,285634.22,2,-140217.73
1145.45332,623559.608,9820846.64,33547.6099,2,1.38045803,7.23035372,0,0,0,0,-626455.068
1247.16876,63346.9069,695806.196,263740.865,6,0.469944539,17.7036125,0,0,0,0,-62197.2017
98814.1173,75897.1571,2903545.59,281117.379,5,1.30575861,2.58134739,50702.5781,59551.7791,60843.0937,2,-3802.50321
44396.0641,489355.224,4774246.13,227604.888,8,5.00856444,11.2727096,0,0,0,0,-452086.469
285294.336,165705.553,4610336.75,160747.779,9,2.04237066,3.68672765,58680.1627,64513.7617,65200.1808,2,-11609.7264
2587.8851,136107.261,2689181.72,288641.442,3,1.30801555,6.29026038,0,0,0,0,-134567.809
4322.9408,102743.68,419041.289,669360.366,4,1.13316,3.03986011,0,0,0,0,-98562.271
1032255.17,146065.024,1024254.5,19049.8171,6,0.671913172,6.52817014,14014.3758,16349.5082,16350.1051,1,-147626.434
767392.778,58526.4919,3935144.19,12208.0864,8,0.602148991,3.82733058,10013.3722,11263.6048,11265.0437,1,-88418.2417
176462.434,710441.551,8763985.76,877957.609,8,1.46108922,20.0621017,0,0,0,0,-537795.798
2066192.04,896502.586,3653673.49,12887.5009,7,0.343022865,15.5172925,6381.63618,7293.05394,7293.29849,1,-167000.32
432.751823,802606.017,3260818.02,10786.955,4,1.39002991,14.1288035,0,0,0,0,-803524.274
54102.3573,38306.0142,6507522.07,51973.8541,5,0.591047496,20.6073265,11653.2525,13827.4207,13983.9029,1,-2733.2616
728757.759,39132.3383,636169.281,11859.6644,8,0.942220786,39.6992219,9973.09755,11219.3631,11219.7347,1,-86155.1548
1265.63187,451851.841,3855613.89,48853.9188,4,3.19009044,13.7766186,0,0,0,0,-454252.307
9320.89012,314807.85,1118718.48,115948.248,10,2.00626225,15.2334141,0,0,0,0,-306155.944
2987.64797,94058.0521,472893.12,171939.073,6,0.965808212,8.15658456,0,0,0,0,-91206.5365
940.953397,79027.4811,812214.577,130351.556,8,0.530570647,8.48117736,0,0,0,0,-78214.9739
378057.163,588658.189,2688325.12,215280.718,8,0.659553047,3.16432446,0,0,0,0,-211129.518
23154.563,675598.743,2263725.57,64034.9229,3,4.3889099,5.74036712,0,0,0,0,-655405.517
1198915.9,260747.995,319769.358,143096.552,6,1.20097233,7.14141131,95959.2177,111942.664,111952.421,2,-156246.866
120279.196,134425.414,1064745.5,331938.635,3,1.53273792,11.0595381,0,0,0,0,-14632.6486
1924481.61,295755.853,5966599.83,22461.8886,10,0.966112316,59.0343344,17261.5068,18984.1882,18987.6575,1,-162373.763
2548.96902,57785.2233,1994307.37,771789.389,2,0.833725452,9.03285991,0,0,0,0,-55731.8444
103043.092,453250.351,1158286.58,161578.595,10,0.390354819,1.99454795,0,0,0,0,-350342.026
805.108951,76342.9872,749813.237,92202.2144,5,2.08790696,10.1398111,0,0,0,0,-76004.5073
1869137.79,439171.685,9518774.96,13910.0265,10,1.30632429,4.82480345,9647.67954,10609.0207,10612.4475,1,-142119.38
21049.7312,69177.6647,5700404.04,16088.2711,2,1.12860439,17.1309766,0,0,0,0,-50045.5195
2353.64127,65415.4029,3580913.77,44744.8955,4,0.592020664,5.79101853,0,0,0,0,-63693.6469
316.17385,301820.934,2007560.52,101650.357,8,0.534362504,5.6469434,0,0,0,0,-301824.511
1986.94203,118344.963,2169183.83,697916.673,2,1.71807898,2.27545235,0,0,0,0,-117468.85
219869.959,834591.217,779009.822,419253.908,10,0.623694088,1.58863824,0,0,0,0,-614866.075
5948.48664,81230.4968,575509.44,695487.168,3,2.5996404,34.2050056,0,0,0,0,-75727.9468
6972.84351,742485.744,6859346.52,16633.1973,2,2.5713829,8.26124188,0,0,0,0,-740770.13
22260.717,209618.028,882410.876,51369.954,4,0.634995693,5.62813565,0,0,0,0,-187524.323
4606.92519,91198.52,7210079.51,285140.622,8,0.829014247,6.59549934,0,0,0,0,-88373.1921
1775802.94,44826.312,470316.501,10984.2135,2,1.46672068,27.0545998,7137.05978,10705.4309,10705.5897,1,-865347.014
5695.34038,110711.605,4133601.59,133184.369,3,3.94115486,6.99739524,0,0,0,0,-109872.051
4795.75977,66222.1477,1595327.67,24161.0723,10,1.12628437,3.47950514,0,0,0,0,-61961.9446
38683.6456,89934.1093,1751564.53,24038.4826,2,1.40786716,12.8087271,0,0,0,0,-51985.4771
156843.298,485492.389,8902965.46,439776.631,10,0.652688931,2.52433356,0,0,0,0,-330381.093
43766.5216,992494.938,3527397.68,167000.581,7,2.94007224,5.21438656,0,0,0,0,-951819.565
189378.982,198500.821,6254153.71,85158.434,2,1.42484317,2.65703299,0,0,0,0,-11777.9304
496894.112,905577.72,1847997.4,528192.243,3,1.23695244,2.88147441,0,0,0,0,-409364.946
715634.193,350603.06,1055267.11,685724.444,7,3.49397666,1.9792965,303272.32,344432.891,346596.937,2,-49393.4134
32886.6329,598443.442,837356.187,52111.0869,7,1.10955149,209.59567,0,0,0,0,-565833.736
6170.56515,819960.772,3242344.56,411268.188,6,0.673863138,16.0566137,0,0,0,0,-814441.443
1694.39056,32444.8099,4370997.93,29904.523,7,0.307520257,4.03610939,0,0,0,0,-31151.0662
770.796476,74684.8306,3170272.21,32832.9801,4,0.950109406,8.04072175,0,0,0,0,-74811.8301
1189807.49,510104.203,1188414.14,48439.2807,8,1.20832377,7.28423515,24579.3399,27647.8641,27651.7574,1,-84801.8122
1038431.13,37338.712,2381809.04,725140.936,10,0.292993257,4.72869165,634846.734,697732.847,698331.408,2,-99144.765
762.66925,602528.799,7920385.09,356479.97,5,1.52357543,30.419626,0,0,0,0,-605362.942
126267.481,791574.697,6667314.23,11928.8702,4,0.771457339,8.45556715,0,0,0,0,-666840.316
149786.726,41405.7046,691307.424,28237.8252,7,1.34935279,6.33320329,17826.7079,20363.8935,20373.3805,1,-15385.7535
1092.60066,277263.609,5304285.15,25419.3317,2,0.541122993,41.7091488,0,0,0,0,-277026.528
11371.1162,188629.014,304198.375,222256.31,8,1.00933462,4.24646291,0,0,0,0,-177349.415
14640.6992,81896.1057,1863027.66,35931.432,10,0.576216549,1.49367281,0,0,0,0,-67575.3789
205223.321,836822.144,934102.541,108970.172,6,0.665089114,4.57530958,0,0,0,0,-631783.998
7116.11984,77959.2494,1144057.23,341677.748,5,0.924496617,18.5702432,0,0,0,0,-71158.3835
15798.0888,188512.787,792846.591,312288.673,6,1.45545031,10.1116661,0,0,0,0,-173058.647
353154.903,245257.949,3796847.28,98083.002,6,1.05797883,18.7617959,25351.5642,29499.086,29576.8249,1,-17456.086
1270.21614,486914.689,738946.129,36733.6544,7,0.544212163,24.6354259,0,0,0,0,-485764.337
403695.992,883778.348,5267552.42,181876.47,7,0.499298609,7.22226137,0,0,0,0,-480866.285
943.377711,893925.545,2573527.78,39297.0185,2,0.190035682,12.2493316,0,0,0,0,-893127.939
167723.743,38807.5646,2504329.83,826910.311,3,1.56824418,2.9770532,457003.244,589816.162,609337.659,2,-37125.0352
49741.5737,93119.0523,3921543.59,325569.978,3,0.535644833,3.19552214,0,0,0,0,-44003.5754
17738.6927,412220.53,3922494.02,14689.2298,7,1.34166389,4.14447619,0,0,0,0,-396050.442
463888.683,77575.3152,2722536.78,127066.219,7,2.09990172,5.3847226,91931.7858,104751.936,105064.898,2,-53634.868
3697.11742,78498.8044,2477792.56,11558.5191,7,1.18235801,10.9418434,0,0,0,0,-75674.9025
22343.1823,239601.853,8545736.18,355928.848,6,0.60606946,15.1862441,0,0,0,0,-218802.429
1169.72475,64484.9123,776020.032,38201.5643,10,2.0037483,3.7255483,0,0,0,0,-63778.6596
73030.963,248338.209,876033.289,82270.9301,7,1.35872122,7.35280293,0,0,0,0,-175662.026
4414.15174,116556.425,3241041.57,16583.979,7,3.9585599,7.71156091,0,0,0,0,-115966.374
37245.5269,48370.9257,4902709.14,149435.762,5,0.759526028,10.5535213,0,0,0,0,-12235.305
9624.7482,379499.353,3951723.04,325012.478,9,0.901023485,24.6354259,0,0,0,0,-370935.886
3890.41841,46440.8465,1112613.29,14775.2712,8,0.826317223,1.58863824,0,0,0,0,-42824.4583
514.104555,267173.21,7224775.71,35178.667,3,4.24601534,5.9860329,0,0,0,0,-275802.625
9441.23827,173989.092,883184.72,124658.404,7,0.362349747,39.049287,0,0,0,0,-164643.24
77021.6989,721121.951,4711008.44,36239.74,7,1.22575287,27.1148845,0,0,0,0,-645821.424
166998.614,285263.203,3028648.63,13518.7108,5,0.887152999,1.68360276,0,0,0,0,-119065.445
805940.67,271917.007,836089.426,28981.6249,10,0.716167265,8.50501702,17451.2316,19195.2365,19196.3547,1,-53350.3107
680.423821,228307.007,2405471.66,17746.7566,10,1.74904429,5.31071679,0,0,0,0,-228880.615
859649.852,131768.972,3292390.83,11640.1042,4,0.458533752,3.05994088,7879.55341,9848.71165,9849.44177,1,-181790.322
2087426.37,560458.696,742802.371,134442.462,3,0.731809715,11.2590346,73746.9272,98322.6114,98329.2363,1,-508798.06
12402.3872,730756.408,5192640.94,21738.3828,9,0.996859076,5.38238089,0,0,0,0,-719896.892
2634.92702,561579.282,3739555.5,39293.7028,4,1.59790652,1.47790837,0,0,0,0,-560725.416
682.935217,148688.093,303207.228,27716.8257,9,0.211425573,1.69434405,0,0,0,0,-148024.265
1306.90977,758724.972,6367123.69,380567.892,3,0.358464891,1.62045385,0,0,0,0,-758098.357
2252717.61,68795.0178,1570691.71,39867.5078,2,1.66796789,8.3106414,25755.386,38629.1078,38633.079,1,-1091234.24
1118.87527,53111.3071,513014.538,35367.3841,4,0.328600694,3.03986011,0,0,0,0,-52042.6784
107856.493,39454.157,7687378.56,43291.8385,4,2.08423957,2.06587727,20205.4929,24863.9852,25256.8661,2,-14669.4953
388717.51,809447.298,6753353.4,309940.097,4,1.5745024,4.06644523,0,0,0,0,-423899.139
15106.5883,36384.5879,5851264.92,571614.607,5,0.439689455,3.07402611,0,0,0,0,-22044.837
1374.95965,101942.549,385358.287,231222.724,10,1.52372101,0.507909097,0,0,0,0,-100742.606
80660.9297,52029.7551,4687350.78,234236.492,9,1.21787468,2.69780664,68414.5317,73656.4626,76016.1464,2,-2063.35372
197775.342,47879.1926,5897596.53,62612.3393,7,0.610395184,4.51395865,41144.1789,46908.1518,47021.9187,2,-20848.944
4536.50886,402572.552,2910072.59,30120.4167,2,0.422471969,2.88147441,0,0,0,0,-398402.488
322.738141,72645.1331,495948.423,17063.9769,7,0.79093799,8.31616842,0,0,0,0,-72439.3144
2212.44099,44966.6017,7942995.71,37702.3161,9,0.984860231,10.1116661,0,0,0,0,-45085.827
711425.566,141838.397,433631.847,30821.4669,6,1.499098,49.0247341,21143.0804,24665.1973,24666.9272,1,-94852.3153
486770.975,116140.879,5561421.58,873350.25,10,0.327361355,27.9493557,600234.363,656497.303,660257.799,2,-34690.1296
2978.82232,691698.3,1890865.24,343594.122,9,1.65473246,22.7599878,0,0,0,0,-689652.079
975015.754,701403.079,4488562.75,60364.0924,8,1.67631439,2.89445004,14921.9446,16764.9765,16787.1877,1,-33517.3154
15927.5143,361290.555,6921112.82,573101.124,9,0.669326821,22.0119034,0,0,0,0,-346743.811
1249.53733,63972.234,686688.595,21646.2431,9,1.1178821,7.08652278,0,0,0,0,-62951.5005
571.368078,40532.6498,425155.928,46744.1199,7,0.727769223,39.4554344,0,0,0,0,-40053.5069
26989.4495,281426.453,4009915.54,214938.512,2,2.88538928,10.0754397,0,0,0,0,-257885.638
104389.111,102507.189,368303.351,165883.174,7,2.93153862,2.70572807,2162.80825,2432.69271,2471.78086,1,-194.676581
718.937312,82602.4609,481407.206,11671.0088,8,1.14325422,7.77455936,0,0,0,0,-82047.5686
361962.725,248741.259,342529.309,184710.916,5,1.26460232,11.0544067,48074.4333,57663.0953,57689.3199,1,-22556.7791
63614.5588,430913.264,8296294.04,437328.933,2,1.4040005,2.42791863,0,0,0,0,-370770.539
9956.86987,411382.266,1694234.06,471251.972,4,0.300788135,3.77899466,0,0,0,0,-401577.29
19230.6433,690284.686,2672522.26,38886.2598,4,1.83516789,4.08829124,0,0,0,0,-672515.899
738.707615,44685.5213,5837761.06,15493.2316,3,1.32490067,9.81040442,0,0,0,0,-46252.165
3571.99925,54435.7386,591997.842,65552.4209,6,0.735380852,4.35716797,0,0,0,0,-50993.4991
19379.7837,34955.9451,1110709.56,81801.9079,6,0.871669681,6.29708095,0,0,0,0,-15864.7372
18539.4698,180505.535,1046110.44,27302.9121,4,0.8348046,1.30909207,0,0,0,0,-162226.362
190412.674,591286.913,8294958,116074.267,6,1.02755725,4.20878838,0,0,0,0,-403414.788
2674950.97,636650.053,9984732.79,828317.056,5,0.74380676,31.7384328,523318.805,625453.97,627982.566,2,-397379.394
47169.0887,425509.661,4535754.27,54216.1411,9,0.373524615,8.19250385,0,0,0,0,-378845.554
72006.3481,328667.983,1466466.18,870520.959,4,0.656357239,4.08829124,0,0,0,0,-256948.528
301.299679,32237.446,7883655.44,970425.095,4,1.61481733,59.5564379,0,0,0,0,-35730.6809
24387.6807,40523.5266,4746604.91,100984.293,4,2.26007943,4.50847653,0,0,0,0,-19333.3732
28900.6871,175734.604,8958205.83,181230.212,8,1.01170227,2.92419414,0,0,0,0,-149535.269
409534.251,195036.113,841321.665,20543.4296,5,1.04876069,9.56110987,8954.86074,10744.1833,10745.8329,1,-42807.5646
4693.43864,662817.994,6894228.55,313448.654,9,1.38083171,1.200641,0,0,0,0,-660962.043
5560.16836,96357.9991,1823034.01,16682.3771,2,1.12231602,9.97387612,0,0,0,0,-91407.6729
457.290879,139000.536,1085297.76,555271.445,8,0.574236433,24.9969188,0,0,0,0,-138729.003
2927.00086,412684.232,1032338.88,68412.4796,7,1.87680236,2.28041877,0,0,0,0,-410334.726
812384.335,904075.436,753572.927,31676.1077,10,0.54880568,5.80786843,0,0,0,0,-91814.3701
869.128402,236016.41,350693.995,41676.2167,2,0.681848265,8.59789234,0,0,0,0,-235218.555
383.37939,57576.3739,950991.517,97401.4174,5,0.530039241,7.74887249,0,0,0,0,-57343.2368
756378.737,44357.2535,3076293.83,59085.7657,7,2.00627623,16.596531,48501.8185,55375.3886,55430.6497,1,-100645.398
309462.476,362698.927,687226.205,454604.076,6,1.40094305,4.66054103,0,0,0,0,-53523.4151
12828.4741,37501.6076,7354321.23,715075.774,5,1.44897996,9.23011108,0,0,0,0,-27849.3673
38726.8991,641001.788,3170733.49,26759.7029,4,0.712542058,3.54622118,0,0,0,0,-602948.296
550545.763,555845.204,961972.519,43875.4047,2,0.979422864,3.82733058,0,0,0,0,-5580.26855
529425.094,389272.307,4291810.59,145536.44,3,1.88421732,22.1634881,28289.4359,37533.7721,37719.2478,1,-45011.0587
193146.8,499565.769,1540856.91,83221.5308,6,0.93244437,3.39786582,0,0,0,0,-306847.214
2246463.62,501766.357,1618333.07,43789.4049,9,0.860034218,9.08963406,30599.0906,33996.8839,33998.9896,1,-193689.12
16560.5735,492064.587,1236200.63,291095.453,3,1.6893296,12.102496,0,0,0,0,-476126.472
10775.4243,105226.548,493663.613,86112.5171,10,1.50103888,5.55318071,0,0,0,0,-94671.9909
481976.134,92652.5586,891863.201,107805.624,4,0.927965726,13.0547894,69598.8126,86967.1425,86998.5158,1,-97093.8377
12742.3361,302280.315,2201161.3,34475.0423,7,0.935107716,17.1309766,0,0,0,0,-290151.488
941680.077,296604.98,743125.42,69416.1347,9,2.29726065,3.1720598,42753.5616,47491.2456,47503.9573,2,-71426.8266
7213.14619,53810.8106,1644992.35,174464.291,3,0.300947247,6.21060273,0,0,0,0,-46745.222
11835.6912,76534.9962,1297011.39,15835.2863,8,0.35623731,3.75562763,0,0,0,0,-64837.0229
755.938041,126740.679,324620.291,510734.529,7,0.771087366,9.05026075,0,0,0,0,-126059.349
21431.2187,480067.544,1210526.97,13846.41,8,1.01529854,11.9629366,0,0,0,0,-459002.658
222441.358,328456.625,3884380.77,549401.239,9,0.97622657,10.1643777,0,0,0,0,-107145.531
2936.45576,152222.452,836056.892,627144.364,6,0.262794633,5.27050878,0,0,0,0,-149351.484
19126.2446,64530.2741,3580941.9,15570.3077,9,1.2895397,6.29265092,0,0,0,0,-46780.4131
1551329.08,438744.837,649067.257,167327.225,2,1.21385316,2.29733994,79973.9616,119941.676,119960.942,2,-555906.731
7730.00543,581781.163,573268.774,129528.09,5,0.984194438,4.10472603,0,0,0,0,-574219.327
484885.46,892929.381,445746.856,50555.251,5,1.10599317,12.1883105,0,0,0,0,-408190.864
1790.10755,151573.982,363704.407,14231.3539,4,0.258729515,20.1764961,0,0,0,0,-149811.922
128837.786,67548.0027,924403.211,50402.6182,10,0.638398004,6.52817014,21726.167,23884.9202,23898.7837,1,-6072.39173
1897602.34,179846.655,9482929.11,125737.583,9,2.95998193,5.07391842,101611.779,112505.521,112901.976,2,-183262.675
8929.4441,213944.421,1688291.54,238065.448,10,0.64792091,8.67408643,0,0,0,0,-205341.021
191493.873,134211.703,5510500.85,32385.622,2,1.46308477,5.62813565,6172.86407,9212.21132,9259.2961,1,-27020.9441
6113.654,101123.576,746337.529,175001.136,10,2.09854812,4.08829124,0,0,0,0,-95476.7551
877.968542,35534.7677,1286400.71,556198.359,9,0.338922666,4.53533843,0,0,0,0,-34786.7515
80054.7743,166686.922,5305067.5,222061.496,6,1.37098971,9.46701501,0,0,0,0,-88800.0141
160144.068,491211.595,397174.35,16987.4974,3,1.64797654,44.5363731,0,0,0,0,-331262.618
326.943387,162082.294,411021.723,87528.4854,9,0.798897529,18.6121064,0,0,0,0,-161853.224
1243521.1,418676.83,1831223.07,20121.4973,9,1.4836973,5.41775188,11999.4649,13330.9029,13332.7387,1,-91433.3125
128576.111,205637.354,471802.347,17008.1991,4,6.70046872,4.29353499,0,0,0,0,-78003.5069
2759536.13,453402.725,505836.032,124703.136,5,1.01302419,5.87138447,86835.6892,104198.209,104202.827,2,-461073.501
1810059.58,120797.481,7400222.32,134469.802,7,0.841450895,2.61880418,109600.136,125148.312,125257.299,2,-239380.059
423036.196,31259.2577,4061942.38,33561.298,2,1.86260266,6.14326964,20580.2058,30827.0658,30870.3088,1,-193942.47
91279.1558,368975.581,1158998.68,31440.5584,5,0.598859723,12.855667,0,0,0,0,-277903.304
5100.91345,33637.2595,513585.889,202774.837,5,1.66115648,7.77455936,0,0,0,0,-28790.6371
10566.2373,87289.1711,1780453.46,25682.3065,5,2.16514972,14.6813507,0,0,0,0,-77871.9497
78473.2644,176573.325,1637418.85,443550.94,4,0.412671054,20.0909406,0,0,0,0,-98301.4657
10545.2894,184035.313,948916.99,480001.809,8,0.456555997,5.67344347,0,0,0,0,-173619.154
1982.00802,52225.0273,6908079.22,21258.5735,5,1.45840217,5.63264126,0,0,0,0,-53245.9277
378.924185,202866.701,3111193.52,276311.096,7,0.606207076,6.5556871,0,0,0,0,-203049.931
83806.6272,839049.294,7889138.55,522753.189,5,0.634088562,4.30176842,0,0,0,0,-756733.699
30798.6404,690946.366,529520.513,118090.247,6,2.55860379,2.56585248,0,0,0,0,-660551.55
41652.7773,526768.613,432191.128,12132.7073,2,1.41915375,9.13629488,0,0,0,0,-485298.652
636918.014,332573.099,1285272.31,397837.976,8,1.33027104,6.48029507,168385.37,189063.974,189433.542,2,-37312.5623
30742.0871,714927.518,2402012.37,21109.0692,4,2.16013968,11.4114237,0,0,0,0,-685731.983
3780.48767,222546.898,1153027.01,28490.2568,9,2.06726125,9.55406579,0,0,0,0,-219476.874
1334632.1,35843.057,941945.858,433245.067,3,1.27834583,2.71303642,315905.69,420915.017,421207.587,2,-431607.529
20861.2163,83463.2244,3420659.21,746557.014,5,0.298503454,31.1024993,0,0,0,0,-62906.3535
42910.4524,35363.4659,1351119.03,52982.8091,3,1.51957422,5.9860329,6394.03636,8441.39409,8525.38181,1,-2220.58171
528779.233,509852.848,2960817.39,234169.922,2,1.33905627,4.58381625,5222.90286,7778.12092,7834.35429,1,-8681.27686
656.765549,44366.5985,871314.435,11137.7226,8,0.698601179,17.7537258,0,0,0,0,-43891.264
17401.5361,133820.318,313126.032,19478.0888,10,0.887313879,1.49991756,0,0,0,0,-116501.596
534.598569,625796.889,3745156.32,45390.3126,6,1.14588799,24.3377988,0,0,0,0,-626541.435
127632.472,96541.8646,7890180.75,66490.6123,2,0.491388218,4.37665268,10360.1821,15448.8226,15540.2731,1,-14703.249
326.76383,187914.395,6179419.16,294232.632,8,1.43809349,10.4256037,0,0,0,0,-190236.389
46518.5447,116303.785,3027652.43,390322.927,7,0.985986564,5.21438656,0,0,0,0,-70675.0236
1338415.84,870454.056,7749344.24,669980.397,6,0.783792852,16.4821567,198960.113,230852.268,232120.132,2,-74721.3675
78636.8043,103676.263,6362148.67,238438.62,5,1.91403243,5.07483671,0,0,0,0,-28669.0737
47534.0801,567442.102,706174.361,124258.254,10,0.854241388,4.06644523,0,0,0,0,-520087.827
11759.5295,100010.513,5349874.82,13495.4768,7,1.84186529,12.102496,0,0,0,0,-91188.0174
122009.438,43101.6843,4004007.19,102234.736,6,1.60402838,6.17483138,54786.7203,63233.4987,63917.8404,1,-11870.5131
308.975319,901365.331,1162953.02,850191.543,4,0.314241802,3.52439653,0,0,0,0,-901165.282
617.320247,489693.439,491984.049,65246.6064,2,0.742952869,8.5815375,0,0,0,0,-489185.067
4286.67068,738962.25,473583.59,472432.975,9,1.6911323,2.11894582,0,0,0,0,-734914.295
48344.454,86480.52,4832607.73,289998.468,3,0.178757585,8.92399629,0,0,0,0,-38393.552
1179.40896,623496.562,777289.619,864402.558,3,1.61030077,8.3106414,0,0,0,0,-622690.229
170275.497,285151.618,5438407.05,232403.579,4,2.41687112,9.08963406,0,0,0,0,-118793.835
1916993.59,46079.7414,538219.507,105307.138,4,0.686830717,6.180373,82212.9144,102762.144,102766.143,2,-467609.914
124824.854,233893.626,9410026.97,11834.7894,8,1.127126,6.17483138,0,0,0,0,-112230.109
2350087.15,670957.61,501057.041,636139.64,7,1.40345284,24.0204179,397523.777,454159.387,454312.888,2,-239197.403
1322388.51,757559.773,763438.346,794099.549,4,1.19136682,5.48910087,270958.488,338367.571,338698.11,2,-140450.711
473757.715,810367.133,1647828.83,89181.4158,8,2.50010868,2.86957831,0,0,0,0,-337837.361
40197.4299,213909.019,553469.792,23972.7281,8,1.89005838,4.0965533,0,0,0,0,-174023.389
1114376.97,113438.377,1701029.2,430774.352,5,1.06422988,3.5695294,321871.627,385765.082,386245.952,2,-198585.228
4531.60628,287273.647,510663.657,36851.1349,5,0.290676397,6.64668496,0,0,0,0,-282786.285
161407.17,171085.858,1003009.49,233496.317,10,0.747371631,9.16518844,0,0,0,0,-9902.12229
1229063.64,160687.685,8366716.81,466330.018,10,1.69436991,5.93128042,363659.429,396261.932,400025.371,2,-95402.3686
39750.0214,657444.303,405431.521,276066.814,2,2.27503413,3.33174721,0,0,0,0,-617969.206
4937.80749,79785.6569,1079777.14,827520.731,9,1.16783666,3.47273135,0,0,0,0,-75223.7073
209883.688,44154.2421,950394.934,34586.9246,6,0.512470531,17.9238574,23385.415,27277.6908,27282.9842,1,-27559.8987
366.880049,115748.587,1455969,28677.4773,6,2.66930576,8.27170999,0,0,0,0,-116540.106
16604.9312,47383.1248,1358143.02,59915.5552,6,1.60235,77.9151089,0,0,0,0,-31426.8435
30465.0777,113985.447,1359150.48,607289.788,2,1.04340395,9.18132772,0,0,0,0,-83943.065
1874.33142,258080.604,6788399.89,136303.885,3,0.866525343,10.796835,0,0,0,0,-257959.572
2465418.7,64016.5022,2150130.7,27518.7812,9,1.67386614,16.8352345,24111.3541,26787.7781,26790.3935,1,-266442.902
1080.30045,84226.0434,398651.379,62545.4269,10,0.53356915,4.19949242,0,0,0,0,-83209.1432
23471.9054,58727.9797,4325415.6,23840.1428,4,2.75687473,8.49037117,0,0,0,0,-38810.3602
9470.11499,104347.671,2069931.56,17060.8383,2,1.76485588,4.8249537,0,0,0,0,-95966.4175
1075.53174,42796.1654,3036455.21,37916.8985,5,0.525640641,5.54956231,0,0,0,0,-42196.3666
100730.99,35066.4671,8911558.42,18387.5992,3,0.929878296,13.2054646,8629.08192,11447.3694,11505.4426,1,-20639.5638
757.442724,222256.608,6352017.67,22881.665,7,0.545491836,6.81503242,0,0,0,0,-222531.944
945.083203,69549.3363,479442.867,91555.442,6,0.567637298,6.86268927,0,0,0,0,-68685.3707
1642.16377,939882.332,618687.27,670812.704,10,2.39949488,20.1215894,0,0,0,0,-938682.653
2491456.37,105165.976,2313080.67,321334.416,6,2.39849917,7.45090968,263293.732,306782.281,307176.02,2,-393873.383
656.942368,384365.892,1064335.18,41257.4161,10,1.11568148,2.82168176,0,0,0,0,-384062.887
1387862.05,65608.1105,1599379.9,18623.8312,3,3.09184528,3.49203385,13291.2086,17718.3355,17721.6114,1,-439934.464
2562522,144707.554,1497035.05,22725.197,8,1.51585475,6.60148615,19053.4587,21434.0177,21435.141,1,-301999.749
32775.647,502850.134,2725731.65,179541.856,9,0.737004585,5.98467769,0,0,0,0,-470673.258
1928.61197,231619.987,706587.984,519628.705,2,5.29640966,8.92307131,0,0,0,0,-230806.839
14518.1734,164929.098,6620142.31,450149.439,9,0.949811293,7.71156091,0,0,0,0,-152285.108
18713.6289,885093.002,835337.411,188120.532,8,1.07581284,5.07483671,0,0,0,0,-866647.232
1019.90579,69848.6175,910148.182,407067.305,4,1.63627665,4.57615089,0,0,0,0,-69272.6026
2965703.01,446243.192,2574367.18,95173.9429,8,0.442425476,16.9077623,71855.3736,80831.4882,80837.2953,1,-314686.455
5372.74384,92962.4665,5252648.75,556844.669,3,0.483112527,14.3538975,0,0,0,0,-88346.0924
27711.9143,770471.437,2177098.12,113705.208,5,0.29775396,3.24828525,0,0,0,0,-742952.739
710411.741,33421.5502,668066.524,494140.825,9,0.718114872,7.14141131,423469.712,470243.563,470521.902,2,-74760.3641
22420.9969,41890.7275,9499933.91,442287.009,6,0.742134905,13.3346068,0,0,0,0,-21571.1412
63880.803,41637.6972,636143.69,30977.3211,8,2.73794842,16.9514763,9350.2664,10487.9905,10519.0497,1,-2643.33379
1175.75677,175147.657,4869144.58,75746.4061,4,2.26377184,5.32798256,0,0,0,0,-177257.335
11609.449,853777.156,1111161.1,30771.0701,2,1.32663465,7.91817084,0,0,0,0,-842607.083
20831.428,33426.4932,340461.417,40004.4453,2,1.69190268,119.536319,0,0,0,0,-12766.7574
2816078.22,267355.197,436171.641,182976.46,3,1.86537891,11.0571129,124180.456,165557.771,165573.942,2,-849161.653
1562488.15,96439.9418,455204.306,86970.588,6,0.297263826,22.3090026,69942.236,81598.0686,81599.2753,1,-244309.353
1288780.24,493649.162,1852157.49,11607.8972,8,0.490093849,6.69101805,6363.65939,7158.86295,7159.11681,1,-99325.8557
986729.1,37018.9283,3811248.55,70664.1188,5,2.04642337,4.21420792,56484.042,67704.8999,67780.8504,2,-188203.202
87098.6255,288717.08,486926.782,134399.593,5,1.19976572,0.891490257,0,0,0,0,-201792.582
804676.024,675258.71,2954980.08,85024.7084,6,0.565051755,10.556062,11672.4879,13610.4515,13617.9025,1,-21404.3112
285397.984,111778.966,2888758.74,41506.1724,2,1.05148007,4.30176842,16732.6393,25071.5331,25098.959,1,-86073.7413
2966445.33,141162.171,6039607.46,460460.619,4,2.58341408,6.54413113,348795.892,434133.143,435994.865,2,-690102.815
4725.01947,126091.453,2171046.42,796282.475,7,1.02062971,7.84993783,0,0,0,0,-122026.891
117438.571,280017.833,328837.66,20171.3249,3,1.32994303,15.2577911,0,0,0,0,-162709.615
25109.9855,259469.568,674659.025,52986.1261,6,0.622075965,33.0417917,0,0,0,0,-234484.676
974.624381,85926.4488,333305.031,43155.5711,6,2.22572467,4.53533843,0,0,0,0,-85172.9408
611.711,114194.289,1977579.14,323580.625,10,2.23485383,17.5869749,0,0,0,0,-114899.895
32364.285,710800.067,513947.398,287722.589,4,3.58675169,11.2804875,0,0,0,0,-678985.231
365.621086,274188.064,7150197.89,35877.1674,6,0.933111665,23.3807868,0,0,0,0,-275811.097
1080601.92,44682.4229,2270471.24,159927.344,10,0.464358799,36.4474787,139296.748,153182.053,153226.422,1,-103230.661
62734.7585,34215.6126,5415825.96,50489.3195,9,0.730910948,9.77024354,19693.6649,21703.5112,21881.8499,1,-2790.12206
1711.96124,176332.075,893291.349,40645.4937,9,0.495494448,28.8899215,0,0,0,0,-174752.042
25424.6969,225628.46,811665.052,362370.65,3,1.03862046,18.6293284,0,0,0,0,-200455.034
848.154538,886280.139,8490349.03,919949.664,7,0.667173605,11.2446655,0,0,0,0,-887120.371
2695.20436,126996.402,9113806.56,943202.824,4,0.493616441,1.67093845,0,0,0,0,-125642.099
1065684.47,526099.069,496503.699,454675.577,8,0.842044901,9.49514269,204524.789,230015.895,230090.387,2,-67236.1158
165894.614,577703.862,3123545.04,185258.851,7,0.364457298,24.1821246,0,0,0,0,-412148.562
65969.0305,331223.857,468783.338,10106.1456,8,2.33673459,14.0562316,0,0,0,0,-265581.331
2522.35534,61957.6034,7225891.8,83919.5148,9,1.18213825,3.05994088,0,0,0,0,-61981.2997
457677.666,45833.0566,1456676.92,129858.28,6,2.44948487,7.77354742,99726.6733,116125.321,116347.786,2,-67547.1699
22634.2473,547389.896,308236.335,61905.72,10,1.67981405,34.1224987,0,0,0,0,-524909.979
2360168.75,49741.4787,3160467.82,37910.0654,4,0.512448666,7.95792423,29681.3339,37099.5081,37101.6673,1,-577318.096
7017.90077,78935.5649,1386532.98,165675.837,7,0.775663977,4.87880447,0,0,0,0,-72238.2256
113202.088,124090.578,869455.279,54335.1327,9,0.940886307,7.65500995,0,0,0,0,-11132.3226
44125.2976,282572.46,651549.289,27285.0876,3,3.04437211,10.7178278,0,0,0,0,-239038.387
976648.881,72214.6793,510020.166,38627.9363,6,0.703614582,13.6778289,30657.1075,35765.4803,35766.6255,1,-150687.425
558562.284,500199.525,1488106.73,274292.273,9,1.2052866,7.65584842,25518.8199,28294.6844,28354.2443,1,-6290.38192
5522.08146,120262.238,4264723.31,620001.689,8,1.05808239,12.4107724,0,0,0,0,-116085.142
240449.566,686652.602,489716.794,18153.593,3,0.623460939,5.01732417,0,0,0,0,-446294.04
312355.094,941097.973,7672244.04,41518.2444,8,1.12215884,4.29341827,0,0,0,0,-631309.042
641.764734,157791.078,8819658.85,12026.8912,3,0.630001014,5.9092968,0,0,0,0,-158805.467
116432.477,73792.038,5612197.7,961443.015,2,1.17246686,7.42541459,204644.871,281765.757,306967.306,2,-15330.0312
513.804074,51322.1377,3342513.57,882061.962,7,1.30842089,7.01134431,0,0,0,0,-52111.8849
520130.436,61755.3798,885482.893,631501.828,10,2.19755682,6.71516069,503227.099,551255.349,553549.809,2,-43692.1926
16573.6969,611019.259,541291.468,62560.3809,5,0.385140839,17.3485837,0,0,0,0,-594507.701
2313118.1,437503.608,9946683.02,475629.483,9,0.243035753,0.54633745,346669.598,384847.541,385188.442,2,-206477.855
3293.43598,65377.1254,5839955.57,46910.7391,6,0.48917939,36.2422019,0,0,0,0,-62935.1904
17049.7555,149525.06,921165.418,181631.13,9,0.671454444,21.4643686,0,0,0,0,-132659.663
312.866004,379594.941,1183157.84,392094.183,4,0.333113728,5.41003891,0,0,0,0,-379399.55
7669.98398,800568.589,4262146.02,21280.7722,5,0.693399715,10.4302151,0,0,0,0,-793779.49
345.199116,135491.181,2736624.05,696339.939,2,0.362257364,6.48029507,0,0,0,0,-135441.47
121351.899,46665.8445,841468.037,337033.128,2,2.69438009,6.42103556,135552.443,201039.778,203328.665,2,-35755.4292
743.960053,100457.594,6954192.96,570232.743,9,1.33571016,21.8032648,0,0,0,0,-102482.274
84881.1988,188595.789,2051231.79,212844.692,2,0.46639083,10.7130901,0,0,0,0,-103999.739
1830276.97,105118.65,943501.367,84252.5529,8,3.05785045,9.5449956,70538.4776,79335.0356,79355.7873,1,-215030.025
3143.34853,34270.6314,917197.523,407607.274,6,0.716403785,4.50847653,0,0,0,0,-31323.135
387.108776,291776.394,4188828.81,16240.7415,10,2.62025604,20.4267854,0,0,0,0,-294660.762
8515.82096,98945.4728,7245407.57,83744.7959,7,0.887788781,5.97897812,0,0,0,0,-92346.9071
370981.43,98073.0325,1546020.9,190445.533,8,1.53937385,5.46493294,123946.133,139122.381,139439.399,2,-33328.6733
21007.3733,279373.974,4357916.8,80043.2342,3,0.477685131,5.34524722,0,0,0,0,-258987.081
414.682551,50526.3863,318310.601,25358.6174,10,4.18347219,9.18132772,0,0,0,0,-50508.6169
4888.29003,153065.614,1112301.26,17996.6485,10,0.611791151,6.86498058,0,0,0,0,-148380.155
425048.479,36260.0274,592508.219,539197.491,2,0.18687064,3.75293194,328691.743,492914.895,493037.614,2,-194232.58
11587.5057,46931.136,1343939.92,233432.453,3,0.928527295,5.52957317,0,0,0,0,-35715.5781
51991.7865,433450.782,2880082.28,74631.7098,7,1.50912689,7.40931133,0,0,0,0,-382754.497
669.718127,789795.931,946578.788,60732.4625,2,2.12227394,10.1110498,0,0,0,0,-789724.991
531355.837,161002.053,2063774.97,192631.394,5,1.89486299,8.5815375,111260.532,133159.531,133512.639,2,-72665.9452
2687986.46,37600.7425,2680230.16,73011.0484,2,1.41346861,9.87449175,47964.147,71931.4627,71946.2205,1,-1323813.13
524559.466,172187.392,2977849.57,34725.1582,8,1.03727653,10.9783457,20673.2234,23245.3238,23257.3764,1,-43726.5285
1078189.41,297847.724,5565152.18,102594.04,6,0.335131339,11.1527576,63580.1981,74150.766,74176.8978,1,-129643.8
57211.7562,67650.0209,417840.47,49087.2298,7,1.15630007,12.0726264,0,0,0,0,-10582.2733
1160852.53,49105.5225,2276606.39,162105.835,5,1.15634696,33.029574,129200.069,154934.471,155040.083,1,-221284.34
3980.41002,120114.077,1438396.78,332788.258,10,0.691989312,2.66629397,0,0,0,0,-116430.345
530757.393,92959.4254,456519.252,56753.0615,5,0.522374041,10.4988069,39002.8196,46800.8379,46803.3836,1,-87516.8073
86865.4574,561161.896,552805.106,15301.6383,2,1.13025129,13.4583393,0,0,0,0,-474482.671
22168.2758,53994.3712,6659406,23699.3755,3,1.0578632,17.9768188,0,0,0,0,-33925.869
6317.22385,624870.032,617412.971,15004.9952,6,0.671839666,6.61515503,0,0,0,0,-618676.445
1880.92149,51672.1012,423076.419,16886.7847,3,0.841563535,11.3739821,0,0,0,0,-49897.3036
4681.28618,560043.807,1551498.62,321902.268,7,2.24525091,3.72793712,0,0,0,0,-556400.823
466465.957,33728.5712,2921948.5,479079.94,10,1.02335568,9.00379362,401066.355,438790.238,441172.991,2,-40618.9947
3273.66714,65008.1752,1929951.33,134318.099,7,1.24190071,9.18025475,0,0,0,0,-62448.9069
17229.2703,529481.813,6459239.25,796382.989,6,0.855868394,5.87138447,0,0,0,0,-513900.31
5912.12258,47116.4556,1081673.25,816468.459,10,0.858176546,29.1836324,0,0,0,0,-41481.0146
210029.278,222932.542,527202.964,11167.8347,10,0.731354943,15.0713575,0,0,0,0,-13018.1891
2711091.05,910686.491,806532.093,19628.8453,5,3.64175333,5.07122035,10857.0603,13027.5955,13028.4724,1,-359760.482
474545.453,32276.5199,1426752.85,246868.178,7,0.90184341,8.45556715,200909.689,229332.562,229611.074,2,-62513.9227
754.991683,149870.275,2206378.2,16952.2804,9,1.55411036,4.51395865,0,0,0,0,-150137.326
75427.0058,510738.355,2782281.48,431393.657,4,1.30369495,23.0074359,0,0,0,0,-436392.496
32015.5941,74220.6032,324867.564,247275.151,3,0.947113133,5.13924819,0,0,0,0,-42296.7189
764054.721,587357.964,2582739.32,436345.758,8,2.01917519,21.4606914,88451.7441,98944.32,99508.2121,1,-20776.2382
1594761.43,698648.645,3254242.93,230170.46,10,0.187901296,15.4418793,117535.487,129267.599,129289.036,1,-89429.6508
74346.8253,611547.581,522532.685,36893.7224,10,0.88602911,3.49365656,0,0,0,0,-537338.752
71042.9518,177295.952,3322269.41,29364.4724,10,0.889111152,12.0097954,0,0,0,0,-107133.437
648.583116,81324.764,8322685.45,212186.777,4,0.750749767,9.00778663,0,0,0,0,-82538.5518
794.743586,272403.553,5106605.53,673107.453,7,1.05074138,10.256626,0,0,0,0,-273208.13
3104.19041,350488.677,2396222.33,34459.8793,3,1.12160028,13.3346068,0,0,0,0,-348185.561
113596.06,32525.2561,674323.167,395927.814,2,0.74850838,4.02715016,187454.388,280295.896,281181.581,2,-40077.8475
437900.514,53674.328,4144014.55,56501.474,3,0.642251791,3.05994088,37083.118,49408.3401,49444.1573,2,-127440.62
1381.66643,131874.017,419010.312,434904.246,10,0.991884999,5.96145169,0,0,0,0,-130616.229
4803.03535,109951.473,663854.49,355880.577,6,0.447412973,4.50899345,0,0,0,0,-105236.967
2085158.97,87893.9887,2131580.67,13121.1283,8,0.791782702,2.54247479,11168.5752,12564.2177,12564.6471,1,-249518.476
2693518.02,450690.078,2292715.67,83881.9992,4,0.515329317,2.01453976,55864.885,69825.963,69831.1062,2,-560412.494
1126934.1,213529.239,2908366.44,472990.438,4,0.726120629,3.67768682,306013.316,381913.676,382516.645,2,-226395.319
5648.1449,31989.4545,2907643.14,251802.927,8,1.78957319,16.3366001,0,0,0,0,-27892.2605
2756005.88,279090.908,5443177.39,10259.0873,5,0.60979299,2.56452535,7680.25474,9215.87794,9216.30569,1,-495047.235
72292.8101,51684.9475,7619828.48,17866.9478,4,0.751487847,2.12102497,3727.92375,4622.28242,4659.90468,1,-4534.52339
1620.37319,267561.016,2603648.7,15770.4729,2,0.452057258,2.45430367,0,0,0,0,-266291.462
310.141481,57356.4014,9861732.19,10141.8235,6,0.639084647,6.53686108,0,0,0,0,-58924.7939
329863.152,677526.049,737336.031,695848.318,3,1.11693972,119.536319,0,0,0,0,-347908.369
51876.123,201385.312,2719229.73,284131.815,2,1.24955426,9.22901543,0,0,0,0,-150521.954
93586.8644,297769.015,3440602.93,99986.6474,9,0.385702497,15.7078349,0,0,0,0,-204577.694
28032.423,817747.651,448229.282,28909.5943,4,0.935762298,9.97387612,0,0,0,0,-789840.246
939885.291,64233.8099,2197525.84,388430.819,10,1.78096887,5.65502963,327628.229,359355.276,360391.052,2,-84683.8658
1555869.9,49440.3007,3740809.43,79634.9721,2,0.391353555,6.86147591,51381.3906,77060.672,77072.0858,1,-752662.08
1174.07685,231593.565,456436.687,542253.387,2,0.766716676,2.91765276,0,0,0,0,-230523.798
2094910.26,33613.6959,9939880.97,145955.414,2,1.91671193,17.1976437,95259.1689,142536.542,142888.753,1,-1020208.52
336.152092,49825.9834,2319621.17,16961.3516,9,0.392718851,10.0240843,0,0,0,0,-49761.3541
534.526334,33757.443,447024.108,96310.1569,5,1.24020124,0.84875518,0,0,0,0,-33388.1626
863.775211,172733.695,331989.72,105574.569,4,0.548697289,11.7866087,0,0,0,0,-171924.216
42449.1833,356541.145,716931.518,184556.903,9,0.900825266,31.0838465,0,0,0,0,-314284.459
42003.7551,50448.4421,382071.581,61396.6717,6,1.35961999,2.23177057,0,0,0,0,-8599.5222
120264.232,169910.105,306334.856,113650.474,10,1.48617696,5.74385577,0,0,0,0,-49781.5713
1355.32901,300912.317,2720226.69,55220.9112,8,1.65934744,1.67654656,0,0,0,0,-300902.383
8582.69701,89800.3509,3787242.5,95727.6522,8,1.30846781,2.70043206,0,0,0,0,-82694.6986
573062.969,57324.1289,1093469.5,20662.3902,8,0.814662596,3.91536816,16519.9101,18583.265,18584.8989,1,-64383.1813
687734.056,36598.8009,3025495.18,31432.3041,5,0.820467225,4.03610939,24766.6002,29711.9592,29719.9203,1,-129870.009
11497.335,345446.166,1064162.78,203383.911,8,0.52792051,12.6796373,0,0,0,0,-334116.281
19993.0719,125459.497,4260609.08,224143.412,7,2.11793148,14.0562316,0,0,0,0,-108156.046
863850.816,130328.308,5542518.09,18537.0014,2,1.05929216,8.92649905,10466.2391,15693.5822,15699.3587,1,-365482.392
309398.634,110880.839,3332889.23,19477.4412,10,1.99789006,17.9238574,11239.3369,12346.4935,12363.2706,1,-19359.939
295739.063,87704.1419,5074369.75,208001.15,4,0.256826907,13.9414927,116649.105,145563.188,145811.382,1,-51469.81
5060.01812,54520.7766,6550769.9,168636.175,7,1.40637191,2.82316017,0,0,0,0,-52206.7552
45555.0062,836245.307,527764.052,289552.62,9,2.58886962,1.56438463,0,0,0,0,-791097.547
401.244751,115728.627,1778855.64,87726.3169,8,0.452523317,9.63476114,0,0,0,0,-115567.315
146873.449,98990.1332,5588541.52,464165.142,3,0.472149558,4.53533843,110038.15,144503.343,146717.534,2,-14751.2625
21618.3868,58542.963,1455089.64,14314.6124,6,0.418983461,12.102496,0,0,0,0,-37106.2926
69070.44,826141.115,623203.948,127792.024,10,0.510281725,17.9768188,0,0,0,0,-757165.462
10441.0024,44310.4184,5147598.62,182456.572,7,1.24977524,2.70572807,0,0,0,0,-35786.9544
146304.516,741635.067,1268248.83,573629.942,10,0.489737607,11.3253799,0,0,0,0,-595515.68
317.838139,971464.526,6569625.79,405912.733,7,1.71810042,17.7496248,0,0,0,0,-974511.002
7404.04719,636087.162,910573.294,239218.568,4,0.788955519,13.9467738,0,0,0,0,-628897.243
23004.6573,122284.812,990410.407,917969.705,4,2.24297564,10.7927462,0,0,0,0,-99942.2907
104110.858,111505.287,3317410.25,11474.9283,6,1.65160338,10.5535213,0,0,0,0,-9027.52747
93075.3654,53149.1787,1894616.07,942209.551,9,2.97626091,29.1836324,317042.872,322259.493,352269.858,2,-629.290359
5707.68931,159284.265,1194059.78,39676.8538,10,1.12712312,11.0587585,0,0,0,0,-153977.724
89592.3792,265678.872,3079559.89,67333.693,4,0.151440088,12.7800233,0,0,0,0,-176225.5
313.941732,72498.5057,1434963.87,164353.798,5,0.527348003,4.01001683,0,0,0,0,-72410.1155
4379.44025,339272.665,2057193.96,19231.5496,6,0.32399308,11.1396366,0,0,0,0,-335091.889
58652.0894,232102.195,1683507.56,11315.8456,8,0.585832908,26.2610001,0,0,0,0,-173744.071
606.776775,591227.852,666202.382,54106.1354,6,5.46083814,4.06311122,0,0,0,0,-591705.434
27701.1956,35675.8563,752504.038,240279.338,3,0.649980318,8.82545863,0,0,0,0,-8120.44702
482710.245,444119.667,413606.619,506768.899,3,0.562483008,12.165135,30318.0235,40402.3679,40424.0314,1,-12812.8866
695.385888,106074.88,1936874.03,138873.994,10,0.403819729,3.33556059,0,0,0,0,-105612.624
1874600.77,67592.9407,698367.064,37720.915,2,0.999364111,3.52514596,24237.1539,36354.5834,36355.7309,1,-903314.359
416.52269,237029.77,979915.344,371720.571,4,2.30540009,5.10092835,0,0,0,0,-237286.599
16527.8563,823964.327,716104.601,579719.463,5,0.777186726,5.66467876,0,0,0,0,-807602.356
8760.1017,314848.669,6884227.4,15769.4462,7,1.53156282,6.5602423,0,0,0,0,-309231.228
74401.2855,63380.5738,486838.388,40377.4324,4,2.59100547,20.8642186,4616.01857,5750.46323,5770.02321,1,-2616.07768
6716.76744,702904.341,1413156.81,57504.8017,5,0.715039351,13.4583393,0,0,0,0,-696488.754
42863.7436,94886.8859,5020944.7,368986.858,5,1.6291891,7.49179145,0,0,0,0,-54461.3147
513482.731,183960.893,8916656.17,32669.686,7,0.495709932,15.0082607,18262.4765,20855.9933,20871.4017,1,-46609.4266
679618.675,44491.141,1016473.79,178352.772,8,0.888361821,9.95517959,148033.618,166464.986,166537.82,2,-79044.9421
417.659257,254300.797,435493.384,13369.9651,9,1.89539721,9.71804568,0,0,0,0,-254129.168
957.423267,816270.16,362279.98,10436.6762,2,1.82658987,2.49186174,0,0,0,0,-815509.975
13408.5177,305589.058,4400009.57,74172.5186,10,1.3443401,1.08773951,0,0,0,0,-293943.613
15760.4104,61001.7587,2721964.61,18569.3182,8,1.22610315,11.3612467,0,0,0,0,-46236.1052
61249.3653,52337.9256,1282047.02,16824.0758,10,0.837350446,7.67906054,2144.28197,2352.01691,2358.71017,1,-832.328502
377.375066,160731.138,1274363.6,193678.402,2,1.02419061,7.19383906,0,0,0,0,-160742.792
23677.3928,58887.0065,1080072.57,560487.195,10,0.944787859,6.03671432,0,0,0,0,-35513.7686
1314051.7,34567.1655,310760.74,24707.8837,2,1.09244471,3.33556059,16037.1695,24055.3689,24055.7543,1,-639660.929
2778950.64,68134.6022,350764.546,30515.5505,10,1.24606564,14.3570058,27059.7169,29765.3513,29765.6886,1,-271034.788
15596.4731,912273.627,2463235.67,37101.2983,3,1.98266334,0.507909097,0,0,0,0,-898132.823
2297029.66,933312.891,1415058.51,17133.9856,3,0.334866084,10.7178278,7628.33215,10170.9813,10171.1095,1,-454502.256
1150.98607,62531.8656,622310.603,13114.184,3,1.92455175,6.8604139,0,0,0,0,-61737.8599
1827485.81,142891.754,1931533.24,87111.7906,3,1.04226907,12.3006554,60193.8915,80243.3752,80258.522,1,-560907.586
1352.92577,289779.097,1102811.16,326716.651,3,1.95033744,7.99056959,0,0,0,0,-289067.26
8149.76623,623418.431,4731574.32,167785.898,2,0.447590933,6.86268927,0,0,0,0,-615899.905
173652.858,115772.915,5047657.33,198549.547,3,0.292993197,2.33691471,49111.5532,65259.7418,65482.0709,2,-18886.3484
115300.099,519151.745,750298.271,274179.087,4,0.436654681,6.54700878,0,0,0,0,-403949.298
2164244.07,39040.0963,4430402.99,34940.108,5,1.9631426,19.6888442,28549.696,34248.6775,34259.6352,1,-423707.636
6332.37669,162169.216,4206026.35,138326.546,5,1.26857411,3.57241749,0,0,0,0,-157427.199
1481.80886,79219.0233,3241698.07,554830.565,4,1.44401014,7.95167772,0,0,0,0,-79132.4588
343.532976,785420.988,375631.274,55567.0026,5,0.426672144,24.3377988,0,0,0,0,-785125.226
1355656.65,858296.889,732878.126,641974.957,10,1.26624151,7.39192428,213832.494,235028.481,235215.743,2,-49272.9992
157737.318,425187.905,4162655.27,623703.99,2,0.939202727,4.8946857,0,0,0,0,-268615.886
10809.2685,191375.685,3065680.35,10586.3206,9,1.65866425,4.4192029,0,0,0,0,-182082.045
126238.494,364945.672,6053059.85,13521.7628,2,1.02763673,7.25927554,0,0,0,0,-240561.231
1234531.82,665133.617,1559339.67,492508.131,6,0.366121416,5.93128042,194571.402,226906.089,226999.969,2,-94596.6887
145481.362,439094.122,908512.538,13352.2152,3,1.08207145,5.55622931,0,0,0,0,-293905.779
202492.291,768433.85,9038570.87,36510.0647,9,1.64131864,2.18759896,0,0,0,0,-570363.37
1535.67929,604527.93,4998217.03,25166.5055,6,1.05655812,3.24828525,0,0,0,0,-604566.292
739.250532,96166.6939,5677420.22,927824.717,4,0.8486663,3.13980846,0,0,0,0,-96863.5791
194523.906,75290.055,9593947.33,113829.16,3,1.51614076,9.65044636,49692.181,65151.7389,66256.2413,1,-35745.6019
1543.95186,254613.05,312918.618,74285.4604,3,0.532517077,13.9379521,0,0,0,0,-253118.766
121871.579,162807.178,355131.245,853429.307,3,4.1635233,22.4411223,0,0,0,0,-41376.3138
134610.984,356746.272,542103.711,84695.2064,3,0.355442124,6.81144381,0,0,0,0,-222192.721
5625.09822,567735.514,3377523.52,920096.188,7,1.93907908,46.0565332,0,0,0,0,-564062.513
11479.6836,339257.09,3422999.81,26138.5622,9,1.69589066,9.44754587,0,0,0,0,-329507.67
994.870924,791834.93,2116849.66,202851.921,5,2.5113621,4.93046085,0,0,0,0,-792424.612
59597.2636,144100.682,2171708.36,14400.798,4,1.05128539,21.02336,0,0,0,0,-85183.9208
1531.7395,65522.1913,6038959,44894.7929,3,0.190040824,1.99622063,0,0,0,0,-64332.523
19298.8671,108154.821,2563129.15,93880.1813,6,0.217120245,6.99678731,0,0,0,0,-89021.8281
1293567.24,294188.396,4863033.86,298408.021,6,0.644675383,4.29341827,197175.938,229737.199,230038.595,2,-164881.216
2465.78794,112751.128,834652.692,88963.8477,5,0.63435935,11.5444886,0,0,0,0,-110443.155
209138.122,685625.112,394422.886,190757.291,9,1.72968111,13.9467738,0,0,0,0,-476690.336
429135.883,126509.247,366262.543,218219.03,4,0.210161624,4.25360828,123092.759,153854.771,153865.949,2,-75623.4439
167615.67,109860.256,2787895.26,610297.036,10,0.787423017,38.9061689,186421.659,202151.602,205063.824,1,-4818.09315
14794.726,70168.4939,1376449.93,53536.1099,7,1.4284094,4.8249537,0,0,0,0,-55959.7989
597.510686,799712.388,5896198.53,179961.078,5,2.69668811,23.6796402,0,0,0,0,-803854.134
11718.2622,107831.511,473333.509,14235.9401,8,1.68865425,12.165135,0,0,0,0,-96351.4894
435.267212,284607.632,3954671.65,20562.2144,5,0.871984443,12.5912504,0,0,0,0,-285200.207
1760.46845,918699.211,885189.086,611440.4,4,0.691364546,76.3698304,0,0,0,0,-917121.154
2914.99753,298143.727,4823780.33,248330.477,4,2.02167301,5.06693741,0,0,0,0,-298135.468
23044.9333,52199.4514,341693.126,71761.6239,9,0.359042186,12.0726264,0,0,0,0,-29191.0851
977.824178,300939.41,693856.635,47208.647,2,1.70130597,18.2475806,0,0,0,0,-300313.438
13341.266,86439.8023,843866.468,10586.2705,5,0.895111368,1.68360276,0,0,0,0,-73323.6792
78800.0548,355005.507,1278672.88,19399.3745,10,0.45013723,4.28920686,0,0,0,0,-276377.011
397.871667,444968.619,384644.426,696482.471,7,1.14212547,1.58863824,0,0,0,0,-444701.689
618276.684,70021.4892,2210287.21,11882.9674,4,0.932117507,2.05194751,8419.73121,10523.2034,10524.664,1,-136815.278
31642.1978,143476.773,2958154.51,16875.057,2,5.46721907,17.2094692,0,0,0,0,-116655.105
104867.398,274010.622,579379.243,164801.865,2,0.177265357,8.59789234,0,0,0,0,-169173.836
451704.376,231565.402,1436295.59,68693.2802,5,2.25049558,3.70303628,27752.3962,33265.3761,33302.8754,1,-43538.9528
101829.136,435665.764,1557552.51,18699.6196,9,3.850778,11.421319,0,0,0,0,-335624.345
17937.4352,527187.003,340198.14,210459.774,5,0.831718587,4.22600963,0,0,0,0,-509333.904
51523.4977,58445.9738,5473831.2,67178.6463,5,1.40929168,3.75562763,0,0,0,0,-9221.79798
4365.32418,263666.866,1018438.82,264665.543,2,1.62862456,9.22901543,0,0,0,0,-259795.924
349.790432,97605.0132,586662.025,30444.5042,6,0.70818186,7.39192428,0,0,0,0,-97379.0569
5884.07921,331411.807,7576747.84,10074.3915,7,1.46717682,3.04039491,0,0,0,0,-328841.119
18980.9206,274824.761,413609.599,250862.101,6,0.390437853,7.19383906,0,0,0,0,-255891.974
19107.0332,198227.189,1526108.54,958369.211,3,0.895473548,1.45552306,0,0,0,0,-179527.485
2822614.51,41027.6778,1368882.22,110016.064,3,2.05296109,5.45905958,81272.7739,108341.071,108363.699,2,-926142.191
57231.5475,126575.727,2100334.48,69100.4407,8,1.6094318,2.89445004,0,0,0,0,-70351.7335
52316.379,65275.6177,1932872.16,741762.029,6,1.13997778,2.06487899,0,0,0,0,-13615.9991
32758.108,255338.186,6828565.06,63994.4722,7,0.515915862,14.3734532,0,0,0,0,-223630.142
2216.43147,430990.184,2724696.4,48585.0909,10,0.977922169,20.6687017,0,0,0,0,-429567.952
107800.007,127530.356,6309859.96,213926.062,6,1.38714681,24.7230673,0,0,0,0,-22339.2022
283616.554,117555.008,7433718.55,40294.414,8,0.806333543,3.15660418,20715.2794,23254.5365,23304.6894,1,-20136.6487
16316.6907,287385.69,388250.232,70703.0028,4,0.521361737,9.98609935,0,0,0,0,-271129.333
161338.242,763416.795,3539523.93,182947.737,3,0.497394738,2.23996138,0,0,0,0,-602603.304
3310.27808,539419.037,2842354.58,111263.665,7,0.871047094,3.29103476,0,0,0,0,-536846.71
348.022451,145383.884,3329903.83,43154.6864,2,0.995197188,14.7597608,0,0,0,0,-146023.614
339.498261,131340.731,562597.217,25671.3325,6,0.928766851,118.059712,0,0,0,0,-131156.977
13663.7177,41567.4538,8768595.51,682841.754,3,1.75314913,22.3841642,0,0,0,0,-32485.7497
144074.831,434494.137,4651791.53,703349.775,9,1.59286504,4.17064698,0,0,0,0,-292627.853
16030.8032,110691.245,9307820.63,124775.286,6,2.5944897,9.23028292,0,0,0,0,-101858.368
2673.78621,242483.739,1353293.65,66393.1194,9,1.21498335,10.556062,0,0,0,0,-240300.036
13897.335,196463.848,320218.205,12815.664,5,2.08085575,5.90983891,0,0,0,0,-182765.12
572773.602,106649.435,345284.441,939548.458,3,0.840326846,5.21438656,572875.132,763194.878,763833.509,2,-154826.364
36319.6204,271550.389,2415227.66,11658.2638,2,2.59026437,1.54355329,0,0,0,0,-237095.472
506407.456,45835.7594,4322460.91,85949.3346,4,1.37934078,3.20988112,62185.4561,77577.0265,77731.8201,2,-113556.608
53877.021,237852.749,568743.348,18860.5448,6,2.23002665,24.7159586,0,0,0,0,-184353.765
810.874157,31826.9638,4027917.95,32220.9894,10,2.05641021,5.85029593,0,0,0,0,-33484.9575
9253.94238,351159.804,1225842.59,257955.96,9,0.712853826,20.5828403,0,0,0,0,-342166.322
265623.026,32578.5055,8563256.5,212196.302,6,0.760182074,10.6844091,156831.014,181252.605,182969.516,2,-35987.3545
2152634.94,733811.321,9776083.81,171136.996,10,2.38294114,28.8899215,101715.045,111495.001,111886.549,1,-135753.029
309457.293,788524.922,1159182.61,490897.997,6,1.55078345,11.106343,0,0,0,0,-479603.438
3551.46547,173859.499,416815.111,21421.3638,7,0.806305792,20.1100793,0,0,0,0,-170408.207
150918.707,403108.464,792424.182,304448.056,5,2.46900589,5.01233634,0,0,0,0,-252772.916
3585.00484,877139.275,1268008.35,710624.695,2,1.48993027,12.0395879,0,0,0,0,-874117.383
25534.3592,201939.489,910474.682,29329.1738,4,2.97397897,5.0422801,0,0,0,0,-177212.204
9525.34207,752535.908,2495726.17,20875.3812,4,0.531093689,3.88955633,0,0,0,0,-743405.637
4736.12566,90556.8101,732836.686,91789.2292,10,1.76473388,17.7496248,0,0,0,0,-86206.1574
2697.52756,744935.509,1385869.99,86216.999,6,0.841705535,25.6100317,0,0,0,0,-742585.67
36562.7557,554296.348,824876.112,678449.307,8,1.35059828,23.5931569,0,0,0,0,-518065.656
977.787148,356852.016,1296907.91,16063.4466,3,1.79765817,11.1856399,0,0,0,0,-356569.131
1226.49553,825940.709,5256678.72,31898.6982,9,1.37766119,18.4931086,0,0,0,0,-826872.76
42978.8573,357582.486,736428.285,66764.6782,4,1.67867982,2.27545235,0,0,0,0,-314972.102
9056.99578,460176.888,1804342.16,92245.3486,6,1.33702368,13.5584689,0,0,0,0,-451838.952
12963.2011,33297.0812,329384.587,275949.357,4,0.739709858,2.01453976,0,0,0,0,-20406.5027
2915955.85,922032.252,334836.668,511156.76,9,2.01600901,1.99622063,314478.674,349346.829,349420.749,2,-221056.081
5434.16488,561182.362,1183058.51,22389.2686,6,0.85671038,3.36021447,0,0,0,0,-556050.295
2999494.73,230987.11,1117778.3,111501.49,8,0.570603704,10.949945,91469.8734,102898.933,102903.608,1,-345898.208
30029.3642,948200.334,636235.749,68741.8473,4,1.02283598,10.4227864,0,0,0,0,-918364.939
1721370.77,206284.098,536316.929,241793.51,5,0.525641661,5.97913348,177326.042,212775.894,212791.25,2,-302869.327
2853480.12,31223.2727,705511.65,278692.93,6,0.56546777,0.624990516,236239.865,275593.819,275613.176,2,-470125.079
2954.57057,68964.1312,4128682.62,237434.048,4,2.66575676,20.1215894,0,0,0,0,-69290.0565
445173.751,956192.695,420971.658,337761.108,7,0.217828199,9.98989093,0,0,0,0,-511046.276
1777.78209,30992.6711,1616850.17,525314.784,2,0.910388985,1.86649486,0,0,0,0,-29653.626
1758.43147,38200.0084,427577.645,236140.3,7,0.709349485,1.70972811,0,0,0,0,-36531.9799
928.506718,73445.2035,1192911.37,61546.2382,8,0.963850041,21.4606914,0,0,0,0,-72859.4055
196093.824,605759.744,9725007.29,340680.641,4,2.01853071,11.628788,0,0,0,0,-415516.956
1955.7777,790728.739,8016751,13253.9166,2,1.22871702,28.5774132,0,0,0,0,-791708.973
35320.433,34139.4445,1290970.83,66981.0359,8,1.72749845,5.65627102,863.912703,887.226595,971.901791,1,-13.9321089
125689.129,33597.8372,703683.212,440642.954,5,1.79629121,42.7404227,265900.638,316583.109,319080.765,1,-17481.4145
14000.7548,61706.5527,342334.965,676546.327,3,1.29257324,20.1100793,0,0,0,0,-47837.6886
51610.7634,42848.9561,385272.127,636581.855,5,0.236669965,4.05652074,89604.6398,107295.677,107525.568,2,-1724.51617
2531.44393,238134.242,1192492.02,724636.978,9,0.231617272,22.5275018,0,0,0,0,-235685.123
473.037398,333609.361,440462.869,39571.2187,6,1.89067198,2.00313952,0,0,0,0,-333384.541
3860.40171,79536.0446,9987970.37,112449.013,3,1.17428836,18.7932652,0,0,0,0,-79171.5468
3304.06735,881507.891,7516706.64,590397.346,10,0.86593571,4.49322297,0,0,0,0,-880143.908
21083.7468,867770.458,835009.497,107746.221,8,1.01555021,24.1263555,0,0,0,0,-846939.466
1489469.24,62449.7883,2990124.28,373920.57,10,0.741748825,9.91180899,325210.384,357376.118,357731.422,2,-141077.491
927.845045,516084.856,5584929.94,27031.3905,2,0.984495029,1.02204992,0,0,0,0,-516795.859
38085.377,562545.624,8671229.62,28624.6924,3,1.19504474,6.29708095,0,0,0,0,-527548.923
18022.5966,885168.921,975630.36,21876.2739,2,4.4865627,12.3656644,0,0,0,0,-868451.012
1211708.83,88436.3551,1189779.32,164420.813,10,0.322764136,77.9151089,138537.526,152376.532,152391.279,1,-112196.244
120221.481,31155.2476,546310.636,41831.8326,4,1.10730935,12.6236981,24733.7068,30901.9312,30917.1335,1,-22166.8485
1296.90376,606597.763,902784.466,251030.419,8,0.804254218,2.06587727,0,0,0,0,-605517.273
98083.6744,62274.3187,5012212.21,206971.636,6,1.56077686,3.20395749,58864.9832,66524.4126,68675.8138,2,-4356.06222
592.426932,717203.312,4240397.15,15157.1685,7,2.89041677,8.48158889,0,0,0,0,-720264.094
1649062.44,395998.476,3089124.16,46713.6936,8,1.38356204,6.16167994,31513.3703,35442.8423,35452.5415,1,-156088.478
1234.92973,347999.937,506690.3,609716.905,8,0.339808321,7.65500995,0,0,0,0,-346816.327
2745.51071,304870.908,3490634.47,391242.444,6,3.39109266,20.8315981,0,0,0,0,-305653.583
39275.8214,157812.455,5004139.99,312957.071,6,0.893224605,2.39613037,0,0,0,0,-119868.92
11378.5376,898930.612,1837508.06,953638.181,2,0.520339134,6.09197167,0,0,0,0,-887837.06
307.227557,253401.375,1128952.69,960315.687,3,1.01592426,46.7455854,0,0,0,0,-253436.005
5640.23634,152633.473,4328821.65,424063.57,7,1.51912423,10.5688851,0,0,0,0,-148953.301
845.902957,152618.492,1514056.09,501094.396,3,2.68451582,10.1643777,0,0,0,0,-152984.067
138178.109,51021.3234,330967.774,13002.0985,8,3.05578867,8.360801,7263.50894,8168.32639,8171.44756,1,-10819.5947
55350.1209,34703.9861,4423958.35,211558.954,9,0.591334922,37.0856017,67174.4136,73206.6604,74638.2373,1,-1783.99732
473601.785,107303.653,918497.297,12051.3845,10,0.951196882,7.25136622,8467.20394,9313.15095,9313.92434,1,-36570.3387
192902.329,575680.523,1290089.2,142939.874,10,0.941257151,5.41775188,0,0,0,0,-383140.133
158160.911,154786.82,5280405.92,10307.7874,9,1.2441943,6.86498058,82.9866218,84.1743436,92.2073575,1,-20.2641551
719.312308,192358.878,5491480.31,29562.907,10,1.22634615,5.79937834,0,0,0,0,-193646.855
1083439.27,141576.708,464004.191,157698.04,7,3.21516158,5.20344267,119852.921,136919.154,136974.767,2,-134051.443
80757.7487,51719.9599,1492039.65,32742.7327,6,2.11187317,5.14660344,9743.31731,11318.4217,11367.2035,1,-4542.41794
19148.4944,550289.586,4377601.81,34029.1743,10,0.123680779,44.0214172,0,0,0,0,-531302.47
56651.6555,162330.163,7005028.21,44837.8016,10,1.14210059,13.3346068,0,0,0,0,-108063.142
647635.099,911568.06,797367.342,899323.683,8,0.30017704,20.0802939,0,0,0,0,-264004.303
377791.816,385394.148,1829478.36,459773.883,5,0.686724409,2.72999759,0,0,0,0,-7976.80298
1202705.06,50750.0655,6242124.77,110918.08,10,0.366239636,2.43466796,96487.313,106093.32,106136.044,2,-114617.574
387128.197,183875.221,532964.924,60525.1331,5,0.53221216,7.31119624,26468.0844,31758.4316,31761.7013,1,-40608.588
86611.5185,600536.742,2302071.46,306932.006,6,3.87255412,6.90072819,0,0,0,0,-516582.42
155552.482,38539.1744,1007903.25,17532.1018,9,1.5590065,4.05652074,11818.4244,13124.2525,13131.5827,1,-12877.1549
447344.546,503041.407,6977417.33,566943.375,5,0.75843821,8.5815375,0,0,0,0,-57274.19
4068.15388,208397.6,623526.681,50173.2274,4,1.41658786,4.58381625,0,0,0,0,-204592.719
1740425.58,806849.038,1846968.39,318599.014,7,0.51176765,6.29782339,149446.415,170741.433,170795.903,2,-132987.663
5589.93085,106264.732,6993134.6,420221.55,5,0.785310866,7.89225892,0,0,0,0,-102311.696
25299.5404,358108.584,489461.18,291931.478,6,1.7442304,1.81645001,0,0,0,0,-333063.509
81368.2258,543540.146,856122.457,610133.995,10,1.44952705,40.6612566,0,0,0,0,-462541.807
827.605723,45419.8307,9770129.94,78135.7235,4,0.583455435,4.01001683,0,0,0,0,-46291.3115
9545.72141,35548.3371,1784166.95,492670.584,9,0.714003259,7.39203919,0,0,0,0,-26382.3179
1280655.99,125170.762,1864912.83,16170.7165,3,1.78970561,18.6612466,10932.4276,14574.7194,14576.5702,1,-384634.686
5569.27458,64892.555,1570758.95,232471.389,3,0.344769222,1.5277453,0,0,0,0,-59484.696
1789677.18,296519.49,1274641.08,21866.5846,6,4.58586902,4.77165883,15617.2397,18216.5255,18220.113,1,-248226.635
235629.703,112992.046,4186274.81,45294.3775,10,0.723375886,4.57711191,21251.9489,23342.7567,23377.1438,1,-11976.529
218771.728,104606.064,2893323.18,22936.6249,9,0.363051937,9.65044636,10740.9003,11930.0031,11934.3336,1,-12604.3824
14307.2051,390008.87,5122357.64,25519.4051,7,1.13973264,7.0256214,0,0,0,0,-377441.789
22177.8569,207766.323,6749685.81,827486.696,5,2.41436923,7.42023936,0,0,0,0,-190445.764
127923.174,595108.041,364418.931,150891.351,6,1.10757984,33.0417917,0,0,0,0,-467305.172
2911019.75,69468.3037,376952.202,49831.7676,4,1.31286714,13.175315,38911.4775,48638.4741,48639.3469,1,-710287.252
6619.7814,74649.8906,1346695.44,101401.169,5,3.72891419,3.31757523,0,0,0,0,-69526.8937
244547.357,45316.7114,3969634.38,65948.8813,2,1.29706858,15.4418793,35457.3168,53032.7022,53185.9751,1,-97993.3886
163298.944,143961.623,6598194.52,365397.364,7,3.83017823,7.09327148,21047.0161,21200.0764,24053.7327,1,-85.8466666
28112.5289,179096.696,5666356.73,444924.448,6,1.2872692,3.90644697,0,0,0,0,-153158.273
7240.50917,283723.897,7216751.87,378423.037,4,0.558360684,19.9455099,0,0,0,0,-277684.446
466.697091,47642.9877,2015522.16,29255.264,6,1.84592837,3.66227157,0,0,0,0,-48285.2354
62552.7328,75492.8807,1782790.46,19089.6961,2,1.44986215,41.7091488,0,0,0,0,-13710.5802
78324.5479,219482.999,3156302,49195.0751,3,1.06020613,7.05988668,0,0,0,0,-142155.867
2744.8219,179940.603,9794697.47,232967.486,8,0.758004207,4.38847316,0,0,0,0,-179408.724
21367.8683,804023.805,1121033.71,10541.9604,2,4.15241556,4.24896082,0,0,0,0,-784043.417
6249.74665,38673.6316,4475808.8,22477.3612,10,1.56660981,7.23035372,0,0,0,0,-34513.854
28007.4461,57080.5191,885709.842,16183.6431,5,1.7117451,3.97183844,0,0,0,0,-29524.9686
2370368.15,119657.643,3525899.41,50816.3668,6,0.616121157,6.72061077,41342.8682,48228.5817,48233.3462,1,-374751.191
118248.661,311067.804,3032433.34,16090.7752,10,2.10382068,35.8900504,0,0,0,0,-194720.692
2875.76733,94539.5973,1491036.34,668491.454,5,2.68730031,0.56906583,0,0,0,0,-92858.1258
200287.08,178069.385,2540234.72,43695.3616,4,0.801240847,3.82733058,3768.89026,4699.22936,4711.11282,1,-5334.6186
1048138.65,335555.983,9959046.99,23133.2821,5,4.09510187,7.14006079,12862.4048,15394.1374,15434.8857,1,-137866.372
349103.451,218847.66,633301.087,163529.415,5,1.08305919,5.74610548,50737.9949,60845.7089,60885.5939,1,-25908.0368
159956.65,752430.792,377714.861,42907.3804,9,0.404088497,3.73433658,0,0,0,0,-592519.636
342055.572,250743.869,2333538.52,22537.1451,5,0.411180359,11.6949509,4997.32304,5994.95252,5996.78765,1,-18171.7154
20075.5059,67836.5872,4868847.57,37893.1916,6,0.542945898,4.78629941,0,0,0,0,-48549.0159
66301.6046,590823.42,500223.017,24392.6371,8,3.75385085,6.55556501,0,0,0,0,-525081.506
4661.26515,445815.8,1777290.25,698364.185,5,1.58436729,9.75667915,0,0,0,0,-441993.844
52728.9131,147921.969,5648767.36,262409.253,2,3.19861227,14.4556039,0,0,0,0,-100578.516
868.616418,204348.003,5853824.84,23552.1203,7,0.563371409,9.30038755,0,0,0,0,-204462.361
510427.009,847656.705,682999.083,133496.127,8,0.729840392,3.5346949,0,0,0,0,-337378.274
830964.732,300930.62,9721886.06,19890.5624,5,0.976701418,3.99078166,10512.1267,12605.3502,12614.5521,1,-104979.287
22001.9099,558715.412,3343235.84,136962.25,9,0.527001371,16.4287041,0,0,0,0,-537238.655
1605242.91,47850.5693,682944.903,85808.4785,3,0.988008711,7.22956603,62425.9947,83228.7791,83234.6596,1,-518917.052
1393.47408,258231.37,7562508.8,35930.6386,6,0.627375434,5.74036712,0,0,0,0,-258252.063
162424.465,426656.255,417952.656,263500.042,4,0.767290497,12.9274546,0,0,0,0,-264327.376
6378.50847,70893.5844,301620.373,283111.01,4,1.68617402,14.511977,0,0,0,0,-64666.666
1883663.16,78966.2753,4335322.4,225678.31,4,0.938386582,9.27596347,172711.711,215698.297,215889.639,2,-448873.053
2234.23205,249622.915,1590061.17,10137.0182,5,0.773348576,5.89722341,0,0,0,0,-247755.202
283601.913,904845.92,5547120.96,73673.3098,2,1.5639381,10.4253759,0,0,0,0,-623829.806
5565.59355,894392.621,445637.795,570139.318,7,1.16762466,6.64668496,0,0,0,0,-888982.12
445.949432,52870.779,4530576.15,247898.998,2,0.583352663,4.42331363,0,0,0,0,-53212.5862
2492685.35,30859.4313,604899.604,57514.8813,6,0.774393798,3.67696573,48684.4805,56797.2941,56798.5606,2,-410217.009
1531130.62,32183.0255,1827096.78,59118.7129,6,1.91889733,4.25194779,49561.8499,57806.0619,57822.1582,2,-249163.954
9111.33233,108405.174,3906413.52,100310.588,3,0.743739154,7.76390523,0,0,0,0,-100159.819
425650.214,597986.901,3732647.67,75949.9055,6,0.947760783,33.7828851,0,0,0,0,-173391.131
292783.879,835434.039,4297543.68,52914.0465,9,2.63438197,2.52927618,0,0,0,0,-546024.637
478284.772,523426.261,5004165.69,97862.8073,3,1.16126107,6.74429671,0,0,0,0,-46873.5734
771.476268,61321.6294,2085280.98,636893.783,10,1.16098855,7.71692206,0,0,0,0,-61271.7589
26044.8268,30440.2345,2446040.71,197007.29,7,0.658686188,2.43168788,0,0,0,0,-4875.63815
820136.848,304419.797,5103523.52,32895.4407,3,1.1534303,4.46752066,15454.8282,20593.6074,20606.4376,1,-170894.151
334917.436,65526.1368,805562.4,17384.6779,6,0.632045011,13.7670066,11978.4611,13973.7381,13974.8712,1,-44847.788
137553.475,180724.868,5631515.23,546556.977,9,2.63650223,10.796835,0,0,0,0,-47596.8781
106712.046,46266.0143,3314909.83,27258.5191,4,1.58237824,9.76757012,12004.8558,14946.4975,15006.0698,1,-14428.4444
1545061.11,104577.243,5430685.77,23708.3666,6,2.07764212,6.64668496,18896.0929,22035.5994,22045.4417,1,-238771.597
1042208.67,72185.4266,3304001.26,12938.4953,9,3.68810641,5.54956231,10794.7001,11988.1479,11994.1112,1,-106842.932
9323.16551,89526.9553,4526274.87,64075.3437,10,0.613570624,12.102496,0,0,0,0,-81031.566
487.017082,828827.106,2534709.98,290870.633,2,1.09292003,21.8384141,0,0,0,0,-829165.792
225566.813,302450.698,1500916.48,10873.7003,9,2.52935205,4.36991049,0,0,0,0,-78015.434
175820.612,86904.6166,837793.04,42910.1973,5,0.610044925,2.73023503,18048.8977,21651.6688,21658.6772,1,-17718.2646
339711.732,110006.16,526460.106,90861.2557,9,0.562758675,4.01001683,55265.6811,61396.3955,61406.3123,2,-25471.8272
195499.394,45778.7304,640914.427,21652.0907,6,0.650736193,5.89989768,14200.1793,16564.6879,16566.8758,1,-24909.6753
985.94026,98463.818,6065342.19,67831.5421,7,1.03557299,6.3153138,0,0,0,0,-99350.0401
157146.369,208695.631,1406742.12,65105.689,7,1.37871037,7.22226137,0,0,0,0,-52127.3523
313.381326,187836.488,1257727.48,315694.917,2,0.916665906,7.27409295,0,0,0,0,-187866.748
36908.1966,241530.343,1390627.78,18246.5181,6,0.709603377,1.36512392,0,0,0,0,-204916.273
1442496.17,77909.5443,359627.518,116511.669,5,2.61545374,2.70043206,91818.0648,110165.742,110181.678,2,-272624.467
7048.64007,450572.737,334425.421,153351.688,5,0.663156863,8.34943355,0,0,0,0,-443590.201
7671.18856,893747.095,1118783.56,391827.614,3,0.344502991,8.1251597,0,0,0,0,-886190.787
1158085.69,53495.7574,6905478.74,373563.433,8,1.99640948,5.84592786,313123.239,349505.182,352263.644,2,-127865.401
17746.7099,175169.247,2796734.22,262224.323,10,1.47775509,3.99078166,0,0,0,0,-158654.396
377846.305,245366.186,308137.157,660197.004,7,2.96142868,7.95167772,201569.451,229701.724,230365.087,2,-18451.7797
852098.75,474669.14,1325707.15,353886.621,5,0.745235908,5.3847226,130431.014,156398.307,156517.217,2,-75083.2054
1171.93417,79360.0198,309445.652,24659.6058,10,0.589646852,12.1749713,0,0,0,0,-78242.4712
54282.0891,350911.928,449196.238,60028.1592,9,0.260884735,15.0870286,0,0,0,0,-296664.768
211074.51,102680.398,428023.99,10363.8764,4,1.59215527,4.47061125,4249.54366,5310.99792,5311.92957,1,-27024.0278
673.11319,205713.141,2838402.14,14504.8678,7,0.750165636,5.9087152,0,0,0,0,-205674.684
2372177.54,188013.158,1510458.99,50759.1528,5,1.29168282,9.99960412,38933.5626,46716.1136,46720.2751,1,-436483.173
12662.5136,617219.704,842003.83,834222.42,8,0.258218697,1.7858481,0,0,0,0,-604621.995
683.507143,40271.3674,1200290.89,808084.002,6,0.951893672,3.49882781,0,0,0,0,-39928.4114
460.572641,542879.867,3392013.78,30596.9288,6,2.21377509,6.21060273,0,0,0,0,-544657.493
236849.888,642341.191,4152945.94,929451.17,4,0.58906525,9.92470927,0,0,0,0,-406220.471
434.589563,104201.633,633681.956,148676.771,8,1.80522216,10.7235771,0,0,0,0,-104108.008
3017.4589,270776.847,2505891.69,145978.72,4,4.15134688,1.19760668,0,0,0,0,-270860.082
10449.2455,488657.417,4329108.72,109989.576,4,1.53039612,14.6297616,0,0,0,0,-480182.911
290142.106,132967.942,2075255.61,17252.3259,3,1.89098661,13.0982536,6954.39616,9264.43343,9272.52822,1,-51819.9077
18333.7593,33883.7133,6613486.99,211964.828,9,2.10493687,1.5277453,0,0,0,0,-19699.2752
134597.546,52128.8087,8694212.27,170816.933,2,1.41794947,7.25136622,64902.9077,94571.0963,97354.3615,1,-36018.1433
94500.7433,551409.696,2154425.55,301797.771,2,0.772327232,5.00281233,0,0,0,0,-457404.905
242116.38,339718.955,2302004.03,440980.009,4,0.421438249,19.9163884,0,0,0,0,-97891.7413
1619803.24,225457.177,303269.777,17062.0506,10,0.932007074,32.1427292,13351.1405,14686.1232,14686.2546,1,-139412.467
74929.7031,597702.674,392710.607,238127.96,9,0.51976601,3.52439653,0,0,0,0,-522833.811
24656.9044,919745.882,3812256.82,716894.81,3,2.43049147,5.6469434,0,0,0,0,-897850.723
332498.163,533016.807,3752333.88,823698.249,2,0.344894564,4.520692,0,0,0,0,-200904.385
2810395.26,123588.825,1777755.17,151221.698,2,4.43863622,4.35716797,96225.826,144224.658,144338.739,2,-1339044.66
9986.35083,30951.9776,3879199.71,857812.452,8,1.03684526,6.64668496,0,0,0,0,-22164.4732
1345418.9,475968.034,620722.755,106332.984,3,0.605939135,2.97777169,51527.4182,68699.1272,68703.2242,2,-289710.463
2914.02594,32586.4418,1249585.65,997775.441,4,0.209953609,9.75667915,0,0,0,0,-29750.6141
1040.50757,61304.254,1260476.02,51479.7848,9,1.31035083,18.7617959,0,0,0,0,-60756.0462
350.521402,240578.394,308161.634,30585.4912,8,0.540416394,23.2773234,0,0,0,0,-240277.511
958260.419,85853.4669,4506118.43,271465.219,7,1.35968736,49.0247341,215150.193,245117.684,245885.935,1,-121260.039
2437172.64,249484.336,9469478.37,608387.918,8,1.49662555,4.45336043,481537.319,538379.181,541729.484,2,-257741.527
186002.977,72606.1368,470719.958,21284.9578,5,0.753003511,12.6013132,10802.8222,12961.7189,12963.3867,1,-22640.7481
302.217835,92583.5059,1128351.46,64273.8716,3,1.33598843,1.70829376,0,0,0,0,-92730.6068
58054.222,575359.504,891755.298,108799.261,5,1.36978962,14.1169247,0,0,0,0,-517669.37
2586.90345,940229.557,1008654.88,32376.1437,2,0.729306085,5.01233634,0,0,0,0,-937861.914
7537.59548,185793.182,3134636.92,10476.323,2,1.25460519,7.26941274,0,0,0,0,-179427.786
1685.94495,838955.778,1875905.15,97357.4428,6,0.66864707,14.8705832,0,0,0,0,-837643.699
3479.70861,190037.532,355508.912,37393.9787,6,2.46141509,23.6796402,0,0,0,0,-186818.645
1678.64576,260943.298,399468.72,75935.0536,6,0.807299538,5.6469434,0,0,0,0,-259360.774
4768.29062,55812.984,5813733.55,65013.8907,9,1.20936038,24.3377988,0,0,0,0,-53140.3414
10881.7173,32671.5599,2021843.54,20223.0871,3,1.39300991,17.8144506,0,0,0,0,-22629.3204
1484102.97,138338.428,688293.452,27070.8878,9,1.13662424,10.256626,22088.3891,24541.7811,24542.6546,1,-149450.275
765107.191,538553.323,3369209.58,657709.992,3,0.974666739,6.31056848,144724.626,191978.063,192966.168,2,-73651.581
1859.84441,97753.7171,716369.839,214489.705,6,1.93107244,20.6462403,0,0,0,0,-96306.2012
1157710.48,85555.2795,430165.466,197341.741,2,1.84089844,11.3253799,121783.39,182629.804,182675.085,2,-535561.036
13204.9476,616373.179,1126093.72,11249.411,9,0.624692879,24.1107508,0,0,0,0,-603377.907
333509.551,102861.84,4544867.67,396275.123,6,0.547080711,71.1625896,232955.273,270347.575,271781.151,1,-36902.9518
494.111483,244373.487,696159.421,22444.7612,9,1.77823277,7.76006753,0,0,0,0,-244248.357
188540.37,776422.427,6210687.67,41529.238,3,2.22139306,1.54194157,0,0,0,0,-591994.242
5258.54184,119365.396,981458.413,983376.474,5,1.76525566,1.45362226,0,0,0,0,-114623.255
2080.10034,40994.4796,7551207.19,250984.844,7,2.00647715,2.9770532,0,0,0,0,-43430.4224
1565487.89,316963.777,1037669.95,34454.8468,9,1.57766827,2.71303642,24719.6966,27463.9415,27466.3296,2,-138550.114
4874.03313,69284.9766,2549177.36,150990.915,6,1.99374948,6.36264818,0,0,0,0,-65925.8231
326.873119,91622.4557,4492473.63,364396.377,4,0.763135136,62.8424801,0,0,0,0,-92317.4498
635783.608,479099.856,6181122.3,174903.605,4,0.628259895,11.038246,34164.7989,42607.2988,42705.9987,1,-38432.2624
201454.662,44359.5318,3409451.52,19295.4047,5,2.01735206,59.5564379,12361.0974,14804.155,14833.3169,1,-30643.2308
162128.166,936601.898,1560163.14,307212.064,10,1.64332759,13.1297322,0,0,0,0,-775237.922
5511.58206,245056.334,9780605.2,48169.2851,9,1.07056794,5.13174601,0,0,0,0,-242665.707
551.235376,165619.447,385891.285,201706.006,2,0.754586126,39.9721418,0,0,0,0,-165155.004
20588.5667,83314.3964,8490040.73,118932.258,10,1.55870718,0.920046234,0,0,0,0,-66670.2373
1606917.1,120011.648,419933.013,122581.037,2,0.453153655,1.99736859,75612.6411,113415.835,113418.962,2,-743362.874
30767.4755,233938.578,5088695.63,571192.194,3,1.10527921,13.3681806,0,0,0,0,-204847.535
12952.4146,341825.436,3180073.31,785144.495,4,0.974638236,9.97313994,0,0,0,0,-329796.843
6621.1628,140232.883,4886169.3,83455.7036,8,0.694026175,5.86551075,0,0,0,0,-134622.489
2085339.89,124504.523,9886899.17,253841.112,4,1.03742894,5.99808511,190238.633,237262.177,237798.291,2,-483927.298
266915.176,30930.7267,7243929.08,59209.6542,10,0.0745421579,12.1748326,47547.0307,52288.6371,52301.7337,1,-23517.3935
272661.977,88927.3896,2115254.27,358856.62,3,1.5200683,71.1625896,179101.823,236996.617,238802.43,1,-59082.5447
9600.2225,486727.081,713758.25,121483.336,9,1.29870497,22.7430951,0,0,0,0,-477403.151
546834.417,105197.77,1539508.15,168807.9,3,0.421641083,7.00137834,102169.675,136175.169,136226.233,2,-146927.093
122712.35,53943.0652,616793.626,34288.552,5,1.55195137,1.42406262,15939.2189,19113.2157,19127.0627,2,-13637.2994
74983.7002,52409.7673,5756322.14,31568.3364,4,1.9526348,10.7687418,6421.85671,7875.74449,8027.32089,1,-4352.18653
1257.09747,77160.2656,1137554.27,18073.5607,5,1.07910574,0.622615414,0,0,0,0,-76269.0522
526.105973,234576.476,631024.667,69866.4746,8,1.26347532,10.5240586,0,0,0,0,-234288.01
1435.45978,168520.775,3285642.59,116673.57,10,1.54135019,10.796835,0,0,0,0,-168594.801
150518.341,40064.3817,3297511.12,19103.4359,6,1.31721412,10.2027148,11863.719,13817.5411,13841.0055,1,-17977.3213
9644.87834,156858.875,3058571.74,22389.5482,10,1.87689351,9.11256826,0,0,0,0,-148925.059
215689.244,368324.853,2576909.49,28326.6759,10,1.15760742,29.0604041,0,0,0,0,-153524.745
1618.91021,275083.727,994059.519,33417.8621,10,0.403651297,8.82545863,0,0,0,0,-273584.416
206786.266,827984.231,2842435.9,301524.742,9,1.53248735,11.6949509,0,0,0,0,-622496.325
409319.968,65400.1342,482996.43,35294.7612,5,1.23162869,31.9782948,24697.937,29633.9316,29637.5244,1,-68698.5005
441.405405,129261.963,3178832.85,22501.5095,7,0.529437371,29.0081417,0,0,0,0,-129322.195
84287.8285,102291.503,817717.37,216674.951,4,1.28384548,11.7866087,0,0,0,0,-18316.5878
1175451.78,31937.5369,373686.773,489506.536,8,1.15010037,2.17239585,423115.784,475854.189,476005.257,2,-142515.038
1029215.85,102766.646,9621663.52,79135.0828,3,1.41934891,15.7078349,53093.6482,70643.5276,70791.531,1,-304888.358
2288.44021,62498.7213,2452566.42,177946.146,5,0.786676673,7.00137834,0,0,0,0,-60785.3561
1268787.42,75334.6701,8004131.38,40036.1674,10,0.914793872,3.29103476,34159.16,37555.7232,37575.076,2,-118452.116
29894.3338,36224.4164,363547.357,169391.468,8,1.08646528,9.81407423,0,0,0,0,-6447.81184
4742.21008,700602.857,1029372.29,108922.319,10,0.67323343,3.31530459,0,0,0,0,-696067.207
293294.715,75043.5617,6605736.14,163271.546,6,2.50968579,3.56810495,100177.611,114893.79,116873.88,2,-31335.3926
19455.9566,309559.708,2059985.85,171286.129,6,1.82538771,5.20360426,0,0,0,0,-291224.548
3993.69727,131419.478,8246419.06,13521.2959,9,1.48394538,3.31757523,0,0,0,0,-131073.243
2344.57504,56604.984,816756.931,234744.071,2,1.77736135,24.4234309,0,0,0,0,-54693.0982
422123.936,478559.132,304909.577,110010.278,8,0.368541224,2.29505744,0,0,0,0,-56468.6895
1053027.5,315836.78,618810.807,904030.309,3,0.399843435,5.40042502,474439.574,632349.156,632586.099,2,-245337.529
1586248.95,73586.2976,484225.328,55873.0508,6,7.10113057,2.73023503,45628.9753,53220.3662,53233.8045,2,-251494.429
63077.0012,108485.799,4227504.76,23884.8807,3,0.892547159,9.65044636,0,0,0,0,-46533.4621
10453.6375,879035.583,4295640.44,244214.089,4,0.495653998,6.5602423,0,0,0,0,-869216.566
849136.358,136612.562,1187670.77,45560.837,3,2.01757106,3.96267314,28637.9858,38173.0723,38183.9811,1,-236998.716
15586.6972,501342.512,6416503.9,642343.414,10,2.00485135,6.28920798,0,0,0,0,-489590.133
1613629.74,155736.544,934756.289,22747.0969,5,0.534990516,7.20712882,17124.458,20548.9669,20549.3496,1,-291516.25
18488.4824,300668.919,828199.443,904281.014,7,1.03438884,4.20157524,0,0,0,0,-282435.781
313670.275,40251.9122,3856319.71,26577.631,6,0.81568707,1.99483541,19780.2239,23061.3049,23076.9279,2,-45198.2513
359394.117,53015.103,861765.417,349421.859,6,0.409712238,5.37320466,255084.175,297414.763,297598.205,2,-50825.3756
170769.815,61866.5853,7440177.02,367082.9,6,1.01992072,2.57267489,191077.975,216665.105,222924.304,2,-14280.284
315.384792,844717.04,5271109.97,36323.7063,10,1.35743171,3.31530459,0,0,0,0,-846534.345
1897369.51,138515.772,311476.362,33331.6031,8,0.425785653,29.0604041,27464.3909,30897.2715,30897.4398,1,-219840.998
449041.477,86405.1508,6988200.53,619053.173,8,1.51391495,24.0204179,429648.252,471452.395,483354.283,2,-34977.1641
10597.674,168403.83,478231.658,19974.3693,5,0.726330146,1.64708725,0,0,0,0,-157909.69
118034.116,40293.9799,1524401.66,159602.985,10,1.02422253,1.1699988,94643.4172,103690.112,104107.759,2,-7386.47464
421.884195,715576.1,2903126.09,56689.542,4,0.746433774,5.99323379,0,0,0,0,-715800.115
179274.279,54091.6035,4995593.63,14939.3391,5,1.0994608,14.9827491,8572.64001,10270.4981,10287.168,1,-24468.8751
2051.38051,93885.1033,308493.999,24764.1138,7,0.361182877,82.8751031,0,0,0,0,-91866.9338
2444.23887,242647.399,768205.651,16321.6902,3,1.69994814,3.27873278,0,0,0,0,-240592.403
239484.094,488206.353,447772.26,24968.2475,7,0.749167806,4.86189517,0,0,0,0,-248822.246
23804.9098,35854.4623,416369.5,12349.0733,8,1.59853181,5.5014561,0,0,0,0,-12247.937
36655.0752,364875.082,2991303.65,181732.474,5,3.02205723,10.6844091,0,0,0,0,-330914.46
22979.4285,84612.7739,339245.336,30235.5266,8,0.949026027,21.0283154,0,0,0,0,-61729.3074
161630.627,288422.166,735955.404,198248.426,6,0.652676444,7.12213062,0,0,0,0,-126934.711
457301.736,507368.204,3488375.97,32606.6232,5,0.897619133,2.55619944,0,0,0,0,-50999.7709
114331.494,86604.2876,9900676.32,204458.912,2,1.28888029,10.6702543,27435.4507,39249.2949,41153.176,1,-10301.6635
2687767.57,39894.0995,902675.129,136791.869,7,0.288858175,3.94129927,117910.127,134751.081,134754.431,2,-378181.308
349.782291,40905.894,8589354.15,146383.198,8,1.12788944,2.09109561,0,0,0,0,-43443.695
17800.5914,465016.514,4985817.95,33465.7713,9,0.261987647,2.00313952,0,0,0,0,-447605.259
109725.365,385118.03,3975553.8,93809.7468,10,0.751116683,3.68344616,0,0,0,0,-276282.712
5509.97452,41489.9978,1275913.31,215007.963,4,0.720682098,6.40569153,0,0,0,0,-36254.1001
952430.914,395518.909,6526082.81,24898.5983,10,0.739829061,2.27545235,13198.2546,14512.5515,14518.0801,1,-55314.6108
861.774124,672003.412,804376.386,126164.09,9,1.77993535,6.74429671,0,0,0,0,-671568.386
1928900,151145.132,5381062.57,30429.5673,10,1.09193713,2.80261446,25466.3881,28006.7965,28013.0269,2,-177165.847
130621.971,93808.456,2645127.54,25952.9232,2,1.53794222,2.61210936,4709.03671,7038.66109,7063.55507,1,-17612.2881
586.470576,37724.1008,4338666.44,841341.72,3,1.05442897,6.99739524,0,0,0,0,-38501.2116
145262.376,549181.61,7261173.99,99877.1585,2,1.16786712,3.75682277,0,0,0,0,-406446.83
301.023745,98337.4533,554361.912,21886.4458,3,0.774474249,6.21060273,0,0,0,0,-98164.3995
15955.0001,241015.675,1837410.71,370703.646,5,1.30941909,13.3346068,0,0,0,0,-225777.796
784899.424,184105.728,1794628.08,77770.3654,5,0.938421346,4.67420888,49551.352,59441.3087,59461.6224,2,-119812.254
2825828.61,481714.329,9895589.69,25323.2134,7,0.4960718,6.54700878,18367.7312,20989.2713,20991.6928,1,-334355.608
17265.4652,888888.789,3560321.92,362249.029,6,0.550062495,4.82922578,0,0,0,0,-872207.049
324.52485,467906.484,8422765.09,36548.0386,5,0.8444637,4.77165883,0,0,0,0,-469701.995
1545.16425,46859.3272,851428.371,175502.57,8,0.40972314,16.3729976,0,0,0,0,-45418.142
9934.90422,359988.036,319707,148629.61,7,1.55307001,3.11133017,0,0,0,0,-350201.128
424.580131,328503.149,6073172.43,91998.8455,5,1.34928182,18.3980203,0,0,0,0,-330521.019
50926.7245,579850.045,2715393.27,101734.736,7,1.41507552,0.56906583,0,0,0,0,-530068.622
2528.93153,47543.0416,2390524.15,137009.237,8,4.10224387,17.0076701,0,0,0,0,-47937.0648
8116.45164,872744.063,1098557.63,737926.424,6,0.454644977,0.760389799,0,0,0,0,-864776.48
7223.99724,799937.547,701762.963,41520.3037,2,5.45777349,6.48029507,0,0,0,0,-793855.149
2012479.67,41275.8038,1497387.41,122383.798,7,0.201746981,24.4234309,104881.367,119860.256,119864.419,1,-281509.453
6321.8514,506003.609,9736792.92,89487.8606,2,0.722109704,9.33914222,0,0,0,0,-501777.446
2102.85959,123339.245,849702.499,140087.903,5,1.90338233,21.2308413,0,0,0,0,-121718.444
1210.03719,35667.3337,1784069.78,49467.2126,6,1.15402692,27.7747635,0,0,0,0,-35070.967
609737.825,48211.457,708920.745,718065.143,9,0.736801654,10.256626,594360.089,659685.276,660400.099,2,-61699.3727
783756.892,222418.952,6323789.03,384388.379,3,0.716248736,2.9770532,205190.845,272500.234,273587.794,2,-183694.564
42090.8835,43499.7513,919244.314,497330.551,8,2.49602452,4.78629941,0,0,0,0,-2092.7594
50433.17,186833.708,2846026.31,70911.1611,10,2.00203126,10.0754397,0,0,0,0,-138098.849
494057.868,42227.3675,2363148.39,847742.43,4,0.569561538,22.0115852,617204.291,768395.534,771505.364,2,-110582.77
473.332926,34728.8417,809390.01,12071.875,7,1.8027419,17.8144506,0,0,0,0,-34690.4182
2234182.41,214939.04,1238900.25,135273.437,9,2.61844151,10.279478,109943.377,122114.046,122159.308,2,-223422.05
1716.52309,131267.074,5103946.56,18270.9905,8,0.494141724,3.1926691,0,0,0,0,-130302.286
2607.46879,37427.2702,3849912.98,96255.1936,5,0.478260628,4.34262159,0,0,0,0,-35368.6126
13042.1837,114550.111,760891.447,386454.727,3,1.5441943,4.77485556,0,0,0,0,-101858.14
21491.5045,230247.437,636776.833,127917.391,8,0.654212305,8.5815375,0,0,0,0,-208880.102
13581.454,39951.2452,2638456.65,67601.3448,2,1.35035802,10.5688851,0,0,0,0,-27431.7469
1406482.05,701042.575,555476.297,22378.2277,8,1.21255694,11.7866087,9973.94668,11220.2817,11220.69,1,-88125.971
25060.1612,568879.738,7007335.53,324852.407,9,2.42277268,9.98609935,0,0,0,0,-548879.84
480220.842,709218.14,4559594.1,796428.702,2,1.23571179,8.02701643,0,0,0,0,-230676.685
2911.82815,166846.503,2274593.47,10041.9327,7,1.06039982,3.1542685,0,0,0,0,-164653.596
1351.95475,70519.8817,3389938.29,18501.8971,8,0.817707611,6.05883846,0,0,0,0,-69994.15
7708.08995,688740.122,2467012.99,956998.624,9,0.481789852,7.58875994,0,0,0,0,-681386.303
638162.975,34820.5981,1093540.63,533901.826,9,0.845368751,6.80028081,453477.058,503174.648,503863.398,2,-66091.4772
175045.884,92482.6988,332322.337,841174.184,5,0.923147483,5.13924819,329418.845,394269.232,395302.614,2,-16235.6365
128488.306,285687.647,2286276.73,228751.831,9,1.2839512,2.23935347,0,0,0,0,-158074.294
34773.8014,263032.487,1231777.79,670224.12,8,2.00780776,3.05994088,0,0,0,0,-228995.846
584.933324,199863.6,1256659.38,12264.8235,9,1.3709744,10.392517,0,0,0,0,-199792.183
26223.1545,35947.0077,2601070,76172.5307,8,1.16973053,10.5727931,0,0,0,0,-10630.7239
45607.1829,262822.188,3907552.7,107206.915,7,2.31085006,12.2493316,0,0,0,0,-219906.441
11449.2892,45206.7156,3432795.75,127041.301,2,1.42845227,0.622615414,0,0,0,0,-35219.0016
17446.8953,433329.662,4856346.01,13279.5846,8,0.748504971,1.99483541,0,0,0,0,-416966.224
242895.32,309041.722,845770.074,13975.7439,10,4.40314829,1.55112238,0,0,0,0,-67256.4024
7236.99147,48603.1991,362939.408,37360.4147,3,1.3090433,20.5562561,0,0,0,0,-41507.8182
997273.433,348450.204,425323.83,43591.7166,7,0.535649557,10.604029,24812.5389,28356.5118,28357.1873,1,-92661.6703
2506644.11,74654.9488,1045864.26,133360.751,10,0.406553611,5.42519043,117615.518,129371.57,129377.069,2,-243072.534
20422.4187,699499.904,608491.233,23453.7005,8,1.8566905,9.99976311,0,0,0,0,-679414.231
752021.844,178907.148,8193286.67,52346.6336,7,0.74214324,2.98497178,34770.7041,39700.9325,39737.9476,2,-81006.4351
557694.817,38856.477,2206225.75,13144.4571,9,1.52830065,4.24646291,10982.9417,12200.1062,12203.2686,1,-57387.9366
575.626532,674619.351,9612265.42,990449.816,8,0.278213685,5.9092968,0,0,0,0,-674840.822
594182.3,342682.781,1192233.8,10873.9895,5,0.517841719,29.3756545,3832.64601,4598.87457,4599.17521,1,-50243.386
29416.5573,65234.26,7745939.96,296519.413,5,0.723935061,1.45552306,0,0,0,0,-37489.1058
1487.93244,43910.0737,8732970.32,286053.669,9,0.540501828,5.65627102,0,0,0,0,-43829.0522
211142.09,71317.3734,3683883.8,18228.0329,8,2.86652549,10.556062,10471.8173,11745.288,11780.7944,1,-16621.2229
397045.007,270004.146,3878012.76,19904.5717,3,0.807593112,10.392517,4740.19858,6315.62061,6320.26477,1,-41912.238
26244.0798,988691.265,821552.33,981655.38,7,0.736427947,4.30176842,0,0,0,0,-962627.517
127459.802,99402.7725,5416539.97,482243.015,3,1.57501186,10.9984338,68559.7864,86268.2611,91413.0485,1,-6590.13095
1443.11744,298697.21,561464.805,17236.8125,4,0.383679558,9.13980556,0,0,0,0,-297318.302
1268.84537,894150.444,443708.817,14493.5952,5,0.988141269,27.5021403,0,0,0,0,-893012.284
111565.102,105589.531,2804059.37,119479.939,10,0.574409343,15.4418793,5334.35901,5818.39392,5867.79491,1,-498.655587
2776.52403,115743.396,1169041.84,270293.607,9,1.33456225,12.9274546,0,0,0,0,-113431.897
177299.908,277397.224,748584.313,231969.101,10,0.474580762,6.1260078,0,0,0,0,-100203.207
135228.673,140590.09,5942731.15,31808.3654,6,1.87362436,2.43466796,0,0,0,0,-8680.17918
317957.901,103352.808,560589.057,35844.4415,5,2.26462767,12.1072498,20120.4042,24135.8272,24144.485,1,-42753.1578
10962.4511,314648.642,4319996.34,569102.012,8,0.695869405,8.28505308,0,0,0,0,-304582.213
533.951587,76399.2189,7532005.26,31259.7323,4,1.35199896,2.71303642,0,0,0,0,-78900.5171
46379.4243,53413.4336,901938.253,10359.2855,2,1.48854653,1.44460473,0,0,0,0,-7434.18133
96469.6671,42106.2812,3197907.12,149355.24,10,0.552063771,1.7323749,75416.15,82517.5748,82957.765,2,-5069.47949
12185.7037,53425.4345,2161404.96,43402.3545,10,0.553638064,23.1758187,0,0,0,0,-41596.4032
2271.54428,798662.313,1695695.96,12242.129,4,2.08286469,3.67239276,0,0,0,0,-797443.498
543.642529,57627.1088,1525549.27,48623.9704,5,0.563509783,3.47950514,0,0,0,0,-57339.6994
241112.768,38182.1866,1486938.08,938174.902,4,0.405747608,19.6746299,628565.59,782488.971,785706.988,2,-49649.6815
3244.83287,655406.176,854035.074,27291.1775,5,2.4352936,6.42526401,0,0,0,0,-652781.261
2969533.24,114254.904,1843322.23,147654.844,8,1.4010654,11.2590346,126136.732,141869.826,141903.823,2,-356044.211
329.375802,103944.856,3142899.19,258490.683,10,0.384046852,2.74962384,0,0,0,0,-103975.248
1201167.65,755642.617,3002847.07,378625.77,8,0.585318924,1.95108955,124565.522,139991.451,140136.212,2,-55107.9954
2725669,36197.0282,374259.051,99365.0915,2,1.7231589,4.93046085,65356.3407,98030.0741,98034.511,2,-1344457.31
639267.017,36256.4796,5489842.17,26804.7983,2,1.03851088,4.06311122,16801.8913,25187.9417,25202.837,1,-300122.524
277171.039,419650.172,647224.948,18650.9947,5,3.09519144,5.27703399,0,0,0,0,-143076.237
1061.43632,33208.964,1285633.58,14047.7287,3,0.828874211,8.27319452,0,0,0,0,-32465.1517
908534.021,122156.007,5267865.39,11383.0981,7,0.144449656,3.507905,8618.39189,9849.2502,9849.59074,1,-112276.252
338577.764,34878.5377,1415539.98,407617.023,6,0.5592683,8.48180061,312633.541,364120.22,364739.131,2,-49976.4531
30291.4777,117794.146,407324.351,28731.8847,8,1.06162822,3.70245541,0,0,0,0,-87631.5583
420.152956,325510.258,1345476.37,119903.048,9,2.1915772,8.75901243,0,0,0,0,-325969.007
6189.78783,239735.821,7443368.4,114844.947,3,2.20002245,8.1251597,0,0,0,0,-238426.98
2367455.67,977235.509,6775483.37,187926.453,10,1.39628388,12.2071388,99988.4024,109830.342,109987.243,1,-136562.937
234450.602,72645.165,4220328.1,951487.773,2,3.09786451,8.5815375,391216.243,540363.618,586824.365,2,-60201.0995
34255.8943,913252.064,396106.114,167658.647,6,1.22240857,9.9593771,0,0,0,0,-879140.493
274670.367,984939.676,969190.841,29308.386,8,1.62650973,8.44921159,0,0,0,0,-710739.174
315.893519,292269.264,1297027.99,472045.196,5,2.43239906,12.0097954,0,0,0,0,-292893.725
401.739836,101249.144,2926384.99,21916.9899,3,1.45569408,19.7032955,0,0,0,0,-102117.128
1599079.46,552105.849,2119720.74,69053.8903,4,0.978559877,12.7800233,36142.6336,45169.6041,45178.292,1,-261337.316
259398.164,335172.809,2637585.77,10296.4162,6,1.43874849,46.9090853,0,0,0,0,-76905.7394
16704.3922,829737.443,3789975.52,29885.6564,5,0.386289409,10.0754397,0,0,0,0,-813469.423
581.418711,565715.456,4480010.45,99414.6409,9,0.760561104,17.5869749,0,0,0,0,-566149.633
919.502634,458193.118,2230542.65,494815.566,8,1.87534154,3.05994088,0,0,0,0,-458520.42
34970.1891,170839.608,3324354.25,212902.142,9,0.366445737,7.39203919,0,0,0,0,-136232.517
754.427427,31502.3572,973644.869,114695.388,10,0.866983305,5.8036223,0,0,0,0,-30999.5345
759.71899,743202.827,344773.455,218881.35,7,0.911004039,7.77354742,0,0,0,0,-742536.726
3718.87325,595376.953,9537943.62,35025.4534,5,1.61006384,5.40550034,0,0,0,0,-596235.337
308286.105,82111.2845,337817.19,25230.8778,10,1.35593496,37.6079227,16816.6501,18496.4137,18498.3151,1,-22578.2713
7175.35084,58740.2195,824345.991,854569.59,7,0.296602648,3.84627524,0,0,0,0,-51637.7459
1455.73041,304845.946,1831849.7,705784.585,8,2.13500178,20.2163046,0,0,0,0,-304555.939
36195.0842,62532.946,1155324.31,21477.4036,10,0.639491655,3.33556059,0,0,0,0,-26558.0765
6140.19033,207115.635,1088971.19,120765.681,7,1.63723267,209.59567,0,0,0,0,-201506.86
3256.28168,374104.797,463675.876,115640.49,6,0.587768632,6.29026038,0,0,0,0,-370929.747
6868.22738,101952.688,2282408.41,259252.048,4,1.10757223,3.00343173,0,0,0,0,-95837.9431
98978.5586,122149.732,917950.287,754953.971,8,1.7452164,11.7522537,0,0,0,0,-23648.6766
91337.4283,457966.076,6015610.77,192405.826,3,0.907289561,19.6888442,0,0,0,0,-368255.444
6109.72392,70516.4843,360097.668,77506.7322,10,0.397437222,4.39621502,0,0,0,0,-64449.418
1451.55815,704625.656,317023.923,37332.7164,5,3.54766566,7.22226137,0,0,0,0,-703509.328
7964.6748,771159.378,1937571.79,18782.6437,6,1.42625604,17.1309766,0,0,0,0,-764018.391
3243.42735,79778.9619,7675618.19,375600.473,4,0.683509777,20.0977128,0,0,0,0,-78099.2783
1719387.3,890634.721,977737.333,237107.511,3,1.78892492,4.30176842,85625.4247,114115,114167.233,2,-275571.85
2449.97697,137878.741,2654801.78,15927.9862,5,0.876646344,24.7466813,0,0,0,0,-136122.452
119690.435,685767.842,409123.663,114685.141,9,1.67149318,3.20395749,0,0,0,0,-566281.236
604419.433,47789.1983,2855636.17,47207.5982,10,0.585288498,27.6317264,39478.4754,43414.06,43426.3229,1,-55440.4595
5009.47612,54503.1891,3512154.35,379456.818,3,0.522200218,5.73819872,0,0,0,0,-50040.374
438.715588,384317.901,1437687.86,116782.561,10,1.84169192,1.710016,0,0,0,0,-384668.389
551327.929,149923.772,547862.113,501017.723,2,2.58004192,10.4988069,242387.777,362751.061,363581.666,2,-199117.349
451083.957,169366.501,8670939.64,247458.607,4,2.14440892,6.06068959,119096.869,146142.684,148871.086,2,-62716.8918
1426.50066,630773.205,2506642.9,12160.2164,4,1.20497564,1.08773951,0,0,0,0,-630246.985
1319158.71,43319.781,1108553.14,20651.881,7,1.38756136,7.77455936,17469.9728,19964.4004,19965.6832,1,-182103.561
960663.666,83371.3633,3900559.82,33850.8246,8,1.18444529,30.9404785,27427.4097,30844.0937,30855.8359,1,-109114.412
1262293.3,313369.116,830466.222,348689.059,10,0.836168881,4.52631314,238164.819,261890.589,261981.3,2,-94510.3759
485.774476,38326.3514,1553189.23,17449.219,9,0.58052606,14.7682917,0,0,0,0,-38109.3301
145467.862,87494.1964,526127.793,80696.5534,3,2.42156306,4.86189517,23932.8018,31858.2303,31910.4024,1,-19072.4215
64546.4153,902699.196,2618219.8,274178.034,9,2.69993644,15.2577911,0,0,0,0,-840259.793
871.446115,47963.9636,2844130.27,252042.243,2,1.27184787,20.1168767,0,0,0,0,-48170.6996
1208075.63,266897.244,6171282.37,603136.328,3,1.24647742,6.40483669,349229.415,462506.473,465639.22,2,-304539.626
159095.263,368470.279,741183.282,87075.1545,2,1.71022003,1.99454795,0,0,0,0,-209752.836
14084.9087,33420.8974,307327.41,66338.4126,8,0.369167266,4.17863272,0,0,0,0,-19369.8055
7930.66446,641084.981,5219928.85,12832.1393,8,1.22358508,3.47950514,0,0,0,0,-635058.05
164021.058,883283.99,9978796.6,69608.8704,5,0.900594909,5.89722341,0,0,0,0,-721941.577
85232.7629,241622.619,2021251.81,655056.057,5,0.974508346,51.4918022,0,0,0,0,-156976.958
989229.756,40941.8417,5215625.74,36043.5296,3,0.739277383,21.2063377,25876.1169,34490.4668,34501.4892,1,-315309.432
478573.25,104606.874,3866336.33,591150.622,3,3.28849103,7.89225892,333843.755,433344.184,445125.006,2,-110329.274
46456.8735,69891.8721,1318621.02,20735.2,3,3.17658019,26.6158263,0,0,0,0,-24683.4949
2630.51122,956770.602,920800.108,73698.5854,10,0.314279065,11.5444886,0,0,0,0,-954226.347
2566554.32,129156.159,1572581.95,208991.002,4,3.33969646,1.91390404,158559.558,198044.633,198199.447,2,-606579.894
924834.594,87657.6097,724812.466,594199.169,5,3.51709048,6.32709474,446557.255,534324.042,535868.706,2,-164390.222
7704.85334,300554.073,2688296.52,10103.0896,8,0.301500426,24.7230673,0,0,0,0,-293090.806
310899.717,58671,801863.938,329235.922,8,1.47087175,69.888668,236582.691,265558.027,266155.528,1,-30848.5184
11281.3396,69040.4623,695484.664,93711.5844,2,2.61000005,15.5061697,0,0,0,0,-58300.1704
1399.0115,979169.676,982368.121,483487.607,2,0.225915468,23.0074359,0,0,0,0,-977836.814
425440.184,40136.0774,1239387.92,794245.449,4,0.985435354,4.94057962,572643.715,712952.749,715804.644,2,-94317.9291
111839.799,221979.401,640941.12,209934.981,5,0.775730362,4.02715016,0,0,0,0,-110287.798
84417.5291,141012.034,4295164.18,145286.705,10,5.51034465,13.584973,0,0,0,0,-63649.0015
479.852968,244448.327,3549438.32,111107.82,9,2.95300998,7.95167772,0,0,0,0,-247092.625
2655.08846,775937.516,611657.035,322725.941,9,0.438826471,9.1372934,0,0,0,0,-773362.431
3346.20388,85472.5887,795138.993,15492.6419,10,1.36248356,7.89225892,0,0,0,0,-82449.295
303.014308,585200.073,5715612.91,15831.8031,6,3.54258478,4.50847653,0,0,0,0,-590932.243
46010.8957,291598.476,851065.828,21896.8113,8,0.748381114,0.977904684,0,0,0,0,-245777.423
497347.722,53038.5478,1661600.5,60924.2312,4,1.3875996,3.90727177,43453.0386,54284.4488,54316.2983,2,-110580.329
1038245.9,66720.3899,352817.362,27097.9857,3,1.79320766,10.5727931,19013.2127,25349.9164,25350.9503,1,-323726.158
59967.6145,85869.8376,639249.482,63757.9944,8,3.56669302,5.96118253,0,0,0,0,-26581.8079
323362.14,615337.434,1546383.76,272494.763,10,3.23522632,1.56438463,0,0,0,0,-293466.472
1715.69435,38738.884,2249222.75,126350.782,5,1.28793708,4.72007017,0,0,0,0,-37886.6345
57364.4968,226002.337,7395352.71,433764.589,10,0.680761488,18.5935582,0,0,0,0,-170138.428
29136.0757,586721.431,2804648.67,284519.552,6,1.83359864,3.48561971,0,0,0,0,-559118.172
4175.94457,372381.44,731901.197,75308.7431,5,1.01738038,30.4444651,0,0,0,0,-368427.439
8190.27762,393282.514,4424977.06,391900.596,9,0.772602337,4.68557582,0,0,0,0,-386111.237
162515.273,40903.2336,1350517.49,49728.4574,6,0.61214028,6.42526401,31817.7262,37099.6927,37120.6806,1,-20147.5487
369.715711,214429.534,368575.777,16910.3954,5,0.622742044,4.49456393,0,0,0,0,-214128.232
48682.7992,609531.987,6330408.87,43574.3183,10,0.317306084,7.42541459,0,0,0,0,-561447.899
2710.84966,770967.874,4122209.09,84616.4282,8,0.717449403,21.3074186,0,0,0,0,-769138.537
1109979.35,55862.8434,9615175.06,139072.441,9,3.53834167,21.0216952,116858.069,128817.664,129842.298,1,-106843.536
324408.43,870323.835,884106.154,54373.124,4,0.364374365,9.09894851,0,0,0,0,-546011.424
908906.433,87973.5448,1251466.65,427229.316,7,0.802729341,13.3453787,337243.387,385096.949,385421.014,2,-116444.786
1178178.15,101670.417,9258947.32,429695.336,6,0.448048396,11.2804875,335260.391,390087.591,391137.123,2,-175845.737
324097.702,41780.4662,1777934.89,159333.229,4,0.418389617,10.7517472,110876.901,138501.486,138596.126,2,-70283.0939
98187.2609,94634.3785,2746499.56,61198.1168,9,0.832348347,17.3485837,1606.79896,1754.5272,1785.33218,1,-264.004001
10129.5097,36939.8959,3205551.2,53836.8204,5,2.83804426,9.14374138,0,0,0,0,-29522.0095
1139.20521,145626.965,364108.448,717919.953,3,0.524468869,6.61515503,0,0,0,0,-144544.679
1001.09895,192662.593,1428710.06,25792.2501,6,1.28636163,3.48909126,0,0,0,0,-192209.285
1247937.84,54462.1912,2845121.14,17213.3979,5,0.459354612,6.85849944,13713.5727,16455.4367,16456.2872,1,-238543.225
266284.856,66453.2777,1770034.2,163818.776,2,4.15929106,7.25136622,80425.7149,119622.086,120638.572,2,-96320.7068
746.811184,69241.8425,2552139.73,71204.2711,5,2.23895314,3.21068855,0,0,0,0,-70198.1972
2929848.9,468915.407,457097.591,13603.4847,10,0.187518731,11.8023713,10387.4114,11426.1373,11426.1526,1,-246087.169
196488.384,863905.921,5286792.91,20213.1542,10,0.57778117,7.91817084,0,0,0,0,-668328.002
1442347.46,800029.617,1478482.4,211922.469,8,1.30530345,56.4374411,83772.5707,94192.5409,94244.1421,1,-79822.5344
798369.17,41525.2807,325513.292,11881.2079,5,0.704403624,5.47310547,9385.12609,11262.0211,11262.1513,1,-151344.607
510.743208,332412.781,8058378.79,360817.166,2,0.782559908,23.5712266,0,0,0,0,-333781.67
956.362372,408851.258,4121042.95,163986.877,9,1.75445742,18.3980203,0,0,0,0,-410049.946
29574.6962,76286.1049,7398586.87,466096.096,8,0.403450357,44.0214172,0,0,0,0,-47601.1144
5567.554,31382.4502,9797909.16,94444.1333,2,0.643240143,3.47950514,0,0,0,0,-27693.4085
8085.19625,761127.299,385934.712,50889.8205,4,1.54349725,12.3006554,0,0,0,0,-753219.655
2166016.97,175244.902,3364188.86,87933.3829,3,2.52911373,2.61027223,60500.7711,80612.9769,80667.6948,2,-660947.152
21594.8298,325381.963,1763593.9,22878.6394,4,1.64867996,9.23028292,0,0,0,0,-304653.781
1645.18773,429874.431,5425763.26,58868.9684,3,0.213796027,1.38338829,0,0,0,0,-428574.998
1332.40925,139025.864,6795534.62,761183.469,7,0.290603002,6.60148615,0,0,0,0,-138282.069
10346.8411,477019.912,1132897.81,263367.364,5,0.127906324,10.392517,0,0,0,0,-466716.262
226900.192,583895.691,2852248.99,14168.6944,7,2.1683946,13.3261972,0,0,0,0,-358838.957
191367.906,50184.0272,1624415.45,515024.261,9,1.83562626,2.56373187,335149.006,367197.459,372387.784,2,-13415.6484
700.123272,178297.567,7154194.82,61643.1795,6,0.315545814,12.010027,0,0,0,0,-178270.313
34491.8836,54370.1595,3629969.78,593320.681,4,2.36134674,7.36925237,0,0,0,0,-22433.1544
31928.7855,43089.6207,716972.25,118882.488,6,0.369482583,6.86268927,0,0,0,0,-11239.7946
656613.422,521197.71,3805298.95,251450.38,3,0.93841175,1.12787861,38496.0831,51181.5377,51328.1108,2,-44272.2431
809835.301,90226.4491,804558.28,92836.0347,4,1.86829399,8.40003881,65933.4878,82389.0239,82416.8597,1,-179486.589
549.522681,553448.612,435318.838,24496.6517,6,1.06532923,6.23839156,0,0,0,0,-553037.319
1939.74183,61721.8606,794251.077,180285.456,5,0.673004634,47.9357762,0,0,0,0,-59941.4435
328.753425,181010.653,2283375.18,261222.559,5,0.558822465,0.969464759,0,0,0,0,-181062.228
4355.04491,64236.0697,4035899.12,165053.911,9,1.29852367,5.89722341,0,0,0,0,-61443.0846
891133.073,567464.154,528843.114,19555.8099,9,1.69138552,2.9582647,6387.10536,7096.17638,7096.78373,1,-35902.8377
1055476.01,135299.39,9875014.55,282131.125,3,0.782163069,9.28685049,183355.566,243566.309,244474.088,2,-301413.818
196808.42,752305.099,411217.965,40067.4499,3,1.01677182,22.6206161,0,0,0,0,-555621.304
14991.3971,32168.272,4305242.07,113065.296,6,0.352712476,3.55904527,0,0,0,0,-17629.4866
238885.711,324454.658,1759923.82,540550.631,2,0.833176476,9.10371918,0,0,0,0,-86006.0048
78688.1862,192572.985,4010794.01,20946.257,2,0.828254145,8.48117736,0,0,0,0,-114874.95
9678.78242,63198.2163,556073.291,63964.0467,3,1.3837239,4.40998031,0,0,0,0,-53748.7787
163023.853,819359.218,1544607.26,216007.375,7,1.18211169,6.53686108,0,0,0,0,-656879.597
37510.9404,732797.851,504188.097,28878.0626,9,0.837344203,24.2695251,0,0,0,0,-695412.747
1360.06473,52451.4075,7669168.01,764585.844,5,1.54200845,2.90288686,0,0,0,0,-54616.2077
1849201.62,249418.228,3146568.48,840621.256,6,4.22501243,2.06200477,615351.097,710425.705,717909.614,2,-246561.748
34884.1283,85330.5986,3143308.66,241602.639,2,4.5487068,2.36061108,0,0,0,0,-54708.1661
319.049698,184509.21,1908900.92,372466.813,9,0.885127643,5.57559617,0,0,0,0,-184693.773
870.343912,237523.974,8879961.17,33969.4894,10,3.15542953,15.6384028,0,0,0,0,-245005.371
234366.223,288519.627,788619.087,31747.8468,5,0.708114942,12.3333302,0,0,0,0,-54319.852
4152.58764,44739.9889,5362544,900004.216,6,1.4569489,25.845789,0,0,0,0,-42916.1502
163855.535,664018.789,638017.66,51855.2406,8,1.30360911,12.7381529,0,0,0,0,-500411.16
486999.533,431339.018,7238447.09,13443.8457,10,1.71540828,6.8675802,1303.19395,1426.28382,1433.51334,1,-4907.70278
24085.3003,43296.5245,5265689.91,536128.109,3,5.26373815,12.8130658,0,0,0,0,-27472.6886
1952.77348,47433.9663,9993671.1,79567.3285,9,1.00788211,4.06289734,0,0,0,0,-48483.4111
2722790.16,117709.798,739271.788,56756.5716,9,1.52465555,8.82545863,48864.3245,54291.043,54293.6939,1,-289274.735
11177.0301,100975.646,499766.723,21142.2288,5,1.39253305,12.9623898,0,0,0,0,-90006.0498
22770.4754,812124.198,1098274.13,95349.2013,2,1.1544215,5.68876549,0,0,0,0,-789731.628
137243.989,59669.6913,2815576.89,28738.2584,8,0.963470122,3.15660418,14274.2784,16032.2054,16058.5632,1,-9453.96727
193417.654,962781.477,3845688.01,80427.8857,9,1.27896289,19.714606,0,0,0,0,-770829.842
1432.6847,308763.258,456345.448,384746.301,10,0.635098027,21.3074186,0,0,0,0,-307416.959
7927.01774,43494.1595,9646186.29,53879.0421,5,0.962799889,1.39059139,0,0,0,0,-38335.3525
1952.23459,64642.8659,5164093.66,84435.8484,10,1.28080916,1.7858481,0,0,0,0,-64662.0824
19412.0248,536689.664,588465.903,264374.873,3,1.05694186,11.0595381,0,0,0,0,-517463.026
2966.36184,668695.839,2647278.69,654819.375,9,0.366845291,17.8480492,0,0,0,0,-666018.939
642784.645,44987.6779,344306.325,456586.863,10,0.268485594,3.54512001,385966.35,424513.399,424562.985,2,-59700.1448
45383.1287,374570.638,2630242.87,553306.504,7,0.792493635,6.29265092,0,0,0,0,-329808.806
40889.2215,910197.284,6742641.07,463252.675,8,0.268504192,14.2052294,0,0,0,0,-869847.683
2935510.23,114648.258,1166489.12,515565.941,2,2.09027564,5.63818513,329956.511,494559.574,494934.766,2,-1406860.85
130353.757,382014.58,688855.483,68921.4939,8,1.05810557,19.714606,0,0,0,0,-251878.075
14123.2985,69018.3853,519186.774,124514.779,3,0.617107986,9.53028939,0,0,0,0,-54990.5844
135583.791,77305.8666,7047199.68,31919.1297,8,0.437177152,77.9151089,11988.114,13456.22,13486.6283,1,-7024.45907
4478.88839,488804.367,1160746.28,278768.486,3,0.905976083,19.5900753,0,0,0,0,-484638.923
491.516451,640663.816,1952471.72,626618.592,7,0.454927426,19.3379396,0,0,0,0,-640437.049
619.534958,165577.9,6800859.9,99179.1916,7,1.69368202,8.26124188,0,0,0,0,-168391.597
1376792.65,130688.974,7097384.37,766082.443,9,0.668312194,27.3367641,620477.84,686242.475,689419.823,2,-131925.06
8166.8591,482348.825,996700.093,28141.6002,5,0.598307593,5.9860329,0,0,0,0,-474359.71
67153.9339,176635.53,5088766.43,238031.771,6,2.40571918,5.79356885,0,0,0,0,-113130.521
981734.747,38504.7774,316790.843,10704.4285,9,1.88000362,8.46333245,9254.28329,10282.3002,10282.537,1,-104759.472
6362.67178,70699.6099,746200.516,92330.8846,2,1.80184204,4.34503942,0,0,0,0,-64737.6938
442.769588,45983.5225,425258.007,395661.786,8,1.35391693,10.5956687,0,0,0,0,-45712.3666
1910738.47,441896.165,2704269.02,316342.132,9,1.21616126,0.760389799,218511.051,242550.976,242790.057,2,-161489.74
34104.2964,122580.808,1424659.37,27210.6052,3,0.601538467,11.2936364,0,0,0,0,-88731.9474
798789.705,279499.523,4778909.7,27652.1901,7,0.808336832,10.4302151,15690.9941,17925.9155,17932.5647,1,-73800.2599
960.875506,56133.327,317063.278,857268.833,8,0.554782375,11.8874519,0,0,0,0,-55224.881
4820.74785,662668.891,657940.409,689205.71,5,0.962924179,31.0838465,0,0,0,0,-658036.98
886.069463,61180.4011,7344304.38,771459.977,7,1.56746064,9.84336713,0,0,0,0,-63725.6008
1967777.29,984171.567,638907.823,176972.984,4,0.280488329,10.5535213,70763.0157,88450.9959,88453.7697,1,-245849.524
511.388433,46809.0911,8633056.04,80162.2998,9,2.8900654,25.0144858,0,0,0,0,-53734.3932
39099.4635,411893.713,1442317.13,766999.671,6,1.62608213,18.2381732,0,0,0,0,-373493.304
1732.37959,522005.922,3167285.87,486350.054,2,1.17978356,5.71749323,0,0,0,0,-521387.317
9145.91312,90828.2542,332974.185,483910.393,10,1.58328207,27.9747466,0,0,0,0,-81839.4774
56699.6885,232564.707,929531.663,563406.92,7,1.29290829,18.5381532,0,0,0,0,-176223.23
11398.0615,696845.706,4229125.66,344411.199,8,1.61136069,6.57166195,0,0,0,0,-687478.836
18357.9963,864135.583,2817333.16,109735.276,5,0.787634277,1.68360276,0,0,0,0,-846438.996
532.614949,45213.4072,3792208.86,487984.837,10,0.156530895,6.2984312,0,0,0,0,-44857.7216
12430.7906,293562.747,3668252.82,25205.9237,10,0.37002204,12.9274546,0,0,0,0,-281536.527
1018503.69,30860.1131,1633863.15,275875.789,10,1.71891464,18.1276103,242670.736,266572.252,266937.809,2,-97194.1283
5981.7999,509362.873,6012345.73,534920.836,10,0.886592674,3.87307147,0,0,0,0,-504969.896
399669.595,105876.023,409181.909,70422.1739,5,1.67134257,11.2279185,43099.9867,51706.9305,51719.984,1,-58629.0281
101164.867,369486.759,3407399.01,233542.125,8,0.96879042,59.0343344,0,0,0,0,-269305.813
361874.409,296983.415,1400002.82,112879.445,5,0.220617256,82.5606959,16841.1213,20204.174,20209.3456,1,-12939.8882
304.067555,41906.7089,6672847.32,56112.3238,6,0.358039243,46.0565332,0,0,0,0,-42314.7549
81730.9648,120470.218,347788.811,31042.7855,10,1.78446255,3.13731211,0,0,0,0,-38924.2361
467162.379,839877.24,868389.757,11348.2546,2,1.34230697,2.33349585,0,0,0,0,-373062.296
589071.728,110797.413,6692371.31,865874.899,9,4.2852388,37.6079227,579049.697,601648.531,643388.552,2,-18332.2229
815.165676,187912.608,516968.697,12881.3111,3,2.54718496,14.3749887,0,0,0,0,-187489.936
2763.61352,718156.986,9899750.22,19086.2156,3,2.8704942,10.6930362,0,0,0,0,-723863.47
62954.6298,46685.6695,6308591.02,15425.2127,9,0.757969149,17.2040276,3266.67868,3600.55623,3629.64298,1,-1517.13153
63892.4043,150355.987,7143579.58,11146.4973,9,1.17603526,4.45164188,0,0,0,0,-88967.6366
5544.92777,226715.678,575500.126,29686.8121,5,1.00288744,13.4210924,0,0,0,0,-221342.781
109140.069,69331.1123,460297.656,539012.177,2,0.650095449,10.4988069,130442.02,195136.454,195663.03,2,-19699.5396
200192.813,555021.009,857675.937,334528.473,10,0.691689455,5.58668675,0,0,0,0,-355005.021
2135.7117,935132.851,329007.806,24585.8039,5,0.89558092,11.3384265,0,0,0,0,-933084.964
4331.17591,114030.165,1373440.6,84174.0842,5,0.857901904,3.48857219,0,0,0,0,-110050.19
285783.661,709178.122,665459.74,36431.8067,5,1.56912508,6.57257914,0,0,0,0,-423705.695
121650.98,470215.669,1037454.17,38742.2304,8,0.625031589,3.92441286,0,0,0,0,-348757.966
1441092.19,411241.077,6145396.98,22723.9221,4,1.02827583,7.25136622,12965.3982,16202.091,16206.7478,1,-256622.686
4430.02864,139640.582,1198265.56,57349.0599,9,0.989076321,14.5618123,0,0,0,0,-135563.81
17732.6509,143570.128,531365.495,20197.8194,5,1.14154498,4.8249537,0,0,0,0,-126018.276
116136.82,42642.3088,430218.752,239679.222,2,3.29118701,4.59566593,100029.134,149236.658,150043.701,2,-35946.6833
2268645.1,257432.042,570380.447,376295.333,3,1.16318501,17.8420165,250124.36,333433.439,333499.146,2,-669810.147
213325.456,317648.875,838180.341,142259.423,9,0.972045528,5.31071679,0,0,0,0,-104566.265
1220.3472,49498.9839,4346370.98,782445.389,4,1.42343523,13.3261972,0,0,0,0,-50122.6836
7865.48086,753828.012,1207262.12,274467.601,3,0.546483289,4.06311122,0,0,0,0,-746159.178
14448.1098,40043.511,965632.439,335995.167,3,0.458202542,10.7178278,0,0,0,0,-25727.2806
2139.6147,55206.7673,4620831.35,15223.6912,9,1.07165024,2.51243925,0,0,0,0,-54543.1332
582.858898,36756.5076,7935845.41,940322.576,4,0.5408115,5.96009459,0,0,0,0,-37452.8727
22354.6764,303668.292,8752881.97,113066.814,2,0.859256966,21.0283154,0,0,0,0,-283555.337
634644.005,163766.996,452866.785,881315.517,3,0.137149703,33.362796,490329.381,653673.086,653772.508,2,-156857.358
805975.336,127566.814,3674856.24,243191.404,2,3.46489323,3.507905,134804.523,200805.868,202206.785,2,-330295.925
93893.1007,193471.173,8841086.13,61081.5761,4,1.01352565,5.13174601,0,0,0,0,-102248.912
11419.8296,239762.255,780052.69,54021.1479,5,0.335218631,3.21068855,0,0,0,0,-228420.365
1257.72023,387687.463,525694.745,334664.444,2,0.379100053,23.5931569,0,0,0,0,-386489.144
18359.2242,753935.075,9437025.02,496529.116,7,0.519339129,0.684240883,0,0,0,0,-737036.66
2816.09907,350027.192,2709705.04,466674.781,4,0.160722411,16.7649014,0,0,0,0,-347340.902
61793.875,393325.957,1974840.37,100407.448,5,3.81286202,11.9679475,0,0,0,0,-333776.432
720.088196,46672.8852,2201084.12,144748.649,10,1.48058805,9.99176289,0,0,0,0,-46924.1528
1654.03386,392317.812,918321.555,94951.8142,7,4.1352359,1.14071687,0,0,0,0,-391795.664
183724.547,43924.7159,2614279.78,158463.563,6,0.557481028,3.76853748,102807.374,119658.144,119941.936,2,-22842.8632
351750.997,94938.6793,6144398.88,36609.9435,4,0.79471318,19.171926,21243.1264,26521.0815,26553.908,1,-63444.62
32457.6078,886035.786,533394.513,59229.5084,7,0.159413418,3.04039491,0,0,0,0,-853603.522
25620.4836,711694.593,2175042.27,10782.0547,10,1.36471963,20.5828403,0,0,0,0,-686958.856
466260.323,76996.6918,2823330.72,329858.788,2,3.64882139,16.2727048,179868.478,266342.494,269802.717,2,-185667.126
5735.49578,549950.874,1889996.61,220051.888,5,1.18426116,6.396073,0,0,0,0,-544882.516
8357.9285,282189.98,2228285.65,46405.7202,4,1.90249315,7.55923875,0,0,0,0,-275095.627
481724.448,775826.69,2129002.04,85413.3017,10,1.04063335,7.23035372,0,0,0,0,-294762.603
134108.563,399278.985,1654374.3,842897.505,5,0.309412294,2.41452153,0,0,0,0,-265322.995
779283.634,184373.729,4698099.36,503435.598,5,1.22596518,2.43168788,317298.677,378262.972,380758.413,2,-113973.379
44531.327,260028.955,729309.619,10498.1801,10,1.43594448,6.02961425,0,0,0,0,-215809.773
224735.239,87699.2128,473773.932,240184.095,10,0.996262614,5.54956231,132889.011,146040.804,146177.912,2,-13548.2918
724604.856,477094.284,2224220.58,90269.2532,10,1.70606987,3.4288517,27880.107,30634.2107,30668.1177,2,-24338.3119
664288.351,397954.167,860173.141,784348.015,3,1.68686483,14.0806174,234771.508,312071.883,313028.677,2,-87550.2365
8706.90479,47236.7576,2286753.07,793367.62,3,1.47348937,26.3071223,0,0,0,0,-39534.1766
2599665.45,52224.3198,370742.802,99051.6408,8,0.871456343,18.7932652,86272.0567,97053.7614,97056.0638,1,-318350.122
2212707.5,521224.704,1201665.82,751303.45,7,1.45577714,5.74610548,501863.646,572957.483,573558.453,2,-239541.026
692134.953,405375.163,8307530.91,37965.0356,9,0.793284037,9.00778663,14050.6469,15595.324,15611.8299,1,-31309.3817
3740.94771,507402.705,312211.393,43640.1711,8,0.747787558,6.36954858,0,0,0,0,-503731.345
182884.168,31844.8041,3540661.78,14030.2009,3,0.293558663,19.9163884,8671.36346,11558.7337,11561.8179,1,-50189.5744
73491.0313,209076.961,2189370.71,89888.9786,2,0.516455722,7.77354742,0,0,0,0,-135922.953
588310.998,362049.669,1577870.19,915168.325,3,1.22026514,21.2063377,261945.781,347409.333,349261.042,2,-73633.7482
14837.5785,574943.29,356196.386,13848.9149,8,2.73307851,13.4045964,0,0,0,0,-560395.879
385.71834,65890.0007,2462278.19,16310.4417,5,0.949045334,8.74309877,0,0,0,0,-66200.7991
381.421539,42340.7002,540130.095,123251.069,5,1.18550743,4.9398221,0,0,0,0,-42150.1365
1811492.8,184821.435,1598862.81,82121.673,3,1.29653355,10.9383793,55277.2532,73689.2397,73703.0042,1,-541612.926
718750.996,49070.6297,2241240.8,866825.455,3,0.759461965,6.33575416,603126.874,801287.014,804169.166,2,-219859.909
24942.2966,719323.809,1200462.41,50490.6963,7,1.67591863,16.101572,0,0,0,0,-694981.178
10976.9106,232084.644,962456.497,145999.196,8,2.05150989,10.4227864,0,0,0,0,-221696.255
962353.694,167590.066,834656.678,965215.261,7,0.671774498,3.06751974,696659.53,795396.454,796182.32,2,-112617.442
2591920.26,257690.516,902582.476,361583.193,5,2.3639072,2.5624661,271147.978,325204.158,325377.573,2,-465226.288
47138.3893,317851.968,2897531.28,208358.338,3,1.0632755,4.05410104,0,0,0,0,-271631.872
73283.077,70781.0436,396473.443,49420.2454,3,0.297759786,2.49785765,1247.51134,1661.63606,1663.34846,1,-818.895859
2310.52711,220686.442,383206.738,11986.6152,9,1.73880955,18.6121064,0,0,0,0,-218574.521
182076.473,935518.1,499971.46,689548.221,5,1.95666076,9.74627047,0,0,0,0,-753733.214
2763372.21,365834.766,7122966.02,35813.8327,10,4.72870459,9.81040442,28108.1917,30887.5066,30919.0108,1,-236073.839
249399.578,40248.4339,428565.172,42325.1275,4,0.534389711,22.4241501,28384.5319,35477.5484,35480.6649,1,-52247.7643
1312206.66,458448.954,3990580.01,117769.121,4,1.67184629,6.64769388,61092.8091,76275.7019,76366.0114,2,-211683.17
733.176856,368285.359,7750665.07,11382.8246,6,0.475679519,41.4707908,0,0,0,0,-368651.089
1729686.78,45557.1327,5722283.9,269514.299,4,1.13554354,2.69780664,209323.411,261177.392,261654.263,2,-416715.922
38552.4544,289092.905,3515485.54,42794.5208,8,2.0218828,6.16856313,0,0,0,0,-252659.049
6373.48809,55437.4445,7827497.85,763285.009,6,1.84237197,2.72662602,0,0,0,0,-53362.3655
1880.24109,121539.327,1941510.4,998966.803,9,2.09113872,6.50491438,0,0,0,0,-120869.21
156630.437,473565.866,2391069.58,10020.9991,7,0.343952537,7.90594162,0,0,0,0,-317180.56
95283.618,84322.2157,2554381.93,60948.4568,3,0.88544761,7.43901274,4922.8463,6520.5831,6563.79507,1,-3338.78438
2846436.31,768612.302,8296155.77,17760.3486,10,1.3703633,7.80235213,11765.3214,12938.9398,12941.8535,1,-206929.806
390.981007,50597.192,859326.239,55002.8166,8,1.96071182,4.45282333,0,0,0,0,-50708.414
1200.53135,36691.9637,481949.415,243976.263,9,0.384184711,6.86498058,0,0,0,0,-35546.6209
385.47707,149885.464,485829.59,20775.2757,9,0.313772342,17.5869749,0,0,0,0,-149545.424
349853.474,783238.635,1440947.17,27173.4746,8,0.587242194,5.55318071,0,0,0,0,-433637.377
18365.088,30440.0843,5592977.51,678643.857,5,2.83981479,11.1210322,0,0,0,0,-16809.1305
82137.9433,474116.475,1246660.09,22989.5982,10,0.822299663,5.9860329,0,0,0,0,-392284.084
2606513.82,811605.43,4520500.55,45527.5944,9,0.59092721,5.20223767,28201.4615,31331.5516,31334.9572,1,-199129.142
8191.56109,176539.188,1649115.17,519264.383,7,3.55764322,16.8352345,0,0,0,0,-170096.349
9050.62073,49970.2527,1964194.91,153228.917,6,0.933672185,12.1311193,0,0,0,0,-41466.2532
156577.682,244345.638,4660472.46,784760.984,4,1.02325241,6.02752637,0,0,0,0,-89189.369
412408.471,46668.7596,2312864.91,11963.4393,8,1.97417842,5.6469434,9393.53801,10562.8362,10567.7303,1,-45357.5034
223632.875,55297.5921,6078130.2,908356.125,5,0.633327605,9.18025475,550957.791,643858.727,661149.349,2,-28190.7494
7021.29755,146112.295,5765647.85,129227.883,5,2.31800504,1.68360276,0,0,0,0,-143074.544
9074.37294,626354.531,4822792.76,47979.628,4,1.49637419,29.3756545,0,0,0,0,-619431.187
790.740036,50721.2434,529705.018,18985.0132,6,5.23699837,8.40041802,0,0,0,0,-50757.3481
8523.00561,58950.6425,415802.807,12121.8518,7,1.24233022,5.88154267,0,0,0,0,-50581.6054
416281.196,255568.493,4423449.87,142089.855,8,0.947527864,47.1975822,48262.3055,54134.4571,54295.0937,1,-19402.1682
418.885057,769070.955,5499276.08,171538.267,4,2.16261805,24.7159586,0,0,0,0,-772196.879
52266.8646,329603.72,4596579.75,219283.282,8,3.11227802,6.21060273,0,0,0,0,-281600.889
6407.62349,76668.0031,1496991.84,19026.4687,10,1.33850043,18.749509,0,0,0,0,-70857.6149
1467.35754,317192.537,1067948.39,601751.335,9,1.19354988,8.94064329,0,0,0,0,-316105.105
2649471.26,243160.419,1843808.17,34858.3863,7,0.891605141,6.67154125,27695.1105,31649.9642,31651.5549,1,-343550.51
391611.155,896708.779,3610760.27,678260.345,7,1.4746352,12.2493316,0,0,0,0,-506684.674
1047.30957,109461.832,2951586.32,108822.128,10,0.37245253,10.9365911,0,0,0,0,-108742.19
797.605062,274887.321,916533.915,248250.45,8,0.982896376,10.9783457,0,0,0,0,-274358.228
643.716292,565369.288,1729751.56,935263.439,10,1.38475729,14.1570129,0,0,0,0,-565439.517
133848.065,59332.0255,984179.826,37317.9665,4,1.13491179,6.33320329,16537.3653,20654.7533,20671.7066,1,-18469.7302
531.298255,177811.368,3127834.64,383755.836,7,2.04356762,1.10008323,0,0,0,0,-179185.268
2123.54826,152020.215,6720682.89,14923.8043,9,3.39853628,18.8964505,0,0,0,0,-156704.561
6657.06994,54115.7809,1140639.11,138263.745,3,0.526430744,6.42526401,0,0,0,0,-47637.6878
43884.8658,75364.9322,5350922.42,295773.887,5,1.11707363,6.04372166,0,0,0,0,-33261.6981
13098.083,811915.733,6515119.43,91606.8796,6,1.24667733,3.24828525,0,0,0,0,-801238.589
585.039396,962276.528,6224455.05,152369.585,8,2.26791851,13.4045964,0,0,0,0,-965899.106
149934.461,66318.051,2415631,87801.9061,4,1.10981032,10.7349977,38692.9876,48206.1051,48366.2345,1,-20361.598
2403107.59,402821.07,1768891,236477.49,10,0.744020118,16.0038717,178868.289,196708.511,196755.118,2,-199468.319
313.410262,784940.679,1026455.86,56501.8147,9,1.9070474,5.69370191,0,0,0,0,-785210.726
14922.6111,76213.413,1019006.34,10352.9692,5,0.836238893,7.55923875,0,0,0,0,-61544.7908
505.868016,34894.9196,1235243.31,63965.6026,8,0.974057714,1.70400922,0,0,0,0,-34747.68
3302.92245,620153.195,6681026.68,251936.033,8,0.94071875,7.4573624,0,0,0,0,-618723.587
34052.8018,52371.3259,9870277.23,22426.0786,10,5.02220332,3.31530459,0,0,0,0,-33093.6476
2299.85039,160735.984,6875553.33,77702.9217,2,0.706306922,2.33349585,0,0,0,0,-159883.6
12406.1248,347643.689,2753335.54,18865.9836,2,1.38077265,9.94302379,0,0,0,0,-336370.718
1486353.96,768111.77,3369043.81,57147.9691,5,0.773043482,3.20395749,22983.8685,27573.9868,27580.6422,1,-143285.428
1345.51456,543449.251,409905.708,703259.008,8,0.961118838,5.35115585,0,0,0,0,-542221.164
3222.97817,109442.024,619418.123,27177.6891,4,0.870991544,20.2163046,0,0,0,0,-106379.853
32446.9092,653404.96,2043112.34,774461.31,2,3.1214318,9.94083118,0,0,0,0,-622858.925
90592.9206,48952.2813,599705.695,333579.34,4,0.630617827,7.39028357,122035.697,152151.98,152544.621,2,-10248.3662
850.512154,549091.591,384805.723,17631.9646,4,0.993588007,7.67906054,0,0,0,0,-548355.039
51526.4465,378694.814,1175791.46,460056.053,8,1.39649579,7.9812586,0,0,0,0,-327657.782
1787577.87,35481.1594,2193052.03,11650.7793,8,0.567264682,4.49038356,10148.3989,11416.6371,11416.9487,1,-218911.942
16495.5728,907211.836,7969425.64,98838.8096,3,1.18265164,2.74472874,0,0,0,0,-893525.519
145903.546,40760.6508,3293162.22,840676.128,6,0.213417205,2.56585248,514622.646,596158.388,600393.087,2,-16625.4315
1579.89088,421175.932,8065456.15,254375.542,8,3.60513944,11.3072362,0,0,0,0,-428262.835
8534.66537,44487.3534,1398241.06,18940.8407,6,0.368966079,11.1396366,0,0,0,0,-36106.4595
1029.52765,40959.5179,2457445.7,67087.1335,7,1.19393468,4.06311122,0,0,0,0,-40804.5148
95609.0186,79031.4876,5096807.08,27084.428,7,1.26613425,9.28685049,3620.85738,4091.23829,4138.12272,1,-1903.69017
3993.79622,45152.9234,3968122.75,26226.3837,9,1.72019408,10.1116661,0,0,0,0,-43193.685
33947.7342,129257.156,925224.658,675800.898,4,0.58294985,4.87880447,0,0,0,0,-95470.1845
31412.2625,131403.829,7428110.99,576836.215,7,1.6340238,9.87449175,0,0,0,0,-103609.363
208082.272,185805.226,1409190.2,35968.9175,7,0.326278019,10.0240843,3348.2516,3824.56549,3826.57326,1,-3149.58111
2498.2265,443664.265,1819788.63,47042.2799,9,1.56795432,3.46179848,0,0,0,0,-442016.514
5931.64517,236479.176,931161.867,51346.6884,2,0.750770505,8.50607238,0,0,0,0,-230755.903
1747.43306,94943.8211,975064.235,68192.44,7,2.69054064,3.87307147,0,0,0,0,-93978.3403
923105.957,249464.274,2113576.36,468965.041,2,2.29331077,23.0739369,226695.283,338556.808,340042.924,1,-331691.842
443627.546,374934.956,1332526.88,94676.9493,9,1.67489302,9.98609935,13055.4878,14485.2698,14506.0975,1,-7450.07011
56673.8636,65575.325,9725262.37,988820.077,2,1.55373955,3.15660418,0,0,0,0,-13405.3436
163403.174,47972.9111,330183.069,60785.1856,9,1.07430452,7.25136622,38601.311,42878.0728,42890.3456,1,-12777.1713
107938.454,849214.637,374020.059,189065.944,2,0.964772176,2.81788483,0,0,0,0,-741383.737
2076.26456,306887.197,1341515.61,144276.252,5,1.21133033,9.98989093,0,0,0,0,-305295.29
30231.2121,760824.477,7410079,106124.851,7,0.568440221,27.1148845,0,0,0,0,-731848.76
301.052441,494139.64,1287351.29,111161.105,2,0.468239734,0.493904441,0,0,0,0,-494018.257
147452.946,412168.9,6367469.84,979169.022,9,2.40241777,4.93046085,0,0,0,0,-269275.513
1979.88323,311353.619,1703499.49,185130.68,4,0.245162499,8.78835742,0,0,0,0,-309498.217
16654.661,36756.2969,317990.89,776430.604,8,0.690917773,9.99176289,0,0,0,0,-20167.1219
31790.2523,81105.0941,371422.89,390234.895,3,0.37824286,12.7107709,0,0,0,0,-49356.716
14398.066,756129.628,427115.048,12622.1961,5,0.751714237,12.0395879,0,0,0,0,-741827.26
88391.7959,90774.0302,788772.089,727525.343,8,2.92450941,15.6445501,0,0,0,0,-3069.79657
1956214.99,244502.337,9431770.2,66534.1964,8,0.534670751,17.7496248,51688.7354,58129.3382,58149.8273,1,-213098.276
1032304.36,97883.9305,573896.73,227858.923,3,0.599824734,20.4267854,154652.492,206174.728,206203.322,1,-311266.522
1082852.61,224783.384,670905.478,674399.724,10,1.42483569,22.3384497,485160.047,533114.81,533676.052,2,-84786.1282
1490738.69,33249.6312,3308480.23,32008.8201,9,0.723411443,6.78181465,28149.1061,31273.0389,31276.7846,1,-161670.118
2198012.39,846431.299,300058.976,292115.979,9,0.5793355,4.46752066,161650.01,179603.492,179611.122,2,-150106.128
1418886.29,60679.1017,8885876.1,316181.196,5,1.99704253,2.82168176,249522.034,297327.062,299426.441,2,-259200.671
1404.58666,126361.966,489851.123,181643.749,10,0.373941716,9.13980556,0,0,0,0,-125011.977
2182.51728,98369.5571,860475.027,638310.78,7,0.64382678,9.84336713,0,0,0,0,-96352.1656
486.326538,53417.2341,1424041.9,11067.5794,6,1.39460226,7.62437271,0,0,0,0,-53522.8515
34549.8376,127510.687,1372828.45,364125.486,10,1.17031769,13.584973,0,0,0,0,-93439.7302
14188.7479,187954.692,586206.66,29957.4835,10,0.784686336,9.95517959,0,0,0,0,-173903.049
368282.698,461343.833,991894.169,44894.6503,6,2.17509084,3.48251701,0,0,0,0,-93704.193
97131.0065,384008.543,3594941.44,691618.892,4,2.42413135,10.209385,0,0,0,0,-289475.036
1617.5548,498855.926,362774.759,785747.987,3,0.833799396,5.97897812,0,0,0,0,-497328.53
882261.198,154734.577,862383.271,13392.5256,6,0.556813206,33.2228156,9464.03776,11041.102,11041.3774,1,-121209.414
5012.36653,449612.829,326922.284,16123.1128,8,0.787313771,6.69101805,0,0,0,0,-444677.181
31960.926,168625.868,428456.086,186169.988,10,0.949191715,10.3701406,0,0,0,0,-136786.16
394637.735,33100.975,430061.603,58541.5539,10,0.881059383,3.45114387,48735.718,53603.0153,53609.2898,2,-36095.8505
4037.00872,98788.6431,392537.934,262853.565,2,0.970865116,40.6052619,0,0,0,0,-94865.2264
942.829924,45893.8214,343264.226,484436.381,8,0.726766226,6.65733038,0,0,0,0,-45025.35
67448.6089,56677.5421,566973.459,21310.4348,6,0.669186578,7.58861539,2885.73893,3363.7632,3366.69542,1,-1765.50013
