floor_rate,floor_agg,coupled_t_rate,coupled_t_agg
0.056004,47.460895,0.029863,25.307055
-0.001063,-0.900588,0.009954,8.435887
0.035877,30.404157,0.052490,44.483196
0.056403,47.799022,0.019517,16.540017
0.024272,20.569206,0.033094,28.045170
0.010177,8.624172,0.027274,23.113277
0.048333,40.959655,0.046443,39.358150
0.046526,39.428328,0.034054,28.858762
0.007874,6.672578,0.015858,13.439300
0.003405,2.885840,0.082713,82.878340
0.002182,1.849300,0.053634,45.451976
0.016085,13.631236,0.069832,69.971167
0.003257,2.760258,0.018166,15.394917
0.043402,36.781503,0.039021,33.068252
0.035562,30.137453,0.018314,15.520213
0.029894,25.333892,0.024083,20.409571
0.059365,50.308964,0.014182,12.018746
0.027320,23.151990,0.019872,16.840574
0.025051,21.229885,0.065464,55.477927
0.008103,6.866558,0.024615,20.860114
0.033595,28.470407,0.058447,58.563751
0.011116,9.420157,0.005020,4.254584
0.012600,10.677575,0.005583,4.731520
0.064015,54.249397,0.012557,10.641047
0.008290,7.025069,0.014221,12.051685
0.020678,17.523369,0.038149,32.329285
0.065272,55.314566,0.019889,16.854775
0.031621,26.796960,0.007396,7.410487
0.036065,30.563496,0.077797,65.929212
0.033015,27.978561,0.015071,12.772067
0.010585,8.970210,0.024324,20.613042
0.038397,32.539407,0.030310,30.370085
0.065609,55.600674,0.017111,14.500709
0.026452,22.417015,0.055320,46.881469
0.031056,26.318100,0.014431,12.229214
0.058908,49.921984,0.039415,33.402629
0.022947,19.446831,0.026502,22.459431
0.034747,29.446413,-0.005360,-4.542069
0.022473,19.044955,0.065765,55.732951
0.050143,42.493714,0.005606,4.750733
0.013959,11.829616,-0.004685,-3.970052
0.049239,41.727678,0.035025,35.094909
0.029126,24.682760,0.014867,12.599222
0.012279,10.405888,-0.004886,-4.140491
0.009581,8.119551,0.028892,24.484347
0.016459,13.948527,0.015199,12.880415
0.029952,25.382817,0.074011,74.158948
0.029128,24.684950,0.044566,37.767238
0.041947,35.548450,0.043494,36.858975
0.049525,41.969773,-0.001909,-1.618201
0.012492,10.586700,-0.005146,-4.361333
0.057154,48.435491,0.040648,34.446952
0.033290,28.211971,0.034797,29.488626
0.019532,16.552480,0.015249,12.922649
0.028435,24.097574,0.044602,37.797837
0.004506,3.818425,0.005724,4.851196
0.010690,9.059552,0.006306,5.344195
0.029475,24.978537,-0.000573,-0.485306
0.035479,30.066997,0.018463,15.646611
0.027287,23.124137,0.015951,13.518010
0.028605,24.241753,0.008978,7.608653
0.029229,24.770503,0.058570,49.635226
0.035722,30.272559,0.018833,15.960195
0.053743,45.544773,0.006427,5.446508
0.044454,37.672809,0.023477,19.895606
0.050838,43.082832,0.040703,34.493943
0.027201,23.051511,0.017984,15.240511
0.052522,44.510036,0.049783,42.189110
0.033094,28.045322,0.045459,38.524108
0.054164,45.901799,0.049148,41.650276
0.020240,17.152086,0.033771,28.619443
0.016882,14.306723,0.050853,50.953982
0.010200,8.643607,0.008378,7.100034
0.018256,15.471413,0.018593,15.756582
0.022933,19.434882,0.015909,13.482308
0.021522,18.238596,0.012394,10.503521
0.017265,14.631640,0.028219,23.914047
0.026516,22.471118,0.062830,53.245746
0.047067,39.887256,0.044318,37.557208
0.051920,43.999731,0.046950,39.787985
0.018251,15.466786,0.059938,50.794601
0.005367,4.548489,0.023285,23.331583
0.003348,2.836949,0.021644,18.342571
0.006120,5.186197,0.020165,17.088889
0.028394,24.062818,0.053450,45.296269
0.023190,19.652508,0.024295,20.589083
0.006478,5.489587,0.065697,55.675374
0.008247,6.988746,0.029916,25.352318
0.005919,5.016161,0.051768,43.870551
0.048626,41.208265,0.015692,13.298097
0.024241,20.542794,0.064139,64.266937
0.047067,39.887067,0.014875,12.606256
0.004687,3.971717,0.016469,13.956843
0.025144,21.308152,0.000647,0.548553
0.044571,37.771902,0.066850,56.652472
0.031020,26.287909,0.007662,6.493067
0.031338,26.557558,0.050675,42.944895
0.038671,32.771899,0.015230,12.906452
0.056252,47.671230,0.033405,28.308777
0.012351,10.466811,0.047125,39.935869
0.014217,12.048209,0.014001,11.865544
0.028883,24.476720,0.010560,8.949238
0.052133,44.179877,0.031933,27.061517
0.052626,44.598019,0.013402,11.357902
0.016682,14.137103,0.017747,17.782000
0.052339,44.355138,0.038864,32.935255
0.054481,46.169696,0.056894,48.214967
0.033817,28.658488,0.047715,40.436450
0.026584,22.528848,0.012486,10.580923
0.052634,44.604916,0.098440,98.636851
0.007976,6.759702,0.012500,10.593188
0.016756,14.200276,0.050690,50.791443
0.013898,11.777600,0.059713,50.603836
-0.003078,-2.608769,0.017409,14.753056
0.055435,46.978263,0.021765,18.445100
0.023553,19.959716,0.036163,30.646047
0.043692,37.027086,0.030738,26.049245
0.023559,19.965431,0.039612,33.568963
0.016069,13.617724,0.023392,19.823802
0.020815,17.639603,0.039369,33.363444
0.006287,5.328228,0.030441,25.797561
0.021858,18.523553,0.001264,1.071294
0.049994,42.367897,0.058128,49.260560
0.031721,26.881991,0.018162,15.391296
0.005015,4.250038,0.047967,40.650103
0.029077,24.640974,0.037377,31.674981
0.060263,51.070371,0.024850,24.899374
0.044546,37.750864,0.000048,0.048280
0.025316,21.454115,0.056558,47.930495
0.030474,25.825384,0.031412,26.619927
0.029048,24.616564,-0.012274,-10.401450
0.019238,16.303074,-0.001688,-1.430375
0.042136,35.708437,0.065841,55.797250
0.031476,26.674359,0.042339,35.879985
0.026014,22.045975,0.023968,20.311405
0.053307,45.175557,0.029794,25.248794
0.032626,27.649100,0.025158,21.320560
0.055116,46.708427,0.046308,39.244141
0.016998,14.404909,0.016953,14.366551
0.021831,18.501124,0.020689,17.533042
0.054295,46.012299,0.020500,17.372820
0.053355,45.215895,0.012731,10.788550
0.030317,25.691846,0.017058,14.456240
0.022626,19.174330,0.050704,42.968900
0.032936,27.911871,0.015408,13.057707
0.040386,34.225211,0.010614,8.995115
0.047454,40.214939,0.053342,45.204633
0.010958,9.286565,0.057175,48.453157
0.025581,21.678971,0.045232,45.322195
0.022424,19.003103,0.028264,23.952122
0.047920,40.609771,0.023679,20.066605
0.031219,26.456229,0.020818,17.642527
0.027698,23.472503,0.034849,29.532708
0.031437,26.641057,0.024101,20.424266
0.054292,46.009472,0.027253,23.095702
0.059889,50.752956,0.065191,55.245971
0.045550,38.601406,0.030073,25.485844
0.015307,12.972044,0.021096,17.877707
0.027552,23.348884,0.030530,25.872765
0.023430,19.855609,0.026526,22.479719
0.040198,34.065696,0.027997,23.726512
0.023615,20.012990,0.041432,35.111232
0.012690,10.754245,0.019086,16.174899
0.051253,43.434654,-0.011166,-11.188117
0.025712,21.789600,-0.025573,-25.623580
0.017614,14.927286,0.028584,24.223204
0.022711,19.246467,0.023670,20.059238
0.006114,5.181598,0.030400,25.762663
-0.000143,-0.121138,0.026284,22.274090
0.001960,1.661103,0.011050,9.363960
0.019877,16.844693,0.032364,27.427294
0.009097,7.709517,0.007342,6.222306
0.022508,19.074542,0.024140,20.457903
0.024090,20.414761,0.007158,6.066375
0.048576,41.165514,0.063881,54.136221
0.054677,46.336479,0.018204,15.427335
0.017033,14.434770,0.028890,24.482625
0.013782,11.679369,0.022067,18.700673
0.003004,2.545717,0.039420,33.406345
0.023340,19.779765,0.007268,6.159586
0.058303,49.408783,0.028576,28.633331
0.057125,48.410439,-0.002953,-2.502190
0.022006,18.648839,0.010474,8.876196
0.057158,48.438378,0.032050,27.160587
0.033560,28.440883,0.047073,39.892510
0.011959,10.134537,0.057820,48.999708
0.029887,25.327888,0.011853,10.044493
0.032996,27.962442,0.021754,18.435783
0.028222,23.917115,0.021408,18.141848
0.020905,17.716157,0.034703,29.408828
0.008464,7.173193,0.041318,35.014729
0.029756,25.217093,0.024746,20.970768
0.051180,43.372973,0.041910,35.516899
0.045315,38.402231,0.028516,24.165834
0.028151,23.856248,0.018267,15.480534
0.017225,14.597008,0.050701,42.966706
0.025432,21.552526,0.038835,32.910403
0.025241,21.390812,0.065674,65.805125
0.014053,11.909292,0.039739,33.677330
0.037387,31.683783,0.031217,26.455336
0.030937,26.218009,0.006954,5.893383
0.035708,30.260596,0.048440,41.050857
0.025247,21.395261,0.036775,31.165128
0.034099,28.897055,0.033089,28.041447
0.013620,11.542050,0.067514,57.215125
0.005316,4.504639,0.040699,34.490611
0.041011,34.754458,0.042865,42.950403
0.036687,31.090424,0.025604,21.698152
0.012180,10.322183,0.050602,42.882753
0.018932,16.044139,0.011690,9.906728
0.034114,28.910110,0.056152,47.586537
0.011803,10.002845,-0.056514,-56.626887
0.007583,6.426255,0.025021,25.070477
0.022548,19.108282,0.025374,21.503221
0.007254,6.147332,0.010616,8.996533
0.043264,36.664355,0.001011,0.856738
0.036811,31.195223,0.008378,7.099953
0.042929,36.380138,0.022203,18.815606
0.056537,47.912052,0.024299,20.592424
0.032759,27.761836,0.017302,14.662648
0.048586,41.174620,0.039652,33.602845
0.053772,45.569151,0.015179,12.863148
0.027643,23.425799,0.034793,29.485560
0.048344,40.969232,0.006269,5.313101
0.040676,34.471222,0.018894,16.012143
0.048184,40.833788,0.012650,10.720471
0.022803,19.324298,0.018840,15.965688
0.032302,27.374062,0.007961,6.746531
0.033355,28.267021,0.040472,40.552926
0.049561,42.000350,0.028689,24.312594
0.032651,27.669948,0.045428,38.498351
0.002308,1.955828,0.025477,21.590436
0.024409,20.685401,0.016538,14.014883
0.030006,25.428308,0.063112,53.484019
0.054068,45.820401,0.066012,55.942324
0.013800,11.694847,0.021282,18.035771
0.021508,18.226915,0.046047,39.022899
0.053231,45.110926,0.022975,19.469949
0.025239,21.389245,0.008382,7.103722
0.029471,24.974991,0.010120,8.575966
0.029878,25.320586,0.011276,9.556004
0.021010,17.805240,0.049580,42.016584
0.017878,15.150538,-0.004856,-4.115026
0.040922,34.679527,0.060609,51.363169
0.023594,19.995103,0.051004,43.223241
0.051434,43.587545,0.033283,28.205803
0.021489,18.210708,0.048643,41.222695
0.050895,43.130858,0.010649,10.669792
0.025151,21.314244,0.028079,23.795768
0.049136,41.640603,0.015518,13.150366
0.015434,13.079976,0.010742,9.103684
0.009945,8.427575,0.026965,22.851400
0.028083,23.798972,0.034950,29.618762
0.011761,9.967202,0.000974,0.976377
0.037752,31.993444,0.006947,5.887674
0.021516,18.233408,0.027934,27.989548
0.030730,26.042556,0.000712,0.713843
0.004745,4.021450,0.004075,4.083596
0.029140,24.694621,0.045255,38.351305
0.032330,27.398424,0.035897,30.421128
0.026444,22.409622,0.058353,49.451061
0.007110,6.025217,0.020870,17.686206
0.055189,46.769741,0.026827,22.734656
0.017871,15.144938,0.008338,7.065672
0.050752,43.009847,0.003655,3.097046
0.018655,15.808904,-0.008010,-6.788433
0.014240,12.067447,0.038367,32.514337
0.048344,40.969398,0.026590,22.533498
0.033975,28.791999,0.054559,46.236090
0.038605,32.715981,-0.000645,-0.646595
0.009287,7.870659,0.012272,10.399652
0.032207,27.293516,0.030612,25.942114
0.051918,43.998230,0.006350,5.381384
0.003230,2.737304,0.065486,55.496679
0.012497,10.590215,0.022348,18.938672
0.045029,38.159985,0.023696,20.081132
0.012104,10.257208,0.056496,47.877421
0.015419,13.066814,0.016869,14.295522
0.022014,18.655722,0.024769,20.990266
0.018101,15.339502,0.047636,40.369375
0.013702,11.611689,0.008859,7.507731
0.057124,48.409887,0.043501,36.865075
0.017349,14.702773,0.001440,1.442667
0.063183,53.544186,0.002719,2.304140
0.036602,31.018223,0.007860,6.660754
0.020803,17.629899,0.022196,18.810033
0.030669,25.990634,0.022752,19.281024
0.029285,24.817613,0.019561,19.599946
0.034720,29.423383,0.021580,18.288437
0.034287,29.056954,0.047946,48.041448
0.019574,16.587975,0.035099,29.745148
0.025995,22.029753,0.024756,20.979365
0.037540,31.813624,0.052409,44.414514
0.009275,7.859738,0.009518,8.065782
0.023995,20.334444,0.045755,38.775234
0.032248,27.328418,0.025857,21.912342
0.024461,20.729826,0.049157,41.658041
0.044660,37.847531,0.001033,0.875535
0.018157,15.387118,0.038620,32.728959
0.023659,20.049994,0.023414,19.841944
0.011881,10.068843,0.038493,32.620996
0.005807,4.921124,0.020886,17.699805
0.021106,17.885987,0.041208,34.921599
0.012975,10.995801,0.032977,27.946594
0.021560,18.271079,0.026925,22.817758
0.027587,23.378598,0.044841,38.000555
0.009330,7.906703,0.028580,24.220518
0.057551,48.771637,0.059757,50.640806
0.047043,39.867050,0.033520,33.586519
0.003628,3.074598,0.001123,0.951478
0.030960,26.236728,0.003382,2.866037
0.031707,26.870083,0.043315,36.707203
0.040840,34.610295,0.021420,21.462733
0.019891,16.857006,0.011067,9.378618
0.009603,8.138324,0.043373,36.756830
0.059603,50.510649,0.053105,45.003829
0.017908,15.175803,0.017974,15.231767
0.026653,22.587287,0.043234,36.638641
0.001116,0.945863,0.030011,25.432994
0.035076,29.725211,0.052338,44.353774
0.022578,19.133358,0.028564,24.206451
0.002133,1.807642,0.085264,85.433634
0.015927,13.497528,0.004333,3.671903
0.023936,20.284321,0.012854,10.893127
0.041387,35.073450,0.036681,31.085200
0.018570,15.736878,0.032683,32.748065
0.021350,18.092991,0.039669,33.617346
0.051965,44.037724,0.037649,31.905378
0.048452,41.060524,0.024046,20.377909
0.011333,9.604379,0.033299,28.219424
0.033212,28.145936,-0.001896,-1.606518
0.049293,41.773374,0.016690,14.144381
0.024872,21.078206,0.069333,58.756813
0.054716,46.368787,0.023185,19.648562
0.036203,30.680137,0.006300,5.338791
0.020779,17.609246,0.030240,25.627030
0.023189,19.651440,0.026965,22.851385
0.041557,35.217346,0.025252,21.399523
0.036109,30.600852,0.030016,25.436837
0.002921,2.475302,0.061388,52.023120
0.026238,22.235391,0.015038,12.743856
0.003682,3.120110,0.044532,37.738648
0.026984,22.867247,0.011975,10.148090
0.008046,6.818880,0.028660,24.287928
0.013445,11.394388,0.020503,17.375666
0.060423,51.205690,0.051332,51.434213
0.047757,40.471495,-0.002354,-2.358820
0.010545,8.936743,0.037502,31.781048
0.046115,39.079898,0.021835,18.504369
0.015705,13.309115,-0.014140,-11.982894
0.011793,9.993734,0.012473,10.570216
0.049839,42.235774,0.017156,14.539057
0.016875,14.300641,0.068635,68.771883
0.030778,26.082814,0.047888,40.582875
0.030504,25.850925,-0.020373,-20.414127
0.027090,22.957820,0.013498,11.438791
0.035131,29.771937,0.054016,45.776099
0.008527,7.226165,0.034877,29.556301
0.029600,25.084691,0.045520,38.576186
0.047438,40.201607,0.049327,41.802205
0.052030,44.092907,0.063400,53.728587
0.034241,29.017873,0.055224,46.800089
0.023778,20.150857,0.024549,20.804296
0.058063,49.205472,-0.028752,-28.809040
0.021929,18.584090,0.022186,18.802001
0.006740,5.712069,0.056838,48.167549
0.055432,46.976107,0.028992,24.569583
0.022815,19.334738,0.036948,31.311892
0.060145,50.969984,0.056689,56.801994
0.016393,13.891899,0.010095,8.554981
0.024030,20.364197,0.012655,10.724111
0.019558,16.574331,0.018458,15.641941
0.025548,21.650481,0.036695,31.097424
0.004366,3.700090,0.012075,10.233177
0.041422,35.103399,0.013613,13.639701
0.063719,53.999128,0.027625,23.411049
0.055657,47.166713,0.051937,44.014431
0.024232,20.535434,0.019883,16.850055
0.046362,39.289453,0.026831,22.738018
0.010694,9.062876,0.000035,0.029464
0.016380,13.880990,0.023082,19.560924
0.015156,12.843832,0.011920,10.101514
0.012167,10.311018,0.042149,42.233485
0.035285,29.902369,0.031261,26.492022
0.033099,28.049538,0.015222,15.252264
0.029953,25.383902,0.024252,24.300016
0.010358,8.778019,0.046589,39.481860
0.007318,6.201289,0.016936,14.352721
0.016638,14.100317,0.031260,26.491302
0.042181,35.746707,0.013275,11.249829
0.056962,48.272272,0.024701,20.932914
0.027818,23.574630,0.060135,60.255136
0.006461,5.475365,0.000034,0.028726
0.033236,28.165529,0.054169,45.905843
0.004542,3.848840,0.053723,45.527989
0.056843,48.172098,0.027406,23.225247
0.014879,12.609413,0.046705,39.580037
0.024645,20.885643,0.020900,17.711490
0.028580,24.220041,0.069370,58.787522
0.027827,23.582259,0.039059,33.100550
0.027965,23.699056,0.035848,35.919372
0.030686,26.004617,0.049026,41.547605
0.042642,36.136650,0.046514,39.418177
0.017733,15.027599,0.000410,0.347876
0.003130,2.652131,0.047454,40.215188
0.058563,49.629616,0.006086,5.157447
0.037901,32.118931,0.027100,22.966334
0.040247,34.107701,0.052364,44.376356
0.055842,47.323631,0.047839,40.541172
0.026893,22.790955,0.021775,18.453345
0.054003,45.765054,0.055162,46.746831
0.027874,23.622259,0.022795,19.317524
0.004765,4.038422,-0.037651,-37.725942
0.006839,5.795521,0.007592,6.433512
0.047600,40.338470,0.008707,7.378889
0.057856,49.030041,0.055130,46.720119
0.039018,33.065962,0.069935,70.074384
0.027120,22.983210,0.008945,7.580449
0.028734,24.350558,0.061328,51.972877
0.052705,44.664741,0.041616,35.267694
0.052827,44.767960,0.011810,10.008130
0.031732,26.890996,0.027309,23.143175
0.017859,15.134316,0.049542,41.984864
0.000381,0.322971,0.023716,20.097832
0.045191,38.296906,0.032313,27.383584
0.008181,6.933321,-0.008400,-7.118965
0.053009,44.922968,0.010054,8.520321
0.040606,34.411305,0.012868,10.904875
0.026794,22.706923,-0.003323,-2.816298
0.011767,9.971754,0.032449,32.514027
0.033406,28.310043,0.102195,102.398994
0.035189,29.820616,0.022882,19.391297
0.055735,47.232815,0.018250,18.286131
0.015928,13.498298,0.025022,21.204735
0.021912,18.569256,0.005026,5.035754
0.057705,48.902265,-0.001594,-1.351254
0.025358,21.489572,0.023837,20.200873
0.016693,14.146775,0.007896,6.691451
0.030199,25.592285,0.051377,43.539160
0.034604,29.325621,0.052203,44.239528
0.010431,8.840040,0.023595,19.995827
0.007260,6.152355,0.037763,32.002267
0.055846,47.326783,0.049033,41.552888
0.065254,55.299676,0.015804,13.393320
0.005899,4.998706,0.021721,18.407187
0.009111,7.720735,0.037437,31.726046
0.046526,39.428482,0.008336,7.064162
0.023562,19.967604,0.041537,35.200211
0.051988,44.057567,0.027648,23.430418
0.029089,24.651819,0.041754,35.384744
0.027717,23.488479,0.044962,38.103030
0.030482,25.832332,0.067065,56.834305
0.048593,41.180573,0.005645,4.783687
0.025281,21.424669,0.044921,38.068462
0.021251,18.009022,0.023027,19.514211
0.007563,6.409670,0.033770,28.618549
0.031113,26.366838,0.013178,11.167318
0.034421,29.170234,0.020392,17.281263
0.011418,9.676408,0.054749,46.397307
0.030789,26.092147,0.027116,22.979896
0.014044,11.901309,-0.000590,-0.499613
0.066697,56.522110,0.047936,40.623234
0.031179,26.422712,0.054222,45.950668
0.002288,1.938606,0.029173,24.722725
0.049875,42.266625,0.030577,25.912923
0.016526,14.005253,0.005497,4.658511
0.023872,20.230473,0.065899,55.846610
0.015564,13.189469,-0.001188,-1.006909
0.009274,7.859436,0.029734,25.198080
0.035457,30.047736,0.047471,40.229365
0.020340,17.237579,0.033670,28.533625
0.021910,18.567855,0.044185,37.444574
0.026371,22.348364,0.067399,57.117758
0.028973,24.553277,0.040687,34.480129
0.053762,45.560666,0.060629,51.380354
0.039353,33.349378,0.043066,36.496055
0.022984,19.477526,0.045059,38.185064
0.022493,19.061573,0.026125,22.139693
0.027931,23.670206,0.025163,21.324238
0.025665,21.750002,0.026667,22.599207
0.021736,18.420541,0.011246,9.530043
0.036270,30.737266,0.051132,43.331657
0.008637,7.319684,0.030147,30.206863
0.032431,27.483451,0.035578,30.150382
0.009961,8.441871,0.033667,28.530769
0.012139,10.286933,0.048216,40.860936
0.019916,16.878179,0.031935,27.063130
0.027331,23.161498,0.023306,19.750859
0.021167,17.938102,0.001893,1.604029
0.007687,6.514073,0.019189,16.261546
0.059121,50.102358,0.018129,18.164764
0.024886,21.089658,-0.003327,-2.819721
0.007513,6.366513,0.039350,33.347020
0.056654,48.011159,0.006083,5.154717
0.012491,10.585815,0.029356,24.877845
0.027977,23.709095,0.016510,13.991714
0.029120,24.678075,0.023517,19.929627
0.045765,38.783362,0.058886,49.903052
0.012377,10.489082,0.028668,24.294365
0.022951,19.449802,0.048480,41.084679
0.019414,16.452062,0.007699,6.524237
0.019564,16.579356,0.021499,18.219115
0.031881,27.017496,0.026543,22.493740
0.046271,39.212416,0.035241,29.864849
0.007326,6.208302,0.005068,4.295119
0.015035,12.741704,0.017975,15.232823
0.044823,37.985084,0.033239,28.168216
0.030291,25.670098,0.030307,25.684039
0.022822,19.340571,0.033882,28.713679
0.016242,13.764608,0.017075,14.469840
0.018142,15.374610,0.012457,10.556513
0.062711,53.144265,0.008191,6.941441
0.021943,18.596030,0.017024,14.426734
0.029255,24.792232,0.024787,21.005939
0.016014,13.570687,0.016789,14.228020
0.023142,19.612148,0.023928,20.278260
0.059263,50.222731,0.039821,33.746119
0.026167,22.175264,0.023206,19.666042
0.027656,23.437297,0.024850,21.058831
0.030020,25.440128,0.043708,37.040614
-0.001469,-1.244536,0.027149,23.007164
0.006853,5.807842,0.061211,51.873321
0.001165,0.987563,0.017425,14.766504
0.027754,23.520174,0.022753,19.282057
0.046870,39.719943,0.015689,13.295940
0.047012,39.840372,0.023124,19.596224
0.006697,5.674995,0.055960,47.423562
0.027767,23.531098,0.056314,56.425968
0.004552,3.857474,0.002535,2.148186
0.007636,6.471044,0.020784,17.613288
0.020216,17.132072,0.005932,5.027040
0.017306,14.665821,0.048562,41.153745
0.020482,17.357109,0.056785,48.122672
0.052808,44.752595,0.025771,21.839633
0.042375,35.910672,0.050470,42.770510
0.018536,15.708069,0.039165,33.190746
0.029775,25.233261,0.018718,15.862802
0.029465,24.970576,0.016479,13.965098
0.056352,47.755363,0.024623,20.866780
0.018227,15.446744,0.018244,15.460966
0.042400,35.931886,0.015578,13.201608
0.042411,35.940929,0.025769,21.838190
0.006333,5.366493,0.026556,22.505036
0.050295,42.622781,0.023364,19.800213
0.014527,12.311344,0.059552,50.467634
0.013372,11.332382,0.019348,19.386315
0.032470,27.517093,0.044950,38.093394
0.018794,15.927380,0.002749,2.754341
0.016471,13.958180,-0.017320,-17.354441
0.022521,19.085766,-0.003192,-2.704953
0.028312,23.993464,0.016776,14.216763
0.026820,22.728482,0.020150,17.075796
0.033716,28.572856,0.054191,54.299097
0.061712,52.298200,0.024243,20.544752
0.058203,49.324063,0.014932,12.654439
0.020753,17.587337,0.022521,19.085779
0.017216,14.589900,0.019729,16.719097
0.035933,30.451747,0.033800,28.643667
0.022293,18.892272,0.063336,63.462137
0.006658,5.642322,0.022985,19.478956
0.019125,16.207148,0.041432,35.112035
0.034573,29.299029,0.091599,77.625454
0.046979,39.812832,0.043008,43.094084
0.024570,20.821497,0.043341,36.729362
0.029156,24.707953,0.011063,9.375360
0.034306,29.072927,0.015949,13.516040
0.054139,45.880435,0.058082,49.221546
0.012509,10.600529,0.029895,25.334493
0.023657,20.047805,0.028287,23.971924
0.024125,20.444682,0.004466,3.784570
0.009743,8.257102,0.045852,38.857228
0.028824,24.427039,0.008878,7.523972
0.034321,29.085221,0.034251,29.025965
0.015146,12.835122,0.020300,17.203600
0.001621,1.373449,0.006216,5.267352
0.018414,15.604926,0.021708,18.396629
0.023339,19.778387,-0.008881,-8.898845
0.035388,29.989915,0.024386,24.435119
0.053225,45.105562,0.018798,15.930131
0.048712,41.280806,0.026377,22.353536
0.011198,9.490178,0.031591,26.771584
0.015256,12.929140,0.039489,33.465013
0.007167,6.074064,0.021667,18.361800
0.019590,16.601420,0.046111,39.077249
0.044588,37.785975,0.062926,53.327039
0.003119,2.643476,0.015550,15.580874
0.014448,12.243626,0.007452,6.315174
0.011748,9.956068,0.026737,22.658661
0.046439,39.354432,0.008395,7.114183
0.039646,33.597944,0.064474,54.638435
0.051684,43.799368,0.014164,12.003141
0.011295,9.571909,0.011230,9.516931
0.005150,4.364239,0.060771,51.500390
0.029209,24.753190,0.038677,32.777083
0.030450,25.804557,0.018651,15.806045
0.040123,34.002501,0.059321,50.272077
0.028953,24.536416,0.025135,21.300670
0.012325,10.444484,0.026348,22.328439
0.025424,21.545433,0.039513,33.485425
0.013627,11.548388,0.005043,4.273326
0.021252,18.009954,0.038131,32.314330
0.059595,50.503742,0.054188,45.921789
0.008167,6.920875,0.048634,41.215043
0.028347,24.022378,0.062595,53.046388
0.029371,24.890367,0.030243,25.629374
0.029863,25.307060,0.028219,23.913841
0.014262,12.086314,0.016182,13.713890
0.012007,10.175538,-0.007515,-7.529725
0.013018,11.032123,0.010755,9.114194
0.042669,36.159547,0.044494,37.706418
0.056331,47.737912,0.023946,20.293051
0.009502,8.052330,0.025848,21.905298
0.011643,9.867215,0.027121,22.983950
0.018933,16.044457,0.004930,4.178012
0.033538,28.421717,0.009134,9.152341
0.043657,36.996875,0.006338,5.370909
0.012857,10.895718,0.019455,16.486969
0.038754,32.842384,0.026779,22.693871
0.008236,6.979491,0.031682,26.848843
0.012026,10.191761,0.018216,18.252818
0.004325,3.665498,0.058208,49.328721
0.035214,29.842076,0.006699,5.676788
0.024777,20.997403,0.017821,15.102774
0.027815,23.571894,0.030508,25.854407
0.053690,45.499695,0.047708,40.430284
0.016495,13.978414,-0.000134,-0.113729
0.010641,9.018058,0.006206,5.259184
0.067090,56.855368,0.040321,40.401334
0.008196,6.945731,0.017906,15.174878
0.047818,40.523465,0.030623,25.951816
0.033138,28.082488,0.058006,49.157359
0.029456,24.962137,0.067984,57.613016
0.018706,15.852239,0.018103,15.341222
0.052754,44.706083,0.002143,1.816402
0.021391,18.127557,0.024652,20.890996
0.007386,6.259501,0.019229,16.296013
0.034506,29.242566,0.016556,14.030717
0.009681,8.204208,0.018157,15.387065
0.023533,19.942885,0.057188,48.464050
0.015039,12.744968,0.036691,31.093583
0.035841,30.373242,0.049451,41.907675
0.021241,18.000983,0.057969,49.126323
0.047959,40.643076,0.076515,76.667813
0.029130,24.685864,0.033657,28.522393
-0.002417,-2.048713,0.023207,19.666413
0.025298,21.438880,0.055371,46.924610
0.021534,18.248840,0.063592,53.890979
0.019295,16.351933,0.022737,22.782245
0.023209,19.668411,0.044694,37.875766
0.003433,2.909041,0.039504,33.477966
0.023577,19.980530,0.022304,18.901582
0.026840,22.745952,0.024416,20.691347
0.040432,34.264408,0.048981,41.508883
0.013516,11.453909,0.028211,23.907590
0.049903,42.290592,0.005903,5.002571
0.027798,23.557265,0.020798,17.625198
0.024461,20.729273,0.046825,39.682023
0.014609,12.380383,0.063387,53.717539
0.026602,22.544095,0.033398,28.302841
0.031121,26.373651,0.009324,7.901737
0.029815,25.266405,0.032943,33.008581
0.012140,10.287842,0.047256,40.047318
0.011837,10.031295,0.011411,9.670259
0.013556,11.488284,0.021003,17.799197
0.051943,44.018866,0.008507,7.209363
0.017527,14.852911,0.038171,32.348517
0.010353,8.773516,0.018506,15.683024
0.053892,45.670582,0.038497,32.624062
0.027305,23.139599,0.043513,43.599446
0.018265,15.478932,0.002175,1.843198
0.029053,24.621147,0.061497,52.116098
0.043087,36.514508,0.016176,13.708425
0.031411,26.619645,0.050482,42.780905
0.043211,36.619531,0.056805,48.139524
0.052464,44.460677,0.042510,36.024804
0.022973,19.468530,0.005718,5.729171
0.003501,2.967151,0.010976,10.998074
0.012700,10.762784,0.009220,9.238052
0.020237,17.150293,0.026978,22.862237
0.006216,5.268028,0.027214,23.062455
0.014825,12.563524,0.028681,24.305810
0.016719,14.168748,0.044145,37.410896
0.004313,3.655113,0.017755,17.790481
0.012820,10.864097,0.068140,57.745395
0.006019,5.100831,0.010924,9.257207
0.050180,42.524921,0.028206,28.262422
0.026028,22.057275,0.039047,33.090767
0.036091,30.585613,0.068337,68.473080
0.053609,45.431230,0.019331,16.381959
0.028006,23.733361,0.040684,34.477884
0.010652,9.026682,0.023796,23.843331
0.052398,44.405204,0.016841,14.272203
0.060522,51.289262,0.048346,48.442931
0.021087,17.870444,0.078914,79.071053
0.041125,34.851374,0.017039,14.440039
0.032352,27.416401,0.050227,42.565015
0.028372,24.043531,0.023108,19.583217
0.020853,17.671521,0.004671,3.958397
0.018992,16.094675,0.029974,25.401839
0.003699,3.134707,0.061195,51.859655
0.060597,51.353455,0.056135,47.571489
0.055607,47.124137,0.036433,30.875249
0.006571,5.568663,0.034701,29.407048
0.034809,29.498844,0.042664,36.155395
0.009085,7.699080,0.006881,5.831223
0.061141,51.813871,0.023883,20.239456
0.024149,20.464716,0.051564,43.698184
0.024335,20.622481,0.063705,53.987375
0.006668,5.651091,0.015843,13.426436
0.040704,34.494950,0.030484,25.833717
0.005719,4.846649,0.031272,31.334320
0.014612,12.382782,0.043580,36.931947
0.029459,24.964827,0.026340,22.322170
0.019943,16.900563,0.007702,6.526666
0.023973,20.315859,0.055143,46.731170
0.033005,27.970364,0.018266,15.479200
0.050869,43.109353,0.027753,23.519316
0.024181,20.492381,0.027561,23.356428
0.021348,18.091205,0.050046,42.411506
0.022634,19.181440,0.022843,19.358284
0.009051,7.669950,0.078808,78.965143
0.015744,13.341984,0.019492,16.518885
0.044279,37.524136,0.010294,8.723519
0.027335,23.164736,0.049282,41.763897
0.061562,52.170535,-0.000808,-0.685055
0.047776,40.488241,0.024828,21.040221
0.016868,14.294939,0.029379,24.897240
0.045619,38.659723,0.015123,12.816092
0.023398,19.828971,0.007981,6.763706
0.053720,45.525049,0.048375,40.995442
0.027686,23.462440,0.014859,12.592680
0.044033,37.315926,0.043218,43.304281
0.015347,13.005646,0.070887,60.073178
0.019633,16.637914,0.017046,14.445889
0.040812,34.586336,0.017647,14.955102
0.022773,19.299421,0.021556,18.267930
0.034187,28.972173,0.019231,16.297631
0.065374,55.401425,0.033073,28.027607
0.023745,20.122415,0.012315,10.436384
0.025546,21.649314,0.026599,22.541403
0.003859,3.269946,0.017450,14.788155
0.046357,39.285070,0.024952,21.145573
0.022760,19.287848,0.010116,8.573212
0.021847,18.513964,0.028417,24.082038
0.010954,9.282697,0.064554,54.706320
0.026747,22.666494,0.023857,20.217836
0.039215,33.233162,0.009590,8.127242
0.017807,15.090274,0.024391,20.669860
0.010237,8.675791,0.081954,82.117945
0.035699,30.253212,0.039032,33.078084
0.054984,46.596473,0.039470,33.449028
0.014434,12.232504,0.023268,19.718150
-0.002022,-1.713268,0.004864,4.122362
0.025469,21.583922,0.010761,9.119662
0.043674,37.011919,0.017610,14.923298
0.052928,44.854136,0.009593,8.129811
0.010026,8.496905,0.024486,20.750676
0.039819,33.744381,0.016735,14.181816
0.046877,39.726103,0.038832,32.907847
0.032880,27.864275,0.026313,22.299112
0.006253,5.299055,0.017986,18.021431
0.044801,37.966660,0.025870,21.923915
0.020873,17.689024,0.015793,13.383598
0.029178,24.726938,0.037453,31.739893
0.025108,21.277651,0.015037,12.743015
0.014609,12.380270,0.037913,32.129742
0.003677,3.116170,0.030801,26.102108
0.012283,10.409445,0.045712,38.739094
0.053879,45.660120,-0.000542,-0.543310
0.039275,33.283603,0.015049,12.752975
0.059164,50.138377,0.053508,45.345878
0.027190,23.042217,0.053218,45.099579
0.032836,27.826712,0.005563,4.714281
0.032958,27.930171,0.011082,9.391541
0.055019,46.625779,0.010300,8.728819
0.013545,11.478416,0.008643,7.324695
0.035637,30.200737,0.012203,10.341562
0.018526,15.699920,0.026939,22.829496
0.035840,30.373074,0.028191,23.890214
0.011118,9.422099,0.016618,14.082615
0.032763,27.765069,0.053786,45.581370
0.052224,44.257244,0.033822,28.662573
0.010652,9.027096,0.045430,38.499667
0.029811,25.263308,0.036245,30.715832
0.030204,25.596564,0.016983,14.392461
0.009710,8.228369,0.009366,7.937284
0.009119,7.727632,0.041777,35.403654
0.046764,39.630561,0.038684,32.782930
0.010052,8.518203,0.031881,27.017342
0.045213,38.315500,0.051533,43.671497
0.023966,20.309949,0.013097,11.099059
0.019761,16.746615,0.043544,36.901351
0.024993,21.180572,0.005139,4.355270
0.015157,12.844821,0.049875,42.266743
0.034138,28.930371,0.022166,22.210059
0.044230,37.483064,0.051853,43.942547
0.012471,10.568990,0.022461,19.035001
0.010773,9.129263,0.057431,48.669701
0.032474,27.519977,0.025217,21.370305
0.008193,6.942907,0.016609,14.075275
0.030235,25.622838,0.062662,62.786737
0.011882,10.069574,0.003183,2.697742
0.018374,15.570854,0.009462,8.018870
0.029250,24.787793,0.026165,26.217465
0.058086,49.224864,0.014643,12.409494
0.041938,35.540724,0.047423,40.188338
0.035110,29.754268,-0.016967,-17.001237
0.051893,43.976431,0.048668,41.243544
0.016274,13.791596,0.013928,11.803281
0.043213,36.620994,0.010928,9.260709
0.036953,31.316149,0.002587,2.192374
0.038439,32.575034,0.026303,22.290499
0.043393,36.773595,0.004607,4.615820
0.025356,21.487656,0.040139,34.015673
0.005452,4.619914,0.023294,19.740151
0.030836,26.131871,0.035717,30.268844
0.026626,22.564404,0.039880,33.796636
0.008025,6.800713,0.031799,31.862095
0.035561,30.136440,0.067420,57.135258
0.009823,8.324494,0.023246,19.700175
0.014272,12.094897,0.042236,35.793000
0.037217,31.539431,0.010672,9.043603
0.007397,6.268732,0.049945,42.326277
0.011120,9.423607,0.052090,44.143924
0.056946,48.259336,0.023493,23.540249
0.051506,43.649249,0.018515,15.690777
0.026917,22.810959,0.042054,42.137834
0.029820,25.271168,0.043729,43.816335
0.010823,9.172243,0.057718,48.913248
0.053490,45.330531,0.062755,53.181653
0.006904,5.850667,0.034989,29.651173
0.012598,10.676287,0.060025,50.868265
0.060306,51.106356,0.004975,4.216066
0.025714,21.791380,0.052767,44.717260
0.052370,44.381254,0.066819,66.952518
0.029209,24.753037,0.045461,38.526283
0.029015,24.588938,0.033358,28.269324
0.027782,23.543916,0.043722,37.052116
0.055699,47.202125,0.019148,19.185979
0.043471,36.839574,0.005368,4.549210
0.009824,8.325172,0.053762,45.560468
0.046536,39.436896,0.010465,8.868801
0.005542,4.696188,0.031570,26.754409
0.061349,51.990429,0.012728,10.786545
0.004138,3.507125,0.034698,29.404810
0.013927,11.802731,0.050299,42.625947
0.004629,3.923016,0.041644,35.291428
0.018967,16.073525,0.029484,24.986533
0.035059,29.710939,0.052225,44.258019
0.033468,28.362838,0.008231,6.975737
0.022086,18.716550,0.026495,22.453561
0.002316,1.962576,0.023301,19.746453
0.041257,34.963541,0.014554,12.333423
0.049365,41.834158,0.039888,39.967963
0.023379,19.812804,0.005715,4.842783
0.012738,10.794800,-0.031011,-31.073200
0.068086,57.699722,0.005985,5.071829
0.019897,16.861960,0.019451,16.483417
0.028705,24.326315,0.023241,19.695946
0.031474,26.672512,0.027746,23.513475
0.039269,33.278914,0.060871,51.585368
0.013512,11.450923,0.056088,47.531630
0.008783,7.443493,0.017839,15.117549
0.019508,16.532409,0.034293,29.061884
0.022888,19.396484,0.012417,10.522490
0.024473,20.739716,0.013991,11.856718
0.008150,6.906339,0.002162,1.832225
0.036427,30.870271,0.030866,26.157485
0.055101,46.695761,0.020703,17.545038
0.021328,18.074175,0.021136,17.911721
0.034314,29.079359,0.022824,19.341924
0.055770,47.262719,0.042188,35.752345
0.064409,54.583506,0.010122,8.577525
0.055319,46.879804,0.020767,17.598943
0.010251,8.687384,0.019779,16.761433
0.019712,16.704691,0.012403,10.510867
0.055691,47.195661,0.061289,51.939121
0.033703,28.561641,0.013607,11.531068
0.048943,41.477123,0.041294,34.994466
0.054747,46.395840,0.010978,9.303264
0.048804,41.359174,0.050715,42.978649
0.030830,26.127228,0.001928,1.634047
0.030683,26.002535,0.027841,27.896591
0.022817,19.336247,0.031049,26.312408
0.056782,48.119920,0.009443,8.002165
0.060465,51.240789,0.008290,7.025570
0.011992,10.162267,0.073288,73.433769
0.014543,12.324743,0.029060,24.626839
0.056623,47.985342,0.016258,13.777458
0.023472,19.891112,0.021244,18.002912
0.042677,36.166343,0.002253,1.909238
0.032533,27.570012,0.041512,35.179104
0.023904,20.257856,0.005768,4.888343
0.008513,7.214135,0.084275,84.442797
0.026759,22.676824,0.030571,25.907860
0.036427,30.869901,0.051733,43.841388
0.052535,44.521083,0.029434,29.492562
0.021433,18.163381,0.016147,13.684076
0.012460,10.559028,0.067349,57.074831
0.067249,56.990068,0.026590,22.533566
0.024222,20.527368,0.014857,12.590412
0.025272,21.417103,0.050440,42.745531
0.030280,25.660596,0.015391,13.043306
0.004014,3.401568,0.038905,32.969879
0.007001,5.933045,-0.010351,-8.771633
0.038457,32.590879,0.029730,25.195121
0.031243,26.477338,0.054142,45.882544
0.032434,27.486058,0.013716,11.623639
0.035871,30.399232,0.025767,21.836074
0.029788,25.244289,0.025478,21.591154
0.007968,6.752337,0.040732,34.518679
0.030793,26.095521,0.030313,25.688920
0.013054,11.062960,0.024622,24.670960
0.053608,45.430081,0.022265,18.868565
0.058313,49.417651,0.029508,25.006680
0.038377,32.522664,0.065000,55.084792
0.027867,23.616094,0.005537,4.692348
0.026556,22.504820,0.069311,58.738194
0.028213,23.909457,0.012617,10.692137
0.058031,49.178773,0.057501,57.616016
0.057027,48.327320,0.016409,13.906137
0.022441,19.017633,0.005800,4.915583
0.012773,10.824270,0.044742,37.916384
0.011444,9.698083,0.023253,19.705810
0.014263,12.087104,0.029194,24.740223
0.046538,39.438556,0.015958,13.523599
0.043755,37.080319,0.032133,27.231026
0.028436,24.098337,0.024443,20.714460
0.010184,8.630101,-0.007133,-6.045222
0.029002,24.578057,0.048476,41.081094
0.019552,16.569032,0.008367,7.090937
0.036153,30.638308,0.023537,19.946589
0.011901,10.085881,0.030511,25.856890
0.032983,27.951475,0.052831,52.936451
0.013578,11.506502,0.031279,26.507477
0.051234,43.418291,0.041703,35.340972
0.027123,22.985718,0.031758,26.913494
0.031924,27.053901,0.013548,11.481261
0.008768,7.430589,0.002483,2.103957
0.016797,14.234884,0.046932,39.772701
0.044160,37.423272,0.047964,40.647031
0.062204,52.714992,0.039018,33.065645
0.013800,11.694742,0.019178,16.252161
0.011916,10.097977,0.038715,32.808954
0.007453,6.316327,0.022765,19.292091
0.050440,42.745628,0.033627,28.497560
0.061048,51.735145,0.049536,41.979677
0.025557,21.657947,0.054701,46.356839
0.028934,24.520309,0.031508,26.701497
0.022372,18.959154,0.026742,22.662757
0.030858,26.150887,0.004959,4.202382
0.026962,22.849407,0.012540,10.627059
0.009913,8.400523,0.027007,22.887348
0.026071,22.093873,0.024293,20.587045
-0.002118,-1.794723,0.008768,7.430066
0.013518,11.456048,0.014685,12.444445
0.020106,17.039277,0.036030,30.533886
0.065105,55.173523,0.028703,24.324772
0.014390,12.194517,0.047010,39.839050
0.025651,21.738172,0.034956,29.623515
0.030390,25.754167,0.038765,32.851824
0.043399,36.778842,0.043372,36.755696
0.017462,14.798120,0.044038,44.125549
0.025590,21.685998,0.009188,9.206286
0.027960,23.694684,0.061540,52.151994
0.010585,8.970312,0.019355,16.402300
0.032488,27.531653,0.010118,8.574210
0.016287,13.802852,0.070156,59.453790
0.040961,34.712642,0.020296,17.199516
0.016577,14.047856,0.025921,21.966788
0.019618,16.625304,0.034599,29.321295
0.033629,28.499086,0.013872,11.756026
0.033200,28.135334,0.024637,20.878855
0.016278,13.794517,0.042894,36.350641
0.012746,10.801234,0.031306,26.529929
0.032578,27.608411,0.050965,43.190508
0.048662,41.238367,0.002624,2.223985
0.040338,34.184165,0.049254,49.352450
0.048591,41.178519,0.033471,28.364829
0.035649,30.210407,0.012796,10.843940
0.033361,28.272080,0.010606,8.987871
0.029199,24.745102,0.023402,19.832396
0.025805,21.868750,0.021052,17.840361
0.045683,38.714550,-0.005053,-4.282169
0.025947,21.988672,0.060986,61.108150
0.043864,37.172409,0.005167,4.378851
0.033363,28.273882,0.023042,19.527155
0.053078,44.981399,0.005827,4.938226
0.038398,32.540224,0.071535,60.622401
0.040634,34.435313,0.048620,48.717258
0.013165,11.156624,0.053020,44.931657
0.025460,21.576369,0.024535,20.792292
0.038670,32.770633,0.008159,6.914633
0.028479,24.134791,0.024868,21.074284
0.021233,17.994340,0.028686,24.309854
0.015715,13.317457,0.040771,34.551893
0.042338,35.879376,0.068474,68.610476
0.015912,13.484656,0.046096,39.064405
0.012822,10.866335,0.045813,45.904127
0.031149,26.397645,0.049224,41.715154
0.009249,7.838012,0.021952,18.602967
0.035050,29.703482,0.058835,49.859746
0.070288,59.565689,0.011090,9.398197
0.041982,35.577496,0.023913,20.265295
0.008202,6.950840,0.030779,26.083677
0.019283,16.341227,0.043641,36.983605
0.041458,35.133287,0.058812,49.840368
0.031617,26.793797,0.027480,27.535165
0.056872,48.196530,0.025729,21.803928
0.060157,50.980503,0.028065,23.783810
0.021771,18.449516,0.023595,19.995670
0.002161,1.831544,-0.000977,-0.828209
0.026144,22.155712,0.022008,18.650990
0.021337,18.081741,0.035283,29.900787
0.015084,12.782990,0.018660,15.813871
0.049396,41.860439,0.034311,29.076616
0.053597,45.421237,0.028790,24.398465
0.007784,6.596468,0.043268,36.667229
-0.003628,-3.074815,0.015669,13.279125
0.058809,49.837802,0.063302,53.645088
0.036044,30.545665,0.050351,42.669664
0.051635,43.758442,0.050152,42.501165
0.060234,51.045503,0.048224,40.867739
0.031510,26.703223,0.059438,50.371119
0.013639,11.558668,0.042102,35.679344
0.034482,29.221593,0.049005,41.529620
0.015893,13.468536,0.023429,19.855018
0.000481,0.407687,0.058007,49.158010
0.000332,0.281130,0.026330,22.313174
0.054385,46.088845,0.034163,28.951188
0.055617,47.133172,0.044831,37.992385
0.009936,8.420610,0.047549,40.295661
0.035561,30.136381,0.028659,24.286767
0.030975,26.249431,0.014358,12.167549
0.025565,21.665041,0.056322,47.730304
0.017212,14.586505,0.006385,5.411285
0.042066,35.648811,0.016775,14.216035
0.026099,22.118047,0.052576,52.680987
0.049733,42.146544,-0.015951,-15.983053
-0.001243,-1.053355,0.047395,47.489346
0.033431,28.331462,0.012036,10.200111
0.022361,18.949608,0.016464,13.952459
0.015297,12.963368,0.008360,7.084284
0.019517,16.539554,0.034563,29.290539
0.021183,17.951652,0.024993,21.180798
0.033968,28.786142,0.030738,26.049122
0.020867,17.683637,0.000795,0.796108
0.032161,27.254795,0.079124,67.053443
0.054259,45.982278,0.022227,18.836686
0.013049,11.058239,0.026438,22.404536
0.016684,14.139262,0.013467,11.412501
0.018548,15.718361,0.031627,26.802235
0.033999,28.812371,0.019934,16.893201
0.006499,5.507485,0.005161,4.373289
0.027409,23.227489,0.005797,4.912326
0.021474,18.198327,0.005459,4.626583
0.026194,22.198003,0.036060,30.558906
0.022166,18.784448,0.059885,50.749391
0.006580,5.576445,0.032905,27.885819
0.053412,45.263932,-0.004526,-3.835646
0.020970,17.770812,0.059405,59.523836
0.014289,12.109189,0.037254,31.571241
0.019293,16.349966,0.020281,17.187180
0.029540,25.034079,-0.006600,-5.593549
0.025700,21.779898,0.051195,43.385732
0.033798,28.642143,0.022789,19.312877
0.019579,16.592633,0.014566,14.594806
0.061770,52.347478,0.035481,30.068794
0.003318,2.811682,0.025819,21.880291
0.021227,17.988668,0.038862,32.934074
0.064961,55.051450,0.024402,20.679541
0.027049,22.922552,0.039146,33.174661
0.019189,16.261551,0.033910,28.737355
0.009086,7.699744,0.036067,30.565158
0.037718,31.964353,0.002202,1.866346
0.042339,35.880094,0.062508,52.972940
0.014169,12.007629,0.055969,47.431180
0.033710,28.567590,0.003423,2.901209
0.036235,30.707778,-0.008158,-6.913863
0.012913,10.943108,0.012713,10.774062
0.014750,12.499738,-0.035551,-35.621819
0.019561,16.576843,0.026346,22.326834
0.002317,1.963519,0.046494,39.401838
0.014306,12.123900,0.022932,19.433608
0.026603,22.545114,0.017561,14.881985
0.045552,38.603553,-0.020650,-17.499582
0.056876,48.199723,0.008308,7.041057
0.008332,7.060701,0.003855,3.267079
0.038469,32.600379,0.011958,10.134100
0.036342,30.798164,0.027160,23.016976
0.014135,11.978383,0.061943,52.494024
0.027454,23.265721,0.015159,12.846495
0.037231,31.551175,0.057103,48.392129
0.038259,32.422859,0.014153,14.180863
0.009657,8.183613,0.020322,17.221993
0.045946,38.936895,0.039914,33.825160
0.003955,3.352074,0.051135,51.236987
0.024985,21.173370,0.042394,35.926667
0.027144,23.003190,0.047246,40.038433
0.013154,11.146983,0.053237,53.343454
0.031143,26.392622,0.018535,15.707415
0.026722,22.645617,0.018739,15.880331
0.008862,7.510257,0.018892,16.010043
0.005783,4.900949,0.008676,8.693370
0.050495,42.792287,0.036820,31.203528
0.017389,14.736743,0.061566,52.173935
0.038103,32.290747,0.010562,8.951186
0.033828,28.667568,0.015840,13.423808
0.029312,24.840579,0.010755,9.113933
0.010546,8.937432,0.041385,35.072071
0.045718,38.743835,0.041041,41.122731
0.007329,6.210786,0.025296,25.346174
0.016511,13.992581,0.027249,23.092264
0.021055,17.842980,0.007952,6.738916
0.019239,16.304238,0.055973,47.434499
0.043506,36.868866,0.034656,29.368922
0.036677,31.081929,0.046035,39.012260
0.020782,17.611604,0.072721,72.866251
0.028670,24.296406,0.055514,47.045073
0.008824,7.477751,0.050590,42.872685
0.002906,2.462352,0.037936,32.148909
0.008002,6.780941,0.061896,52.453835
0.022082,18.713161,0.058128,49.260907
0.016992,14.399680,0.011264,9.545632
0.031186,26.428880,0.031757,26.912751
0.004011,3.399329,0.016585,14.055266
0.022764,19.291598,0.013416,11.369508
0.017484,14.816771,0.028943,24.527396
0.011256,9.538512,0.023376,19.809645
0.050077,42.437846,0.037837,37.912206
0.024337,20.624277,0.031815,26.961500
0.044178,37.438810,0.010821,9.170273
0.006008,5.091761,0.045041,38.170016
0.058675,49.724023,0.020098,17.032274
0.050362,42.679008,0.030852,26.145282
0.046827,39.683909,0.058353,49.451772
0.049739,42.151595,-0.000347,-0.293773
0.021983,18.629493,0.025322,25.372038
0.043924,37.223605,0.032707,27.717311
0.050976,43.199683,0.035553,30.129680
0.019086,16.174890,0.035624,30.189989
0.032168,27.261057,0.010288,8.718577
0.058091,49.229545,0.008324,7.054254
0.040805,34.580427,0.023683,20.070199
0.056243,47.663442,0.036253,30.722704
0.029726,25.190949,0.011232,9.518385
0.013815,11.707594,-0.003047,-2.581837
0.008737,7.404086,0.048032,40.704872
0.023370,19.804985,0.026491,22.450218
0.028833,24.434237,0.035115,29.758209
0.018121,15.356826,0.039116,33.149066
0.017863,15.138124,0.026590,22.533353
0.045204,38.307863,0.007779,6.592456
0.037602,31.865713,0.030845,30.906784
0.031045,26.309519,0.031844,26.986473
0.054569,46.244789,0.026398,22.371347
0.008950,7.584497,0.006630,5.618826
0.029009,24.584157,0.058041,49.186808
0.005395,4.572387,0.016030,13.584484
0.055774,47.265847,0.018202,15.424905
0.049968,42.345407,0.032083,32.146662
0.063293,53.637952,0.004122,3.492992
0.051865,43.953431,0.011941,10.119650
0.041421,35.102222,0.038234,32.401853
-0.001615,-1.368734,0.012030,10.195009
0.023715,20.097433,0.009144,7.748801
0.031508,26.701947,0.020321,20.361547
0.050828,43.074363,0.059320,50.270594
0.034199,28.982231,0.004955,4.199085
0.027053,22.926305,0.054593,46.264767
0.038008,32.209653,0.012069,10.227518
0.031515,26.707204,0.026298,22.286678
0.040351,34.195222,0.025305,21.444748
0.024563,20.816106,0.030158,25.557711
0.064358,54.540342,0.032193,27.282030
0.030920,26.203227,0.034531,29.263134
0.013845,11.733361,-0.002716,-2.301433
0.033477,28.369965,-0.006088,-6.100584
0.052861,44.796968,0.029202,24.747028
0.028298,23.981317,0.046853,39.706065
0.028374,24.045882,0.027181,23.034465
0.020946,17.750531,0.000688,0.583444
0.007847,6.649904,0.048814,41.367314
0.018159,15.389038,0.053916,45.691598
0.019805,16.783719,0.049748,49.847056
0.017035,14.436400,0.060263,51.070137
0.032114,27.214696,0.038610,32.719929
0.014937,12.658593,0.018211,15.433334
0.052547,44.531220,0.024284,20.579426
0.028405,24.071775,0.033747,28.598627
0.029260,24.796213,0.062283,52.782081
0.050637,42.912578,0.037042,31.391697
0.020391,17.280426,0.008396,8.413156
0.056969,48.278585,0.028898,24.489367
-0.000068,-0.057491,0.050596,42.878074
0.052919,44.846459,0.051911,43.992225
0.008856,7.504718,0.037196,31.522229
0.006522,5.527507,0.030006,25.428284
0.027407,23.226111,0.033097,28.048302
0.049966,42.343870,0.025336,21.471258
0.023440,19.864288,0.040747,40.828026
0.044793,37.959960,0.009593,8.130016
0.011907,10.090556,0.021298,18.049313
0.049055,41.571872,0.029477,24.980402
-0.001258,-1.065841,-0.005256,-4.454243
0.034160,28.949244,0.070119,59.422538
0.049702,42.120272,0.019323,19.361511
0.022241,18.847778,0.014347,12.158229
0.009066,7.682920,0.030685,26.003787
0.022513,19.078796,0.054018,45.778067
0.053820,45.609616,-0.043115,-43.201244
0.031132,26.382651,0.037495,31.775638
0.021561,18.271878,0.022538,19.100191
0.024085,20.411213,0.048056,40.725544
0.023562,19.967640,-0.005216,-4.420521
0.028973,24.553330,0.047227,47.321557
0.047148,39.955870,0.037930,32.143507
0.026299,22.286860,0.023533,19.943296
0.024528,20.786166,0.026029,22.058258
0.022103,18.731041,0.010306,8.733465
0.010010,8.483114,0.053403,45.256849
0.023952,20.298063,0.076459,64.795340
0.020325,17.224195,0.009581,8.119235
0.031147,26.395745,0.028154,23.859192
0.015012,12.721673,0.025003,21.188496
0.011632,9.857955,0.055683,47.189012
0.003339,2.830049,0.005202,4.408258
0.062234,52.740237,0.048136,40.793260
0.048971,41.500933,0.038592,32.704810
0.021438,18.167713,0.025476,21.589754
0.002099,1.779107,0.017072,14.467882
0.054462,46.153868,0.038711,32.805682
0.025951,21.992416,0.038587,32.700388
0.022416,18.996373,0.011696,9.911594
0.049303,41.781534,0.029879,25.321083
0.060129,50.956353,0.037942,32.154430
0.026264,22.257531,0.003800,3.220026
0.038995,33.046425,0.043421,36.796830
0.056437,47.827844,0.030918,30.979856
0.034359,29.117766,0.041892,41.975092
0.030754,26.062621,0.016773,14.214508
0.024328,20.616885,0.043695,37.029143
0.017930,15.194770,0.031013,31.074470
0.005906,5.005288,0.020659,17.507533
0.049230,41.720088,0.036564,30.986095
0.058580,49.644105,0.042020,35.609746
0.039452,33.433830,0.020346,20.386559
0.012608,10.684718,0.056886,48.208589
0.040910,34.669483,0.013945,11.817741
0.038194,32.367738,0.015394,13.045564
0.022992,19.484437,0.032149,27.244633
0.017242,14.611787,0.021236,21.278237
-0.000103,-0.086966,0.041349,41.431192
0.005183,4.392531,0.031279,26.507341
0.033313,28.231292,0.036614,31.028699
0.035648,30.209804,0.050811,43.060309
0.009071,7.687467,0.018201,15.424360
0.036243,30.714355,0.022175,18.792649
0.014647,12.412997,0.061518,52.133640
0.038469,32.600778,0.008631,7.314165
0.025068,21.243522,0.065104,55.172296
0.028584,24.223853,0.033151,28.093754
0.022192,18.806777,0.033918,28.743605
-0.000124,-0.105339,0.026470,22.431786
0.043554,36.909933,0.028658,24.286628
0.011251,9.534456,-0.006232,-5.280937
0.018970,16.076146,0.014706,12.462534
0.029853,25.299316,0.020497,17.369849
0.036352,30.806180,0.021428,18.159564
0.050757,43.014436,0.028465,24.122587
0.052261,44.288638,0.014982,12.696746
0.014762,12.509935,0.010312,8.739350
0.029584,25.071403,0.037283,31.595916
0.052355,44.368343,0.036203,30.680391
0.015952,13.518498,0.006199,5.253065
0.017887,15.158300,0.025110,21.279641
0.003288,2.786629,0.050083,42.442803
0.061844,52.409450,0.019742,16.730690
0.041542,35.205199,0.030501,25.848026
0.058287,49.395703,0.025787,21.853624
0.009594,8.130620,0.015562,13.187812
0.002402,2.035855,0.049814,42.214657
0.032262,27.340150,0.048356,40.979015
0.036031,30.534640,0.019794,16.774349
0.034133,28.926022,0.009990,8.465736
0.028377,24.048213,0.011913,10.095610
0.047515,40.267063,0.050614,42.893349
0.060618,51.370640,0.027676,23.454484
0.055497,47.031290,0.060214,60.334414
0.018409,15.600467,0.012659,10.727477
0.021423,18.154787,-0.030639,-30.699790
0.015365,13.021414,0.035800,30.338568
0.011688,9.905082,0.033353,28.265210
0.039594,33.554421,0.014889,12.617356
0.022659,19.202348,0.007087,6.005704
0.011029,9.346457,0.022582,19.137024
0.010121,8.577025,0.020613,17.468433
0.038672,32.772261,0.089379,89.556991
0.012377,10.488721,0.049297,49.395168
0.053974,45.740808,0.035388,35.458982
0.023931,20.279987,0.038411,32.551260
0.056088,47.531728,0.058713,49.756257
0.061501,52.118950,0.038713,32.807050
0.041330,35.024829,0.037840,37.915671
0.013558,11.489396,0.052951,44.873230
0.008776,7.437425,0.014232,14.260062
0.029716,25.183035,0.015341,13.000596
0.035434,30.028363,0.037478,31.761179
0.030088,25.498339,0.010865,9.207402
0.061532,52.145243,0.040844,34.613576
0.011401,9.661965,0.054620,46.287837
0.054334,46.045443,0.029107,24.667198
0.041245,34.953275,0.028312,23.993410
-0.002801,-2.373616,0.058259,49.371760
0.066370,56.245244,0.053063,53.168795
0.038182,32.357812,0.030906,26.191093
0.020492,17.365757,0.023669,20.058553
0.012980,10.999509,0.034811,29.500930
0.049773,42.180152,-0.011115,-9.419584
0.020337,17.234326,0.031847,31.910352
0.045730,38.754076,0.030671,25.992411
0.005717,4.845177,0.062809,53.227694
0.033671,28.534783,0.031492,26.687620
0.014770,12.517015,0.023714,20.096272
0.013126,11.123894,0.040693,34.485557
0.025498,21.608680,0.034438,29.184491
0.024387,20.666713,0.022734,19.266068
0.019782,16.763922,0.056717,48.064673
0.036411,30.856427,0.045772,38.789582
0.059582,50.493260,0.030002,25.425275
0.010164,8.613455,0.068737,58.251705
0.014312,12.128594,0.048877,41.421275
0.007759,6.575169,0.010184,8.630276
0.025925,21.969904,0.039204,33.223520
0.025359,21.490259,0.003707,3.141780
0.018521,15.695728,0.038432,32.569332
0.017843,15.120917,0.013083,13.109064
0.020957,17.760012,0.016190,13.720627
0.032398,27.455358,0.022673,19.213990
0.060617,51.369989,0.058587,49.649769
0.043729,37.058507,0.006469,5.481803
0.025455,21.571593,0.048552,48.649067
0.045268,38.362148,0.027404,23.223823
0.026228,22.226737,0.025349,21.481952
0.028887,24.480564,0.036474,30.910013
0.038129,32.312783,0.012676,10.742158
0.048250,40.889692,0.046666,39.547544
0.039935,33.842996,0.002815,2.385653
0.026209,22.210561,0.042728,36.209919
0.022115,18.741300,0.038752,32.840670
0.007916,6.708750,0.044322,37.560533
0.039552,33.518773,-0.002846,-2.411971
0.021636,18.335347,0.021472,18.196715
0.054566,46.241869,0.023832,20.196707
0.034046,28.852759,0.033024,27.986632
0.030362,25.730146,0.026597,22.539674
0.025364,21.495085,0.038119,32.304408
0.019405,16.445206,0.002707,2.293770
0.023025,19.512868,0.030088,25.498417
0.021410,18.143931,0.015822,13.408555
0.032910,27.889565,0.035369,29.973348
0.012747,10.802782,0.008948,7.582857
0.049713,42.129428,0.029155,24.707212
0.026999,22.880626,0.000265,0.224953
0.004052,3.434097,0.022279,22.323433
0.049767,42.175476,0.048456,41.064457
0.025692,21.772490,0.042779,36.253349
0.016504,13.986043,0.031284,26.511944
0.016943,14.358643,0.032672,27.687804
0.028126,23.835632,0.048030,40.702932
0.040569,34.380032,0.027680,27.735666
0.022241,18.848414,0.034573,29.299220
0.031988,27.108248,0.026835,22.741392
0.004622,3.917308,0.067612,57.298237
0.053664,45.477993,0.036100,30.592847
0.001075,0.910693,0.027338,23.167960
0.052654,44.621806,-0.007785,-6.597382
0.023592,19.993033,0.026327,22.311146
0.024570,20.822209,0.017057,14.455317
0.045472,38.535632,0.017173,14.553595
0.050868,43.108128,0.014956,12.674530
0.028567,24.209305,0.005931,5.026579
0.058249,49.363399,0.054825,46.461472
0.028727,24.344919,0.017166,14.547425
0.014460,12.254112,0.024642,20.882743
0.054862,46.492596,0.012084,10.240216
0.030602,25.933564,0.028076,23.792992
0.019637,16.641361,0.055766,47.259027
0.037434,31.723137,0.021011,17.805780
0.027203,23.053588,0.009327,7.903863
0.029908,25.345202,0.023163,19.629467
0.026287,22.277025,0.027615,23.402103
0.023537,19.946131,-0.001109,-0.939583
0.020161,17.085726,0.012446,10.547625
0.043045,36.478843,0.015412,13.060907
0.053267,45.141070,0.007507,6.361527
0.005943,5.036606,0.059568,59.687182
0.014938,12.659144,0.021338,18.082642
0.029173,24.722690,0.021311,18.060094
0.052812,44.755662,0.020787,17.615853
0.042327,35.870281,0.016306,13.818502
0.006216,5.267508,0.013228,11.210011
0.043119,36.541029,0.056332,47.738390
0.059358,50.303204,0.032780,27.779503
0.010741,9.102897,0.003599,3.606219
0.005787,4.903825,0.020140,17.067764
0.072911,61.788306,0.020152,20.192392
0.037269,31.583388,0.045736,38.758779
0.033377,28.285600,0.017155,14.538213
0.052975,44.894151,0.012672,10.738519
0.026714,22.639057,0.014541,12.322853
0.028394,24.062475,0.032756,27.758813
0.051105,43.308708,0.049160,41.660654
-0.004035,-3.419412,0.006923,5.867070
0.032332,27.400116,0.053050,53.155351
0.027626,23.411417,0.055507,47.039401
0.017100,14.491138,0.035069,29.719423
0.025443,21.561700,0.044485,37.699275
0.044158,37.421473,0.011015,9.334385
0.039312,33.315226,0.007517,6.370285
0.030584,25.918512,0.001119,0.948399
0.005876,4.979532,0.055602,55.713015
0.027727,23.496943,0.027236,23.081260
0.050459,42.761963,0.062205,62.328706
0.033856,28.691031,0.007626,6.462990
0.009385,7.953203,0.036646,31.056109
0.012923,10.951638,0.042919,36.372061
0.045016,38.148916,0.023971,20.314441
-0.001003,-0.850078,0.038552,32.670834
0.034620,29.339091,0.014115,11.961840
0.027651,23.432734,0.063174,53.536556
0.016128,13.667480,0.026097,22.115629
0.049179,41.676671,0.036353,30.807697
0.031073,26.333115,-0.005411,-4.585386
0.025166,21.326763,0.075024,63.579365
0.059798,50.675810,0.052600,44.576338
0.022952,19.450782,0.021594,18.299905
0.036514,30.943901,0.048362,48.458549
0.021230,17.991733,0.037777,32.013950
0.014649,12.414607,-0.003759,-3.185990
0.015633,13.248535,0.067275,57.012622
0.009806,8.310290,0.042295,35.843119
0.026853,22.756711,0.040416,34.250864
0.022765,19.292474,0.032867,27.853120
0.013612,11.535296,0.035729,30.278439
0.055087,46.683748,0.047190,39.991567
0.018836,15.962551,0.024777,20.997492
0.026195,22.198919,0.057674,48.875925
0.037145,31.478986,0.063862,54.119980
0.039074,33.113663,0.055066,46.665670
0.016312,13.823472,0.009104,9.122223
0.016579,14.050302,0.018866,18.904055
0.027376,23.200019,0.024691,20.924028
0.011273,9.553175,0.018176,15.403593
0.036347,30.802351,0.066684,66.816921
0.013694,11.605144,0.029173,24.722380
0.042352,35.890968,0.033608,28.481466
0.007606,6.445957,-0.003421,-2.898861
0.029535,25.029439,0.054044,45.800136
0.022608,19.159618,0.047210,40.008550
0.041262,34.967328,0.064820,54.931564
0.042792,36.264215,0.050752,43.009822
0.054680,46.338750,0.020169,17.092524
0.053909,45.685490,0.061148,61.270221
0.015469,13.109316,0.017230,14.601504
0.028935,24.521414,0.027159,23.016293
0.004159,3.524231,-0.005747,-4.870561
0.028297,23.980739,0.032817,27.811246
0.022824,19.342129,0.017141,14.526238
0.013286,11.259170,0.057379,48.625830
0.053434,45.282475,0.046710,46.802871
0.034496,29.233356,0.040338,34.184380
0.036990,31.347521,0.002695,2.283610
0.007597,6.437977,0.052711,52.815752
0.050934,43.164440,-0.008410,-8.426877
0.042546,36.055316,0.047678,40.404524
0.009649,8.176845,-0.061981,-62.105106
0.036016,30.521933,0.016343,13.849719
0.038028,32.227078,0.002460,2.464613
0.027224,23.071336,0.043230,36.635240
0.010970,9.296345,0.067580,57.270449
0.058007,49.158157,0.006414,5.435778
0.032304,27.376396,0.063141,53.509354
0.019055,16.148174,0.017877,15.149842
0.047323,40.103607,0.019525,16.546155
0.022489,19.058734,0.054392,46.094339
0.022789,19.312456,0.045792,38.806690
0.030563,25.900603,0.027391,23.212206
0.043034,36.468960,0.023473,19.892566
0.022220,18.830144,0.055048,46.650881
0.023682,20.069274,0.025620,21.711463
0.028664,24.290996,0.036496,30.928747
0.042837,36.302379,0.029705,25.173601
0.028891,24.483542,0.049385,41.851202
0.033016,27.979110,0.044185,37.444416
0.028960,24.542357,0.019413,16.451849
0.023533,19.943223,0.031048,26.311992
0.017447,14.785380,0.009955,8.436681
0.035676,30.233605,0.017042,14.442101
0.040459,34.286954,0.023218,19.676106
0.017718,15.014924,0.026881,26.934298
0.041735,35.368180,0.046659,39.541472
0.046756,39.623201,0.035075,29.724273
0.026406,22.377931,0.027916,23.657172
0.048168,40.820049,-0.006386,-5.412171
0.056853,48.180215,0.024145,20.462052
0.028822,24.425051,0.033204,28.138537
0.012796,10.843851,0.029980,25.406354
0.029739,25.202051,0.062186,52.699381
-0.004574,-3.876527,0.005618,4.761251
0.044438,37.659282,0.035459,30.049822
0.030207,25.599256,0.019592,16.603039
0.012667,10.734754,0.054622,46.289128
0.053014,44.926640,-0.010182,-10.202789
0.016655,14.114620,0.029837,29.896860
0.052089,44.143023,0.020946,17.751154
0.028281,23.966546,-0.002081,-1.763319
0.025090,21.262963,0.065113,55.179883
0.037520,31.796833,0.007668,6.498174
0.017168,14.549281,-0.001490,-1.262944
0.015956,13.522152,0.033692,28.552389
0.052592,44.569056,0.019228,16.294938
0.010280,8.711636,0.033314,28.231910
0.003115,2.640033,0.047569,40.312064
-0.001507,-1.277156,0.000269,0.228182
0.058447,49.531427,0.045150,38.262640
0.036886,31.258780,0.047969,48.064480
0.011299,9.575086,0.035477,30.065443
0.020378,17.269723,0.048184,40.833364
0.061361,52.000773,0.007637,6.472060
0.029283,24.816219,0.041033,34.773251
0.051249,43.430710,-0.009293,-9.311799
0.038170,32.346865,0.040550,34.364187
0.034358,29.116400,0.015749,13.346534
0.056075,47.521237,0.040028,33.921682
0.034174,28.960650,0.023644,23.690847
0.018015,15.266706,0.008759,7.422815
0.028623,24.256321,0.006514,5.519966
0.059332,50.280967,0.063056,53.436806
0.029141,24.695895,0.026714,22.638521
0.029601,25.085673,0.051566,43.699841
0.058973,49.976823,0.016935,14.351563
0.041485,35.156913,0.010185,8.631171
0.029027,24.599115,0.036074,36.146103
0.022313,18.909194,0.039590,33.550906
0.060814,51.537313,0.021588,18.294984
0.018050,15.296732,0.016300,13.813616
0.041360,35.050264,0.012892,10.925448
0.020701,17.543358,0.021084,17.867777
0.050724,42.986253,0.011573,9.807243
0.016552,14.026877,0.011425,9.682386
0.029771,25.229187,0.021355,18.097410
0.023992,20.331952,0.001166,0.988245
0.040816,34.589441,0.042325,35.868141
0.028028,23.752627,0.060151,50.974782
0.018344,15.545944,0.026203,22.206117
0.058952,49.959040,0.050566,42.852534
0.013770,11.669562,0.046170,39.127095
0.023242,19.696101,0.010848,9.192955
0.032758,27.760971,0.004719,4.728531
0.008759,7.423111,0.003155,2.673833
0.023759,20.134894,0.054296,46.013325
0.024164,20.477500,0.036117,30.607726
0.045344,38.426890,0.034544,29.274031
0.019495,16.521341,0.028460,24.118492
0.019279,16.338132,0.057937,58.052854
0.051095,43.300873,0.019381,16.424485
0.018301,15.509002,0.043354,36.740639
0.042624,36.121669,0.036075,30.572111
0.056707,48.056842,0.028597,28.653896
0.061086,51.767150,0.018010,15.262778
0.052781,44.729731,0.052014,44.079290
0.038883,32.951502,0.053221,45.102493
0.055185,46.766906,0.023325,19.766765
0.010016,8.488026,0.025076,21.250433
0.030505,25.851692,0.031327,26.547759
0.027684,23.461223,0.016898,14.320488
0.031175,26.419321,0.048936,41.471115
0.018057,15.302346,0.012664,10.732462
0.005522,4.679487,0.041455,35.131552
0.005893,4.993936,0.038242,38.318238
0.023380,19.813295,0.010535,8.927527
0.043432,36.806431,0.031491,26.686753
0.022602,19.154498,0.064709,54.837599
0.013593,11.519814,0.005636,5.647196
0.045476,38.538777,0.053922,54.029762
0.007705,6.529508,0.014487,12.276722
0.007478,6.337027,0.020781,17.610643
0.033088,28.040309,0.048709,41.278213
0.050988,43.209571,0.059181,50.153284
0.053775,45.571845,0.027933,23.671983
0.028932,24.518726,-0.000406,-0.406401
0.004818,4.083370,0.019986,16.937066
0.037510,31.787761,0.045081,38.204149
0.029713,25.180627,0.026953,22.841714
0.011331,9.602680,0.062566,53.021454
0.050877,43.115837,0.030927,26.209005
0.017173,14.553107,0.037172,31.501301
0.037404,31.698293,0.022036,18.674827
0.038799,32.880711,0.019408,16.447505
0.028282,23.967637,0.002566,2.174392
0.009590,8.126721,0.043190,36.601454
0.009391,7.958074,0.033302,28.221982
0.035569,30.142950,0.060589,51.346294
0.050390,42.703475,0.058103,49.239729
0.055061,46.661639,0.007054,5.977718
0.018496,15.674286,0.011495,9.741305
0.065490,55.500044,0.033161,28.102747
0.010833,9.180700,0.060308,51.108139
0.021520,18.236896,0.009917,8.403939
0.053658,45.473017,0.047414,40.181344
0.033803,28.646335,0.047876,40.572373
0.037364,31.663864,0.061154,61.275728
0.057723,48.917756,0.050019,42.389057
0.002714,2.300104,0.033097,28.047907
0.045226,38.326856,0.019703,16.697686
0.030503,25.850054,0.065749,65.880631
0.042453,35.976634,0.066922,56.712823
0.043225,36.631447,0.028659,24.287354
0.029369,24.888506,0.011629,9.854796
0.010152,8.603248,0.026729,22.651958
0.028009,23.735936,0.026715,22.639726
0.005725,4.851774,0.030522,25.865623
0.025023,21.206182,0.000397,0.336219
0.042484,36.003416,0.030015,25.436416
0.039946,33.852603,0.043526,36.885948
0.035529,30.108899,0.027017,27.070961
0.006898,5.845743,0.020215,17.131495
0.039027,33.073234,0.010129,8.584148
0.012261,10.390807,0.043061,36.492530
0.006832,5.789494,0.026517,22.472300
0.008602,7.290197,-0.004415,-3.741231
0.008264,7.003658,0.007345,6.224628
0.009848,8.345582,0.012824,10.867654
0.023921,20.272190,0.046085,39.054470
0.020055,16.995301,0.032730,27.737091
0.053537,45.369659,0.062092,52.620123
0.029161,24.712799,0.027153,23.010679
0.000694,0.587991,0.020803,20.844531
0.025432,21.552607,-0.007387,-6.260365
0.010614,8.995241,0.011468,9.718736
0.005519,4.676825,0.025416,21.538799
0.023855,20.216035,0.030420,30.480347
0.015008,12.718683,0.014016,11.878037
0.011659,9.880048,0.055640,47.152655
0.046384,39.307998,0.033500,28.389450
0.021979,18.626332,0.017156,14.538824
0.002668,2.260960,0.051422,43.577541
0.041517,35.183390,0.038516,32.640109
0.048494,41.096034,0.007773,6.587028
0.067719,57.388243,0.030520,25.864511
0.021455,18.182001,0.008973,7.603823
0.006155,5.216030,0.019421,16.458410
0.022007,18.650207,0.057226,48.496720
0.059754,50.638322,0.040632,34.433902
0.008946,7.581317,0.029080,29.137810
0.011930,10.110038,0.021563,18.273977
0.027055,22.927676,0.034486,29.225049
0.053864,45.647178,0.026048,26.100284
0.016100,13.644223,0.021518,18.235476
0.053368,45.226721,-0.000072,-0.060963
0.011595,9.825982,0.037357,31.658079
0.017295,14.656762,0.059279,50.236000
0.017629,14.939583,0.024667,20.904218
0.031989,27.109292,0.027201,23.051248
0.034004,28.816882,0.022418,18.998492
0.033227,28.158337,0.033964,28.782620
0.016110,13.652486,0.014293,12.112680
0.051589,43.718930,0.018528,15.701328
0.006156,5.217008,0.033077,28.031100
0.018629,15.787270,0.040401,34.237904
0.015241,12.916116,-0.009175,-7.775494
0.050190,42.533642,0.024957,21.150232
0.011147,9.446756,0.026611,22.551287
0.028573,24.213885,0.028561,24.204068
0.046290,39.228459,0.022595,19.147973
0.052977,44.895686,0.053522,45.356951
0.022758,19.286519,0.051616,43.742272
0.054639,46.304064,0.025751,21.823099
0.024685,20.919557,0.015011,12.720706
0.042831,36.297083,0.019543,16.561503
0.051619,43.744729,0.015872,13.450421
0.049929,42.312521,0.033433,28.332577
0.013523,11.460211,0.049637,42.065147
0.043082,36.509979,0.014567,12.344751
0.051323,43.494220,0.025295,21.436153
0.048870,41.415112,0.050231,42.568566
0.025378,21.506367,0.024994,21.181270
0.002399,2.033052,0.042512,36.026980
-0.002058,-1.744138,0.004006,3.395054
0.029951,25.382209,0.002811,2.382181
0.056474,47.858938,0.060347,60.466919
0.014740,12.491106,0.046966,39.801858
0.021009,17.804223,0.021757,18.437722
0.032232,27.314852,0.014103,11.951470
0.017263,14.629771,0.027614,23.401149
0.013334,11.299890,0.031275,26.503907
0.029090,24.652531,0.014917,12.641288
0.025613,21.705623,0.025542,21.645727
0.016026,13.581216,0.013980,11.847179
0.017066,14.462569,0.060919,51.625994
-0.007585,-6.427710,0.020404,17.291221
0.031220,26.457391,-0.000531,-0.449931
0.001199,1.015958,0.017920,15.186061
0.018203,15.425761,0.037286,31.597980
0.011506,9.750940,0.051210,43.397677
0.033001,27.966616,0.003944,3.342400
0.027182,23.035356,0.058112,58.227925
0.015780,13.372677,0.011851,10.043504
0.020715,17.554810,0.029373,24.892389
0.044687,37.870179,0.015260,12.932251
0.032027,27.141604,0.038844,32.918343
0.007468,6.328635,-0.081432,-81.594817
0.061146,51.818522,0.019134,16.215555
0.017616,14.928469,0.050148,42.498266
0.007654,6.486258,0.036896,31.267189
0.025425,21.546339,0.020388,17.277563
0.013271,11.246743,0.043183,36.595812
0.025118,21.285973,0.041257,34.963408
0.013201,11.186844,0.062502,62.627047
0.001998,1.692976,0.017102,14.493102
0.012760,10.813777,0.052625,44.597529
0.054519,46.202307,0.001792,1.518576
0.048233,40.874985,0.014991,15.021035
0.011251,9.534433,0.004146,3.513956
0.022465,19.037724,0.007805,6.614406
0.013839,11.728019,0.017968,15.227134
0.026994,22.875729,0.037109,31.447836
0.034455,29.199367,0.020262,20.302797
0.024508,20.768953,0.051880,43.965548
0.031603,26.782200,0.045135,38.249516
0.029783,25.240014,-0.016870,-16.903848
0.012833,10.875676,0.059990,50.838842
0.035950,30.466243,0.017028,14.430070
0.057472,48.704472,0.028181,23.882095
0.018533,15.706080,0.030068,30.128349
0.030985,26.258118,0.027776,23.539008
0.028497,24.149712,0.040975,34.724279
0.045053,38.180361,0.008248,6.989893
0.054183,45.917917,0.030603,25.934821
0.027856,23.606392,0.016213,13.739537
0.010143,8.596062,0.059157,59.274618
-0.006747,-5.717762,0.017806,15.089622
0.024973,21.163361,0.015632,13.247570
0.028560,24.203084,0.024289,20.583865
0.017616,14.929076,0.033919,28.744683
0.063825,54.088702,0.079098,67.031514
0.056757,48.099007,0.068734,58.248956
0.049911,42.297459,0.056041,47.492068
0.007066,5.988056,0.007667,6.497059
0.024735,20.961328,0.003097,2.624507
0.013621,11.542793,0.018769,18.806397
0.020000,16.949003,0.036742,31.137094
0.032624,27.647384,0.031585,26.766652
0.015356,13.013699,0.041503,35.172020
0.025941,21.983468,0.024951,21.144651
0.014245,12.071672,0.009265,7.851812
0.017887,15.158015,0.015977,13.539496
0.017409,14.753164,0.030676,25.996446
0.021854,18.520594,0.018433,15.620926
0.022137,18.760102,0.033789,28.634796
0.022655,19.198716,0.039715,33.656401
0.056005,47.461811,0.026342,22.323662
0.062803,53.222705,0.008942,7.577973
0.017219,14.592520,0.050036,42.402729
0.032189,27.278822,0.034776,29.470895
0.019640,16.644250,0.008642,7.323552
0.027969,23.702785,0.018448,15.633442
0.013881,11.763515,0.020175,17.097185
0.014637,12.403932,0.032454,27.503306
0.039311,33.314535,0.036348,30.803417
0.032957,27.929289,0.009800,8.305446
0.060870,51.584707,0.038072,32.263865
-0.004921,-4.170682,0.052570,44.550241
0.045185,38.292401,0.028936,24.521695
0.022920,19.423719,0.014149,11.990355
0.030339,25.710987,0.010023,8.493748
0.050158,42.506111,0.036671,31.077286
0.008692,7.366328,0.002469,2.092663
0.049796,42.199579,0.064994,55.079309
0.046009,38.990181,0.057906,49.072977
-0.003525,-2.986914,0.030942,26.221836
0.019719,16.710741,0.016801,14.237656
0.027970,23.703270,0.030455,25.809168
0.026256,22.250849,0.024966,25.015952
0.010755,9.114648,0.080700,68.389200
0.057550,48.770542,0.016956,14.368988
0.016376,13.878121,0.010293,8.722809
0.015142,12.832078,0.013907,11.785832
-0.011160,-9.457381,0.045081,38.204376
0.057838,49.015005,0.006963,6.977149
0.039762,33.696170,0.062001,52.543026
0.040009,33.905984,0.015597,13.218010
0.024705,20.936430,0.023939,20.287472
0.061930,52.482483,0.028245,23.936298
0.010078,8.540997,0.005607,4.751416
0.015660,13.271336,0.029600,29.659037
0.020946,17.750607,0.046434,39.350746
0.054543,46.222243,0.024767,20.988489
0.050548,42.836764,0.032555,27.588398
0.047014,39.842318,0.031667,26.836356
0.031992,27.111695,0.028077,23.793583
0.023807,20.175411,0.019331,16.382419
0.059035,50.029489,0.013624,11.545801
0.019753,16.739971,0.066685,56.512389
0.054582,46.255896,-0.050554,-42.842499
0.043263,36.663155,-0.003361,-2.848581
0.025346,21.479860,-0.005190,-4.398363
0.042477,35.997301,0.020501,17.373547
0.010950,9.279808,0.070980,71.121335
0.044190,37.449049,0.048719,41.287069
0.026890,22.788306,0.023550,19.957595
0.026489,22.448293,0.062221,62.345009
0.029440,24.948936,0.051136,43.335149
0.016306,13.818314,0.030981,26.254962
0.059710,50.601276,0.051928,44.006356
0.035166,29.801752,0.038049,32.244603
0.032561,27.593507,0.008720,7.390063
0.013298,11.269132,0.008061,8.077100
0.009839,8.338184,0.005368,4.549337
0.022076,18.708038,0.046428,39.345804
0.047938,40.625477,0.058197,49.319058
0.044415,37.639942,0.024189,20.499151
0.029579,25.067037,0.074898,63.472548
0.016280,13.796636,0.054591,46.263348
0.020602,17.459313,0.013912,13.939329
0.019666,16.666251,0.005031,4.263581
0.013999,11.863752,0.009828,8.328452
0.056284,47.697776,0.011618,9.845720
0.014253,12.078775,0.016481,13.966868
0.026155,22.165202,0.017864,15.138550
0.049407,41.870031,0.010643,9.019107
0.008630,7.313441,0.053703,53.809930
0.055795,47.283203,0.028659,28.716563
0.017218,14.591373,0.009824,8.325382
0.021235,17.995941,0.019233,16.299191
0.038572,32.687654,0.024742,20.967595
0.033985,28.800878,0.025936,21.979821
0.033483,28.375597,0.031746,26.903505
0.061951,52.500627,0.031524,26.714842
0.061692,52.281434,0.050461,42.763356
0.023403,19.832970,0.024998,21.184347
0.034586,29.310140,0.004431,3.755361
0.012563,10.646618,0.026731,22.653445
0.022454,19.028388,0.017513,14.841776
0.013157,11.149715,0.029582,25.069532
0.046197,39.149413,0.022591,19.144621
0.048871,41.415732,0.031604,26.782464
0.029652,25.128643,0.027957,23.692486
0.023294,19.740862,0.017367,14.718116
0.020613,17.468634,0.011753,9.960275
0.030024,25.443605,0.028912,24.501787
0.032707,27.717353,0.020473,17.349484
0.022905,19.410650,0.022255,18.860354
0.027660,23.440136,0.012295,10.419763
0.053638,45.455327,0.004663,3.951955
0.064907,55.005970,0.026009,22.041714
0.036665,31.071518,0.009664,8.189428
0.029365,24.885382,0.008077,6.844955
0.058005,49.156802,0.030614,25.943597
0.010734,9.096779,0.050284,42.613555
0.005022,4.256119,0.000239,0.202243
0.004292,3.636932,0.050232,42.569276
0.020030,16.974872,0.034300,29.067756
0.048797,41.353180,0.058361,49.457891
0.027050,22.923685,0.059469,50.397540
0.020523,17.392056,0.027307,23.141324
0.058506,49.580822,0.030105,25.512282
-0.000599,-0.507515,0.022024,18.664337
0.007955,6.741638,0.002888,2.447206
0.057322,48.577696,0.026080,22.101662
0.035132,29.772360,0.029275,24.808988
0.026296,22.284616,0.055615,55.726439
0.031350,26.567965,0.037475,31.758232
0.040197,34.064803,0.056075,47.520476
0.002322,1.967910,0.020842,20.883725
0.056949,48.261950,0.053069,44.973108
0.027779,23.541714,0.069676,69.815334
0.031309,26.532797,0.022861,19.373311
0.045703,38.731174,0.031781,26.932576
0.009116,7.725436,-0.008341,-7.068823
0.010075,8.538004,0.053826,45.614551
0.028236,23.928631,0.055813,47.298936
0.029500,24.999773,0.024498,20.760730
0.030285,25.665260,0.028032,23.755657
0.043280,36.677652,0.018992,16.095063
0.006983,5.917730,0.056032,47.484732
0.041610,35.262903,0.035416,30.012971
0.030804,26.105119,-0.019842,-19.881553
0.021521,18.238357,0.025339,21.473340
0.022744,19.274392,0.045314,38.401505
0.025961,22.001069,0.041932,35.535579
0.000132,0.112075,0.024350,20.635679
0.024812,21.026853,0.025978,22.015189
0.022401,18.983391,0.024560,20.813835
0.026092,22.111873,0.034603,29.324591
0.044759,37.931438,0.023400,19.830778
0.053917,45.691971,0.025934,21.977782
0.043391,36.771487,0.008801,7.458503
0.043354,36.740236,0.058107,58.223030
0.020826,17.649156,0.052184,44.223332
0.047779,40.490486,0.033057,28.014262
0.022702,19.238927,0.006911,5.856608
0.035885,30.411061,0.018657,15.811005
0.047460,40.219864,0.020323,17.222909
0.045782,38.798111,0.044147,37.412268
0.052722,44.679114,0.041376,35.063996
0.018480,15.660987,0.004936,4.182622
0.065408,55.430523,0.025630,21.720003
0.038616,32.725598,0.030328,25.701837
0.029906,25.344249,0.034935,29.605772
0.008062,6.832235,0.010329,10.349263
0.018257,15.471692,0.043829,37.143360
0.017210,14.584884,0.020646,17.496332
0.030251,25.636446,0.012210,10.347032
0.053551,45.381511,0.023969,20.312392
-0.004708,-3.989890,0.055152,46.738584
0.044380,37.609872,0.042320,35.864275
0.014685,12.444966,0.033064,28.020565
0.030116,25.521945,0.061232,51.891340
0.047726,40.445591,0.051159,43.354820
0.046408,39.328581,0.048877,41.420753
0.026921,22.814231,0.020591,17.450254
0.019540,16.558813,0.064786,54.902977
0.005363,4.545031,0.029166,24.716693
0.026372,22.349137,0.040187,34.056294
0.060697,51.438020,0.011786,9.988414
0.011954,10.130100,0.026520,22.474342
0.009660,8.186181,0.030340,25.711299
0.021363,18.103762,0.043399,36.778234
0.021260,18.016861,0.019819,19.858231
0.023491,19.907307,0.033312,28.230125
0.035938,30.456154,0.000889,0.890705
0.022378,18.963877,0.047635,40.368182
0.049429,41.888697,0.033631,28.500368
0.034624,29.342237,0.046239,39.185539
0.058844,49.867340,0.042529,36.041416
0.005933,5.027881,0.037814,32.045849
0.018041,15.288531,0.011953,10.129208
0.038050,32.245838,0.025572,21.671348
0.020183,17.103746,0.026575,22.521112
0.029573,25.062009,0.016373,13.875253
0.019810,16.788363,0.022085,18.715967
0.014281,12.102861,0.018425,15.614330
0.039287,33.294076,0.056706,48.055552
0.032074,27.181584,0.004876,4.132214
0.013997,11.861994,0.051574,43.706816
0.032501,27.543118,0.049054,41.570735
0.028120,23.830232,0.052806,44.750530
0.026166,22.174765,0.037975,32.181821
0.028214,23.910055,0.057187,57.301512
0.010695,9.063865,0.019682,16.679396
0.032464,27.511306,0.032759,32.824533
0.059162,50.136720,0.065045,55.122638
0.035460,30.050555,0.014189,12.024295
0.026025,22.054675,0.034030,28.839072
0.001549,1.312773,0.003620,3.067720
0.015032,12.739086,0.012132,10.281065
0.026756,22.674691,0.011934,10.113714
0.021642,18.340377,0.008839,7.490608
0.014342,12.154522,0.006388,5.413882
0.008271,7.009036,0.022820,19.338557
0.058219,49.337420,0.014785,12.529431
0.015016,12.725098,0.003761,3.187481
0.007303,6.189213,0.026503,22.459971
0.032455,27.503818,0.036762,31.154197
0.009105,7.716333,-0.004497,-3.811343
0.017792,15.078221,0.045487,38.547773
0.010404,8.816624,0.052414,44.418057
0.035802,30.340469,0.042071,42.154831
0.007399,6.270665,0.046914,39.757605
0.029959,25.388413,0.014864,12.596283
0.057241,48.509423,0.057729,48.922333
0.018492,15.671318,0.017162,14.543925
0.029075,24.639489,0.055880,47.355711
0.020848,17.668096,0.047931,40.619104
0.004966,4.208194,0.025113,21.281719
0.011250,9.533884,0.028535,24.182057
0.019987,16.937817,0.048789,41.346641
0.054117,45.861580,0.020038,16.981296
0.026384,22.359367,0.020823,17.646866
0.043182,36.594283,0.020268,17.176470
0.029739,25.202657,0.021962,18.611460
0.040384,34.223288,0.047473,40.231038
0.019990,16.940994,0.015732,13.331807
0.024873,21.079024,0.033195,28.131127
0.012129,10.278862,0.014520,12.305192
0.007051,5.975197,0.015761,15.792124
0.028055,23.775102,0.052060,44.118199
0.030962,26.238472,0.030034,25.452686
0.012342,10.459184,0.006760,5.728740
0.017931,15.195842,0.025743,21.815589
0.014018,11.879765,0.016765,14.207821
0.040512,34.332046,0.066360,66.492056
0.024261,20.559655,0.026511,22.466748
0.024391,20.670570,0.031155,31.216976
0.034843,29.527706,0.028285,23.970342
0.041353,35.044544,0.042085,35.665455
0.032396,27.453825,0.022516,19.081562
0.011159,9.456321,0.011240,9.525450
0.025372,21.501718,0.032406,27.462173
0.061727,52.310831,0.005913,5.010991
0.019361,16.407525,0.007841,6.644670
0.035973,30.485765,0.022812,19.331864
0.038180,32.355554,0.010362,8.781109
0.035092,29.738552,0.004190,3.550443
0.017288,14.650946,0.041403,35.087074
-0.005193,-4.400788,0.036470,30.906241
0.036323,30.781961,0.054243,45.967938
0.035513,30.095859,0.067207,67.341022
0.042211,35.771989,0.012594,10.672734
-0.002613,-2.214598,0.033387,28.293684
0.052273,44.298566,0.041186,34.902832
0.028441,24.102063,0.029887,25.328098
0.058176,49.301658,0.021816,18.488058
0.059970,50.821373,0.020271,17.178392
0.034049,28.855073,0.009627,8.158072
0.008702,7.374641,0.013729,11.634832
0.002658,2.252316,0.055400,46.948811
0.028412,24.077680,0.057335,57.448984
-0.000718,-0.608715,0.036874,31.248725
0.050650,42.923471,0.023939,20.287384
0.053502,45.340697,0.056727,48.073512
0.027579,23.372052,0.031679,26.846622
0.020964,17.766390,0.056246,47.666130
0.015176,12.861182,0.034041,28.847753
0.023322,19.763911,0.025471,21.585771
0.029001,24.577277,0.023210,19.669374
0.025908,21.956004,0.005983,5.070439
0.004444,3.766013,0.062759,53.185618
0.004081,3.458358,0.018825,15.953296
0.058666,49.716493,0.004854,4.113862
0.014159,11.999232,0.059643,50.544750
0.052052,44.111235,0.023111,19.585629
0.034682,29.391058,0.037987,32.192511
0.002784,2.358910,0.001685,1.427857
0.004203,3.562214,0.034997,29.658058
0.039606,33.564561,0.016201,13.729587
0.000385,0.326646,0.002767,2.345027
0.049149,41.651633,0.014863,12.595921
-0.004369,-3.702877,0.028920,24.508405
0.040557,34.369784,0.042405,42.489909
0.029745,25.207687,0.057776,48.962445
0.023242,19.696668,0.026422,22.391782
0.038456,32.589480,0.008367,7.090483
0.029308,24.837460,0.027626,23.411814
0.048411,41.025709,0.040016,40.096321
0.029480,24.982475,-0.001014,-0.859262
0.030553,25.892397,0.053012,44.924767
0.028019,23.744528,0.010101,8.560002
0.026950,22.838700,0.010174,8.621642
0.028413,24.078666,0.033236,28.165606
0.026348,22.328595,0.039690,33.635786
0.018888,16.007085,0.063532,53.840065
0.025026,21.208241,0.039364,33.358851
0.023499,19.914491,0.018196,15.420326
0.059922,50.780878,0.012860,10.898478
0.004729,4.007290,0.059760,50.643780
0.050118,42.472864,0.024014,20.350956
0.010277,8.709017,0.034416,34.484379
0.036713,31.112684,0.029688,25.159332
0.007751,6.568911,0.018391,15.585088
0.000922,0.781738,0.073187,73.333353
0.028505,24.156999,0.038660,32.762622
0.039577,33.539612,0.014069,11.922630
0.027483,23.290273,0.029197,24.742878
0.023480,19.898517,0.012435,10.538321
0.013435,11.385219,0.003926,3.326832
0.054002,45.764135,0.041797,35.420914
0.059879,50.744994,0.010038,8.506573
0.008078,6.845605,0.046355,39.283938
0.028459,24.117272,-0.008005,-8.021130
0.034531,29.263458,0.030636,25.962139
0.015693,13.298911,0.044697,37.878856
0.007619,6.456794,0.009502,8.052869
0.016122,13.662361,0.027737,23.506209
0.017381,14.729717,0.026672,22.603455
0.035423,30.019484,0.032306,27.377773
0.050287,42.615863,0.058379,49.473716
0.025252,21.399449,0.043713,37.044969
0.025570,21.669492,0.049316,41.792635
0.009988,8.463953,0.051894,43.977715
0.014379,12.185266,0.027812,23.569134
0.030840,26.135121,0.014186,14.214743
0.019224,16.291831,0.050482,42.781479
0.005958,5.049336,0.021455,18.182405
0.045583,38.629713,0.033347,28.259713
0.051530,43.669481,0.050894,43.130058
0.000492,0.416917,0.034413,29.163039
0.015601,13.221392,0.033940,28.762130
0.034425,29.173617,0.030329,25.702518
0.015421,13.068243,0.011242,11.264622
0.025991,22.025922,0.021536,18.250542
0.014368,12.175865,0.009714,8.232160
0.034021,28.831372,0.020709,17.549562
0.064120,54.338373,0.057381,48.627574
0.030756,26.063953,0.028271,23.958123
0.014385,12.190489,0.010807,9.158493
0.021626,18.326631,0.032401,27.458487
0.005086,4.310542,0.036703,31.104237
0.052009,44.074958,0.045196,38.301879
0.049679,42.100478,-0.014269,-14.297016
0.050601,42.882081,0.045805,38.817202
0.008585,7.275338,0.042373,35.909221
0.029021,24.594121,0.010937,9.268826
0.056400,47.796185,0.005528,4.684924
0.058849,49.871882,0.011232,9.518518
0.026899,22.795445,0.026114,22.130436
0.009219,7.812307,0.013238,11.218220
0.006817,5.777069,0.041763,35.392090
0.020636,17.488070,0.015162,12.848775
0.016234,13.757258,0.071388,71.530810
0.045734,38.757187,0.026449,22.414416
0.016851,14.280517,0.056693,48.044805
0.034285,29.054665,0.035078,29.726944
0.025983,22.019212,0.018226,15.446011
0.040984,34.732224,0.047814,40.520037
0.011701,9.916315,0.037875,32.097626
0.036914,31.283066,0.016262,13.781355
0.027218,23.066000,0.021191,17.958251
0.006831,5.788558,0.034735,34.804150
0.036194,30.672858,0.060397,51.183285
0.043832,37.145718,0.053812,45.602696
0.041806,35.428513,0.062292,52.789580
0.002959,2.507845,0.007523,6.375119
0.033576,28.454251,-0.006805,-6.818657
0.021218,17.981294,0.026756,22.674264
0.012239,10.371874,0.016213,13.739605
0.035757,30.302031,0.019689,16.685366
0.071578,60.658866,0.046119,39.083688
0.010529,8.922426,0.029316,24.843585
0.015871,13.450040,0.027829,23.583893
0.039152,33.179455,0.048782,41.340181
0.055182,46.764355,0.032201,32.265539
0.034246,29.022253,0.035787,30.327853
0.029179,24.727917,0.072272,72.416606
0.046992,39.823157,0.017922,15.188222
0.045406,38.479079,0.013688,11.600280
0.058545,49.614234,0.046413,39.333111
0.017703,15.002803,0.040506,34.326978
0.046633,39.519562,0.063676,53.962664
0.009839,8.338416,0.011407,9.667064
0.057433,48.671749,0.021466,21.508828
0.031350,26.567634,0.016962,14.374339
0.027912,23.654229,0.010164,8.613682
0.009040,7.660822,0.049608,42.040783
0.015359,13.016110,0.014124,11.969549
0.018385,15.580094,0.007522,6.374265
0.025894,21.944349,0.027483,23.290902
0.009667,8.192344,0.025320,21.457234
0.047655,40.385417,0.013823,13.850470
0.011631,9.856699,0.021283,18.036660
0.033620,28.491741,0.030828,26.124871
0.060562,51.323790,0.053655,45.469959
0.013367,11.328110,0.061453,52.078576
0.046926,39.767747,0.032189,27.278927
0.030319,25.694038,0.013676,11.590103
0.055404,46.952479,0.027497,27.551798
0.030610,25.940675,0.021504,18.223971
0.036358,30.811653,0.044042,37.323428
0.054480,46.169453,0.025069,21.244932
0.006527,5.531291,0.042402,35.933499
0.002496,2.115116,0.035446,30.039132
0.067481,57.187341,0.038044,32.240275
0.026069,22.092488,0.026511,22.466960
0.023157,19.624505,0.007527,6.378821
0.007552,6.399679,0.040157,34.031376
0.024963,21.154760,0.031461,26.661893
0.024698,20.930148,0.021510,18.228591
0.049683,42.104347,0.059843,50.714012
0.010049,8.515757,0.038780,32.864063
0.043169,36.583412,0.003106,2.632005
0.004733,4.011099,0.011363,9.629423
0.032263,27.341679,0.032435,27.486932
0.010500,8.898608,0.033047,28.005590
0.003787,3.209308,0.050046,42.411326
0.024629,20.871721,0.006592,5.586762
0.071033,60.197286,0.025507,21.616229
0.019229,16.296043,0.065155,55.215875
0.053120,45.016938,0.026249,22.244379
0.017236,14.606965,0.021419,18.151361
0.016874,14.299784,0.028745,24.359902
0.003075,2.605665,0.016848,14.278239
0.021801,18.475524,-0.022085,-22.128572
0.018295,15.504383,0.030410,25.770969
0.046572,39.467458,0.028159,23.863755
0.022320,18.914729,0.045512,38.569606
0.024557,20.810692,0.031719,26.880499
0.024922,21.120234,0.050305,42.631128
0.068861,58.356033,0.012869,10.905590
0.020995,17.792143,0.023673,20.061702
0.032242,27.323757,0.016809,14.244917
0.023030,19.517097,0.015148,12.837095
0.030120,25.525001,0.032490,27.533507
0.007075,5.995466,0.019713,16.706100
0.019312,16.366374,0.038850,32.923378
0.037125,31.461505,0.030376,25.741888
0.006951,5.890268,-0.002149,-2.152919
0.014658,12.422076,0.022864,19.376254
0.024419,20.694244,0.014923,12.646187
0.018920,16.033599,0.036689,31.091763
0.027007,22.887331,0.017174,14.554057
0.042654,36.147490,0.029714,25.181333
0.031712,26.874719,0.008751,7.415772
0.030129,25.532984,0.024819,21.032521
0.024895,21.097527,0.028326,24.004558
0.007809,6.618112,0.024050,20.381377
0.001954,1.656328,0.028308,23.989695
0.025526,21.632312,0.008417,7.132787
0.054891,46.517610,0.018417,15.607224
0.046111,39.077030,0.060079,60.199234
0.060594,51.350638,0.057657,48.861607
0.029443,24.951389,0.050502,42.798152
0.004307,3.649727,0.026336,22.318109
0.034632,29.349124,0.015751,13.347955
0.034073,28.875489,0.041137,34.861716
0.019320,16.373014,0.020830,17.652073
0.005296,4.488048,0.024200,24.248385
0.026231,22.229342,0.021749,18.431528
0.027604,23.392891,0.033094,28.045579
0.045636,38.674188,0.032836,27.827161
0.001225,1.037801,0.023941,20.288826
0.029378,24.896293,0.018939,16.050112
0.016033,13.586965,0.045835,38.843195
0.018386,15.581454,-0.005130,-4.347354
0.026866,22.767713,0.024891,21.094350
0.019312,16.365926,0.029581,25.068426
0.026832,22.739172,0.018102,15.340417
0.011636,9.860734,0.011553,9.790206
0.011314,9.588362,0.063028,53.413211
0.029669,25.142907,0.010128,8.583006
0.044216,37.471278,0.013115,11.114131
0.011736,9.945301,0.001375,1.165622
0.021141,17.916195,0.022713,19.248038
0.055042,46.645773,0.046129,39.092538
0.001720,1.457236,0.012856,10.895218
0.041674,35.317081,0.040370,34.211417
0.031933,27.061796,0.032053,27.163052
0.029223,24.764904,0.009768,9.787929
0.050557,42.844242,0.009621,8.153326
0.055937,47.404154,0.022664,22.709466
0.019792,16.772789,0.048332,40.958856
0.013378,11.336998,0.048408,41.023160
0.018323,15.527910,-0.003528,-2.989716
0.053934,45.706728,0.058027,49.174880
0.047215,40.012603,0.033721,28.577125
0.035997,30.505790,0.057987,49.141087
0.016372,13.874421,0.061514,52.130596
0.000397,0.336118,0.051775,43.877174
0.030675,25.995412,0.021228,17.989768
0.021698,18.387723,0.046434,39.350365
0.020472,17.349042,0.002619,2.219723
0.057411,48.652728,0.018457,15.641639
0.016481,13.967110,0.012046,10.208359
0.047656,40.386591,0.069093,58.552697
0.069734,59.096349,0.012356,10.471239
0.035695,30.249998,0.023520,19.932386
0.015525,13.156453,0.035645,30.207276
0.003470,2.940585,0.037036,31.386263
0.058716,49.758714,0.032865,27.851798
0.008378,7.099967,0.026618,26.671413
0.026643,22.578971,0.023906,20.258882
0.015851,13.432769,0.026678,22.608503
0.051485,43.631388,0.037462,31.747487
0.041931,35.534283,0.017516,14.843794
0.042393,35.926303,0.029325,24.851612
0.065962,55.899979,-0.000010,-0.008297
0.019314,16.367745,0.033827,28.667127
0.013959,11.829826,0.042444,35.968878
0.014039,11.897591,0.007814,6.622402
0.022829,19.346533,0.015777,13.370550
0.025100,21.270753,0.045465,38.529181
0.005327,4.514540,0.008014,6.791805
0.051481,43.627997,0.020229,17.143120
-0.003464,-2.935902,0.048953,41.485359
0.013220,11.203174,0.023056,19.538600
0.023107,19.582289,0.017300,14.660540
0.040747,34.530849,0.018809,15.939597
-0.002187,-1.853381,0.012240,10.373039
0.002300,1.949010,0.048688,41.261004
0.039267,33.277123,0.058051,49.195365
0.036251,30.720857,0.016354,13.859228
0.034725,29.427715,0.031354,26.571424
0.047407,40.175067,0.023429,19.855005
0.004792,4.061137,0.015194,12.876235
0.007826,6.631851,0.034437,29.183733
0.030889,26.176806,0.036661,31.068727
0.045888,38.888117,0.024923,21.120666
0.055937,47.404352,0.013553,11.485909
0.020878,17.692873,0.035210,29.838678
0.045002,38.137201,0.018888,16.006269
0.014286,12.106630,0.020797,17.624729
0.013179,11.168956,0.057906,49.072588
0.030260,25.643552,0.014156,11.996312
0.021165,17.936283,0.006797,5.759825
0.069406,58.818107,0.031484,26.681022
0.057600,48.813452,0.022693,22.738707
0.015776,13.369629,0.052684,44.647045
0.049959,42.337603,0.016614,14.079205
0.009123,7.730957,0.033401,28.305908
0.032689,27.702666,0.048211,40.856724
0.045956,38.945107,0.072389,72.532984
0.039194,33.214971,0.022345,18.936515
0.004506,3.819008,0.007883,6.680450
0.009747,8.260169,0.036576,30.996200
0.033931,28.754542,0.057235,48.504162
0.016884,14.308412,0.024524,20.783175
0.013967,11.836025,0.037727,37.802378
0.024276,20.573162,0.044334,37.571083
-0.002323,-1.968789,0.012643,10.713940
0.068844,58.341792,0.048357,40.980331
0.015207,12.887033,0.037271,31.585302
0.016658,14.116501,0.055659,47.168588
0.008440,7.152213,0.022005,18.648468
0.024654,20.892746,0.011348,9.616997
0.005186,4.395070,0.033136,28.081449
0.004646,3.937014,0.057911,49.076740
0.030162,25.561144,0.059304,59.422472
0.058081,49.221211,0.008930,8.947612
0.004334,3.673066,0.043441,36.814512
0.027678,23.455622,0.049360,41.830330
0.033277,28.200440,0.048858,41.404856
0.008935,7.572245,0.027009,22.888965
0.045755,38.774854,0.035132,29.772398
0.010945,9.275422,0.014007,11.870574
0.012952,10.976051,0.043242,36.645719
0.026931,22.823051,0.010745,9.105862
0.028468,24.125002,0.033482,33.549232
0.019070,16.161216,0.027962,23.696462
0.032990,27.957792,0.015491,13.127643
0.026404,22.376473,0.045766,38.784345
0.018180,15.406668,0.025061,21.237906
0.050565,42.851437,0.032198,27.285922
0.025942,21.984451,0.015327,12.988724
0.002531,2.144626,0.031482,26.679339
0.056344,47.748614,0.026204,22.206519
0.013066,11.072537,0.029918,25.354233
0.025983,22.019681,0.027010,22.889392
0.062509,52.973494,0.015917,13.489138
0.022815,19.334344,0.011379,9.643335
0.017651,14.958676,0.035784,30.325633
0.026895,22.792434,0.036746,36.819110
0.032951,27.924546,0.015842,13.425210
0.036147,30.633087,0.029101,24.661991
0.049497,41.946051,0.011271,9.551827
0.027496,23.301753,0.030371,25.737984
0.028824,24.426890,0.065773,55.739833
0.053656,45.471029,0.049476,41.928404
0.028051,23.771962,0.029514,25.011973
0.014158,11.998226,0.030317,25.692023
0.017636,14.945793,0.054254,45.977590
-0.003930,-3.330327,0.036252,30.722221
0.008143,6.901094,0.037214,31.537100
0.058896,49.911610,0.024864,24.913618
0.013694,11.605116,0.014421,12.220748
0.031695,26.859995,0.019608,16.617257
0.004780,4.050595,0.075854,76.005404
0.046111,39.077029,0.038296,38.372388
0.011543,9.781767,0.032352,27.416382
-0.001908,-1.616839,0.031602,26.781444
-0.002493,-2.112729,0.022438,19.015232
0.053487,45.327501,0.015138,12.828432
0.036877,31.251822,0.035012,29.671186
0.013408,11.362595,0.049884,42.274624
0.021428,18.159327,0.015744,13.342536
0.008877,7.523103,0.060727,51.463002
0.021983,18.629789,0.006013,6.024668
0.022038,18.675987,-0.002068,-1.752443
0.028576,24.216667,0.028204,23.901237
0.019146,16.225451,0.025595,25.645916
0.012744,10.799658,0.046740,39.609999
0.024187,20.497623,0.023493,19.908995
0.030628,25.955693,0.064969,55.058005
0.023682,20.069205,0.029904,29.963747
0.041665,35.309348,0.029888,25.328426
0.049056,41.572731,0.030978,26.252694
0.029499,24.998717,0.029336,24.860994
0.026880,22.779230,0.024269,20.566669
0.017196,14.573071,0.026075,22.097277
0.034148,28.939103,0.014752,12.501280
0.015151,12.839432,0.044214,37.469063
0.026731,22.653505,0.072805,61.698364
0.019404,16.444120,0.074227,74.375029
0.050875,43.114250,0.004651,3.941503
0.026301,22.288713,0.049874,42.266090
0.012535,10.623146,0.012653,10.722650
0.004226,3.580917,0.026896,22.793147
0.035683,30.239297,0.047089,39.905618
0.023188,19.650305,0.015988,16.020206
0.059304,50.257064,0.007240,6.135271
0.023495,19.910562,0.028164,23.867600
0.048838,41.388026,0.023426,19.852456
0.053551,45.381924,0.022579,19.134569
0.057592,48.806438,0.028807,28.864261
0.050251,42.585601,0.051843,43.934425
0.007419,6.287084,0.084126,84.293631
0.013405,11.360099,0.030983,26.256803
0.019517,16.539840,0.018117,15.353189
0.052965,44.885320,0.031542,26.730060
0.051432,43.585843,0.048096,40.759348
0.002109,1.787351,0.056533,47.909280
0.020859,17.676735,0.069208,58.650520
0.018518,15.693148,0.009141,9.159644
0.029752,25.213808,0.025148,25.197895
0.007917,6.709505,0.020741,20.782833
0.001211,1.026390,0.035737,30.285793
-0.004535,-3.842830,0.045695,38.724553
0.059635,50.537622,0.024902,21.103072
0.028170,23.872494,0.066935,56.723944
0.011382,9.645594,0.026109,22.125874
0.061383,52.018998,0.006452,5.467797
0.036305,30.767094,0.008884,7.528744
0.014697,12.455313,0.035287,29.903731
0.001848,1.566048,0.054686,46.343761
0.017846,15.123441,0.040962,34.713665
0.032904,27.884945,0.023808,20.176117
0.018373,15.570304,0.051181,43.373505
0.017748,15.040297,0.035428,30.023383
0.029789,25.244852,0.018561,15.729594
0.048540,41.135482,0.024128,20.447608
0.027583,23.375448,0.048392,41.009891
0.029162,24.713044,0.027641,23.424516
0.030548,25.887881,0.030552,25.891766
0.023696,20.081131,0.011414,9.672962
-0.001641,-1.390511,0.023573,19.977184
0.059505,50.427695,0.030310,25.686028
0.025365,21.496011,0.043725,37.054560
0.027318,23.150321,0.018494,15.673062
0.002752,2.332033,0.018043,15.290561
0.026520,22.474380,0.045036,38.165697
0.025732,21.806787,0.050469,42.769996
0.052033,44.095902,0.011509,9.753282
0.052608,44.583147,0.056056,47.505206
0.050281,42.610934,0.026042,22.069386
0.048587,41.175140,0.045854,45.945755
0.023891,20.246097,0.015645,13.258624
0.023641,20.034495,0.047058,39.879284
0.005950,5.042526,-0.001085,-0.919783
-0.002721,-2.305858,0.083880,84.047555
0.026721,22.644985,0.049278,41.760848
0.052077,44.132380,0.049910,50.010042
0.008944,7.579732,0.037853,32.078982
0.039547,33.514375,0.028087,23.802666
0.032738,27.744116,0.023185,19.648358
0.026675,22.605648,0.032232,32.296328
0.056407,47.802337,0.030263,25.646627
0.016495,13.979009,0.062275,52.774926
0.010961,9.289195,0.026541,22.492596
0.013091,11.094319,0.050046,42.411186
0.025747,21.819269,0.034576,34.645078
0.014949,12.668407,0.017535,14.860482
0.009940,8.423335,0.029407,24.920608
0.031227,26.463633,-0.002668,-2.260707
0.015744,13.342616,0.011912,10.094881
0.049923,42.307011,0.039020,33.067748
0.032500,27.542605,0.028253,23.943252
0.025908,21.956017,0.023014,23.060125
0.025397,21.522910,0.040323,34.172027
0.053098,44.998422,0.008036,6.810307
0.023557,19.963569,0.010534,8.927339
0.017243,14.612665,0.049788,42.192692
0.012708,10.769614,0.047064,47.158263
0.000169,0.143441,0.072787,72.932507
0.037585,31.851273,0.068570,58.110195
0.057777,48.963655,0.019411,16.450237
0.038900,32.965640,0.018610,15.771419
0.017299,14.660136,0.005699,4.829841
0.013587,11.514375,0.030794,26.096101
0.056017,47.471828,0.045142,38.255778
0.049459,41.914164,0.065732,55.704370
0.022443,19.019241,0.038747,32.836606
0.015713,13.316366,0.033381,28.288784
-0.000796,-0.674703,0.053459,45.303712
0.010346,8.767606,0.033497,28.387532
0.052013,44.078545,0.056472,47.857299
0.023884,20.240783,0.043552,36.908418
0.020690,17.533575,0.029617,29.676035
0.047192,39.993155,0.019920,16.881172
0.012386,10.496324,0.029704,25.172522
0.042953,36.400436,0.029675,25.147922
0.017039,14.439504,0.010597,8.980150
0.058873,49.891906,-0.005513,-5.524074
0.028124,23.833331,0.004856,4.115372
0.057777,48.962926,0.025458,21.574795
0.027720,23.491208,0.010541,8.933255
0.037829,32.057997,0.037176,31.504630
0.034330,29.093463,0.057559,48.778305
0.022005,18.647969,0.042582,36.086533
0.036501,30.932510,0.020316,20.356841
0.011274,9.554500,0.035949,30.464963
0.050485,42.784054,0.032922,27.899961
0.017421,14.763651,0.009117,7.726532
0.029982,25.408211,0.020948,17.752257
0.006131,5.196085,0.040152,34.027092
0.031410,26.618173,0.019508,16.531778
0.001295,1.097715,0.027140,22.999837
0.031134,26.384913,0.034819,29.507626
0.027458,23.269234,0.017802,15.085962
0.036275,30.741045,0.031951,27.076743
0.031213,26.451483,0.043518,36.879247
0.027527,23.327639,0.044508,37.718293
0.014726,12.479204,0.005302,4.492922
0.032594,27.621450,0.018415,18.451543
0.020893,17.705708,0.022757,19.285630
0.037709,31.956819,0.040919,34.677319
0.052852,44.789481,0.005935,5.029914
0.030521,25.864684,0.006457,5.472365
0.029668,25.142278,0.026532,22.484783
0.050662,42.933897,0.010773,9.129832
0.030409,25.770481,0.003953,3.349727
0.036425,30.868576,0.043382,36.764121
0.028884,24.477560,0.027482,23.289889
0.027184,23.037012,0.023537,19.946830
0.029959,25.389139,0.034916,29.590038
0.024211,20.517487,0.044317,37.556582
0.057145,48.427829,0.001792,1.518248
0.067582,57.272352,0.051269,43.448410
0.008051,6.822955,0.017149,17.183590
0.018874,15.994996,0.031677,26.844715
0.032204,27.291028,0.037605,31.868334
0.024311,20.602298,0.018467,15.649730
0.022430,19.008754,0.059296,50.250558
0.032340,27.406634,0.019195,16.267217
0.003425,2.902252,0.022856,19.369161
0.034619,29.338307,0.038392,32.535391
0.012436,10.538623,0.007210,6.110300
0.015372,13.026985,0.014505,12.292308
0.056982,48.289462,-0.010925,-10.946935
0.067672,57.349208,0.052988,44.904421
0.015458,13.099705,0.023807,20.175074
0.020687,17.531274,0.016308,13.820299
0.051174,43.367887,0.032275,27.351120
0.032835,27.826428,0.015611,13.229768
0.005996,5.081119,0.053440,53.546577
0.030456,25.809590,0.009534,8.079939
0.015521,13.153635,0.008432,7.145973
0.021678,18.371047,0.061537,61.659564
0.029159,24.710572,0.000260,0.220429
0.062913,53.315875,0.032859,27.846418
0.031041,26.305836,0.013437,11.387592
0.006768,5.735159,0.069183,58.629224
0.051871,43.957929,0.017828,15.108676
0.017260,14.627396,0.046236,39.182947
0.030095,25.504492,0.058781,49.813975
0.027633,23.417747,0.049697,42.115880
0.005630,4.770880,0.049640,42.067655
0.035059,29.711170,0.026307,22.293728
0.023631,20.026357,0.039712,33.653769
0.045380,38.457753,0.016006,13.564741
0.051201,43.390042,0.028776,24.386356
0.045696,38.725031,0.013208,11.193329
0.031403,26.612910,0.022059,18.693761
0.029711,25.178908,0.053258,45.133707
0.012616,10.691392,0.011951,10.128284
0.010605,8.987604,0.031553,26.739839
0.040989,34.736579,0.022004,18.647712
0.041359,35.050102,0.032300,27.372883
0.009198,7.794617,0.012548,10.634129
0.034982,29.645213,0.005178,5.187861
0.012251,10.382207,0.028190,23.889385
0.006014,5.096535,0.017412,14.755867
0.020222,17.137261,0.024762,20.984619
0.011482,9.730508,0.011497,9.742952
0.028273,23.959740,0.018737,15.878768
0.063729,54.007217,0.055157,46.743182
0.000916,0.776136,0.016701,14.153544
0.026149,22.159724,0.028648,24.277901
0.043179,36.591738,0.008690,7.363973
0.025463,21.578510,0.000173,0.173672
0.031729,26.888904,0.038862,32.933945
0.035992,30.501309,0.014343,12.155060
0.034202,28.984155,0.060396,51.182451
0.056717,48.064745,0.055042,46.645138
0.025833,21.891954,0.022924,19.426987
0.070401,59.661101,0.020232,17.145343
0.011994,10.163959,0.045017,38.149628
0.008073,6.841578,0.027242,23.085936
0.033408,28.311836,0.021590,18.296647
0.039198,33.218295,0.007129,6.041581
0.057597,48.810358,0.017174,14.554311
0.024110,20.432055,0.044474,37.689499
0.022217,18.827656,0.062715,53.147835
0.002259,1.914157,0.027845,27.900968
-0.006401,-5.424708,0.033821,28.661598
0.052692,44.654210,0.027965,23.699211
0.012730,10.787722,0.033483,28.375035
0.009303,7.883839,0.037821,32.051192
0.059710,50.601123,0.020410,17.296352
0.014584,12.359085,0.048371,48.467799
0.012082,10.238922,0.032714,27.723202
0.049201,41.695324,0.034747,34.816522
0.031338,26.557269,0.021266,18.022143
0.032310,27.381548,0.012134,10.283097
0.001055,0.894055,0.048746,41.310071
0.004573,3.875141,0.003696,3.131976
0.002772,2.349005,0.041626,35.276327
0.010239,8.677126,0.051535,43.673496
0.065724,55.697805,0.020680,17.525154
0.033079,28.032765,0.025384,21.511371
0.029380,24.898571,0.026085,22.106008
0.057680,48.881360,0.056565,47.936240
0.017601,14.915798,0.012611,10.687290
0.054209,45.939362,-0.010612,-8.993446
0.008547,7.243355,-0.007064,-7.078390
0.027013,22.892282,0.018279,15.490428
0.021114,17.893389,0.008862,8.879540
0.015938,13.506596,0.021992,22.035848
0.025456,21.572860,0.035514,30.096812
0.035417,30.014030,0.021407,18.141489
0.054521,46.203658,0.011631,9.857042
0.054982,46.594572,0.044632,37.823481
0.003095,2.622576,0.022808,22.853917
0.064307,54.497172,0.036547,30.971580
0.023032,19.518381,0.022259,18.863077
0.047198,39.998346,0.054721,46.373201
0.048390,41.008610,-0.001517,-1.519668
0.041320,35.016790,0.038551,32.670105
0.020997,17.794184,0.056186,47.615280
0.050609,42.888419,0.025645,21.732708
0.038127,32.310842,0.037197,31.522594
0.017129,14.515648,0.012467,10.565508
0.006461,5.475180,0.011174,9.469082
0.032920,27.898406,0.021223,21.265366
0.018856,15.979187,0.032921,32.986684
0.037369,31.668777,0.054426,46.123822
0.006303,5.341509,0.027062,22.933823
0.011458,9.710037,0.066059,55.981871
0.040225,34.088979,0.009310,7.890159
0.056786,48.123190,0.007843,6.646189
0.030988,26.260610,0.038315,32.469818
0.028221,23.915556,-0.005516,-4.674362
0.010117,8.573488,0.004328,3.667625
0.027497,23.302407,0.035158,29.794724
0.053668,45.480735,0.043648,36.989615
0.051554,43.689357,0.019574,19.612688
0.008524,7.223316,0.040363,34.205712
0.025675,21.758624,0.048734,41.300105
0.044590,37.787675,0.008117,6.878948
0.015149,12.838155,0.051062,43.272986
0.007134,6.045904,0.014694,12.452739
0.040811,34.585730,0.058522,49.594372
0.032655,27.673894,0.021355,18.097021
0.031323,26.544494,0.020949,17.753165
0.037921,32.136024,0.030853,26.146123
0.036797,31.183496,0.003783,3.206010
0.045903,38.900377,0.030157,25.556437
0.008565,7.258842,0.011501,9.746636
0.053515,45.351369,0.049193,41.689124
0.017994,15.248704,0.020725,17.563645
0.014868,12.599772,0.031575,26.757939
0.026457,22.421102,0.028297,23.980180
0.063006,53.394189,0.057078,48.371190
0.062599,53.050035,0.041888,35.498374
0.022868,19.379700,0.029003,24.578618
0.025664,21.748836,0.023263,19.714703
0.011576,9.810474,0.021310,21.352085
0.017060,14.457950,0.023050,19.533935
0.009369,7.939390,0.031069,26.329271
0.023046,19.530315,0.014139,11.982513
0.014387,12.192383,0.016705,14.156876
0.032362,27.425499,0.053886,45.665495
0.043021,36.458459,0.002691,2.280257
0.006669,5.651321,0.004634,3.927170
0.020361,17.254882,0.028741,24.356425
0.053910,45.686461,0.045127,38.242914
0.053141,45.034633,0.065926,55.869189
0.048259,40.896892,0.061160,51.830108
-0.000081,-0.068472,0.016801,16.834996
0.033097,28.047808,0.049064,41.579655
0.025772,21.840362,0.064235,54.435813
0.030215,25.605354,0.038143,32.324322
0.008103,6.867132,0.051728,43.836804
-0.001308,-1.108782,0.027374,23.198095
0.036112,30.603299,0.027809,23.566548
0.023677,20.065331,0.031592,31.655221
0.019474,16.503397,0.045929,38.922662
0.023195,19.656702,0.026253,22.248226
0.026704,22.630213,-0.020481,-20.521455
0.038263,32.425687,0.063446,53.767511
0.045787,38.802118,0.050860,43.101669
0.045126,38.242370,0.036773,31.163215
0.012924,10.952160,-0.002184,-1.851152
0.028680,24.304722,0.003825,3.241846
0.033193,28.129632,0.011394,9.655676
0.028252,23.942472,0.065292,55.331890
0.006966,5.903176,0.037385,31.682224
0.008862,7.510172,0.012518,10.608188
0.038103,32.290161,0.010532,8.925353
0.023097,19.573946,0.055967,47.429443
0.037326,31.631987,0.032331,27.399376
0.010617,8.997631,0.017242,14.612022
0.046528,39.430303,0.021752,18.433879
0.025927,21.972062,0.052512,44.501620
0.014956,12.674426,0.017455,14.792162
0.041832,35.450363,0.054633,46.299002
0.007195,6.097332,0.050056,42.420435
0.030186,25.581269,0.042159,35.727443
0.026253,22.248308,0.008625,7.309637
0.030939,26.219165,0.022655,19.198964
0.013702,11.611629,0.020373,17.265261
0.030433,25.790402,0.006629,5.618014
0.027022,22.899585,-0.007905,-6.699493
0.018457,15.641320,0.034661,29.373609
0.041010,34.754240,0.028100,23.813024
0.012755,10.809166,0.034122,28.916581
0.027454,23.266100,0.062052,52.586097
0.034653,29.366763,0.019032,16.129107
0.020290,17.194747,0.032992,27.959063
0.035387,29.989177,0.030812,26.111918
0.019953,16.909162,0.015795,13.385724
0.036741,31.136201,0.050835,43.080562
0.041725,35.359612,0.007572,6.416616
0.062678,53.116710,0.015198,12.879502
0.035508,30.090928,0.039602,33.560845
0.004437,3.760510,0.028411,24.076824
0.060512,51.280937,0.062497,52.963472
0.012924,10.952283,0.012346,10.462462
0.034562,29.289567,0.001634,1.384985
0.045652,38.688205,0.045707,38.734388
0.048073,40.739619,-0.001265,-1.072251
0.018154,15.384717,0.044159,37.422620
0.029403,24.917766,0.038586,38.663096
0.022880,19.389380,0.018450,15.635161
0.058328,49.430355,0.014055,11.911360
0.017725,15.021291,0.018597,18.634417
0.039227,33.242859,0.012814,10.859669
0.024786,21.004644,0.013010,11.025225
0.058626,49.682807,0.050534,42.825014
0.004185,3.546408,0.026361,22.339913
0.034611,29.331027,0.019987,16.937681
0.028311,23.992065,0.029047,24.616330
0.012904,10.935461,0.036538,30.964347
0.046687,39.565126,0.007090,6.008300
0.048370,40.990937,0.020136,17.064013
0.018511,15.686968,0.051171,51.272799
0.059918,50.777653,0.052982,44.899415
0.027842,23.594792,0.027084,22.952799
0.009418,7.981551,0.060472,60.593025
0.048703,41.273883,0.056214,47.638458
-0.000504,-0.427512,0.046932,39.772421
0.007560,6.406820,0.030341,25.712137
0.025298,21.439271,0.004346,3.683172
0.035545,30.122808,0.033239,28.168475
0.039276,33.284868,0.054356,46.064450
0.044766,37.937238,0.023219,19.676816
0.008589,7.278490,0.056538,47.913663
0.042592,36.095079,0.025687,21.768510
0.030733,26.044671,0.018784,15.918705
0.019371,16.416273,0.024724,20.952749
0.036609,31.024574,0.043585,36.935921
0.028826,24.428542,0.036071,30.568210
0.015447,13.090946,0.034118,28.913699
0.019536,16.556116,0.037055,31.402382
0.013638,11.557135,0.034315,34.383467
0.024606,20.852720,0.020393,17.281737
0.035820,30.355791,0.019687,16.683678
0.029862,25.306482,0.024483,24.531613
0.007461,6.322609,0.021108,17.887683
0.053099,44.999051,0.034530,29.262396
0.018202,15.424950,0.068653,58.179999
0.059336,50.284095,0.010817,10.838458
0.063195,53.555162,0.024131,20.449972
0.027721,23.492404,0.046162,39.119997
0.004954,4.198671,0.030489,25.838333
0.036548,30.972948,0.052718,44.675945
0.025542,21.645216,0.028464,24.121937
0.010865,9.207708,0.035959,30.473119
0.048086,40.750410,0.016691,14.145002
0.032059,27.168056,-0.000990,-0.839179
0.057834,49.011774,0.047813,40.518943
0.013325,11.292505,0.001113,0.943227
0.025771,21.839363,0.047612,40.348514
0.004528,3.836937,0.041017,34.760246
0.014119,11.965192,0.007042,5.967377
0.016074,13.621699,0.048766,41.327041
0.049860,42.253757,0.042003,35.595645
0.024443,20.713891,0.025011,21.195225
0.020560,17.423365,0.043993,37.281637
-0.000913,-0.773568,0.017103,14.494214
0.059957,50.810429,0.012286,10.411593
0.037955,32.165208,0.064628,54.768754
0.005924,5.020438,0.021541,18.254955
0.034573,29.298772,0.051738,43.845284
0.012028,10.193157,0.007808,6.616494
0.017228,14.600009,0.053602,45.425037
0.011890,10.076183,-0.014019,-11.880558
-0.000223,-0.189236,0.061128,51.803294
0.040854,34.621940,0.004480,3.796960
0.029974,25.401877,0.027716,23.488113
0.053826,45.615124,0.015703,13.307630
0.020677,17.523091,0.027735,23.504438
0.032353,27.417769,0.004293,3.638157
0.048203,40.849861,0.015739,13.338301
0.032360,27.423317,0.024261,20.560377
0.046947,39.785504,0.040546,34.361078
0.022702,19.239186,0.043636,36.979625
0.012008,10.176455,0.021449,18.177257
0.012649,10.719485,0.025796,21.860549
0.009182,7.781657,0.027942,23.679160
0.009663,8.188988,0.016401,13.898940
0.039514,33.486165,0.043675,37.012391
0.048227,40.869950,0.019139,16.219177
0.022843,19.358747,0.051555,43.690156
0.042638,36.133924,0.024781,24.830062
0.039084,33.121738,0.044072,37.348731
0.060155,50.978536,0.013766,11.665654
0.030123,25.527427,0.036917,31.285385
0.022078,18.710396,0.035461,30.051462
0.031186,26.428750,0.063668,53.955490
0.066797,56.607015,0.027454,27.508703
0.026278,22.269360,0.014070,14.098522
0.047146,39.953758,0.047410,40.177608
0.007320,6.203059,0.061584,61.706687
0.014920,12.643678,0.021134,17.910016
0.047586,40.326856,0.054279,54.387538
0.022159,18.779047,0.020974,17.774614
0.014581,12.356624,0.052938,44.862553
0.045376,38.453630,0.027866,23.614922
0.045150,38.262063,0.029324,24.850953
0.038544,32.664256,0.029681,25.153158
0.022378,18.964159,0.031791,26.941668
0.031754,26.910371,0.031670,26.838829
0.044460,37.677427,0.008935,7.571864
0.032512,27.552277,0.052812,44.755757
0.012446,10.547562,0.030379,25.744790
0.027687,23.463015,0.001693,1.434383
0.015118,12.811478,0.055502,47.035043
0.024404,20.681207,0.034499,29.236560
0.060378,51.167478,0.064544,54.697805
-0.004986,-4.225479,0.037246,31.564556
0.036316,30.776288,0.023225,19.681819
0.021801,18.475508,0.015555,13.182526
0.026824,22.731707,0.061579,52.185663
0.020120,17.051015,0.023941,20.288960
0.059807,50.683837,0.064439,54.608776
0.018490,15.669115,0.028151,23.856683
0.013461,11.407906,0.017057,17.090717
0.028810,24.415075,0.027524,23.325360
0.018065,15.309587,0.035675,30.232835
0.049210,41.703396,0.038507,32.632583
0.007376,6.250577,0.046577,39.472179
0.028123,23.833250,0.024911,21.111122
0.007365,6.241272,0.025842,21.900263
0.016671,14.127490,0.056443,47.832985
0.016278,13.795057,0.027563,23.358077
0.029397,24.912616,0.045284,38.376331
0.022703,19.239482,0.003393,2.875070
0.049022,41.543801,0.035475,30.063030
0.034826,29.513307,0.009957,8.438460
0.011747,9.955279,0.055393,46.942610
0.021946,18.598164,0.028681,24.305660
0.031931,27.060372,0.021893,18.552967
0.032329,27.397532,0.034064,28.867412
0.009846,8.344026,0.021312,18.060629
0.004374,3.706532,0.055710,47.211647
0.016695,14.148351,0.038431,38.507200
0.040765,34.546611,0.055251,46.822209
0.057214,48.486483,0.048853,41.400326
0.054149,45.888867,0.042684,36.173023
0.064552,54.704631,0.060061,50.899061
0.028331,24.009537,0.026685,26.738052
0.056563,47.934344,0.032038,27.150938
0.051105,43.309094,0.056485,47.868159
0.036279,30.744717,0.040491,34.313939
-0.006662,-5.646060,0.018891,16.009497
0.057191,48.466524,0.007002,5.934085
0.054482,46.170740,0.059385,50.326011
0.048105,40.766700,0.000822,0.823798
0.012647,10.717844,0.048925,41.461905
0.009411,7.975736,0.055171,46.754884
0.033671,28.534590,0.053619,45.439252
0.022838,19.354182,0.035357,29.963632
0.040890,34.652312,-0.006473,-5.485179
0.053681,45.492334,0.039963,33.866805
0.054340,46.050538,0.032003,27.121084
0.059730,50.618213,0.040669,40.749860
0.017529,14.854950,0.036511,36.583630
0.001850,1.567688,0.029847,25.293971
0.021341,18.085758,0.056508,47.888084
0.035830,30.364296,0.054427,46.124224
0.030027,25.446055,0.027159,23.016051
0.029203,24.748109,0.034844,29.528498
0.055232,46.806800,0.028337,24.014068
0.029190,24.737255,0.022510,19.076281
0.029669,25.142916,0.063147,53.513857
0.011440,9.694752,0.022109,18.736069
0.015289,12.956729,0.042701,36.187017
0.052614,44.587455,0.035768,30.311574
0.023404,19.833794,0.019436,16.471474
0.056789,48.125892,0.011920,10.101839
0.010804,9.156075,0.062652,62.777365
0.004905,4.156547,0.031549,26.736001
0.047664,40.393334,0.049916,42.301388
0.016271,13.788544,0.059531,50.449389
0.024613,20.858257,0.029215,24.757967
0.041985,35.580282,0.032201,27.288647
0.005973,5.061672,0.032627,27.650075
0.036772,31.162654,0.048356,40.979789
0.040422,34.256025,-0.000800,-0.801801
0.017251,14.619418,0.062561,53.017335
0.021661,18.356476,0.022677,19.218015
0.035504,30.087784,0.016552,14.027317
0.065497,55.505380,0.037263,37.337111
0.039757,33.692245,0.061131,51.805956
0.037331,31.636322,0.015919,13.490470
0.018462,15.645825,0.055878,47.353676
0.017256,14.623600,0.037413,31.705685
0.041849,35.465298,0.004373,3.705597
0.014218,12.048710,0.004444,3.765719
0.011596,9.827133,0.029879,25.320757
0.019212,16.281510,0.047803,40.511045
0.057592,48.806355,0.033301,28.220897
0.068888,58.379005,0.033057,28.013974
0.031643,26.815902,0.048676,48.773383
0.028281,23.966985,0.020642,17.492935
0.012086,10.242096,0.045980,38.965706
0.001386,1.174788,0.027994,23.723788
0.023211,19.670182,0.034642,29.357072
0.001907,1.616046,0.053830,45.618156
0.039501,33.475538,0.031179,26.422672
0.042829,36.295914,0.000383,0.324265
0.017634,14.944257,0.027226,23.072833
0.051500,43.643455,0.016114,13.655892
0.048413,41.028065,0.014846,12.581413
0.009103,7.714564,0.039660,33.610181
0.009725,8.241526,0.024432,20.704807
0.063544,53.850525,0.051600,51.703221
0.057354,48.605202,0.059913,50.773573
0.054799,46.439452,0.018405,15.597735
0.031553,26.739772,0.047528,47.622634
0.017970,15.228710,0.009224,7.817228
0.035655,30.216198,0.030527,25.870437
0.055799,47.286665,0.047119,47.212507
0.050718,42.981095,0.055747,55.858433
0.032347,27.412178,0.029987,25.412240
0.029844,25.291480,0.051442,43.594234
0.018059,15.303730,0.037539,31.812501
0.032443,27.494069,0.035423,30.018900
0.067005,56.783251,0.059818,50.692548
0.027154,23.012073,0.019667,16.667009
0.011562,9.798302,0.012754,10.808425
0.052571,44.551475,0.061910,62.033882
0.022128,18.752076,0.031606,26.784663
0.030689,26.007285,0.010998,9.320105
0.052600,44.576067,0.027490,23.296686
0.020253,17.163850,0.025657,21.743479
0.030837,26.132516,0.024167,24.215308
0.032967,27.937576,0.029862,25.306676
0.034020,28.830365,0.022973,19.468744
0.034521,29.255026,0.010245,8.681782
0.015453,13.095411,0.004626,3.920700
0.041732,35.365480,0.030985,26.258163
0.025785,21.851442,0.055546,47.072687
0.017690,14.991110,0.056070,47.516540
0.032112,27.213491,0.031307,26.530893
0.019028,16.125707,0.020812,17.637086
0.036058,30.557308,0.059429,50.362984
0.063547,53.852946,0.035481,30.068808
0.028236,23.928582,0.037952,32.162392
0.038000,32.203179,0.059800,59.919433
0.021180,17.949040,0.015486,13.123501
0.030641,25.966412,0.018368,18.404540
0.025226,21.377694,0.040464,40.544974
0.015466,13.106926,-0.003256,-2.759126
0.061654,52.249109,0.005866,4.971555
0.034021,28.831293,0.007228,7.242169
0.017907,15.174986,0.005955,5.966572
0.007624,6.460749,0.009437,7.997584
0.046731,39.602627,0.011997,10.167019
0.050464,42.766027,0.010626,9.004883
0.010839,9.185879,0.058193,49.315504
0.005898,4.998005,0.070158,59.455396
0.032754,27.757620,0.020570,17.432132
0.061325,51.970034,0.034073,28.875271
0.031881,27.017565,0.020336,17.233611
0.051550,43.685870,0.049847,42.243151
0.041676,35.318639,0.017049,14.447975
0.039961,33.864934,0.006893,5.841667
0.024500,20.762878,0.045127,45.216980
0.021277,18.031052,0.046931,39.771829
0.058566,49.631884,0.018299,15.507192
0.026161,22.170307,0.012863,10.900858
-0.000933,-0.790515,0.016992,14.399867
0.031090,26.347345,0.001798,1.523852
0.012719,10.778674,0.016572,14.044143
0.050810,43.059446,0.026694,22.621504
0.010346,8.767949,0.047802,40.510000
0.019258,16.320231,0.012246,10.377701
0.037800,32.034015,0.010963,9.290811
0.016434,13.926961,0.046148,39.108166
0.010158,8.608619,0.048709,41.278881
0.016387,13.887239,0.023329,19.770282
0.021766,18.445724,0.063931,64.058092
0.048682,41.255751,0.029699,25.168368
0.042839,36.303988,0.019767,16.751710
0.016097,13.641049,0.002266,1.920313
0.026606,22.547699,0.042564,36.070893
0.022167,18.785134,0.017753,15.044674
0.005796,4.912228,0.044783,37.951668
0.050971,43.195777,0.051565,43.698628
0.037653,31.908975,0.025941,21.984014
0.008215,6.962139,0.011650,9.872520
0.064397,54.573479,0.031794,26.943671
0.049162,41.662341,0.012802,12.827654
0.049065,41.580130,0.003870,3.279546
0.022189,18.803761,0.066073,55.993307
-0.003853,-3.265394,0.064354,54.537345
0.036546,30.971293,0.036315,30.775348
0.041061,34.796939,0.023017,19.505429
0.025015,21.198620,0.051970,44.041790
0.030508,25.854073,0.043012,36.450534
0.005467,4.633178,0.015409,13.058714
0.024702,20.933525,0.004550,3.855837
0.007056,5.979402,0.024134,20.452622
0.027715,23.487057,0.045140,38.253669
0.025819,21.880768,0.019821,16.797567
0.052656,44.623654,0.035928,30.447013
0.057006,48.309867,0.029125,24.682125
0.038294,32.452504,0.042671,36.161925
0.005324,4.512037,0.014115,11.961489
0.057933,49.095409,0.051535,43.673322
0.023351,19.789142,0.025766,25.817384
0.044084,37.359322,0.051371,43.534203
0.014170,12.008558,0.018510,15.686146
0.044316,37.555801,0.016379,13.880719
0.011595,9.826199,0.051732,43.840540
0.057882,49.052362,0.000268,0.226724
0.003173,2.688955,0.012663,12.688038
0.033395,28.300901,0.024092,20.416438
0.010701,9.068433,0.037386,31.683240
0.036093,30.587513,0.029059,24.626214
0.028032,23.755593,-0.009498,-8.048918
0.023691,20.076628,0.051203,43.391973
0.028005,23.732573,-0.011194,-9.486599
0.049043,41.561957,0.029217,24.760256
0.013441,11.390196,0.012043,10.206120
0.026870,22.771338,0.028931,24.517836
0.047910,40.601657,0.020833,17.655102
0.049332,41.806518,0.105159,105.369111
0.024026,20.361160,0.029284,24.816933
0.056134,47.570831,0.007257,6.149888
0.030888,26.176497,0.002347,1.988978
0.023478,19.896688,0.024818,21.032093
0.042087,35.667134,0.039830,33.754261
0.045761,38.780368,0.012283,10.409304
0.010674,9.045666,0.041556,35.216392
0.009000,7.626911,0.022679,19.219221
0.032416,27.471098,0.029853,29.912374
0.058424,49.511413,0.019329,16.380098
0.013274,11.249178,0.013498,13.524811
0.032344,27.410380,0.017788,15.074548
0.014319,12.134742,-0.000677,-0.573478
0.015223,12.900813,0.024803,24.852507
0.034551,29.280512,0.020129,17.058566
0.017803,15.086778,0.014823,12.561986
0.031742,26.899473,0.041774,35.401070
0.058205,49.325630,0.056426,47.818422
0.005738,4.862970,0.055647,47.158237
0.035222,29.849210,-0.010072,-8.535454
0.034394,29.147396,0.023309,19.753541
0.043302,36.696476,-0.001394,-1.181068
0.003773,3.197822,0.037880,32.101882
0.060780,51.507768,0.043971,37.262969
0.011986,10.157488,0.013116,11.115459
0.035095,29.741107,0.054157,45.895403
0.014190,12.025741,0.011193,9.485914
0.014975,12.690698,0.017612,14.925681
0.037411,31.703793,0.028137,23.844490
0.061774,52.350385,0.053845,45.630970
0.047966,40.649248,0.030623,25.951848
0.029375,24.893601,0.005427,4.599034
0.029508,25.006620,0.015204,12.884370
0.037217,31.539933,0.051860,43.948923
0.052597,44.573495,0.026191,22.195639
0.029075,24.640092,-0.006615,-6.628685
0.023532,19.942526,0.039092,33.128384
0.057670,48.872182,0.017381,14.729311
0.030793,26.095727,0.001460,1.237033
0.008638,7.320289,0.054599,46.269870
0.039331,33.331169,0.063626,53.920000
0.005497,4.658293,0.019636,16.640154
0.025192,21.348766,0.049328,41.802986
0.039113,33.146742,-0.013255,-13.281193
0.033292,28.212992,0.052528,44.515287
0.010037,8.505558,0.006379,6.391466
0.006690,5.669612,0.035961,30.475035
0.009705,8.224395,0.016295,16.327987
0.046438,39.353990,0.046181,46.273335
0.021194,17.961171,0.024627,20.870065
0.042323,35.866579,0.005759,5.770837
0.016711,14.161919,0.026949,22.838147
0.064334,54.519612,0.058990,49.991443
0.024734,20.960848,0.065019,55.100369
0.015427,13.074010,0.024289,20.583713
0.051552,43.687542,0.007168,6.074218
0.022388,18.973182,0.037323,31.629661
0.026065,22.089015,0.057477,57.591192
0.030115,25.521210,0.031066,26.327277
0.018681,15.831273,0.020162,17.086341
0.038169,32.346491,0.027291,23.127865
0.013685,11.597055,0.058955,49.961763
0.057067,48.361717,0.008382,7.103322
0.026095,22.114312,0.000412,0.349529
0.030418,25.778162,0.030281,25.661960
0.028025,23.749629,0.015760,13.356001
0.014891,12.619718,0.055796,47.284311
0.024918,21.116695,0.031088,26.345612
0.054776,46.420364,0.048632,41.213037
0.032076,27.182497,0.016118,13.658880
0.024231,20.534844,0.039169,39.246787
0.024072,20.400232,0.031097,26.352889
0.064225,54.427833,0.020902,17.713214
0.032442,27.493415,0.030659,25.981707
0.032998,27.964447,0.019711,16.704240
0.034801,29.492328,0.013655,13.682061
0.021175,17.944927,0.067276,67.409849
-0.000530,-0.449224,0.076332,76.484473
0.015758,13.353744,0.021824,18.494836
0.023529,19.939880,0.052865,44.800438
0.007831,6.636064,0.016587,14.056613
0.013905,11.783728,0.049367,41.836342
0.006613,5.604598,0.041438,35.117003
0.060175,50.995796,0.027519,23.320659
0.056037,47.488694,0.040636,34.436932
0.025441,21.560232,0.058206,49.326978
0.029922,25.357712,0.015261,12.933351
0.055851,47.331178,0.026597,22.539439
0.007812,6.620003,0.004920,4.169324
0.025348,21.481142,0.055079,55.188529
0.040185,34.054564,0.015768,13.362326
0.019122,16.204907,0.029959,25.389192
0.009302,7.883117,0.022830,19.347048
0.009424,7.986536,0.031153,26.400913
0.026015,22.046654,0.006187,5.243275
0.053524,45.358994,0.027922,23.662356
0.009806,8.310120,0.027488,23.294626
0.007524,6.376399,0.023174,19.639142
0.011785,9.987233,0.041616,35.267677
0.025283,21.426557,0.064975,55.063494
0.031772,26.924942,0.036860,36.933220
0.031731,26.890205,0.049108,41.616568
0.051214,43.401841,0.027218,23.066296
0.040682,34.476283,0.062683,53.121076
0.018312,15.518885,0.044395,37.622923
0.026876,22.776161,0.036290,30.754457
0.025517,21.624787,0.059761,50.644551
0.035812,30.349127,0.009488,8.040747
0.054562,46.238453,0.020425,17.308917
0.019082,16.171009,0.034097,28.895302
0.027246,23.089308,0.018818,15.947541
0.003838,3.252226,0.003489,2.956966
0.051835,43.927492,0.017472,14.806945
0.034202,28.984274,0.031291,26.518038
0.055244,46.816432,0.030745,26.054956
0.026862,22.764110,0.007643,6.477498
0.027864,23.613786,0.043501,36.864809
0.024684,20.918106,0.013034,11.045786
0.043714,37.045696,0.005018,4.252201
0.021042,17.832168,0.040380,34.219992
0.035768,30.311453,0.012624,10.698626
0.027840,23.593149,0.035682,30.238656
0.058220,49.338637,0.023858,20.218898
0.003337,2.828162,0.057634,48.842311
0.052669,44.634102,0.009931,8.415960
0.061540,52.152066,0.019528,16.549174
0.033559,28.439661,0.005110,4.330337
0.048439,41.049499,0.070788,59.989138
0.023520,19.932412,0.048268,40.905102
0.015934,13.503266,0.010306,8.734217
0.059070,50.059253,0.021499,18.219362
0.018246,15.462561,0.056846,48.174314
0.021972,18.620093,0.032704,27.714683
0.017928,15.193000,0.009156,7.759406
0.025933,21.976827,0.059259,59.377635
0.042979,36.422345,0.026386,22.361213
0.025284,21.427368,0.026423,22.392409
0.044085,37.360306,0.020664,17.511639
0.040500,34.321579,0.009761,8.272296
0.036493,30.926335,0.024488,20.752662
0.001050,0.889826,0.002758,2.337119
0.055572,47.094775,0.023700,20.084927
0.010531,8.924237,0.012863,10.900424
-0.001455,-1.233432,0.019511,16.534600
0.062920,53.321376,0.024104,20.426574
0.027122,22.984567,-0.001071,-1.072867
0.029206,24.750780,0.019732,16.721546
0.019222,16.289426,0.073890,62.618294
0.063225,53.580193,0.023476,19.894723
0.021569,18.278371,0.020519,17.388777
0.020053,16.994353,0.068693,58.214465
0.026190,22.195169,0.014081,14.109064
0.048513,41.112797,0.045493,38.552801
0.033776,28.623757,0.023505,19.919454
0.052028,44.091610,0.038973,33.028120
0.033419,28.320833,0.008555,7.249756
0.015323,12.985751,0.052768,44.718788
0.013513,11.451574,0.055104,46.698346
0.063319,53.660179,0.011963,10.137990
-0.002295,-1.945266,0.027589,23.380007
0.058210,49.329869,0.032609,27.634889
0.011015,9.334778,0.023536,19.945966
0.054637,46.302367,0.008802,7.459082
0.023067,19.548549,0.034356,29.115372
0.030135,25.538339,0.023198,19.658799
0.044205,37.461459,0.030188,25.582595
0.040701,34.491910,0.022992,19.484787
0.004230,3.584423,0.042294,35.842107
0.023060,19.541837,0.057348,48.600067
0.057916,49.081090,-0.006237,-5.285388
0.036133,30.621320,0.049311,41.788958
0.059106,50.089666,0.063904,54.155805
0.053729,45.532779,0.030622,25.950398
0.019338,16.388398,0.032030,27.144188
0.031681,26.848367,0.045936,38.928828
0.034763,29.460115,0.049964,42.341893
0.037695,31.944575,0.039681,33.628093
0.059457,50.386582,0.012165,10.309466
0.064472,54.636827,0.054580,46.254019
0.061158,51.828768,0.032146,32.210513
0.013743,11.646770,0.011456,9.708066
0.004874,4.130169,0.033248,28.176086
0.012824,10.867369,0.006975,5.910695
0.032964,27.935221,0.001656,1.403000
0.025644,21.732248,0.071942,60.967747
0.027164,23.019929,0.048725,41.292511
0.002001,1.695530,0.012991,11.009418
0.051812,43.908178,0.022917,19.420671
0.009181,7.780518,0.020466,17.343690
0.017220,14.592852,0.015956,15.988322
0.043186,36.597709,0.020895,17.707523
0.033285,28.207588,0.006876,6.890100
0.013028,11.040802,0.007709,6.532977
0.017390,14.737044,0.056199,47.626086
0.031464,26.664338,0.031754,26.909642
0.027231,23.077081,0.028889,28.946811
0.020390,17.279177,0.061064,51.748676
0.006899,5.846901,0.003420,2.898151
-0.001677,-1.421571,0.020927,17.734782
0.016650,14.110478,-0.000226,-0.226942
0.044879,38.033101,0.021260,18.016575
0.030251,25.636031,0.062466,52.937064
0.039950,33.855998,0.025687,21.768100
0.033243,28.171545,0.024319,20.609016
0.026877,22.776642,0.055850,47.330110
0.006463,5.477188,0.025079,21.252962
0.030667,25.989054,0.046992,39.823448
0.024968,21.159143,0.051599,43.727314
0.039035,33.080579,0.001964,1.664584
0.012779,10.829262,0.019003,16.103809
0.041261,34.966759,0.060113,50.942558
0.050542,42.831895,0.053415,45.266915
0.026398,22.371041,0.069207,58.649281
0.009679,8.202144,0.026551,22.501039
0.006328,5.362654,0.028824,24.427323
0.025423,21.545079,0.032601,27.627503
-0.002501,-2.119828,0.058265,49.376651
0.031027,26.293650,0.031149,26.397351
0.018743,15.883558,0.040003,40.082532
0.021326,18.072872,0.028173,23.874886
0.035584,30.155518,0.001245,1.054958
0.037412,31.704790,0.018668,15.820038
0.025315,21.453285,0.046815,39.673786
0.023446,19.869575,0.012233,10.366985
0.022510,19.075999,0.057185,48.461974
0.006300,5.338990,-0.000674,-0.571003
0.025677,21.759968,0.025042,21.222121
0.026518,22.472760,0.014233,12.061560
0.046193,39.146539,0.028137,23.845023
0.000957,0.810960,0.060913,51.620730
0.025942,21.984322,0.011917,10.099286
0.032106,27.207952,0.029825,25.275273
0.047074,39.892713,0.050466,42.767260
0.007661,6.492315,0.030796,26.098211
0.062449,52.922786,0.003385,3.391281
0.008902,7.544335,0.039355,39.433687
0.019673,16.672273,0.011741,9.950132
0.011593,9.824855,0.009575,8.114582
0.034900,29.575827,0.058460,49.542325
0.024164,20.477949,0.025757,21.827773
0.005652,4.789555,0.065821,65.952780
0.023991,20.331632,0.050833,43.078360
0.021832,18.501926,0.031856,31.919054
0.037638,31.896368,0.038139,32.320639
0.053421,45.272132,0.033741,28.593963
0.047999,40.677176,0.026478,22.438941
0.046513,39.417871,0.012103,10.257077
0.059195,50.164844,0.026383,22.358091
0.013286,11.258950,0.016744,14.189808
0.062077,52.606970,0.033345,28.258592
0.032472,27.518156,0.055384,46.934897
0.040190,34.059173,0.001387,1.175381
0.058547,49.615880,-0.002423,-2.053293
0.040918,34.676422,0.059531,50.449412
0.041859,35.473842,0.020314,17.215557
0.030773,26.078938,0.002078,1.760945
0.018153,15.383891,0.038421,32.560366
0.019323,16.375689,0.019362,16.408088
0.022799,19.321073,0.023045,23.091335
0.008599,7.287436,0.039722,39.800739
0.035915,30.436613,0.006410,5.432495
0.047197,39.997330,0.002804,2.376221
0.014263,12.087198,0.048057,40.725912
0.031344,26.562326,0.055249,46.820655
0.012696,10.758866,-0.004878,-4.133800
0.026352,22.332003,0.039928,33.837338
0.055173,46.756802,0.012977,10.997748
0.010508,8.904781,0.043218,36.625166
0.021566,18.275822,-0.009114,-7.724090
0.056983,48.290503,-0.005518,-4.676369
0.033184,28.121528,0.012698,10.761307
0.075009,63.566805,0.050445,50.545638
0.032236,27.318437,0.066578,56.421449
0.012965,10.987075,0.035445,30.038165
0.023031,19.517477,0.022371,18.958323
0.023975,20.317597,0.049541,41.983640
0.032020,27.135164,0.062829,62.954588
0.038555,32.673196,0.034544,29.274011
0.050793,43.044535,0.065045,55.122207
0.050304,42.630479,-0.002204,-1.868172
0.005973,5.062066,0.067053,56.824313
0.017490,14.822253,0.048753,48.849800
0.028482,24.137166,0.043418,36.794889
0.055450,46.991395,0.031617,26.794263
0.018623,15.781737,0.044631,37.822340
0.005749,4.871937,0.013833,11.722756
0.011390,9.652793,0.019111,16.195460
0.027371,23.195903,0.008148,8.164417
0.022796,19.318359,0.007865,6.665026
0.042792,36.264139,0.035010,29.669023
0.037175,31.504274,0.064185,54.393636
0.026774,22.689296,0.013018,13.044242
0.013687,11.598667,0.043654,43.740710
0.045228,38.328370,0.061165,51.834258
0.025233,21.384099,0.030561,25.898933
0.005589,4.736726,0.020929,17.735989
0.057704,48.901684,0.031977,27.099393
0.026854,22.757340,0.005472,4.637059
0.018035,15.283903,0.011938,10.116974
0.025451,21.568092,0.039346,33.344240
0.064020,54.253694,0.058786,58.903419
0.017487,14.819269,0.032593,27.620594
0.046728,39.599634,0.041031,34.772216
0.036239,30.710462,0.020401,17.288750
0.019305,16.360081,0.048906,41.445517
0.021968,18.616624,0.047879,40.574993
0.013270,11.246037,0.017426,14.767548
0.032215,27.300602,0.033651,28.517667
0.011975,10.148545,0.052447,44.446485
0.001273,1.079206,0.017775,17.810037
0.057764,48.952448,0.014077,11.929846
0.003839,3.253684,0.008860,7.508540
0.037672,31.925152,0.037442,31.730233
0.025814,21.876245,0.015827,13.412839
0.024878,21.082747,0.038079,32.269872
0.029951,25.382044,0.001958,1.659423
0.060460,51.237216,0.027386,23.208272
0.021801,18.475188,0.014690,12.448967
0.023010,19.499461,0.053283,45.154903
0.018143,15.375035,0.043681,37.017974
0.010269,8.702402,0.021280,18.033886
0.014494,12.282829,0.065020,65.149229
0.031961,27.085809,0.050690,42.957036
0.000207,0.175195,-0.004252,-3.603195
0.012150,10.296927,0.062180,52.694958
0.051308,43.481032,0.043908,37.210007
0.007983,6.765252,0.042013,35.604375
0.029901,25.339491,0.019188,16.261058
0.030709,26.024511,0.044681,37.864735
0.028744,24.359142,0.003135,2.656571
0.025424,21.545388,0.009600,9.618652
0.014902,12.628595,-0.000430,-0.364607
0.018375,15.571671,0.029118,24.676259
0.051688,43.803390,0.003392,2.874508
0.022847,19.362103,0.025214,21.367511
0.026119,22.134496,0.020950,17.753974
0.006752,5.722218,0.010020,8.491570
0.031349,26.566534,0.017012,14.417263
0.038696,32.792698,0.019303,16.358286
0.057867,49.039478,0.027809,23.566554
0.034676,29.386483,0.027134,22.994729
0.048730,41.296474,0.048809,41.363399
0.051256,43.436617,0.032019,32.082392
0.002452,2.078159,0.063679,53.965125
0.020737,17.573735,0.038203,32.375160
0.009619,8.152034,0.060531,60.651367
0.058031,49.178655,0.054942,46.560763
0.040689,34.482308,0.046006,38.988292
0.033508,28.396499,0.030156,25.555405
0.016095,13.639565,0.024463,20.730872
0.022241,18.848161,0.029461,29.519822
0.015457,13.099279,0.033184,28.122034
0.031188,26.430441,0.035928,30.447612
0.029327,24.853158,0.010369,8.787387
0.038549,32.668821,0.027092,22.959435
0.021314,18.062716,0.014123,11.968967
0.028956,24.538988,0.032377,27.437925
0.029498,24.997828,0.035376,29.979351
0.011132,9.433549,0.029714,25.180939
0.057603,48.816040,0.029469,24.973502
0.010171,8.619346,0.000858,0.727058
0.026605,22.546379,0.049134,41.638792
0.020697,17.539400,0.008936,7.572751
0.054786,46.428655,0.003414,2.893449
0.053340,45.203508,0.040570,34.381112
0.028557,24.200365,0.030148,25.549334
0.012637,10.709309,0.008539,7.236315
0.005220,4.423777,-0.014309,-14.337164
0.007016,5.946011,0.042649,36.143020
0.024355,20.639584,0.057177,57.291340
0.053431,45.280156,0.056828,48.158908
0.026745,22.665082,0.075971,76.122720
-0.007140,-6.050942,0.047215,40.012666
0.049609,42.040848,0.027446,23.259586
0.033132,28.077734,0.040356,34.200198
0.006430,5.449534,0.027038,22.913204
0.023299,19.744900,0.045070,38.194691
0.028329,24.007301,0.049626,42.055885
0.033660,28.524827,0.042749,36.228050
0.050751,43.009292,0.073740,62.491353
0.049922,42.306285,0.050933,43.163030
0.026438,22.405119,0.010882,9.222205
0.045562,38.611590,0.008803,7.460511
0.011748,9.955571,0.004629,3.922625
0.012144,10.291603,0.067752,67.887324
0.012248,10.379704,0.051760,43.863853
0.012347,10.463384,0.021066,17.852109
0.046553,39.451069,0.066189,56.092045
-0.003080,-2.610458,0.043622,36.967716
0.037828,32.057126,0.032992,27.959566
0.013080,11.085098,-0.000398,-0.337074
0.011374,9.638731,0.025465,21.580519
0.005506,4.666319,0.032462,27.510039
0.013499,11.439748,0.014669,12.431247
0.010115,8.571572,0.056341,47.746227
0.019754,16.740625,0.061676,52.267571
0.035345,29.953138,0.058082,49.221678
0.062573,53.028045,0.023035,19.520777
0.016191,13.720711,0.010614,8.994552
0.038470,32.601378,0.015993,13.552883
0.024294,20.587728,0.028355,24.029491
0.033411,28.314398,0.006371,5.398762
0.030323,25.697396,0.029192,24.739076
0.028485,24.139422,0.052593,44.570087
0.032463,27.510861,0.030670,25.991766
0.011716,9.929040,0.066275,66.407284
0.046259,39.201976,0.055960,47.423326
0.005310,4.500213,0.010352,8.773202
0.008290,7.025308,0.010857,9.201015
0.013201,11.187488,0.042436,35.962709
0.024189,20.499310,0.037275,31.589134
0.019600,16.610471,0.092035,92.218746
0.051151,43.348444,0.006582,5.577863
0.038434,32.571314,0.046833,39.688755
0.015697,13.302545,0.055319,46.880634
0.046966,39.801179,0.021741,18.424304
0.049465,41.919374,0.000630,0.631245
0.053150,45.042492,0.001000,0.847856
-0.006672,-5.654079,0.027713,27.768527
0.014286,12.106844,0.025470,21.584563
0.043661,37.000274,-0.007856,-6.657586
0.034936,29.606923,0.053442,45.289653
0.019095,16.181762,0.051371,51.473487
0.023129,19.601145,0.034091,28.890684
0.032792,27.789763,0.058657,49.708651
0.028689,24.312966,0.010609,8.990615
0.035505,30.089082,0.050785,43.038048
0.030550,25.889553,0.033379,28.287284
0.038580,32.695127,0.012081,10.238015
0.005978,5.066135,0.038675,32.775127
0.002647,2.242840,0.008504,7.206835
0.024302,20.594859,0.041684,35.325465
0.017375,14.724514,0.067423,57.137455
0.024479,20.745002,0.023448,19.871367
0.050806,43.055842,0.049897,42.285652
0.008418,7.133804,0.029777,25.234665
0.045747,38.768218,0.035468,30.057448
0.022450,19.025539,-0.003001,-2.543596
0.019210,16.279394,0.026099,22.117660
0.049384,41.850352,0.041640,35.287678
0.016504,13.986219,0.036602,31.018846
0.012974,10.994978,0.022197,18.811251
0.040499,34.321074,0.036262,36.334770
0.004683,3.968219,0.052503,44.493838
0.016559,14.033241,0.020717,17.556632
0.034134,28.926955,0.023960,20.304566
0.007920,6.711672,0.019023,16.121254
0.010893,9.231171,0.028250,23.940398
0.025986,22.021752,0.029881,25.322789
0.013082,11.086366,0.010062,8.527362
0.015711,13.314637,0.034975,29.639477
0.022495,19.063746,0.025298,21.438510
0.028383,24.052952,0.034290,29.059208
0.032831,27.822762,0.012840,10.881678
0.059281,50.238075,0.013545,11.478987
0.012120,10.270877,0.020530,20.570626
0.032703,27.713841,0.046364,39.291620
0.020750,17.584309,0.018216,15.437469
0.011147,9.446492,0.033056,28.013089
0.031040,26.304636,0.018836,15.962210
0.029642,25.120601,0.033898,28.727284
0.048895,41.436318,0.024721,20.950109
0.030952,26.230325,0.036483,30.917978
0.056943,48.256455,0.023666,20.056198
0.020637,17.488804,0.016807,14.243102
0.026446,22.411778,0.021459,18.185649
0.036376,30.827128,0.045311,45.400941
0.035251,29.873417,0.026120,22.135207
0.014078,11.930110,0.026557,22.506034
0.049679,42.100535,0.023203,19.663687
0.014039,11.897348,0.010279,8.711249
0.037862,32.085920,0.032209,27.295948
0.043000,36.440708,0.046873,39.723015
0.060953,51.655120,0.028270,23.957756
0.028370,24.042632,0.026981,22.865376
0.021400,18.135250,0.029954,25.384847
0.029309,24.837613,0.037825,32.055087
0.039993,33.892030,0.004360,3.694547
0.009304,7.884511,0.051532,43.670945
0.022372,18.958928,0.039671,33.619631
0.012895,10.927544,0.050559,42.846745
0.030917,26.200373,0.028254,23.944286
-0.001053,-0.892709,0.021377,18.115962
0.011109,9.413938,0.052363,44.374903
0.028766,24.378196,0.034899,29.575384
0.046548,39.447420,0.041700,35.338424
0.052824,44.765935,0.017523,14.849538
0.007263,6.154761,0.053191,53.296801
0.037763,32.002677,0.035142,35.211711
0.023477,19.895930,0.037946,32.157298
0.029969,25.397672,0.032498,27.540536
0.054331,46.042778,0.022607,22.651966
-0.003967,-3.361839,0.024317,20.607535
0.053971,45.737692,0.028190,23.889867
0.068253,57.841267,0.010666,9.039086
0.039615,33.571949,0.009663,8.189124
0.049434,41.892976,0.046091,39.060050
0.051323,43.493444,0.008386,7.106964
0.032321,27.390916,0.017257,14.624629
0.035832,30.365788,0.073433,73.579785
0.058607,49.666948,0.057918,58.033546
0.035538,30.116347,0.028432,24.094974
0.023101,19.576709,0.048191,40.839861
0.019827,16.802360,0.019492,16.518617
0.010626,9.005094,0.004807,4.074095
0.059710,50.601351,0.024797,21.014267
0.016670,14.126906,0.056283,47.697236
0.035536,30.115465,0.026337,22.319433
0.008551,7.246590,0.019606,16.614891
0.047233,40.027364,0.014242,12.069696
0.026143,22.154612,0.049676,42.098153
0.010786,9.140650,0.006905,6.918545
0.036697,31.098932,0.053734,45.537385
0.019368,16.413875,0.048464,41.071349
0.004343,3.680574,0.027385,23.207599
0.031282,26.509986,0.001797,1.522518
0.010550,8.940937,0.005951,5.043068
0.016184,13.715097,0.024432,20.704856
0.031653,26.824592,-0.007900,-7.915458
0.009569,8.108950,0.017478,14.811650
0.019448,16.481002,0.030918,26.201661
0.007872,6.671325,0.051091,43.297522
0.024494,20.757256,-0.020411,-20.451290
0.058156,49.284352,0.013479,11.422936
0.058537,49.607630,0.018878,15.997880
0.026630,22.568015,0.022170,18.788313
0.033086,28.038400,0.008258,6.998231
0.036583,31.002334,0.020652,17.501471
0.015581,13.203935,0.010623,9.002413
0.017688,14.989413,-0.003038,-2.574198
0.006133,5.197455,0.077774,77.929033
0.022282,18.882826,0.056971,48.279987
0.003910,3.313779,-0.011079,-9.388838
0.058960,49.965709,0.025975,22.012403
0.032551,27.585813,0.031694,26.858790
0.009388,7.956121,0.034628,29.345557
0.019583,16.595783,0.016458,13.947604
0.055464,47.002992,0.001265,1.072382
0.024215,20.521170,0.050505,42.800191
0.048271,40.906990,0.045268,38.362127
0.005684,4.816549,0.063175,53.537969
0.009945,8.428118,0.036392,30.840653
0.030633,25.959693,0.002182,2.186486
0.018134,15.367614,0.040063,33.951886
0.024755,20.978733,0.003377,2.861586
0.036021,30.525979,0.045858,38.862126
0.031987,27.107229,0.075505,63.986476
0.027322,23.154300,0.024782,21.001866
0.030480,25.830608,0.057944,49.104601
0.001722,1.459736,0.040543,40.624209
0.057107,48.395774,0.057425,48.665283
0.008571,7.263245,0.004601,3.898877
0.007048,5.972600,0.028517,24.166592
0.011054,9.367827,0.023662,20.052556
0.053598,45.421564,0.050978,43.201193
0.024284,20.579266,0.057206,48.479324
0.015746,13.344368,0.039106,33.140767
0.023425,19.851238,0.030538,25.879391
0.016050,13.601452,0.015936,13.505332
0.005264,4.460714,0.019956,16.911401
0.024130,20.449185,0.026012,22.043774
0.010826,9.174943,0.013089,11.092630
0.007479,6.337829,0.042059,35.643114
0.050598,42.879789,0.051188,43.379097
0.021801,18.475627,0.057585,48.800861
0.033006,27.971243,0.046056,39.030444
0.040099,33.982271,0.027210,23.058836
0.015533,13.163261,0.010701,9.068855
0.042978,36.422010,0.026349,22.329702
0.052996,44.911314,0.023565,19.970198
0.003879,3.286863,0.014285,12.105589
0.033774,28.622029,0.011850,10.042583
0.006919,5.863387,0.019882,16.849009
0.014019,11.880848,0.025763,25.813982
0.037224,31.545231,0.010372,8.790086
0.052795,44.741461,-0.006154,-5.215094
0.003730,3.161341,0.063112,63.237783
0.044147,37.412407,0.019935,16.893831
0.003846,3.259678,0.029809,25.261896
0.059031,50.025796,0.016629,14.091988
0.028707,24.328225,0.032403,27.459820
0.014173,12.010556,0.047257,40.048366
-0.006559,-5.558343,0.013844,11.731973
0.052882,44.814673,0.049311,41.788447
0.037245,31.563459,0.090870,91.051602
0.027248,23.091726,0.062060,52.593034
0.016842,14.272588,0.050519,42.812502
0.053542,45.374484,0.031082,26.340456
0.055090,46.686342,0.014526,12.310005
0.016480,13.965870,0.018633,18.670501
0.030549,25.888506,0.061225,61.346785
0.009803,8.307991,0.029100,24.661036
0.029247,24.785488,0.004110,3.482856
0.011467,9.717587,0.045520,38.576404
0.044544,37.749325,0.009883,8.375605
0.020046,16.988033,0.056299,47.710999
0.051925,44.003899,0.050859,50.960023
0.011104,9.409913,0.018468,15.650777
0.045619,38.659520,0.030771,26.077117
0.039072,33.111496,0.009721,9.739914
0.019529,16.549686,0.036096,30.589466
0.024296,20.590096,0.010468,8.871531
0.053639,45.456542,0.040591,40.672140
-0.001726,-1.462463,0.029386,24.903368
0.028131,23.839495,0.041050,34.787769
0.044915,38.063568,0.021970,18.618939
0.034553,29.281847,0.013018,11.032366
0.008249,6.990823,0.036665,31.072130
0.026673,22.604373,0.022497,19.065425
0.027683,23.460188,0.058463,49.544941
0.054336,46.047010,0.017045,14.444429
0.036392,30.840282,0.041746,35.377844
0.024616,20.861022,0.022852,19.366310
0.021664,18.359092,0.001846,1.564337
0.027473,23.282362,0.054005,45.766877
0.005627,4.768764,0.034167,28.954690
0.034434,29.181155,0.022037,18.675152
0.036244,30.715472,0.026256,26.308106
0.034102,28.900145,0.029247,24.785680
0.045971,38.958497,0.029237,24.777233
0.006822,5.781147,0.003747,3.754454
0.023594,19.994992,0.011322,9.594608
0.030444,25.800128,0.037363,31.663768
0.009990,8.465697,0.033261,28.187485
0.037070,31.415031,0.002034,1.723501
0.019876,16.843949,0.038860,32.932243
0.002273,1.926089,0.037227,31.548076
0.003715,3.148267,0.018018,15.269787
0.060099,50.931003,0.023386,19.818204
0.028585,24.224715,0.021725,18.410646
0.028954,24.536851,0.018967,16.073461
0.048758,41.320218,0.035708,30.260784
0.010507,8.904339,0.036354,36.426665
0.023866,20.225684,0.015513,13.146334
0.019074,16.164240,0.039550,33.516339
0.011469,9.719169,0.011516,9.759342
0.012164,10.308203,0.024660,20.898576
0.028521,24.170173,0.023256,19.708051
0.033044,28.002997,0.022510,19.076541
0.024360,20.644143,0.028279,23.965103
0.026025,22.054953,0.032122,27.222079
0.038739,32.829568,0.061595,52.198653
0.021209,17.973233,0.024945,21.139795
0.045669,38.702216,0.030953,26.231231
0.036753,31.146812,0.008975,7.606096
0.054298,46.015253,0.027751,23.517537
0.014868,12.600119,0.017735,15.029543
0.027872,23.619807,0.048471,41.076764
0.033285,28.207243,0.025581,21.678468
0.034520,29.253938,0.037847,32.073165
0.054179,45.913855,0.046470,39.381355
0.017204,14.579534,0.028038,23.761258
0.040693,34.485450,0.053604,45.427100
0.008171,6.924666,0.012654,10.723839
0.005168,4.379712,0.061621,61.743784
0.025713,21.790741,0.035132,29.772290
0.028659,24.287173,0.060774,51.502791
0.032450,27.499664,0.002345,1.986907
0.018585,15.749888,0.051632,43.755920
0.012751,10.805784,0.034904,29.579667
0.033136,28.081038,0.015350,13.008799
0.029457,24.963780,0.045720,38.745784
0.020229,17.142833,0.039573,33.536262
0.047548,40.294346,0.055698,47.201392
0.009334,7.910300,0.045462,38.526923
0.009356,7.928732,0.033950,28.771384
0.029344,24.867371,0.008895,7.538182
0.011374,9.638697,-0.002758,-2.337630
0.053536,45.369473,0.056267,47.683778
0.015472,13.111935,-0.001658,-1.405317
0.058311,49.415563,0.085047,85.216426
0.022659,19.202785,0.037014,31.367789
0.022978,19.472482,0.049802,42.204979
0.003408,2.887754,0.002009,1.702429
0.051054,43.266161,0.017124,14.511770
0.011146,9.445596,0.022802,22.847393
0.018665,15.817653,0.015032,12.738970
0.054312,46.026648,0.046550,39.448693
0.029191,24.738063,0.028239,23.931034
0.016717,14.166602,-0.010783,-9.138492
0.028927,24.514073,0.014258,12.082688
0.026366,22.344228,0.034509,29.244923
0.018614,15.774482,0.015128,12.820677
0.010414,8.825256,0.056915,48.233165
0.018875,15.995725,0.052366,52.470603
0.010403,8.815664,0.025962,22.001789
0.007560,6.407091,0.068876,69.013485
0.023122,19.595181,0.033300,28.219775
0.046140,39.101522,0.028874,24.469348
0.040344,34.189587,0.005691,4.823265
0.058474,49.553659,0.019501,16.526324
0.048643,41.222413,0.052644,44.613452
0.026482,22.441941,0.061152,61.274290
0.005266,4.462286,0.054305,46.021183
0.047447,40.209032,0.012362,10.475899
0.025655,21.741059,0.008808,7.464060
0.000507,0.429356,0.026811,22.721349
0.011793,9.994141,-0.000521,-0.521668
0.031540,26.728349,0.018511,15.686770
0.009387,7.955282,0.067716,57.385974
0.015695,13.300650,0.039383,33.374943
0.032313,27.383401,0.050974,43.197919
0.053013,44.926019,0.038785,32.868479
0.047066,39.886472,0.029956,25.385988
0.050771,43.025909,0.034344,29.105077
0.045137,38.251512,0.029862,25.306769
0.042512,36.026514,0.013126,11.123411
0.045149,38.261772,0.046903,39.748223
0.031333,26.552861,0.029121,24.678426
0.009766,8.276060,0.020986,17.784385
0.012450,10.550654,0.032925,32.990248
0.006315,5.351953,0.041044,41.125996
0.000910,0.771078,0.041931,35.534273
0.006526,5.530735,0.072818,72.962870
0.031686,26.851976,0.034860,29.541878
0.026274,22.266182,0.062878,53.286434
0.030377,25.743451,0.020071,17.009543
0.014916,12.640815,0.006503,5.510933
0.010335,8.758020,0.058863,49.883467
0.044524,37.731615,0.032463,32.527310
0.000185,0.156658,0.033046,28.005332
-0.000303,-0.256835,0.087278,87.452157
0.029529,25.024296,0.017564,14.884267
0.029494,24.994373,0.021125,17.902658
0.030095,25.503676,0.031110,26.364451
0.043143,36.561490,0.010688,9.057599
0.009943,8.425922,0.060885,51.597083
0.027113,22.976555,0.033212,28.146004
0.049378,41.845822,0.021043,17.832743
0.009084,7.698047,0.060422,51.204389
0.035255,29.876656,0.020255,17.164792
0.030242,25.629068,0.027426,23.242633
0.034903,29.578614,0.000969,0.821082
0.030801,26.102361,0.005620,4.762409
0.024869,21.075496,0.076381,76.532897
0.026688,22.616516,0.057955,49.114344
0.005826,4.937316,0.027508,23.311526
0.023461,19.881884,0.034299,29.066664
0.062287,52.785312,0.026952,27.005493
0.048630,41.211709,0.064346,54.529845
0.048691,41.263301,0.025852,21.908369
0.006501,5.509616,0.028863,24.460233
0.057933,49.095696,0.014669,12.431662
0.004372,3.705066,0.043739,37.066992
0.056304,47.714873,0.067121,67.255358
0.029049,24.617826,0.029455,24.961648
0.034614,29.333597,-0.022058,-22.102474
0.013143,11.138281,0.015191,12.873657
0.028836,24.437100,0.022779,19.304488
0.038446,32.580927,0.025171,25.220919
0.016343,13.850315,0.032257,27.335857
0.056920,48.237351,0.010640,9.016717
0.014064,11.918273,0.043531,36.890339
0.007902,6.696390,0.021836,18.504664
0.058898,49.913430,0.052699,44.659904
0.027833,23.587177,0.026983,22.866818
0.034371,29.127659,0.023972,20.315278
0.003632,3.078045,0.034559,29.286815
0.005360,4.542166,0.012469,10.566487
0.002782,2.357379,0.008172,6.925448
0.038371,32.517365,0.005941,5.034960
0.056285,47.698793,0.053519,45.354490
0.056525,47.902605,0.051935,44.012075
0.013501,11.441584,0.037937,38.012599
0.027638,23.421737,0.034947,29.615590
0.037363,31.663672,0.021177,17.946891
0.035629,30.194205,0.026615,22.555065
0.014831,12.568471,0.005973,5.061516
0.024933,21.129168,0.026933,22.824017
0.021495,18.215971,0.025091,21.263014
0.032892,27.874544,0.079101,79.259217
0.057784,48.969402,0.033511,28.399370
0.010528,8.922240,0.027289,23.126441
0.065821,55.779913,0.061971,52.517850
0.055731,47.229086,0.030042,25.459244
0.050186,42.529937,0.060951,51.652744
0.049422,41.882863,0.029327,24.853383
0.049986,42.360495,0.012424,10.528661
0.051616,43.741726,0.052124,44.172463
0.025860,21.915259,0.026345,22.326531
0.035167,29.802111,0.020330,17.228556
0.005044,4.274378,-0.004658,-4.666918
0.033887,28.717311,0.027727,23.497451
0.051168,43.362607,0.056467,47.853405
0.001315,1.114278,0.026126,22.140126
0.038083,32.273728,-0.048407,-41.022456
0.059226,50.190795,0.045727,38.751540
-0.004328,-3.667452,0.064519,64.648076
0.015563,13.189018,0.021062,17.849282
0.051956,44.029823,0.051734,43.842272
0.021521,18.237888,0.043494,43.581109
0.024461,20.729304,0.041056,41.138279
0.023100,19.576000,0.049814,42.214630
0.053862,45.645585,0.029312,24.840874
0.027655,23.436612,0.053572,45.399325
0.032425,27.478784,0.044431,37.653446
0.020797,17.624308,0.006905,5.851311
0.021653,18.350074,0.013781,11.678328
0.007291,6.178996,0.028617,24.251875
0.013755,11.656391,0.022118,18.743774
0.027656,23.437196,0.036858,31.235805
0.024339,20.626226,0.028034,23.757115
0.046424,39.342297,0.051228,43.413218
-0.006680,-5.661388,0.028840,24.440936
0.006271,5.314469,0.022234,18.842284
0.021824,18.494430,0.048545,41.139991
0.034829,29.516203,0.013313,11.282357
0.051317,43.488475,0.051727,43.835868
0.008876,7.521753,0.009502,8.052464
0.031665,26.834321,0.047378,40.150248
0.052220,44.254279,0.026607,22.548531
0.052781,44.729376,0.021063,17.849490
0.058232,49.349076,0.006993,5.926302
0.021590,18.296386,0.023257,19.709255
0.007157,6.064924,0.048058,40.726711
0.024117,20.437723,0.054372,46.077777
0.054354,46.062583,0.016396,13.894985
0.006425,5.444748,0.028073,23.790340
0.033293,28.214113,0.043750,37.075789
0.025693,21.773607,0.053925,54.032196
0.004311,3.653194,0.034370,29.126548
0.050866,43.106527,0.039288,33.295017
0.057930,49.093198,-0.040881,-40.962547
0.010501,8.899057,0.031454,31.517208
0.015784,13.375891,0.058404,49.494488
0.051966,44.038340,0.064258,54.455815
0.054486,46.174254,0.018648,15.803284
0.030424,25.782473,0.015537,13.167273
0.032693,27.706043,0.082568,82.732564
0.056099,47.541083,0.043085,36.512307
0.032383,27.442809,0.032113,27.214358
0.018039,15.287334,0.015782,15.813763
0.016328,13.837242,0.028295,23.978558
0.025312,21.450592,0.012369,10.482092
0.013297,11.268327,0.003583,3.036819
0.023717,20.099084,0.054443,54.551206
0.049950,42.330385,0.052220,44.253780
0.031059,26.321421,0.051903,43.985243
0.044515,37.724457,0.043590,36.940829
0.007781,6.594430,0.034620,29.338838
0.012442,10.543740,0.024645,20.885423
0.042365,35.902352,0.049759,49.858491
0.001186,1.005162,0.013278,11.252662
0.043775,37.097517,0.023411,19.839518
0.036709,31.109065,0.007017,5.946565
0.060691,51.432504,0.036159,30.642709
0.039326,33.326654,0.044303,37.544545
0.013633,11.553256,0.026691,22.619383
0.023691,20.077104,0.029529,25.024348
0.017469,14.804438,0.022238,18.845327
0.053937,45.708626,0.033702,28.560867
0.057131,48.415915,0.021719,18.405635
0.042368,35.905044,0.037761,32.000957
0.000810,0.686393,0.049331,41.805314
0.055548,47.073965,0.033308,28.226723
0.028162,23.866056,0.045749,38.770460
0.034702,29.408690,0.015421,13.068142
0.034677,29.387079,0.007419,6.287134
0.012534,10.622032,0.031108,26.362423
0.038336,32.487941,-0.054186,-54.294029
0.015136,12.826650,0.029482,24.984298
0.018678,15.828331,0.046700,46.792782
0.063167,53.531061,0.020307,17.209517
0.046258,39.201142,0.054799,46.439286
0.008201,6.949546,0.068603,58.137788
0.028208,23.905053,0.053837,45.624077
0.054609,46.278871,0.030477,25.827853
0.039001,33.051911,0.031524,26.714726
0.054490,46.177295,0.037347,31.649521
0.021027,17.819109,0.025972,22.010448
0.052368,44.379310,0.009719,8.236050
0.016291,13.805506,0.016970,14.381294
0.035513,30.095268,0.058714,49.757270
0.033382,28.289736,0.042567,36.073692
0.015556,13.183124,0.065724,55.697838
0.011047,9.362100,0.055863,47.341125
0.060221,51.034216,0.029353,24.875348
0.038123,32.307619,0.046645,39.529173
0.025907,21.954869,0.026056,22.080836
0.053194,45.079039,0.060310,51.109679
0.053425,45.275549,0.001140,0.966136
0.032953,27.925906,-0.019299,-19.337428
0.049143,41.646101,0.066241,56.136293
0.043280,36.677626,0.034232,29.009797
0.024695,20.928153,0.048053,40.722903
0.013491,11.433012,0.028770,28.827339
0.037150,31.482904,0.015923,13.493620
0.036084,30.579695,0.045071,38.195929
0.014174,12.011653,0.018747,15.887392
0.030646,25.970656,-0.011702,-9.916923
0.057013,48.315996,0.007510,6.364473
0.017401,14.746902,0.036534,30.961232
0.036547,30.972212,0.034210,34.278180
0.011217,9.505660,0.027199,23.049435
0.034146,28.937307,0.033093,28.044842
0.029421,24.932902,0.030730,26.041842
0.042274,35.825300,0.025324,21.460560
0.011300,9.575980,0.023312,19.756211
0.004427,3.751918,0.025856,21.911507
0.034333,29.095628,0.025802,21.865696
0.036955,31.317790,0.049163,41.663128
0.022968,19.464101,0.024432,20.704740
0.027407,23.226137,-0.004104,-3.477625
0.016454,13.944175,0.044082,37.357110
0.020683,17.527453,0.022718,19.252182
0.026165,22.173703,0.032655,27.673485
0.018111,15.348167,0.001789,1.516106
0.027166,23.021668,0.031216,26.453731
0.017781,15.068735,0.026689,22.617823
0.004777,4.048249,0.016387,13.887581
0.038295,32.453606,0.029070,24.635484
0.020594,17.452664,0.068593,58.128933
0.027491,23.297050,0.008917,7.556920
0.016484,13.969459,-0.000709,-0.601208
0.045644,38.681519,0.043470,43.556693
0.051335,43.503676,0.012383,10.493686
0.005629,4.770256,0.011023,9.341153
0.008705,7.376767,0.027588,23.379315
0.028849,24.448431,0.009324,7.901950
0.054445,46.139720,0.018029,15.279098
0.026312,22.298391,0.009633,8.163509
0.044262,37.509724,0.046552,39.450716
0.029923,25.358147,0.051299,51.401826
0.017572,14.891652,0.019145,16.224155
0.027355,23.181760,0.032541,27.576776
0.025326,21.462897,0.054876,46.504576
0.025554,21.655680,0.055810,47.296382
-0.002211,-1.873622,0.042432,35.959225
0.054759,46.406041,0.055220,46.795905
0.035963,30.476562,0.032881,27.864933
0.030609,25.939716,0.010939,9.269872
0.014554,12.334223,0.025495,21.606164
0.019572,16.586641,0.025801,21.865047
0.028682,24.306754,0.003520,2.982912
0.026683,22.612188,0.021679,21.721889
0.041832,35.450747,0.001384,1.172565
0.061714,52.299387,0.021872,18.535163
0.052248,44.277740,0.047023,47.116484
0.024802,21.018485,0.050462,42.763823
0.011558,9.795224,0.022351,18.941653
0.004682,3.967617,0.030397,25.760007
0.030981,26.255040,-0.011667,-11.690761
0.022801,19.322460,0.032638,27.658908
0.029663,25.138297,0.028019,23.744696
0.003895,3.301246,0.019955,16.910693
0.007922,6.713805,0.031050,26.313569
0.034075,28.876838,0.032200,27.287568
0.021803,18.476723,0.003124,2.647226
0.055989,47.448280,0.033683,28.545112
0.027400,23.220534,0.013080,11.084392
0.044776,37.945904,0.078902,79.058902
0.019515,16.538342,0.010090,8.550422
0.035028,29.684445,0.009255,7.843293
0.059513,50.434241,0.025802,21.865586
0.061380,52.016793,-0.004149,-3.515748
0.008900,7.542421,0.031638,26.811668
0.021397,18.132895,0.062662,62.786553
0.050582,42.865800,0.016409,13.905566
0.036555,30.978368,0.054067,45.819065
0.001668,1.413604,0.054558,46.235136
0.055656,47.165631,0.028451,28.507281
0.019769,16.752865,0.027565,23.360093
0.001436,1.217318,0.058995,49.995531
0.032570,27.601743,0.012776,10.827306
0.033254,28.181055,0.052718,52.823583
0.034713,29.418032,0.017907,15.175412
0.011258,9.540226,0.026770,22.686639
0.054340,46.050400,0.006369,5.397721
0.014386,12.191716,0.019532,16.552429
0.037578,31.845496,0.043504,36.867152
-0.000180,-0.152877,0.011314,9.588424
0.042789,36.261882,0.024650,20.889382
0.031211,26.449941,0.059006,50.004639
0.009114,7.724038,0.010333,8.756724
0.033321,28.238243,0.028741,24.356786
0.017724,15.019953,0.029208,24.752442
0.027082,22.950844,0.012383,10.494232
0.052704,44.664421,0.024644,24.693227
0.015625,13.241183,0.052447,44.446143
0.013247,11.226448,0.056474,56.586447
0.019283,16.341470,0.029962,25.391164
0.004187,3.548316,0.034930,29.601402
0.019479,16.507374,0.044391,37.619426
0.029938,25.371053,0.027289,23.125844
0.015550,13.177537,0.037486,31.767596
0.048427,41.039880,0.037295,31.605894
0.023609,20.007905,0.004506,3.818290
0.049953,42.332875,0.031828,26.972834
0.002617,2.217625,0.011513,9.756867
0.038920,32.982706,0.041256,34.962181
0.055565,47.088465,0.008217,6.963591
0.014229,12.058334,0.053992,45.755390
0.001016,0.860961,0.011746,9.953790
0.018962,16.069271,0.019236,16.301564
0.030502,25.848983,0.059315,59.433361
0.036870,31.245261,0.015609,13.228184
0.014329,12.143242,0.087027,87.200314
0.007038,5.964260,0.022661,19.204463
0.035596,30.166301,0.065161,55.220705
0.017527,14.852947,0.013982,11.849055
0.055555,47.080159,0.027987,23.717374
0.016631,14.093650,0.047947,48.043128
0.010907,9.243262,0.041026,34.767929
-0.001585,-1.343303,0.043428,36.803477
0.005625,4.766568,0.028515,24.165130
0.027702,23.476448,0.047157,39.963260
0.020870,17.686717,0.034974,29.638744
0.011289,9.567065,0.057101,48.389954
0.011769,9.973288,0.024219,20.524680
0.028897,24.488447,-0.001422,-1.424731
0.034261,29.034760,0.031600,26.779147
0.025422,21.544258,0.024992,21.179607
0.041323,35.019350,0.055370,46.923646
0.044527,37.734737,0.039887,33.802279
0.000631,0.534932,0.016845,14.275756
0.023520,19.932245,0.041723,35.358389
0.018097,15.336243,0.096588,96.780455
0.049684,42.104638,0.053400,45.253753
0.006794,5.757929,0.061168,51.837304
0.019582,16.594743,0.025966,22.004832
0.020586,17.445468,0.062836,53.250699
0.024738,20.964001,0.012774,10.825678
0.032913,27.892602,0.029896,25.335783
0.047334,40.113276,0.014744,12.494642
0.027401,23.221416,0.009102,7.713573
0.014830,12.567309,0.028054,23.774242
0.054231,45.958539,0.009229,7.820739
0.018855,15.978797,0.019191,19.228790
0.035002,29.662472,0.015421,13.068726
0.038915,32.978501,0.014755,12.504393
0.010384,8.799748,0.006673,5.655253
0.013392,11.349296,0.023403,19.833019
0.034949,29.617914,0.045371,38.449549
0.029985,25.410722,0.056031,47.483679
0.027587,23.378765,0.011244,9.528853
0.019674,16.673023,0.033139,28.083812
0.033927,28.751858,0.042443,35.968131
0.020847,17.666787,0.023041,19.525936
0.036486,30.919842,0.025902,21.950767
0.032966,27.937140,0.011448,9.701689
0.007847,6.649818,0.060866,51.581044
0.036994,31.350457,0.060834,51.553923
0.028657,24.285648,0.045576,38.623633
0.046321,39.255138,0.024853,21.061876
0.032030,27.143798,0.057236,48.504375
0.001838,1.557565,0.021129,17.906013
0.002690,2.279744,0.029036,24.606940
0.062499,52.964977,0.011483,9.731485
0.027144,23.002998,0.031983,27.104081
0.015960,13.525315,0.037450,31.737008
0.036943,31.307562,0.000149,0.126211
0.004918,4.168069,0.020538,17.404687
0.028338,24.015308,0.062033,52.570404
0.003569,3.024775,-0.000113,-0.095958
0.050228,42.565893,0.005981,5.068733
0.049749,42.159793,0.022368,18.955536
0.011249,9.532822,0.027062,22.934140
0.024113,20.434583,0.057432,48.671117
0.024793,21.011035,0.036283,30.748124
0.027544,23.341830,0.033444,28.341871
0.007172,6.077783,0.058832,49.857690
0.011028,9.345708,0.033476,28.369492
0.053233,45.112332,0.028816,24.420024
0.010627,9.005738,0.027192,23.044032
0.028096,23.810022,0.018839,15.964936
0.028867,24.463517,0.068064,57.680607
0.032970,27.940276,0.039308,39.386602
0.014229,12.058733,0.013913,11.790296
-0.001894,-1.605137,0.031198,26.438965
0.025728,21.802948,0.002907,2.463262
0.024789,21.007673,0.044055,37.334808
0.024112,20.434007,0.028685,28.741803
0.013447,11.395814,0.010855,9.198677
0.018481,15.661896,0.039426,33.411574
0.013356,11.318880,0.016993,14.401113
0.044701,37.882238,0.016536,14.013740
0.052651,44.619251,0.039837,33.760189
0.029457,24.963241,-0.013216,-11.200185
0.023744,20.122055,0.000263,0.222536
-0.001836,-1.556114,0.038789,32.872065
0.066608,56.446714,0.025641,25.692423
0.003579,3.032889,0.018734,15.876000
0.027830,23.584687,0.034986,29.649192
0.017094,14.486420,0.022248,18.853809
0.003732,3.162891,-0.005600,-5.610755
0.045065,38.190090,-0.000574,-0.575152
0.023249,19.702496,0.044760,37.931554
0.053637,45.454613,0.060957,51.658003
0.034452,29.196231,0.038588,38.664509
0.018577,15.742896,0.020763,17.595690
0.016864,14.291545,0.006473,5.485269
0.027699,23.473879,0.000278,0.235976
0.062089,52.617614,0.053794,45.588013
0.028210,23.906712,0.049236,41.724994
0.040867,34.632986,0.056386,47.784075
0.017680,14.983307,0.040731,34.517487
0.061512,52.128358,0.031357,26.573707
0.020960,17.762226,0.027435,23.249538
0.010623,9.002621,0.080340,80.499985
0.024887,21.090548,0.009996,8.471264
0.023126,19.597825,0.028547,24.192311
0.061503,52.120789,0.054085,45.834794
0.009290,7.872506,0.027715,23.487246
0.027153,23.011188,0.030990,26.262367
0.025448,21.565602,0.040497,34.318992
0.040888,34.651022,0.034692,29.399736
0.010618,8.998308,0.056962,48.272822
0.038133,32.315926,0.041829,35.447720
0.030541,25.881765,-0.007093,-6.010904
0.034342,29.102873,0.028307,23.989099
0.026036,22.064213,0.037258,31.574254
0.027173,23.027758,0.013709,13.736791
0.055180,46.762448,0.028547,24.192341
0.022030,18.669674,0.021937,18.590937
0.016145,13.682246,0.049890,42.279170
0.019326,16.377936,0.016386,13.885932
0.030963,26.239762,0.023890,20.245332
0.006617,5.607683,0.020593,17.451382
0.026441,22.407243,0.042150,42.233830
0.026813,22.722963,-0.059451,-59.569172
0.038247,32.412820,0.059889,50.753152
0.051311,43.483736,0.016559,14.032806
0.018928,16.040170,-0.000727,-0.615896
0.015188,12.870790,0.021141,17.916066
0.050325,42.647810,0.061487,52.107320
0.024220,20.525435,0.050131,42.483777
0.049572,42.009591,0.006138,5.201636
0.009906,8.394518,0.027212,23.060985
0.022107,18.734490,0.048857,41.403888
0.023275,19.724617,0.024064,20.393432
0.016170,13.702910,-0.001381,-1.170662
0.043101,36.526377,0.012533,10.621020
0.024695,20.927450,0.052629,44.600808
0.030285,25.664756,0.035205,29.834831
0.029624,25.104691,0.020201,20.240950
0.020752,17.586515,0.031040,31.101803
0.027575,23.368921,0.017020,14.423619
0.020817,17.641708,0.016657,14.115717
0.012061,10.220819,0.027439,23.253225
0.026571,22.517668,0.047608,40.345919
0.063444,53.765532,0.009274,7.859296
0.056957,48.268181,0.015158,12.845370
0.034374,29.130740,0.033272,33.338002
0.055604,47.122084,0.046126,39.089214
0.051287,43.463626,0.028941,24.526035
0.061766,52.344123,0.038209,32.380097
0.024372,20.654025,0.029648,25.124998
0.011069,9.380277,0.029059,24.625790
0.033328,28.243640,0.032552,27.586237
0.015628,13.244248,0.065806,55.767166
0.032553,27.587492,0.025476,21.589992
0.013695,11.605579,0.021219,17.981804
0.021188,17.955910,0.034795,29.486934
0.028731,24.348321,0.048902,41.441894
0.051515,43.656210,0.009624,8.155469
0.061306,51.953610,0.048430,41.041789
0.049902,42.289691,0.022156,18.776187
0.030753,26.061641,0.076462,64.798170
0.012086,10.241999,0.048991,41.517552
0.030630,25.957291,0.043430,36.804611
0.007654,6.486442,0.026614,26.667577
0.023332,19.772869,0.015957,13.523156
0.015175,12.860074,0.047496,40.250950
0.022779,19.304194,0.018164,15.392960
0.006369,5.397251,0.005914,5.011731
0.022508,19.074234,0.031842,26.984261
-0.000285,-0.241376,0.042492,36.009849
0.059095,50.080377,0.051697,43.810895
0.036957,31.319382,0.037848,32.074792
0.012027,10.192025,0.035815,30.351343
0.035664,30.223769,-0.015150,-15.180659
0.037697,31.946445,0.048228,40.871340
0.010033,8.502201,0.037928,32.142367
0.067705,57.376456,0.014787,12.531343
0.017823,15.104153,0.031119,26.371835
0.023407,19.836176,0.000936,0.793320
0.037280,31.592816,0.040993,34.739763
0.015711,13.314290,0.065146,55.208108
0.001398,1.185122,0.015433,13.078784
0.045424,38.495005,-0.004291,-4.299970
0.049786,42.191030,0.023592,19.993230
0.010943,9.273445,0.041107,34.836044
0.006938,5.879856,0.008578,7.269629
0.044962,38.103155,0.013869,11.753602
0.012927,10.955107,0.032120,27.220108
0.037197,31.522824,0.018131,15.365554
0.009419,7.982531,0.032726,27.733862
0.061390,52.025184,0.070156,59.453543
0.049890,42.279087,0.011499,9.744826
0.012693,10.757089,0.037721,31.966743
0.037897,32.115498,0.009721,8.238201
0.026436,22.403641,0.022975,19.469967
0.046949,39.786784,0.008890,7.533934
0.030732,26.043734,0.061181,51.847806
0.015857,13.437708,0.040169,34.041616
0.008899,7.541715,0.023501,19.915878
0.020960,17.762446,0.028326,24.005186
-0.001760,-1.491214,0.013272,11.247774
0.045419,38.490112,0.046310,46.402598
0.026977,22.861819,0.022933,19.434293
0.058022,49.170639,0.019480,16.508392
0.052365,44.376816,0.046669,39.549894
0.034148,28.939186,0.016295,13.809199
0.005962,5.052476,0.058997,49.997328
0.046974,39.808011,0.021634,18.333797
0.037375,31.673407,0.061612,52.213110
0.008669,7.346753,0.063363,53.697162
0.049647,42.073715,0.001351,1.144923
0.050657,42.929690,0.017242,14.612197
0.007390,6.262582,0.058175,49.300816
0.021917,18.573494,0.043937,37.234862
0.011275,9.555109,0.015407,13.056802
0.035265,29.885546,0.035549,30.125707
0.038516,32.640574,0.018383,15.579072
0.064601,54.746505,0.019956,16.911916
0.044969,38.109100,0.043569,36.923012
0.057257,48.522179,0.023452,19.874531
0.023360,19.796820,0.043524,36.884156
-0.003415,-2.893821,0.028190,23.889392
0.030869,26.160122,0.014232,12.061336
0.029608,25.091260,0.038908,32.972884
0.031493,26.688715,0.054703,46.358202
0.059466,50.394726,0.071645,71.788178
0.045523,38.578782,0.053271,45.144672
0.009210,7.804757,0.067951,57.585230
0.051903,43.985692,0.025528,21.634178
0.029011,24.585419,0.008517,7.217613
0.063050,53.431969,0.015961,13.526463
0.044478,37.693089,-0.002218,-2.222080
0.036011,30.517321,0.056771,56.883871
0.034981,29.644375,0.034564,29.290961
0.063098,53.472230,0.014861,12.594345
0.020420,17.304702,0.042923,36.375609
0.044657,37.844381,0.029113,24.672150
0.027020,22.898500,0.065731,55.703696
0.060628,51.379094,0.023644,20.036891
0.017210,14.584558,0.066377,56.251232
0.019248,16.312117,0.024173,20.485584
0.039461,33.441728,0.034389,29.142703
0.052928,44.854114,0.006719,5.693735
0.019752,16.739037,0.035219,29.846645
0.013938,11.811413,0.018117,18.153194
0.025198,21.353907,0.059466,50.394839
0.017293,14.654896,0.033093,28.044610
0.036712,31.111418,0.009368,7.938594
0.045650,38.686479,0.011189,9.482521
0.013540,11.474793,0.019487,16.514342
0.029083,24.646263,0.038888,38.965678
0.032090,27.194898,0.036899,31.270245
0.043803,37.120629,0.061216,51.877562
0.045554,38.604570,0.031843,26.985204
0.019631,16.636284,0.056038,47.489306
0.024610,20.855386,0.034676,29.386353
0.044933,38.078639,0.026305,26.357582
0.045904,38.901867,0.007966,6.750594
0.036667,31.073862,0.056530,47.906717
0.009295,7.876912,0.041602,35.255289
0.040218,34.082492,0.006018,5.100374
0.014491,12.280368,0.022704,19.240411
0.035143,29.782045,-0.010719,-9.084239
0.017778,15.065875,0.016801,14.238009
0.021922,18.578184,0.071855,60.893338
0.012123,10.273777,0.069616,58.996400
0.000099,0.083700,0.032718,27.726880
0.044402,37.628811,0.003168,2.684980
0.010029,8.499055,0.038678,32.777818
0.032917,27.895262,0.005250,4.448986
0.010807,9.158807,0.039900,33.813076
0.030698,26.014865,0.020074,17.011534
0.030406,25.767991,0.038884,32.952309
0.058205,49.326104,0.015024,12.732105
0.058732,49.772407,0.005947,5.039740
0.021455,18.182194,0.002330,1.974544
0.019412,16.450334,0.009599,8.134826
0.003546,3.005019,0.020233,17.146557
0.008145,6.902470,0.007076,5.996517
0.020725,17.563171,0.056551,47.924095
0.019620,16.627284,0.009040,9.058229
0.011725,9.936389,0.040001,40.080608
-0.001476,-1.250490,0.021929,18.583800
0.000217,0.183747,0.015267,12.937916
0.020349,17.244673,0.044055,37.334460
0.012423,10.527974,0.014975,12.690660
0.003326,2.818830,0.002388,2.392864
0.050056,42.420430,0.055061,46.661212
0.008192,6.942373,0.028822,24.425691
0.042450,35.974288,0.029247,24.785656
0.013946,11.818215,0.018977,16.082204
0.008399,7.117705,0.045652,45.743270
0.012317,10.438381,0.032879,27.863761
0.029902,25.340117,0.058650,49.702742
0.051399,43.558538,0.019525,16.546813
0.020013,16.960161,0.032534,27.570907
0.022445,19.020789,0.007423,6.290948
0.050346,42.665590,0.007831,6.636110
0.018600,15.762427,0.006056,5.131899
0.064105,54.326346,0.066935,67.068268
0.004504,3.816820,0.026569,22.515910
0.023844,20.206986,0.034358,29.116743
0.050625,42.901982,0.016872,14.297818
0.065345,55.376924,0.048276,40.911963
0.014573,12.349714,0.017841,15.119490
0.033869,28.702513,0.034549,29.278401
0.027975,23.707796,0.063492,53.806730
0.003721,3.153641,0.013773,11.671604
0.023649,20.041221,0.039223,33.239615
0.024170,20.483190,0.030310,25.686193
0.014260,12.084629,0.022678,19.218279
0.007416,6.284706,0.019347,19.385120
0.029808,25.260992,0.014374,12.180882
0.027612,23.399762,0.026595,22.537963
0.034781,29.475420,0.025067,21.242731
0.030560,25.897882,0.055853,47.332978
0.031869,27.007832,0.030185,25.580155
0.051327,43.496966,0.015686,13.293443
0.024880,21.084860,0.058182,49.306241
0.047916,40.606856,0.001167,1.168828
0.011753,9.960237,0.021620,21.663599
0.018727,15.870149,0.017828,17.864059
0.031677,26.844622,0.033684,28.545850
0.052857,44.793914,0.011043,9.358412
0.023408,19.837194,0.033983,28.799289
0.025289,21.431593,0.041633,35.281797
0.031242,26.475844,0.013470,13.497322
0.029370,24.889943,0.020633,17.485492
0.063046,53.428739,-0.005894,-4.995004
0.049343,41.816059,0.053955,45.724458
0.057771,48.958159,0.040729,34.515585
0.048344,40.969339,0.041876,35.487624
0.029371,24.890111,0.029615,25.097540
0.039732,33.671380,0.033151,28.093887
-0.001825,-1.546548,0.031399,26.609143
0.020848,17.667570,0.047243,40.035781
0.048347,40.972025,0.005694,4.825416
0.054231,45.958056,0.002757,2.336152
0.055172,46.756031,0.013441,11.390651
0.016737,14.184172,0.017713,15.010931
0.019315,16.368531,0.026288,22.277769
0.024262,20.561102,0.032763,27.765243
0.038510,32.635619,0.038024,32.223651
0.029320,24.847674,0.049334,41.808624
0.020537,17.404469,0.030717,26.030852
0.003117,2.641632,0.038027,32.226354
0.023586,19.987776,0.011088,9.396417
-0.001512,-1.281000,0.035436,30.030359
0.053257,45.132408,0.049575,42.012481
0.035622,30.187828,0.026392,22.365976
0.047197,39.997431,0.057849,49.024371
0.006992,5.925182,0.065407,65.537545
0.034253,29.028117,0.047277,40.065052
0.053041,44.950048,0.025610,21.703614
0.025391,21.517241,0.039666,33.614828
0.021011,17.805719,0.034681,29.390630
0.018950,16.059168,0.025124,21.291128
0.028191,23.890522,0.030001,25.424102
0.007424,6.291821,0.052301,44.322889
0.031466,26.666143,0.062461,52.932678
0.011704,9.918892,0.061089,51.769906
0.019196,16.267774,0.019141,16.220866
0.027576,23.369342,0.038385,32.529448
0.044207,37.463396,0.003732,3.162655
0.061531,52.144484,0.028458,24.116509
0.029540,25.033958,0.043717,43.804200
0.024264,20.562633,0.030283,25.663089
0.009829,8.329730,0.045734,38.757169
0.051475,43.622355,-0.011203,-11.225125
0.004360,3.695055,0.037771,32.008909
0.034449,29.193781,0.027954,23.689642
0.035359,29.964750,0.038477,32.607295
0.018675,15.826490,0.056929,57.042848
0.004905,4.156487,0.021507,18.225788
0.020309,17.210919,0.043950,37.245564
0.055306,46.869622,0.006898,5.845444
0.035494,30.079703,0.015281,12.950275
0.025909,21.956543,0.003542,3.001485
0.006206,5.259082,0.043312,36.704496
0.024630,20.872595,0.032298,27.370654
0.020874,17.689634,0.047767,40.480586
0.036074,30.570843,0.052190,44.228523
0.020756,17.589823,0.034422,29.170732
0.040154,34.028249,0.021108,17.887731
0.028799,24.405605,0.005122,4.340286
0.025509,21.617326,0.002798,2.803853
0.047663,40.392096,0.003544,3.003657
0.013546,11.479215,0.021193,17.960424
0.032589,27.617982,0.091906,92.089781
0.031587,26.768271,0.055868,47.345088
0.027951,23.687168,0.040471,34.297657
0.022878,19.388013,0.056961,48.271718
0.018910,16.025353,0.004467,3.785294
0.038361,32.509025,0.018030,15.279265
0.016999,14.405899,-0.002665,-2.258257
0.047775,40.487052,0.037142,31.476026
0.019201,16.272230,0.014911,12.636047
0.018384,15.579842,-0.001249,-1.058181
0.055952,47.416433,0.015620,13.236852
-0.003014,-2.554601,0.027633,27.688521
0.056811,48.144477,0.026343,26.395117
0.059206,50.174556,0.018217,15.437693
0.006882,5.832374,0.012070,10.229127
0.019635,16.639687,0.032233,27.315865
0.011036,9.352118,0.029819,25.269854
0.052022,44.085782,0.053503,45.340973
0.006542,5.544224,0.033071,33.136995
0.023372,19.806505,0.025896,21.945362
0.030539,25.880106,0.021325,18.072202
0.004296,3.641027,0.038230,32.398032
0.029199,24.744941,0.028983,24.561824
0.010235,8.673261,0.040819,34.592506
0.017674,14.978159,0.028822,24.425620
0.008760,7.423602,0.020871,17.687439
0.037339,31.642610,0.027290,23.126772
0.061603,52.205834,0.057115,48.402408
0.031875,27.012833,0.071628,71.770841
0.010144,8.596542,0.030077,30.137130
0.003014,2.554148,0.041813,35.434850
0.016859,14.287105,0.026314,22.299746
-0.002088,-1.769223,0.022134,18.757404
0.034338,29.099773,0.058074,58.189866
0.019107,16.192249,0.050186,42.530382
0.061430,52.058898,0.008427,7.141872
0.025842,21.899786,0.069644,59.019623
0.016693,14.146166,0.053724,45.528456
0.017982,15.238562,0.027028,22.905056
0.011418,9.676074,0.074606,74.755193
0.021156,17.928538,0.008098,6.862795
0.015700,13.304958,0.051853,43.942920
0.071091,60.246630,0.013431,11.382314
0.019549,16.567084,0.031220,26.457350
0.011869,10.058148,0.023599,23.646400
0.014871,12.602848,0.033674,28.536859
0.032739,27.744769,0.033543,28.426323
0.037007,31.361894,0.037187,31.514622
0.029957,25.387050,0.051655,43.775460
0.029565,25.055341,0.055562,47.086407
0.032462,27.509880,0.053916,45.690988
0.014584,12.359607,0.047873,40.569962
0.050651,42.924562,0.046801,39.661370
0.009890,8.381200,0.060822,51.543875
0.050854,43.096291,0.038000,32.203082
0.023066,19.547416,0.006984,5.918749
0.030056,25.470704,0.040492,40.573067
0.009065,7.682279,0.027867,27.922534
0.014804,12.546036,0.019795,16.775557
0.014410,12.211544,0.063262,53.611597
0.059974,50.825311,0.019043,16.138220
0.017720,15.016900,0.043539,43.625943
0.057972,49.128700,0.028741,24.357046
0.048034,40.706725,0.029177,24.726421
0.024112,20.433423,0.021759,18.439995
0.045796,38.810275,0.022019,18.659916
0.007561,6.407848,0.052308,44.328909
0.025315,21.453293,-0.004961,-4.204371
0.025226,21.378251,0.003508,2.972639
0.010297,8.726620,0.016813,14.248548
0.018014,15.266023,-0.009967,-8.446151
0.027342,23.171314,0.020711,17.551489
0.003756,3.183415,0.011530,9.771317
0.037418,31.709938,0.020746,17.581327
0.016408,13.905018,0.057288,48.548799
0.018303,15.511262,0.022478,19.048879
0.018206,15.428809,0.023597,23.643679
0.024069,20.397566,0.053123,45.019397
0.030306,25.682750,0.028169,23.872200
0.013937,11.811104,0.026402,22.374336
0.036389,30.837563,0.028715,24.334379
0.019191,16.263695,0.034609,34.677782
0.014575,12.351873,0.025405,25.455753
0.030117,25.522819,0.052983,44.900213
0.030173,25.570230,-0.003789,-3.210807
0.039487,33.463742,0.041944,35.545456
0.006918,5.862436,0.006360,5.390160
0.013509,11.448637,0.014021,11.882199
0.031079,26.338052,0.024712,20.942239
0.043870,37.177651,0.017725,15.020696
0.033147,28.090570,0.008612,7.297911
0.050172,42.518115,0.009336,7.911451
0.025051,21.229872,0.014742,12.492845
0.030104,25.511783,0.050589,42.872169
0.052975,44.893408,0.047411,40.178215
0.050477,42.776869,0.023507,19.920708
0.009436,7.996322,0.032672,27.688253
0.058251,49.364644,0.027071,22.941447
0.010202,8.646020,0.027742,23.510241
0.013514,11.452402,0.031342,26.561000
0.038768,32.853880,0.011229,9.515728
0.017922,15.188064,0.026906,22.801257
0.022601,19.152863,0.052145,44.190786
0.045624,38.663827,0.014818,12.557432
0.063105,53.478644,0.011554,9.791672
0.031485,26.682054,0.049836,42.233410
0.022596,19.149413,0.037028,37.101574
0.029850,25.296807,-0.005613,-4.756575
0.008459,7.168746,0.046184,39.138498
0.053446,45.293187,0.025538,21.641862
0.047866,40.564144,0.009239,7.829880
0.043337,36.725678,0.048453,41.061741
0.049260,41.745492,0.010945,9.275359
0.020007,16.955039,0.013321,11.288699
0.053996,45.759239,0.018044,15.291385
0.001341,1.136401,0.034374,34.442151
0.013631,11.551346,0.022424,19.003459
0.004519,3.829303,0.024885,21.088869
0.045899,38.896881,0.059521,59.639308
0.026770,22.686236,0.038721,32.814047
-0.002691,-2.280915,0.004730,4.008388
0.056536,47.911749,0.055858,47.336805
0.026913,22.807785,0.017377,14.725843
0.029382,24.899706,0.013521,11.458445
0.012794,10.842170,0.060504,51.274406
0.014910,12.635847,0.021951,18.602077
0.010879,9.219356,0.024026,20.360719
-0.003978,-3.371325,0.007627,6.463569
0.019914,16.875860,0.019698,16.693284
0.009752,8.264655,0.037009,37.082847
0.051616,43.742416,0.050738,42.997814
0.053584,45.410117,0.011311,9.585670
0.025944,21.986608,0.043885,37.190637
0.031518,26.710078,0.015749,13.346763
0.014078,11.930707,0.048214,40.859436
0.040273,34.129146,0.031934,31.998150
0.020166,17.089864,0.040099,33.982033
0.030765,26.072125,0.004551,3.856362
0.001586,1.344086,0.013866,11.751165
0.008255,6.995971,0.028240,28.295956
0.023896,20.251126,0.034466,29.208291
0.039825,33.750032,0.041243,34.951846
0.039960,33.864171,0.035752,30.298102
0.044891,38.043033,0.058048,49.193323
0.046153,39.112295,0.007396,6.268169
0.027631,23.415918,0.021202,17.967443
0.027252,23.094967,0.047761,40.475517
0.053197,45.081874,0.044180,37.440133
0.011161,9.458796,0.076241,64.610941
0.030150,25.550800,0.047093,39.909495
0.009814,8.316931,0.019348,16.396474
0.026152,22.162673,0.032684,27.698413
0.031625,26.800876,0.033152,28.094324
0.059732,50.620208,0.022150,18.770968
0.029150,24.703176,0.008524,7.223827
0.026108,22.125383,0.014841,12.577098
0.006731,5.703936,0.013897,13.924404
0.039805,33.732841,0.002912,2.468152
0.028702,24.323234,0.012840,10.881286
0.025394,21.520371,0.025022,21.204817
0.022463,19.036052,0.023783,20.154846
0.024738,20.964102,0.044920,38.067181
0.023909,20.261385,0.027696,23.470784
0.021952,18.603587,0.028351,24.025700
0.019102,16.188094,0.012535,10.622613
0.047844,40.545169,0.033918,28.743549
0.030772,26.077414,0.028230,23.923366
0.035111,29.754670,0.047751,47.846409
0.003934,3.333968,0.004059,3.439794
0.032665,27.681818,0.057872,49.043584
0.012003,10.171648,0.023934,20.283190
0.047060,39.880902,0.025302,21.442125
0.053254,45.129941,0.013068,11.074446
0.035789,30.329087,0.039751,33.686665
0.051042,43.255526,0.037565,31.834257
0.025553,21.654728,0.036594,31.011251
0.050583,42.866465,0.015308,12.972615
0.022777,19.302348,0.040536,34.352401
0.004091,3.467109,0.072311,61.279952
0.022669,19.210695,0.022717,22.762490
0.049652,42.077456,0.078593,78.749863
0.010397,8.811151,0.004867,4.876810
0.006668,5.651190,0.025701,21.780004
0.028877,24.472045,0.011493,11.515461
0.022995,19.487216,0.046407,39.327432
0.017707,15.005589,0.031580,26.762456
0.035146,29.784354,0.022677,19.217483
0.015622,13.238975,0.036021,30.526416
0.007463,6.324894,0.032714,27.723231
0.059019,50.015570,0.026399,22.372137
0.055971,47.432981,0.030549,30.610042
0.052645,44.614168,0.018239,15.456556
0.033868,28.701450,0.070183,70.323030
0.054524,46.206109,-0.000890,-0.753825
0.028186,23.886396,0.041239,34.948126
0.032886,27.869309,0.004654,3.944152
0.013382,11.340756,0.000922,0.781395
0.043817,37.132411,0.018684,15.833497
0.046201,39.153423,0.001961,1.661960
0.028369,24.041313,0.029591,25.077044
0.020965,17.766774,0.058305,49.410322
0.040796,34.572858,0.013608,11.531981
0.025179,21.338173,0.030331,25.703818
0.026669,22.600616,0.018000,15.253881
0.034117,28.912530,0.030040,25.457188
0.017360,14.711560,0.023390,19.821745
0.019325,16.376957,0.045428,38.498236
0.034350,29.110148,0.006267,5.310657
0.033658,28.523360,0.018746,15.886193
0.055763,47.256588,0.025653,21.739612
0.061677,52.267934,0.001098,0.930356
0.054335,46.046137,0.016701,14.153634
0.056733,48.078476,0.046276,39.216344
0.028332,24.010072,0.018493,15.672189
0.017179,14.558288,0.017915,15.182507
0.023329,19.769987,0.036536,30.962568
0.015290,12.957316,0.030776,26.081098
0.049571,42.009064,-0.011686,-11.709005
0.036549,30.973706,0.001432,1.213457
0.006887,5.836702,-0.002563,-2.171847
0.039527,33.496977,0.072380,61.338397
0.048754,41.316637,0.029424,24.935681
0.036501,30.933123,0.022499,19.066573
0.030231,25.619001,0.047785,47.880409
0.027597,23.386741,0.054287,46.005691
0.044955,38.097501,0.027211,27.265194
0.011810,10.008284,0.017739,15.033281
0.008749,7.414296,0.039759,33.694231
0.008087,6.853764,0.011121,9.424758
0.037677,31.929883,0.051976,44.046801
0.003812,3.230726,0.035406,35.476334
0.021959,18.609541,0.027263,23.103997
0.026110,22.126577,0.028035,23.758600
0.049619,42.049447,0.011620,9.847204
0.031127,26.378624,0.038696,38.773266
0.030171,25.568389,0.062859,53.270329
0.033569,28.448157,0.018672,15.823383
0.050614,42.893089,-0.001166,-0.988151
0.037220,31.542277,0.036530,30.957713
0.066864,56.664283,0.031241,26.475260
0.014514,12.299912,0.009318,7.896839
0.050331,42.653485,0.022365,18.953043
-0.002025,-1.716499,0.046486,39.394753
0.031400,26.609858,0.019214,16.282584
0.037205,31.529866,0.068458,68.594095
0.046905,39.749581,0.016439,13.931172
0.020779,17.608862,0.036262,30.730571
0.026165,22.173352,0.013688,11.599846
0.051046,43.259320,0.050919,43.151516
0.020198,17.116459,0.040795,34.571931
0.011094,9.402010,0.002895,2.453549
0.035252,29.874563,0.046087,39.056344
0.018176,15.402969,0.034155,28.944862
0.013264,11.241021,0.016524,16.557031
0.018435,15.622926,0.025334,21.469176
0.050050,42.415055,0.018838,15.964691
0.032360,27.423727,0.018301,15.509362
0.028224,23.918619,0.055346,46.902839
0.022086,18.717075,0.033885,28.716091
0.054255,45.978169,0.027570,27.624606
0.040193,34.061726,0.022053,18.688870
0.012758,10.811872,0.012074,10.232318
0.009682,8.205181,0.022035,18.673704
0.034505,29.241750,0.045698,38.726663
-0.001055,-0.893909,0.042460,42.545124
0.047400,40.169441,-0.001933,-1.638521
0.044733,37.908722,0.014881,12.610545
0.010446,8.852837,0.017716,17.751639
0.012686,10.750763,0.061488,52.108440
0.020617,17.471734,0.000944,0.799919
0.016607,14.074010,0.008095,6.859705
0.047541,40.288441,0.025471,21.585285
0.042648,36.141956,0.026069,22.092640
-0.001198,-1.015146,0.033943,28.764851
0.059464,50.393104,-0.011699,-9.914146
0.014277,12.099312,0.027841,23.593844
0.030806,26.106206,0.025788,21.854071
0.042666,36.157536,0.009337,7.912733
0.021384,18.121645,0.029076,24.640890
0.049202,41.696495,0.043136,36.556008
0.029270,24.805188,0.048957,41.488741
0.020328,17.227345,0.020686,17.530014
0.045617,38.658246,0.026781,22.695614
0.021031,17.823193,0.016527,14.006019
0.052148,44.193232,0.034072,28.874633
0.009883,8.375601,0.005007,4.243611
0.014776,12.521572,0.054500,46.186476
0.034243,29.019075,0.031780,31.843800
0.021863,18.527880,0.044159,37.422349
0.051418,43.574481,0.017049,14.448572
0.026263,22.256981,0.012484,10.579537
0.056345,47.750044,0.033925,28.749415
0.047203,40.002279,0.165426,165.755509
0.053947,45.717345,0.013083,11.087185
0.039875,33.791882,0.043319,36.710791
0.061685,52.275188,0.069941,59.271619
0.041380,35.067979,0.055517,47.048078
0.038409,32.549703,0.016556,14.030837
0.022596,19.149366,0.027023,22.900993
0.019129,16.211266,0.007135,6.046693
0.013230,11.211908,0.049101,41.610734
0.026464,22.427318,0.025227,21.378343
0.018780,15.915115,0.007323,6.206308
0.003090,2.618484,0.042105,35.681566
0.031514,26.706884,0.059918,50.777938
0.018437,15.624513,-0.000014,-0.013988
0.019357,16.404304,0.043019,36.456787
0.060168,50.989509,0.039067,33.107692
0.031908,27.040582,0.049133,41.637582
0.009858,8.354350,0.031446,26.648761
0.006479,5.490752,0.005387,4.565060
0.036785,31.173487,0.026201,22.204028
0.046218,39.167239,0.030267,25.649922
0.053610,45.431820,0.013542,11.476331
0.020306,17.208305,0.031414,26.621720
0.027410,23.228647,0.054672,46.331997
0.005434,4.605395,0.002902,2.459299
0.021485,18.207230,0.041102,34.832089
0.011312,9.586476,0.021634,18.334057
0.029589,25.075673,0.032404,32.468794
0.035997,30.505688,0.017403,14.747813
0.012904,10.935210,0.028603,24.239688
0.038389,32.533136,0.032724,32.789630
0.047002,39.831640,-0.007195,-6.097537
0.024646,20.886110,0.048625,41.206987
0.050745,43.003940,0.033600,28.474662
0.020404,17.291490,0.054816,46.453729
0.009577,8.116297,0.051181,43.373704
0.025228,21.379896,0.047950,40.635599
0.025251,21.399056,0.016002,13.560607
0.023707,20.090532,0.061976,52.521979
0.054382,46.086441,0.016964,14.375998
0.011168,9.464163,0.066911,67.044018
0.032601,27.627497,0.009612,8.145595
0.016700,14.152628,0.005851,4.958827
0.042984,36.426659,0.021924,18.579357
0.016172,13.704619,0.050426,42.733289
0.022886,19.394388,0.018384,15.579565
0.007619,6.456897,-0.000004,-0.003032
0.042379,35.913897,0.031530,26.720442
0.026901,22.797378,0.018498,15.676423
0.046882,39.730049,0.053832,45.620148
0.019049,16.143453,0.044742,37.916352
0.004362,3.696475,0.053351,45.212363
0.041415,35.097011,0.046042,39.018117
0.028708,24.328917,0.035971,36.042721
0.052497,44.488997,0.053274,45.147510
0.044800,37.965545,0.005999,5.084011
0.006467,5.480660,0.041869,41.952676
0.027043,22.917484,-0.000693,-0.587446
0.023232,19.688216,0.018555,18.591918
0.043710,37.041728,0.041539,35.202472
0.029770,25.228274,-0.001564,-1.325082
0.051229,43.414493,-0.000219,-0.185720
0.045347,38.429836,-0.028738,-28.795749
0.051362,43.527208,0.031817,26.963704
0.045127,38.242920,0.020394,17.283135
0.039548,33.515269,0.075580,75.730928
0.035309,29.922951,0.031574,26.757263
0.030787,26.090260,0.041083,34.816116
0.020049,16.990745,0.005735,4.859811
0.021002,17.798250,0.050581,50.682218
0.004853,4.112496,0.005311,4.501168
0.031333,26.553585,0.048912,41.450800
0.030749,26.057992,0.061680,61.802742
0.047883,40.578409,0.004214,3.571005
0.019627,16.632983,0.039739,33.676851
0.037275,31.588556,0.021459,18.185152
0.001168,0.989429,0.037854,32.079057
0.007817,6.624746,0.020727,17.564894
0.050487,42.785371,0.017637,14.946739
0.025128,21.295109,0.059141,50.119583
0.026489,22.448406,0.018476,15.657506
0.049801,42.203950,0.042769,36.244446
0.005416,4.590115,0.012740,10.796216
0.040918,34.675955,0.045708,38.735693
0.029022,24.594925,0.020333,20.373949
0.010530,8.923440,0.041283,34.985135
0.003017,2.557083,0.036280,30.745719
0.003997,3.386988,0.031262,26.493080
0.013330,11.296423,0.040875,34.639388
0.013110,11.109760,0.034820,29.508337
0.032108,27.209757,0.027699,23.473589
0.010102,8.560764,0.044292,37.535252
0.037431,31.720590,0.015891,13.466736
0.057165,48.444408,0.017582,14.900319
0.029534,25.028919,0.064975,65.104417
0.030319,25.693914,0.011666,9.886471
0.030214,25.605177,0.023414,19.842281
0.012074,10.232324,0.015648,13.260856
0.038512,32.637170,0.011560,9.796277
0.032325,27.393554,0.023381,19.814367
0.017141,14.526602,0.055275,46.842995
0.032864,27.850445,0.052513,52.618112
0.019336,16.386682,0.036717,31.115582
0.027956,23.691501,0.010518,8.913650
0.038472,32.603235,0.037850,32.076447
0.048221,40.865031,0.009156,7.759446
0.025394,21.520463,0.055515,55.625573
0.012790,10.838553,0.009698,8.218232
0.033993,28.807540,0.019801,16.780180
0.035688,30.243534,0.006686,5.666011
0.015626,13.242500,0.045664,38.697732
0.033561,28.441332,0.025191,21.348268
0.003754,3.181376,0.050502,42.797840
0.038440,32.575694,0.054423,46.121207
0.027230,23.075788,0.030116,25.521954
0.018707,15.852993,0.035456,30.047619
0.005886,4.987829,0.058541,49.610426
0.018213,15.435004,0.010187,8.633380
0.029105,24.664976,0.012790,10.838523
0.015119,12.812257,-0.002322,-1.967576
0.059735,50.622315,0.021602,18.306985
0.042925,36.377038,-0.003231,-2.737750
0.022114,18.740409,-0.006527,-5.531139
0.048196,40.844183,0.035483,30.070337
0.012233,10.366849,-0.003928,-3.328521
0.035976,30.488027,0.064300,54.491063
0.049760,42.169624,0.048422,48.519043
0.015826,13.411661,0.058550,49.618345
0.025546,21.649361,0.018634,15.791337
0.064606,54.750570,0.023189,19.651430
0.009685,8.207154,0.030597,30.658288
0.025232,21.383333,0.029622,25.102952
0.062752,53.179023,0.038777,32.861864
0.006216,5.267713,0.029538,25.031937
0.028882,24.476371,0.042431,35.958441
0.029174,24.723319,0.031147,26.395381
0.059206,50.174408,0.023349,19.787495
0.020756,17.589528,0.009399,7.965489
0.051650,43.771170,0.057937,49.098462
0.038771,32.856800,0.033348,28.260588
-0.004646,-3.936957,0.036923,36.997044
0.022494,19.062978,-0.002965,-2.970463
0.010429,8.837821,0.039132,33.162372
0.019143,16.222489,0.010923,9.256661
0.049649,42.075066,0.044276,37.521651
0.004151,3.518017,0.025773,25.824023
0.016798,14.235110,0.054639,46.303780
0.003747,3.175055,0.015230,12.906480
0.007145,6.054796,0.018438,18.475202
0.016286,13.801714,0.018068,15.311903
0.033865,28.699347,0.009619,8.151917
-0.001666,-1.412096,0.003698,3.705086
0.026187,22.192461,0.045642,38.679554
0.046085,39.054716,0.020461,17.339663
0.027391,23.212742,0.037867,32.090451
0.057847,49.022794,0.067565,57.257725
0.036726,31.123249,0.003041,2.577041
-0.003063,-2.595345,0.053771,45.568231
0.005052,4.281431,0.052848,44.785873
0.036246,30.717102,0.023522,19.933581
0.022854,19.367921,0.049983,50.082897
0.008632,7.315040,-0.014834,-14.863593
0.028451,24.110706,0.022974,19.469308
0.030517,25.862071,0.051860,43.948617
0.025764,21.833791,0.008737,7.404460
0.023805,20.173807,0.008105,6.868778
0.037232,31.552157,0.051649,43.769928
0.002566,2.174189,0.056941,48.255038
0.020313,17.214102,0.038408,32.548814
0.024521,20.780631,0.014882,12.612051
0.020026,16.970918,0.020205,17.122519
0.054706,46.361098,0.027444,23.257900
0.031039,26.304259,0.016677,14.133043
0.027353,23.180235,0.035978,30.489701
0.006824,5.782801,0.029131,24.687191
0.024542,20.798166,0.020014,16.961013
0.018130,15.364731,0.019220,16.287972
0.033171,28.110490,0.017503,14.833193
0.059624,50.528821,0.031018,26.285891
0.008196,6.946093,0.020278,17.184817
0.035256,29.877922,0.017044,14.444202
0.018491,15.670035,0.020160,17.084234
0.054228,45.955870,0.022880,19.389439
0.051875,43.961863,0.017404,14.748877
0.053671,45.483547,0.014921,12.645104
0.022490,19.059602,0.050928,43.159369
0.006331,5.365198,0.058811,49.839414
0.033449,28.346749,0.012696,10.758835
0.009134,7.740520,0.008903,7.545230
0.003979,3.372036,0.024452,20.722127
0.025395,21.521444,0.019478,16.506648
0.059201,50.170435,0.031224,26.460778
0.026570,22.516699,0.051060,43.271330
0.034394,29.147123,0.035037,29.692513
0.020522,17.391411,0.030011,25.432623
0.017894,15.164346,0.000920,0.922093
0.036234,30.706269,0.035550,30.127103
0.032588,27.616494,0.001328,1.125299
0.023158,19.625503,0.034907,29.581702
0.027375,23.199173,0.053868,45.650319
0.059089,50.075098,0.001706,1.446024
0.033313,28.231137,-0.032089,-32.152980
0.032651,27.669817,0.033992,28.806283
0.043252,36.654170,0.025171,21.331147
0.013645,11.563584,0.045282,38.374617
0.018834,15.961019,0.047912,40.603308
0.015188,12.870851,0.038668,32.769451
0.020638,17.489396,0.010931,9.263854
0.011150,9.449234,0.015536,13.166150
0.057235,48.504059,0.004236,3.589752
0.039718,33.658935,0.046936,47.030015
0.054162,45.899413,0.049937,42.318823
0.006466,5.479540,0.005459,5.470063
0.039159,33.185458,0.015634,15.665329
0.011083,9.392708,0.032135,27.232613
0.003208,2.718536,0.023137,19.607695
0.018635,15.792230,0.021734,21.777253
0.014248,12.074430,0.056588,47.955296
0.021486,18.208048,0.002063,1.748504
0.022599,19.151499,0.028248,23.938850
0.055302,46.865962,0.005442,4.612052
0.025327,21.463747,0.035103,29.748173
0.039152,33.179602,0.023421,19.848492
0.022186,18.801436,0.064632,64.760967
0.046940,39.779689,0.028549,24.193662
0.031315,26.537755,0.005042,4.272751
0.023415,19.842894,0.014240,12.068006
-0.003362,-2.848825,0.045130,38.245894
0.039403,33.392023,0.012337,10.455184
0.011040,9.355869,0.032527,27.565246
0.015612,13.230272,0.001134,0.960795
0.055261,46.830989,0.009252,7.840746
-0.003032,-2.569397,0.027279,23.117248
0.049580,42.016349,0.032660,27.677775
0.030170,25.567777,0.040327,34.174863
0.045588,38.633498,0.014961,12.678371
0.039755,33.690530,0.035673,30.231016
0.047354,40.130271,0.025242,21.391003
0.007465,6.326583,0.011659,11.682400
0.048545,41.139956,0.063644,53.935642
0.042851,36.314108,0.017012,14.417021
0.023978,20.319816,-0.000005,-0.004129
0.027914,23.655857,0.026965,22.851437
0.037393,31.688884,0.022150,18.771346
0.024197,20.505462,0.068853,58.349910
0.020125,17.054598,0.063998,54.235492
0.010892,9.230816,0.058403,49.493425
0.036506,30.937276,0.029625,25.105531
0.054904,46.528783,0.039974,33.875858
0.019408,16.447041,0.069691,69.830176
0.036368,30.820509,0.034332,29.095102
0.044071,37.347999,0.014470,12.262870
0.007566,6.411708,0.027656,27.711449
0.054121,45.865206,-0.000819,-0.693996
0.039776,33.708141,-0.006108,-5.176601
0.038407,32.548189,0.012053,10.214240
0.030242,25.629024,0.047736,40.453697
0.054838,46.472971,0.041220,41.301987
0.031534,26.723547,0.028267,23.955304
0.015620,13.236984,0.077061,65.305687
0.015355,13.013019,0.009462,8.018661
0.050794,43.045553,0.018555,15.724205
0.028293,23.976733,0.052319,44.337653
0.031946,27.072314,0.025145,21.309456
0.033202,28.136742,0.051157,43.353350
0.004293,3.638329,-0.036381,-36.453396
0.027264,23.104838,0.008453,7.163908
0.029138,24.693297,0.057614,48.825242
0.013111,11.111250,0.026924,22.817171
0.051748,43.854215,0.052271,44.297245
0.054091,45.839745,0.006374,5.401600
0.024986,21.174727,0.053455,45.300378
0.035187,29.819278,0.028254,23.943501
0.055752,47.246923,0.049459,41.913968
0.012556,10.641001,0.045885,38.885765
0.011584,9.816738,0.050493,42.790615
0.005012,4.247630,0.054733,46.384030
0.005630,4.771017,0.012128,10.277625
0.028797,24.404458,0.022410,18.991765
0.028432,24.094518,0.043939,37.236187
0.037800,32.033551,0.059182,50.153927
0.026385,22.359973,0.027719,23.490126
0.031454,26.656157,0.006269,5.312559
0.031178,26.421762,0.020232,17.146070
0.028056,23.776091,0.021518,18.235149
0.028756,24.369443,0.014609,12.380501
0.058946,49.953506,0.011419,9.676760
0.032373,27.434173,0.021437,18.166450
0.053273,45.146238,0.015641,13.255217
0.019897,16.861411,0.053495,45.334088
0.026117,22.133208,-0.001033,-0.875027
0.002800,2.372898,0.025964,22.003470
0.008330,7.058992,0.014763,12.511230
0.019952,16.908355,0.035044,29.697949
0.034666,29.377541,0.043457,43.544121
0.049722,42.137203,0.026272,22.264017
0.028107,23.819338,0.012238,10.371103
0.066059,55.981980,0.059290,50.245222
0.011784,9.985964,0.046950,39.787489
0.039355,33.351100,0.008438,7.151168
0.032493,27.536219,0.003248,3.254125
0.030707,26.022701,0.008230,6.974286
0.034853,29.535984,0.021232,17.993449
0.057129,48.413953,0.014463,12.256588
0.058799,49.829544,0.037457,31.743065
0.022160,18.779599,0.019251,16.314483
0.022238,18.845753,0.039218,33.235633
0.013811,11.704554,0.051180,43.372555
0.028186,23.886484,0.055976,47.436579
0.029260,24.796792,0.025412,21.535667
0.003283,2.781972,0.016040,13.593229
-0.006436,-5.453955,0.008025,6.801138
0.054270,45.990855,0.034398,29.150626
0.010107,8.565312,0.058545,58.661385
0.035544,30.121468,0.035963,30.477063
0.032837,27.827999,0.021596,18.301338
0.061765,52.342496,0.008467,7.175312
0.034828,29.514726,0.008867,7.514112
0.052343,44.357893,0.037629,31.888541
0.032961,27.933086,0.021890,18.550716
0.024401,20.678962,0.000708,0.709467
0.054069,45.820534,0.025943,21.985835
0.009615,8.148094,0.058306,49.411215
0.048514,41.113201,0.043819,37.134602
0.027969,23.702065,0.034150,28.940283
0.043466,36.835315,0.014930,12.652766
0.022151,18.771964,0.031356,26.572456
0.037898,32.116833,0.029088,24.650777
0.058090,49.228239,0.008984,7.613426
0.034928,29.600114,0.052264,44.291487
0.014474,12.265910,-0.008452,-7.162745
0.038956,33.013621,0.049340,41.813680
0.019786,16.767521,0.032303,27.375447
0.016325,13.834311,0.030456,25.810096
0.033617,28.488633,0.016562,14.035182
0.055825,47.309046,-0.009306,-9.324373
0.049209,41.702544,0.016784,14.223337
0.004208,3.566110,0.020580,17.440361
0.032609,27.634233,0.019865,16.835055
0.054186,45.920426,0.011341,9.611340
0.040977,34.726341,0.029677,25.149744
0.030186,25.581064,0.044325,44.413031
0.007692,6.518915,0.008671,7.348206
0.003657,3.098850,0.014429,12.228279
0.048372,40.992933,0.059414,50.350263
0.019218,16.285939,0.016070,13.618613
0.021379,18.117667,0.020932,17.739138
0.023509,19.923094,0.022221,18.830923
0.008696,7.369410,0.018890,16.008262
0.042401,35.932983,0.000112,0.095117
0.012197,10.336326,0.044262,37.509909
0.032273,27.350223,0.056182,47.611338
0.032974,27.944300,0.026657,22.590634
0.008257,6.997524,0.009930,8.414933
0.031985,27.105391,0.022997,19.488555
0.016339,13.846725,0.047121,39.932525
0.034059,28.863251,0.035034,29.689603
0.045987,38.971473,0.041369,41.451828
0.043084,36.511780,0.019239,16.304301
0.014816,12.555556,0.062000,52.542207
0.016003,13.562119,0.030269,25.651848
0.006522,5.526856,0.012641,10.712661
0.021222,17.984783,0.040603,34.408694
0.018609,15.770230,0.048805,41.360148
0.013645,11.563530,0.062437,52.912059
0.035555,30.131312,0.051130,43.329988
0.011874,10.062878,0.017963,15.222578
0.036431,30.873250,0.033664,28.528464
0.009950,8.432274,0.022568,19.125345
0.017434,14.774633,0.032998,27.964590
0.015016,12.725428,0.056093,47.536318
0.041745,35.376908,0.010444,8.850894
0.050702,42.967771,0.015946,13.513393
0.054609,46.278274,0.044572,37.772577
0.022260,18.864568,0.051069,43.278891
0.045217,38.319196,0.037346,31.648902
0.031647,26.819402,0.052097,44.149368
0.012113,10.264865,0.009076,7.691883
0.028667,24.294124,0.020932,17.739295
0.021114,17.893050,0.031287,26.514613
0.001453,1.231112,0.007761,6.577243
0.007219,6.117492,0.032456,27.504978
0.008995,7.622591,0.026004,22.037199
0.020648,17.498073,0.068349,57.922846
0.008424,7.139031,0.015502,13.137289
0.007170,6.076259,0.026947,22.836465
0.049005,41.529575,0.015886,13.462234
0.026095,22.113913,0.028727,24.344749
0.019685,16.681725,0.052395,44.401899
0.063692,53.975569,0.057211,48.483941
0.029753,25.213983,0.004172,3.535603
0.017449,14.787580,0.029103,24.663666
0.053547,45.378439,0.026677,22.607609
0.058225,49.342687,0.007119,6.033180
0.046664,39.545359,0.028498,24.150297
0.021430,18.160738,0.023492,19.908465
0.010142,8.595174,0.034491,29.229613
0.004835,4.097038,0.058826,49.852411
0.023508,19.922234,0.029370,24.889535
0.062098,52.624708,0.030231,30.291329
0.027264,23.104822,0.020170,17.093510
0.033475,28.368159,0.008086,6.852359
0.013191,11.179064,0.047707,40.429304
0.028246,23.937235,0.024595,20.843468
0.020245,17.156672,0.044280,37.524995
0.048950,41.482416,0.006299,5.338019
0.046373,39.298912,0.055027,46.632726
0.055856,47.335134,0.026679,22.608862
0.016246,13.767854,0.010633,9.010658
0.023903,20.256547,-0.007872,-6.671216
0.040716,34.505254,0.052083,44.137611
0.021469,18.193774,0.031940,27.067940
0.014207,12.039398,0.044746,37.920420
0.020101,17.034557,0.060730,51.465359
0.013403,11.358009,0.027926,23.666321
0.021385,18.122762,0.056332,47.738377
0.025351,21.483865,0.053714,53.821624
0.026158,22.167360,0.016380,13.881357
0.013217,11.201073,0.030914,26.197773
0.040215,34.080276,0.058069,49.210866
0.013206,11.191813,0.026248,22.243936
0.022609,19.160365,0.024145,20.462106
0.033747,28.598855,0.049559,41.998888
0.052744,44.698013,0.054845,54.954748
0.010761,9.119785,0.030659,25.981752
0.028115,23.826299,0.030241,25.627459
0.018132,15.366426,0.017599,14.913988
0.022993,19.485376,0.007608,6.447405
0.028011,23.737691,0.051537,43.675451
0.000803,0.680604,0.062754,53.181114
0.023602,20.001228,0.062875,53.283541
0.024519,20.778438,-0.003135,-2.656906
0.012749,10.804159,0.024141,20.458479
-0.003689,-3.126647,0.014024,11.884607
0.041792,35.417139,0.030504,25.850773
0.034081,28.882295,0.039774,33.706390
0.042010,35.601488,0.023392,19.824003
0.059586,50.496006,0.058004,49.155343
0.022685,19.224845,0.028819,24.422575
0.014376,12.182562,0.029827,25.276560
0.008244,6.986713,0.021706,18.395076
0.015051,12.754841,0.026587,22.531323
0.029087,24.650133,0.044221,37.475135
0.054457,46.149586,0.027758,23.523774
0.017723,15.019610,0.044994,45.083872
0.005481,4.644754,0.039310,33.313367
0.032179,27.270125,0.020670,17.517133
0.017888,15.158883,0.046842,39.696069
0.027133,22.994268,-0.007053,-5.976947
0.004323,3.663292,0.026554,22.503466
0.010143,8.595781,-0.009124,-7.732067
0.055534,47.062192,0.010490,8.890132
0.042655,36.148302,0.006761,5.729404
0.002937,2.489013,0.044688,37.871140
0.037940,32.152547,0.045041,38.169749
0.020325,17.224094,0.044115,37.385557
0.046507,39.412080,0.048116,40.776105
0.021268,18.023708,0.046726,39.598005
0.044258,37.506280,0.030462,25.815344
-0.002207,-1.870563,0.039675,33.622977
0.025365,21.495594,0.030539,25.880005
-0.004765,-4.038291,0.051286,43.462684
0.011915,10.097650,-0.005719,-4.846379
0.032107,27.209109,0.013657,11.573305
0.009724,8.240943,0.042715,36.199212
0.032057,27.166825,0.015292,12.959426
0.028014,23.740455,0.042004,35.596535
0.026742,22.662591,0.001190,1.008767
0.018808,15.939043,0.013107,11.107321
0.041272,34.976405,0.052958,44.878978
0.016805,14.241584,0.037924,32.138714
0.051756,43.860831,0.071966,72.109770
0.017391,14.738439,0.023288,19.735719
0.057524,48.748455,0.023169,19.634332
0.043979,37.270121,0.051435,43.588578
0.044929,38.074880,0.010551,10.572376
0.004450,3.771153,0.006261,5.305528
0.018342,15.543562,0.052882,44.815106
0.029359,24.880390,0.018274,15.486293
0.027322,23.154286,0.025876,21.928275
0.028353,24.027954,0.059247,50.209189
0.034582,29.306223,0.027390,23.211786
0.029711,25.178979,0.053019,44.931181
0.007814,6.622114,0.025778,21.845349
0.066602,56.441947,0.009836,8.335458
0.018366,15.564306,0.026375,22.351364
0.008438,7.150511,0.023376,19.810190
0.059858,50.726794,0.018715,15.859897
0.051035,43.249760,0.016162,13.696558
0.014296,12.115527,0.041394,35.079634
0.015610,13.229142,0.012648,10.718289
0.004225,3.580558,0.052282,44.306217
0.010193,8.637818,0.006282,5.323292
0.032733,27.739347,0.035543,30.121085
0.000849,0.719268,0.002234,1.893099
0.035180,29.813244,0.007502,6.357933
0.032061,27.170349,0.030948,26.227241
0.024810,21.025641,0.024399,20.676599
0.039246,33.258744,0.064875,65.004182
0.054692,46.348861,0.028751,24.365249
0.009657,8.183716,0.063889,64.016571
0.025039,21.219227,0.023617,20.014469
0.040605,34.411201,0.015514,13.147088
0.000725,0.614720,0.055026,46.631642
0.027219,23.066707,0.048592,41.179439
0.042159,35.727439,0.006888,5.837301
0.055440,46.982680,-0.004342,-3.680021
0.032047,27.158542,0.051464,43.613480
0.010742,9.102923,0.027067,22.937643
0.026078,22.100100,0.006677,5.658664
0.035158,29.795090,0.030407,25.768294
0.026403,22.375077,0.036413,30.858385
0.026567,22.513985,0.003115,2.639758
0.002403,2.036187,0.056342,47.747366
0.015817,13.403860,0.015985,13.546527
0.015439,13.083569,0.042079,35.660234
0.050155,42.504087,0.032640,27.660597
0.046996,39.827023,0.018384,15.579153
0.039003,33.052771,0.010553,8.943167
0.022411,18.992642,0.054127,45.869933
0.012233,10.366855,0.025208,21.362302
0.017217,14.590498,0.056386,47.784701
0.058956,49.961982,-0.028855,-28.912292
0.050404,42.714577,0.025685,21.766775
0.019986,16.937439,-0.000242,-0.205158
-0.002819,-2.388785,0.006163,6.175541
0.052977,44.895527,0.041606,35.258886
0.008324,7.054398,0.027881,23.627646
0.005492,4.654124,0.012117,10.268414
0.030252,25.637272,0.013160,11.152856
0.015974,13.536814,0.047934,40.622082
0.030510,25.856126,0.041238,41.320668
0.001520,1.288168,0.010067,8.531273
0.009453,8.010782,0.023549,19.957021
0.001046,0.886191,0.031560,26.745793
0.020478,17.354541,0.047751,40.466956
0.045929,38.922472,0.058554,49.621436
0.022885,19.393988,0.008433,7.146510
0.003619,3.066825,0.007789,6.600726
0.056575,47.945000,0.060875,51.588838
0.022995,19.487068,0.012577,10.658497
0.033045,28.004010,0.011401,9.662140
0.014652,12.417227,0.013444,11.393253
0.062744,53.172168,0.075652,64.111184
0.028012,23.738915,0.008177,8.193327
0.024099,20.422600,0.035398,29.997947
0.002561,2.170069,0.045385,38.461675
0.033963,28.781920,0.031191,26.433087
0.056323,47.730700,0.038433,32.570230
0.057977,49.133134,0.001463,1.239614
0.024612,20.857302,0.029750,25.211905
0.021095,17.877220,0.067581,57.271830
0.040562,34.374399,0.020102,17.035410
0.023645,20.038065,0.038385,32.529639
0.031393,26.604179,0.026484,22.443830
0.008777,7.437802,0.032000,27.118531
0.052443,44.443146,0.004569,3.871806
0.015437,13.081959,0.012762,10.814985
0.014876,12.606771,-0.001553,-1.316097
0.029077,24.641663,0.032125,27.224342
0.027056,22.928476,0.031219,26.456397
0.016136,13.674786,0.021166,17.937556
0.021565,18.275503,0.034718,29.421460
0.009959,8.439461,0.063809,54.075325
0.008750,7.415368,0.008999,7.626489
0.008096,6.860849,0.034471,29.212486
0.018800,15.931891,0.014036,11.894763
0.019420,16.457118,0.058278,49.387764
0.025612,21.704692,0.065310,55.347530
0.016877,14.302269,0.013574,11.503588
0.014298,12.117142,0.061581,52.186722
0.027942,23.679831,0.009380,7.948858
0.024954,21.147634,0.044861,38.017576
0.027988,23.718535,0.014832,12.569161
0.036035,30.538310,-0.016315,-13.826433
0.005050,4.279739,0.026495,22.453375
0.023968,20.311852,0.052338,44.353741
0.028107,23.819588,0.029638,25.116676
0.019440,16.474556,0.014821,12.559742
0.054584,46.257217,0.051572,43.704778
0.037836,32.064257,0.034595,29.317588
0.005010,4.245927,0.041983,42.066826
0.013327,11.293789,0.090149,90.328985
0.032876,27.860689,0.031027,26.294125
0.022311,18.907447,0.015149,12.838044
0.040926,34.682473,0.062960,53.355433
0.044992,38.128559,0.043521,36.882374
0.030882,26.170930,0.051259,43.439210
0.054082,45.831508,0.005803,4.917560
0.021964,18.613702,0.060179,50.998926
0.024749,20.974017,0.040597,34.403829
0.019374,16.418717,0.021595,18.300850
0.024728,20.955502,0.029120,24.677623
0.023164,19.630289,0.033571,28.450102
0.020007,16.955331,0.004184,3.546049
0.013621,11.543388,0.019892,16.857791
0.054721,46.373651,0.026032,22.060728
0.044391,37.619548,0.012235,10.368330
0.031430,26.635501,0.051026,43.242313
0.043287,36.683379,0.026424,22.393417
0.014779,12.524921,0.012687,10.751612
0.053820,45.609870,0.004489,3.804106
0.026539,22.490535,0.011317,9.590532
0.028738,24.353667,0.019420,16.457368
0.024945,21.140080,0.026924,22.816749
0.055192,46.772896,0.025285,21.427463
0.017547,14.870496,0.028428,24.091388
0.057805,48.987096,0.033867,28.700956
0.012752,10.807130,0.044644,37.833977
0.033936,28.759528,0.011172,9.467595
0.014860,12.593348,0.018489,15.668420
0.065273,55.315945,0.007175,6.080871
0.054526,46.207804,0.027657,23.437829
0.006376,5.403669,0.027623,23.409450
0.019598,16.608629,0.053536,45.369194
0.055941,47.407686,0.066179,66.311307
0.009537,8.082258,0.034199,28.981634
0.047260,40.050235,0.014612,12.382803
0.003375,2.860373,0.015060,12.762899
0.058221,49.339380,0.014831,14.860796
0.014462,12.256065,-0.002116,-1.792828
0.051756,43.860420,0.021057,17.844975
0.026628,22.565813,0.038006,32.207852
0.022429,19.007137,0.031549,26.735933
0.026902,22.798175,0.033013,27.977194
0.041992,35.586488,0.049558,41.998155
0.057356,48.606671,0.007047,5.971868
0.024606,20.852752,0.022493,19.061482
0.029982,25.408331,0.024225,20.529774
0.018002,15.255442,0.015366,13.021865
0.050715,42.978353,0.047015,39.843201
0.060794,51.520240,0.031700,26.863852
0.006689,5.668389,0.029422,24.933977
0.022468,19.040410,0.031296,26.522158
0.005742,4.866065,0.021587,21.630092
0.021871,18.534330,0.054568,46.243719
0.005120,4.338839,0.050548,42.836735
0.018695,15.843258,0.023250,19.703260
0.001090,0.923324,0.028920,24.508554
0.026920,22.813654,0.036638,31.049318
0.051541,43.678684,0.011670,9.889358
0.043729,37.058045,0.032987,27.955079
0.003168,2.684778,0.012848,10.888239
0.004953,4.197647,0.010288,8.718414
0.057359,48.608596,0.008106,6.869774
0.021885,18.546404,0.025095,21.266935
0.054340,46.050593,0.043325,36.715631
0.056714,48.062809,0.049827,42.225784
0.053727,45.531326,0.017593,14.908895
0.042082,35.662336,0.053237,45.115633
0.014123,11.968235,0.019833,16.807389
0.013000,11.016920,0.041908,35.515335
0.010166,8.614935,0.010931,9.263672
0.017886,15.157243,0.039789,33.719016
0.053937,45.708953,0.025489,21.600873
0.010377,8.793775,0.038969,39.047179
0.015627,13.242852,0.003485,2.953037
0.033351,28.263187,0.031812,26.958897
0.027649,23.431151,0.058728,49.769361
0.019156,16.233837,0.033764,28.612989
0.026708,22.634132,0.032265,27.342664
0.017974,15.231983,-0.022354,-18.944230
0.030414,25.774262,0.021135,17.910852
0.036668,31.074267,0.018506,18.542789
0.005023,4.256855,0.024579,20.829499
0.048806,41.360452,0.063109,53.481478
0.011905,10.088639,0.027302,23.137237
0.052120,44.169414,0.015731,13.330884
0.006551,5.552020,0.049702,42.119827
0.007337,6.217842,0.040574,34.384855
0.018445,15.630888,0.046888,46.981922
0.033327,28.242809,0.029952,25.382499
0.053507,45.344840,0.029350,29.408581
0.050773,43.027544,0.049259,41.744449
0.048271,40.907041,0.065806,55.767808
0.030402,25.764634,0.038656,32.758908
0.015113,12.807476,0.030025,25.444859
0.017115,14.504132,0.061387,52.022546
0.054756,46.402809,0.002466,2.089844
0.039902,33.815251,0.027744,23.511742
0.056446,47.835083,0.012125,12.149654
0.012035,10.199123,0.005254,5.264493
0.020624,17.478111,0.024499,20.761532
0.049165,41.665373,0.034426,29.174378
0.032753,27.756729,0.044850,38.007908
0.022915,19.419698,-0.000608,-0.515603
0.039370,33.363852,0.036104,30.596562
0.049922,42.306225,0.032603,27.629868
0.032469,27.516178,0.012618,10.693288
0.054963,46.578630,0.029997,30.056740
0.030553,25.892123,0.023453,19.875275
0.062567,53.022335,0.036531,30.958637
0.026833,22.739451,0.022253,18.858180
0.002666,2.259716,0.023279,19.727469
0.020684,17.529040,0.004820,4.085013
0.051157,43.353041,-0.001165,-0.986961
0.032615,27.639683,0.031702,26.866188
0.053664,45.478061,0.039898,33.811612
0.020812,17.636762,0.054675,46.334552
0.003926,3.327421,0.021278,18.032489
0.019412,16.451009,0.094864,95.053096
0.020690,17.533887,0.034924,29.596465
0.061169,51.837574,0.065917,55.861114
0.021171,17.941248,0.000953,0.954861
0.033012,27.976509,0.052127,44.174754
0.002409,2.041654,0.025700,25.751104
0.052564,44.545679,0.014722,12.476139
0.027302,23.137061,0.036942,31.306428
0.023261,19.712958,0.044290,37.533938
0.019231,16.297657,0.030249,25.634936
0.011327,9.598995,0.001130,0.957197
0.014903,12.629404,0.062407,52.886865
0.031918,27.048634,0.022589,19.143030
0.012439,10.541730,0.012417,10.522716
0.059630,50.533740,0.021812,18.484411
0.046160,39.118082,0.037853,32.078838
0.057189,48.464672,0.003351,2.839626
0.011304,9.579247,0.037225,31.546802
0.027419,23.236059,0.030136,30.195753
0.052536,44.521740,0.033063,28.019033
0.048879,41.422362,0.003706,3.713611
0.000587,0.497349,0.020764,17.596483
0.043978,37.269159,0.056474,47.859211
0.013026,11.038540,0.013517,11.454659
0.043884,37.189185,0.051435,43.588705
0.049394,41.859124,0.035526,30.106920
0.013438,11.388170,0.042805,36.275272
0.008693,7.367103,0.021345,18.089067
0.023206,19.665955,0.043664,37.002779
0.048647,41.225597,0.034410,29.160693
0.051430,43.584704,0.022208,18.820422
0.020243,17.154997,0.027277,23.116274
0.056343,47.747711,0.013036,11.047750
0.035497,30.081956,0.047379,40.151528
0.023860,20.220128,0.032166,27.258995
0.031711,26.873562,0.010774,9.130617
0.027909,23.651772,0.042233,35.790195
0.012294,10.418381,-0.000210,-0.178159
0.030169,25.566467,-0.022147,-22.191430
0.065189,55.244879,0.021461,18.186787
0.023512,19.925190,0.028665,24.292461
0.024316,20.607013,0.021842,18.510159
0.016264,13.783040,0.030141,25.542716
0.033930,28.754217,0.043438,36.811806
0.008059,6.829799,0.060795,51.520846
0.033586,28.462294,0.077591,77.745472
0.026893,22.790275,0.008438,7.151186
0.009124,7.732212,0.023847,20.209276
0.008636,7.318845,0.053340,45.203475
0.032005,27.122390,0.039413,33.400377
0.041783,35.409139,0.036507,30.937955
0.035289,29.905787,0.033479,28.372030
0.041714,35.350424,0.030003,25.425953
0.003600,3.050894,0.028101,23.814474
-0.001579,-1.338416,0.017658,14.964285
0.028711,24.331561,0.015804,13.393535
0.034696,29.403610,0.025579,21.677313
0.015904,13.477927,0.006129,5.193983
0.037303,31.612808,0.022811,19.330858
0.039980,33.881565,0.055636,47.148948
0.038039,32.235936,0.014401,12.204128
0.035036,29.691475,0.020580,17.440160
0.023899,20.253679,0.037876,32.098410
0.018829,15.956737,0.006048,5.125073
0.023653,20.044631,0.021096,17.877679
0.042619,36.117717,0.021100,17.881557
0.012423,10.528103,0.022211,18.822383
0.001303,1.104609,0.027587,23.378910
0.052513,44.502687,0.065162,55.221506
0.022598,19.150565,0.025886,21.937235
0.025837,21.896041,0.060555,51.317088
0.049024,41.545721,0.040441,34.271984
0.014468,12.260784,0.027272,23.111605
0.019907,16.869876,0.018803,15.934287
0.021746,18.428596,0.033667,28.531597
0.021038,17.828820,0.015025,15.054632
0.013155,11.148364,0.061955,52.503807
0.025896,21.946038,0.061172,51.840595
0.034643,29.358611,0.035773,30.315766
0.008271,7.009457,0.059861,50.728925
0.053876,45.657502,-0.000872,-0.738830
0.019002,16.103091,0.045557,38.607611
0.020310,17.211620,0.009634,8.164767
0.011622,9.848773,0.010863,9.205737
0.060987,51.683592,0.057389,48.634040
0.056230,47.652498,0.050721,42.983906
0.003632,3.077874,0.023026,19.513064
0.010458,8.862348,0.018494,15.672871
0.024915,21.114057,0.026711,22.636324
0.015640,13.253952,0.056545,47.919084
0.020330,17.228487,0.019969,16.922970
0.030711,26.026168,0.044729,37.905770
0.028916,24.505156,0.064569,54.719382
0.027991,23.721042,0.032159,27.253211
0.029407,24.921139,0.050196,42.538725
0.027563,23.357961,0.054225,45.953020
0.024755,20.978665,0.033354,28.265906
0.033440,28.338390,0.057781,57.895989
0.054974,46.587427,0.062921,53.322880
0.013114,11.113683,0.002909,2.465186
0.037654,31.909809,0.018158,15.387733
0.052020,44.084679,0.019061,16.153557
0.060980,51.677384,0.042489,36.007351
0.030518,25.862629,0.065936,55.877721
0.049043,41.561717,0.025501,21.611123
0.033202,28.137360,0.033526,28.411452
0.054797,46.437728,0.012234,10.367919
0.056288,47.701207,0.033119,28.066517
0.031918,27.048932,0.021283,18.036466
0.054706,46.361088,0.034854,29.537187
0.028935,24.521250,0.055378,46.929815
0.047477,40.234121,0.036553,30.977237
0.035244,29.867717,0.014553,14.582072
0.023806,20.174051,0.037301,31.610455
0.025248,21.396168,0.022613,22.657870
0.019703,16.697579,-0.003727,-3.734616
-0.005257,-4.455277,0.006214,6.226379
0.056355,47.757800,0.025310,21.448793
0.051925,44.004045,0.063374,63.500453
0.023852,20.213468,0.014991,12.704236
0.051696,43.809909,0.011953,10.129363
0.022353,18.942783,0.007646,6.479515
-0.000467,-0.395657,0.055443,46.985457
0.007706,6.530340,-0.011238,-9.523758
0.030937,26.217312,0.013625,11.546293
0.007037,5.963863,0.061519,52.134159
0.053677,45.488334,-0.003659,-3.101110
0.062265,52.766859,0.050884,43.121911
0.010076,8.538903,0.029665,25.139562
0.016531,14.009031,0.048609,48.705946
0.023807,20.174990,0.027040,22.915071
0.044996,38.131982,0.056450,56.562806
0.009874,8.368009,0.036422,30.865622
0.011925,10.105908,0.023031,19.518038
0.016141,13.678821,0.009425,7.987502
-0.003158,-2.676657,0.018236,15.453830
0.062353,52.841560,0.030432,25.789971
0.017676,14.979183,-0.026704,-26.757000
0.012440,10.542270,0.039637,33.590646
0.060060,50.898406,0.034559,29.287170
0.012981,11.000378,0.032962,27.933907
0.030265,25.647914,0.032734,27.740560
0.017817,15.098759,0.043559,36.913829
0.025252,21.399489,0.015214,12.893437
0.047646,40.377971,0.050267,42.598483
0.060406,51.190877,0.055791,47.280628
0.028081,23.797032,0.020329,20.369326
0.057349,48.600819,0.054327,46.039717
0.022206,18.818863,0.040477,34.301990
0.018460,15.644242,0.011509,11.531646
0.018213,15.434468,0.049269,41.753241
0.022633,19.180504,0.018041,15.288937
0.014218,12.049040,0.017725,15.021282
0.018715,15.860076,-0.005969,-5.058161
0.031618,26.795162,0.056638,47.998234
0.053580,45.406196,0.043641,36.983676
0.027173,23.028066,0.012761,10.813927
0.003266,2.768085,0.057030,48.330123
0.041627,35.276750,0.011403,9.663086
0.052419,44.422799,0.027731,23.501096
0.022899,19.405421,0.020350,17.245357
0.024153,20.468669,0.026841,22.746408
0.052249,44.278381,0.064442,54.611323
0.011471,9.720937,0.047582,40.323597
0.060963,51.663435,0.006369,5.397007
0.029801,25.254952,0.026981,27.035040
0.054577,46.251814,0.009188,7.786072
0.026611,22.551618,0.052319,44.337459
0.031473,26.671584,0.061978,52.523508
0.010746,9.106721,0.002397,2.030970
0.066336,56.216299,0.028678,24.303097
0.013327,11.293661,0.021542,18.255999
0.010662,9.035645,0.054381,54.489006
0.038527,32.649679,0.014600,12.372646
0.039595,33.554605,0.029508,25.006398
-0.004457,-3.777446,0.041494,41.576810
0.033788,28.633924,0.020147,17.073266
0.020429,17.312491,0.035883,30.409179
0.019831,16.805648,0.048296,40.928311
0.061953,52.502433,0.016165,13.699007
0.022688,19.226726,0.016504,13.986496
0.002938,2.489954,0.054973,46.586997
0.029740,25.203334,0.004579,3.880237
0.015480,13.118758,0.070810,70.951740
0.023946,20.292788,0.058463,58.579386
0.040649,34.448185,0.023677,20.065011
0.010706,9.072991,0.048268,40.904938
0.013704,11.613909,0.026419,22.388663
0.027294,23.130315,0.042020,42.103758
0.021457,18.183585,0.017981,15.237858
0.002716,2.301530,0.053464,45.308131
0.059985,50.834553,0.001402,1.187985
0.016315,13.825803,0.029155,24.707084
0.028338,24.014900,0.002409,2.041184
0.049869,42.261482,0.055526,47.055992
0.055314,46.875947,0.040390,34.228433
0.035965,30.478608,0.016928,14.345972
0.026638,22.574610,0.010220,8.661182
0.032912,27.891391,0.028813,24.418003
0.025165,21.326109,0.035181,35.251466
0.057029,48.329742,0.019424,16.461264
0.033308,28.226934,0.020223,17.137785
0.022882,19.391491,0.061574,52.180759
0.061472,52.094386,0.008349,7.075180
0.024172,20.484553,0.029484,24.986678
0.009757,8.268319,0.010542,8.933447
0.035227,29.853194,0.035213,29.840993
0.025582,21.679548,0.038159,32.338206
0.010920,9.254145,0.009378,7.947059
0.038178,32.353645,0.065152,55.212972
0.044481,37.695233,0.058028,49.176244
0.009541,8.085386,-0.000755,-0.639475
0.030806,26.106640,0.048990,41.516618
0.030199,25.591898,0.030596,25.928518
0.049937,42.319031,0.000138,0.116785
0.016002,13.560968,0.058468,49.549233
0.042225,35.783307,-0.006523,-6.536500
0.026991,22.873985,0.025312,21.450462
0.049579,42.015468,-0.002451,-2.077430
0.028117,23.827992,0.022716,19.250313
-0.001856,-1.573268,0.014808,12.549158
0.009857,8.353642,0.053797,45.590704
0.050131,42.483386,0.026494,22.452096
0.030431,25.788675,0.039403,33.391802
0.053571,45.399090,0.034458,29.201474
0.031221,26.457922,0.041885,41.968507
0.022854,19.367493,0.050464,42.765963
0.033396,28.301890,0.009541,8.085935
0.007483,6.341579,0.114425,114.653184
0.018329,15.532956,0.012150,10.296397
0.032338,27.404722,0.029514,25.011827
0.027622,23.407913,0.026616,22.556110
0.017602,14.916455,0.014331,12.144707
0.014586,12.361055,0.033538,28.421862
0.030124,25.528819,0.011515,9.758493
0.055891,47.365080,0.016261,13.780716
0.051585,43.715911,0.021755,18.436388
0.061803,52.375055,0.030235,25.623087
0.021306,18.056084,0.029000,24.575915
0.038841,32.916085,0.051030,43.245822
0.044853,38.010585,0.063758,54.032015
0.024802,21.018838,0.004195,3.554779
0.018862,15.984977,-0.000090,-0.076071
0.015391,13.043408,0.008848,7.498561
0.035095,29.741633,0.027398,27.452731
0.014083,11.934853,0.045938,38.929859
0.027976,23.708250,0.020969,17.770424
0.028051,23.772146,0.038164,32.342293
0.010695,9.063828,0.004112,3.484779
0.055838,47.319733,0.068389,57.956825
0.059784,50.664100,0.016930,14.347526
0.036113,30.603649,0.021090,17.872510
0.035835,30.368814,0.035917,30.438200
0.033528,28.413602,-0.022692,-22.737532
-0.000857,-0.726386,0.056646,48.004793
0.041986,35.581314,0.048426,41.038584
0.049384,41.850509,0.004782,4.052694
0.030851,26.144722,0.004055,3.436724
0.056346,47.750280,0.010969,9.296005
0.026107,22.124556,0.050828,43.074434
0.001340,1.135306,0.055888,55.999492
0.033977,28.794288,0.024220,20.525539
0.015496,13.132027,0.029717,25.184004
0.017672,14.976547,0.027329,23.160326
0.027648,23.430644,0.004851,4.111348
0.027714,23.486306,0.061777,61.900050
0.020912,17.722077,0.023214,19.672841
0.013170,11.161189,0.062760,62.885054
0.029637,25.116005,0.017229,14.600357
0.025740,21.813414,0.066860,56.661060
0.030382,25.747006,0.022916,19.419940
0.015466,13.106287,0.015121,12.813996
0.063932,54.179409,0.011627,9.853404
0.004733,4.011355,0.052343,44.358438
0.027830,23.584652,0.010680,9.051212
0.036581,31.000377,0.008897,7.539707
0.015758,13.354172,0.025063,21.239370
0.020372,17.264507,0.017218,14.591510
0.054268,45.989958,0.051822,43.916822
0.038653,32.756868,-0.027177,-27.230814
0.051257,43.437456,0.007437,6.302660
0.006261,5.306184,0.023288,19.735318
0.009790,8.296741,0.011240,9.525540
0.014234,12.062704,0.038391,32.534838
0.046523,39.426011,0.049999,42.372003
0.023794,20.164291,0.011362,9.629119
0.026037,22.064705,0.008716,7.386116
0.043642,36.984691,0.017846,15.123636
0.029619,25.101001,0.005987,5.073907
0.052435,44.435788,-0.001189,-1.007869
0.016029,13.583751,0.033837,28.675562
0.052995,44.911094,0.014174,12.011772
0.057887,49.056621,0.015451,15.482131
0.010990,9.313091,0.028865,24.461385
0.028787,24.395237,0.027249,23.091957
0.013590,11.517042,0.000851,0.721291
0.023597,19.997589,0.053008,53.113361
0.041060,34.796601,0.044412,37.637169
0.029435,24.944820,0.064875,54.978314
0.000879,0.745118,0.024933,21.129498
0.007422,6.290206,0.032119,27.219138
0.059242,50.204878,0.045477,38.539618
0.024466,20.734096,0.035519,30.100453
0.054300,46.016576,0.025654,21.740763
0.057625,48.834460,0.034140,28.931727
0.054434,46.130304,0.046396,39.318794
0.055108,46.701542,0.054671,46.330753
0.025263,21.409133,0.089075,89.252779
0.051735,43.842810,0.040610,34.415443
0.011506,9.750947,0.051062,43.272376
0.023968,20.311603,0.033266,28.191014
0.042855,36.317779,0.054423,46.120526
0.021562,18.273130,0.005916,5.013571
0.023560,19.966318,0.027128,22.989412
0.040200,34.067445,0.020610,17.466263
0.009728,8.243650,0.022045,18.681946
0.014052,11.907988,0.042138,35.709839
0.031065,26.325786,0.039713,33.654862
0.006919,5.863531,0.046445,39.360098
0.010896,9.234214,0.014451,12.246539
0.020595,17.452918,0.037951,32.161814
0.038301,32.458589,0.018811,15.941228
0.044875,38.029561,0.045365,38.444970
0.056760,48.101650,0.033298,28.218102
0.012140,10.287810,0.021702,18.391746
0.027387,23.209544,0.012926,10.954232
0.040802,34.577468,0.026931,22.822332
0.017908,15.176449,0.003031,2.568967
0.014285,12.105983,0.056231,47.653455
0.038607,32.717727,0.056783,48.120812
0.022773,19.299128,0.031686,26.851992
0.031552,26.738582,0.007572,6.416607
0.011293,9.569872,0.053952,54.059655
0.017244,14.613147,0.010807,10.829045
0.026248,22.244181,0.039709,33.651597
0.039800,33.728951,0.056819,56.932244
0.029291,24.822911,0.013223,11.206110
0.034120,28.914951,0.033748,28.599738
0.024744,20.969507,0.009347,7.921516
0.019622,16.628531,-0.002095,-2.099363
0.017105,14.495752,0.060867,51.581954
0.028407,24.073725,0.031270,26.499645
0.025528,21.634139,0.017684,14.986627
0.013310,11.279977,0.037162,31.493159
0.034693,29.400313,0.023663,20.053504
0.012089,10.245000,0.029313,24.841350
0.030516,25.860751,0.007720,6.542191
0.040228,34.091101,0.040331,34.178887
0.024488,20.752571,0.032359,27.422410
0.030084,25.494635,0.059335,50.283468
0.033582,28.459153,0.027913,23.655114
0.009365,7.936229,0.092923,93.107981
0.020986,17.784299,0.000326,0.326461
0.050193,42.536206,0.019161,16.238317
0.028173,23.875169,0.060079,50.914491
0.013963,11.832795,0.003342,2.832251
0.033667,28.530886,0.006749,5.719565
0.049536,41.979028,0.031451,26.653563
0.037103,31.443292,0.016153,13.689213
0.009188,7.786248,0.036855,36.928391
0.003782,3.204995,0.044081,37.356160
0.031390,26.601202,0.020122,17.052490
0.021922,18.578078,0.035950,30.466000
0.012482,10.577890,0.062009,62.132322
0.040504,34.325068,0.020463,17.341155
0.045066,38.190932,0.021984,18.629995
0.049822,42.222044,0.049795,42.198719
0.038230,32.398235,-0.005838,-4.947011
0.054202,45.933759,0.053408,45.260335
0.027263,23.103765,0.037905,32.122419
0.038528,32.650416,0.058836,49.860883
0.030629,25.957037,0.023155,19.622679
0.018763,15.900439,0.018650,15.805082
0.013102,11.103238,0.040731,34.517210
0.020803,17.629596,0.004373,3.706072
0.008075,6.843074,0.027660,23.440284
0.053622,45.441685,0.030785,26.089208
0.006407,5.429878,0.036057,30.556522
0.009846,8.344024,0.029039,29.096687
0.027209,23.058315,0.010403,8.815626
0.028362,24.035072,0.058148,49.277685
0.063500,53.813104,0.008625,7.309367
0.037944,32.155390,0.019423,16.459676
0.005981,5.068669,0.026204,22.206384
0.003816,3.233758,0.034393,29.146192
0.040399,34.236098,0.066103,56.019054
0.038136,32.318585,0.038036,32.233421
0.030026,25.445350,0.022546,22.591452
0.045339,38.422855,0.032547,27.581801
0.007259,6.151246,0.019957,16.913011
0.061014,51.706876,0.002952,2.501715
0.036028,30.532188,0.023080,19.558959
0.007336,6.217181,-0.004961,-4.203964
0.011043,9.358668,0.011553,9.790765
0.027657,23.438225,0.019410,16.449308
0.021917,18.573924,0.010426,8.835267
0.015067,12.768603,0.032173,27.264707
0.038293,32.451506,-0.001156,-1.157850
0.050071,42.432715,0.055855,47.334725
0.008296,7.030640,0.012430,10.533961
0.026907,22.802347,0.054945,46.563024
0.051723,43.832746,0.060264,51.071273
0.026843,22.747818,0.045057,38.183319
0.022936,19.437135,0.054252,45.975726
0.062824,53.240091,-0.000164,-0.138677
0.019823,16.798670,0.031727,26.886701
0.045886,38.886193,0.008944,7.579670
0.035988,30.498123,0.011408,9.667587
0.033950,28.770831,0.033728,28.582911
0.014097,11.946264,0.033904,28.732230
0.059612,50.518075,0.016823,14.257044
0.023396,19.826668,0.015491,13.128273
0.020609,17.464954,0.048858,41.404969
0.030270,25.652242,0.036741,31.136221
0.030742,26.052323,0.048047,40.717123
0.031188,26.430362,0.014806,12.546993
0.029840,25.287881,0.058274,58.390252
0.011339,9.609386,0.033495,28.385504
0.053903,45.680490,0.020879,17.693894
0.037205,31.529658,-0.003096,-3.101686
0.052322,44.340090,0.036929,31.295451
0.051019,43.235765,-0.000586,-0.496929
0.030506,25.852539,0.004036,3.420300
0.010619,8.998965,0.028777,28.834507
0.030965,26.241434,0.030429,25.786762
0.052460,44.457024,0.037724,37.799496
0.058500,49.575857,0.031290,26.516865
0.009166,7.767667,0.043672,43.759466
0.013721,11.627686,0.066863,56.662838
0.051408,43.566133,0.011539,9.778853
0.057534,48.756975,0.022082,18.713047
0.057697,48.895525,0.072124,61.121780
0.009222,7.814999,0.077524,65.698178
0.010244,8.681265,0.032940,27.914734
0.000554,0.469248,0.052449,44.447825
0.054772,46.416555,0.028421,24.085080
0.013911,11.788680,0.025432,21.552701
0.024608,20.854221,0.005776,4.895000
0.031206,26.445502,0.049160,41.660757
0.052462,44.459126,0.036032,30.535115
0.012818,10.862272,0.026034,22.062829
0.056333,47.739143,0.011496,9.742385
0.015089,12.787120,0.053418,45.269008
0.047697,40.421210,0.017860,15.135199
0.060192,51.009494,0.049597,42.031253
0.035686,30.241790,0.023567,19.972097
0.018080,15.321767,0.027834,23.588354
0.053497,45.336195,0.017359,14.710574
0.036656,31.064163,0.003071,2.602453
0.050069,42.430884,0.040721,34.508866
0.032457,27.505508,0.018856,15.979796
0.049312,41.789255,0.036137,30.624321
0.011092,9.400106,-0.003801,-3.221189
0.054503,46.189115,0.059549,50.464954
0.012076,10.233689,0.029346,24.869195
0.059167,50.141595,0.054183,45.917308
0.006594,5.588502,0.008412,7.128929
0.001232,1.044199,0.039881,33.796947
0.007692,6.518522,0.024258,24.306222
0.022028,18.667358,0.045167,38.277091
0.033101,28.051626,0.035717,30.268069
0.064512,54.670507,0.067273,57.011085
0.024674,20.910274,0.030592,25.925474
0.038398,32.540713,-0.014176,-12.013185
0.010533,8.925823,0.018023,15.273579
0.045903,38.900704,0.026421,22.390521
0.053230,45.109576,0.012624,10.698283
0.013052,11.061002,0.038598,32.710246
0.020171,17.093587,0.063444,53.765728
0.020204,17.122317,0.023967,20.310612
0.064758,54.879287,0.017225,14.597096
0.054166,45.903402,0.014917,12.641806
0.065360,55.389257,0.011084,9.393175
0.061595,52.198968,0.026097,22.116031
0.043701,37.034587,0.060652,51.400025
0.032955,27.928064,0.005478,4.642566
0.063612,53.908217,0.067247,56.988256
0.018732,15.874395,0.015541,13.170488
-0.005364,-4.545726,0.016128,13.667362
0.045703,38.731459,0.064616,54.759299
0.021313,18.061391,0.016545,14.021224
0.010462,8.866450,0.034726,29.428384
0.053743,45.544777,0.024672,20.908087
0.014249,12.075625,0.051177,43.369721
0.065657,55.640982,-0.016968,-17.001633
0.056050,47.499292,0.024890,21.093278
0.013618,11.540287,0.009762,8.272599
0.026399,22.371948,0.066127,56.039541
0.032990,27.957430,0.014224,12.054301
0.020567,17.429388,0.027065,22.936568
0.049713,42.129112,0.026232,22.230107
0.036285,30.749947,0.002692,2.281076
0.013635,11.554784,0.057502,48.730272
0.013410,11.364451,0.011669,9.889049
0.012670,10.736942,0.021926,18.581059
0.021656,18.352525,0.037893,32.112736
0.032923,27.900944,0.066955,56.741053
0.053162,45.051884,0.043673,37.011004
0.027713,23.485421,0.040067,33.954916
0.057064,48.359174,0.035293,29.909191
0.014998,12.709960,0.033763,28.612473
0.007381,6.255119,0.052104,44.155326
0.002188,1.854466,0.005847,4.955150
0.012647,10.717426,0.029140,24.694961
0.035161,29.797398,0.034895,34.965092
0.018183,15.409648,0.042809,36.278913
0.018406,15.597883,0.031629,26.803766
0.011843,10.036108,0.022344,22.388831
0.035634,30.198208,0.018273,15.485423
0.027912,23.653777,0.009004,7.630541
0.049659,42.083467,0.065024,55.104675
0.039571,33.534319,0.025263,21.409229
0.027991,23.721457,0.020404,17.291829
0.027402,23.222294,0.031820,26.966235
0.034293,29.061990,0.020857,17.674949
0.026847,22.751609,0.033515,28.402213
0.033681,28.542655,0.017079,14.473729
0.047958,40.641895,0.027856,23.606637
0.008026,6.801589,0.058976,49.979529
0.015770,13.363940,0.019502,16.526752
0.001546,1.309867,0.017737,15.031513
0.025393,21.519038,0.063726,54.005112
0.048649,41.228111,0.028294,23.977957
0.003533,2.994260,0.029589,25.075006
0.014730,12.483352,0.015175,12.860431
0.018222,15.442295,0.038822,32.899833
0.024212,20.518480,0.027820,23.576300
0.054772,46.416364,0.019096,16.183110
0.005669,4.804208,0.065486,55.496229
0.009895,8.385137,0.054579,46.253385
0.049955,42.334263,0.001354,1.147245
0.031986,27.106438,0.045221,45.311392
0.029267,24.802281,0.023120,19.593085
0.030191,25.585759,0.059292,50.247301
0.027556,23.352012,0.030223,25.612726
0.047221,40.017142,0.006127,5.192403
0.055767,47.259855,0.023649,20.041098
0.029603,25.087163,0.034814,29.503338
0.020739,17.575710,0.044244,37.494678
0.003831,3.246837,0.021571,18.280210
0.013118,11.117261,0.010731,9.094280
0.008561,7.255461,0.027611,27.666218
0.049166,41.665664,0.034574,29.299813
0.042135,35.707202,0.045316,38.403071
0.056378,47.777412,0.051832,43.925029
0.023026,19.513057,0.023255,19.707383
0.044481,37.695730,0.014407,12.208937
0.041146,34.869589,0.024628,20.871148
0.036351,30.805517,0.051791,43.890657
0.034482,29.221710,0.027717,23.489051
0.013296,11.267446,0.042222,35.781033
0.019294,16.351073,0.009784,8.291495
0.010366,8.784373,0.081922,82.085774
0.017846,15.123593,0.032586,27.615325
0.018081,15.323119,0.046682,46.775601
0.029861,25.305507,0.022791,19.314623
0.009582,8.120441,0.039426,33.411789
0.054097,45.844216,0.020238,17.150330
0.046193,39.146402,0.018101,15.339577
0.022702,19.239114,0.006385,5.411201
0.027425,23.241199,0.044717,37.895269
0.043471,36.839498,0.028055,23.775239
0.035913,30.434951,0.006449,5.465502
0.026995,22.876665,0.064182,54.390875
0.028540,24.185885,0.049318,41.794345
0.015768,13.362485,0.061703,52.290603
0.034218,28.998295,0.036291,36.363267
0.052009,44.075005,0.011594,9.824952
0.002616,2.217093,-0.002049,-1.736691
0.041374,35.062094,0.037559,31.829183
0.028277,23.963446,0.022578,19.133719
0.020507,17.379084,0.062983,53.375338
0.061820,52.389214,0.059068,50.057297
0.012216,10.352769,-0.035749,-35.820233
0.032728,27.735009,0.015863,13.443032
0.043091,36.517691,0.008509,8.525978
0.042378,35.913152,0.060450,51.228559
0.031497,26.692526,0.018079,15.321296
0.040101,33.983413,0.026058,22.083307
0.047077,39.895833,0.042274,35.824961
0.029036,24.606255,0.013895,13.922935
0.027797,23.556934,0.026031,22.060062
0.001956,1.657388,0.012918,10.947123
0.053810,45.601405,0.054265,45.986840
0.013583,11.510626,0.038525,32.648249
0.024941,21.136179,0.058905,49.919119
0.021076,17.860600,0.066617,56.454860
0.024382,20.662305,0.064211,54.416023
0.026891,22.788842,0.018158,15.388257
0.009054,7.672897,0.026683,22.612731
0.068623,58.154631,0.025603,21.697136
0.054005,45.766438,0.052911,44.839886
0.028888,24.481148,0.037587,31.852851
0.013392,11.349065,0.015951,13.517727
0.038662,32.764370,0.012997,11.014280
0.010306,8.733463,0.031895,27.029569
0.026771,22.686908,0.013640,11.559507
0.029769,25.227709,0.008961,8.978726
0.001683,1.426581,0.005457,5.467387
0.027769,23.532519,0.048044,40.714943
0.043140,36.559206,0.021950,18.601616
0.038035,32.232580,0.012295,10.419409
0.068618,58.150791,0.001997,1.692317
0.009198,7.795027,0.061960,52.507954
0.037763,32.002056,0.048592,48.688580
0.028770,24.381567,0.052049,44.108988
-0.001620,-1.372842,0.032739,27.744411
0.021686,18.378234,0.026134,22.146903
0.025429,21.549641,0.028635,24.266676
0.015741,13.340062,0.024664,20.901516
0.052934,44.859156,0.013462,13.488424
0.062395,52.877131,0.025111,21.280020
0.029568,25.057868,0.025024,21.206715
0.033317,28.234857,0.040668,34.464154
0.036114,30.605029,0.051389,43.549631
0.021085,17.868803,0.012127,10.277290
0.012823,10.866576,-0.003912,-3.315487
0.019059,16.151423,0.095850,81.228314
0.002193,1.858566,0.061373,52.010666
0.027179,23.032809,0.023779,20.151767
0.042484,36.003199,0.024648,20.888381
0.035164,29.799656,0.047732,40.450214
0.012401,10.509645,0.001863,1.578417
0.028958,24.540299,0.052656,44.623362
0.028877,24.471502,0.066572,56.416519
0.051776,43.877430,0.017067,14.463184
0.054540,46.219852,0.007516,6.369748
0.042164,35.732172,0.038658,32.761197
0.020558,17.422245,0.027067,22.937632
0.015685,13.291867,0.034031,28.839590
0.006343,5.375053,0.046438,39.354152
0.026796,22.708298,0.016677,14.133052
0.024044,20.376464,0.053361,45.220914
0.020823,17.646470,0.012051,10.212681
0.015609,13.227894,0.005383,4.561989
0.035073,29.722330,0.009026,7.648705
0.027276,23.115150,0.027263,23.103954
0.030898,26.184622,0.012500,10.592956
0.023972,20.314711,0.005990,6.002026
0.047761,40.475544,0.002387,2.022904
0.019252,16.314776,0.031917,27.048227
0.062171,52.686726,0.048568,41.159018
0.030913,26.197175,0.015703,13.307121
0.024733,20.959819,0.005924,5.020637
0.037450,31.736689,0.026132,22.145483
0.035073,29.722861,0.007046,7.060391
-0.003467,-2.938203,0.012579,10.659895
0.016048,13.599951,0.030414,25.774186
0.019464,16.494721,0.010025,8.495931
0.002748,2.328459,0.018309,15.515695
0.025733,21.807696,0.011351,11.373881
0.036031,30.534627,0.061926,52.479296
0.033268,28.192918,0.037081,31.424314
0.027899,23.643331,0.022932,19.433424
0.018454,15.639131,0.027789,23.550272
0.025582,21.679276,0.038749,38.826330
0.012513,10.604297,0.025167,21.328248
0.027163,23.019187,0.014464,12.257479
0.012558,10.642416,0.005211,4.415932
0.022267,18.870408,0.031041,26.305510
0.012271,10.399367,0.031638,26.811788
0.018834,15.960970,0.019109,16.193826
0.027134,22.994729,0.056622,47.984278
0.058656,49.708305,0.062354,52.842089
0.014206,12.039036,0.041769,35.397594
0.056944,48.257513,0.049927,42.310627
0.058199,49.321102,0.013585,11.512532
0.025423,21.544537,0.012814,10.859293
0.031183,26.426374,0.056860,48.186278
0.051701,43.814463,0.024892,24.941486
0.028820,24.423354,0.053654,45.469392
0.017970,15.228373,0.044480,37.694996
0.018657,15.811163,0.027178,23.031900
0.027653,23.434501,0.016129,13.668473
0.032189,27.278645,0.008426,7.140779
0.028229,23.922722,0.029739,25.202170
0.023300,19.745418,0.017850,15.126819
0.049160,41.660973,-0.003872,-3.879465
0.055492,47.026667,0.035355,29.962071
0.044317,37.556314,0.051635,43.758305
0.029825,25.275103,0.030179,25.574896
0.017985,15.241780,0.031288,26.515322
0.030789,26.092392,0.030269,25.651204
0.027518,23.320608,0.053165,45.054801
0.032196,27.284992,0.044813,37.976461
0.020037,16.980404,0.022257,18.861665
0.014643,12.409143,0.055860,55.971104
0.022594,19.147598,0.065966,55.903375
0.037026,31.377570,0.045521,38.577290
0.018851,15.975606,0.063191,53.551384
0.031722,26.882659,0.023118,19.591590
0.027340,23.169249,0.001877,1.590899
0.017114,14.503409,0.039933,33.840989
0.027840,23.592656,0.040665,34.461919
0.024380,20.660574,0.017623,14.934494
0.019015,16.113941,0.005086,4.310325
0.018282,15.493156,0.070590,59.821624
0.006518,5.523906,0.021377,18.116107
0.033747,28.598821,0.028272,23.959114
0.004341,3.678828,0.027029,22.905656
0.055504,47.036794,0.039948,40.027435
0.024145,20.461804,0.025802,21.865753
0.021837,18.505733,0.022266,18.869414
0.030779,26.083334,0.019922,16.882950
0.023042,19.527302,-0.000064,-0.054478
0.028032,23.755566,0.057725,48.919527
0.025745,21.817315,0.038187,38.263629
0.033360,28.271108,0.017282,14.646006
0.015202,12.883372,0.006407,5.429547
0.044895,38.046526,0.046835,39.690123
0.013351,11.314430,0.053382,45.238656
0.054467,46.158448,0.029016,24.589997
0.035106,29.750271,-0.024452,-24.500819
0.038857,32.929536,0.027695,23.470421
0.023919,20.270494,0.054901,46.526253
0.031512,26.705181,0.024702,20.933944
0.025142,21.306331,0.061256,51.911422
0.040853,34.621254,0.015667,15.698011
0.032055,27.164857,0.008497,7.200876
0.012247,10.378387,0.023712,20.095080
0.006275,5.317498,0.050307,42.632445
0.025500,21.610093,0.057339,57.453855
0.024689,20.922410,0.061637,52.234054
0.002463,2.087140,0.013473,13.499385
0.029696,25.165739,0.015214,12.893053
0.020902,17.713375,0.048007,40.683245
0.041588,35.244064,0.072759,61.660095
0.033599,28.473708,0.032417,32.481794
0.026965,22.851528,0.027312,23.145308
0.023588,19.989728,0.055964,56.076039
0.028205,23.902621,0.025723,25.773946
0.039000,33.050464,0.013409,11.363564
0.013352,11.315000,0.033808,28.650437
0.054051,45.805981,0.034122,28.917104
0.024727,20.954691,0.027939,23.677089
0.041755,35.385207,0.059998,50.845543
0.017735,15.029948,0.058188,49.311302
0.018959,16.066635,0.035931,30.449602
0.038678,32.777959,0.040010,33.906225
0.003202,2.713138,0.008794,7.452566
0.052889,44.820519,0.031601,26.779954
0.055366,46.920441,0.029736,25.200066
0.057757,48.945951,0.025340,21.474388
0.037618,31.879538,0.025977,26.029079
0.006924,5.867868,0.007522,6.374891
0.026335,22.317569,0.051623,43.748414
0.060861,51.577176,0.025666,21.750308
0.004158,3.524057,0.075178,63.709717
0.047176,39.979468,0.032871,27.856768
0.026783,22.697269,0.059650,50.550538
0.028958,24.540869,0.061266,61.388515
0.023478,19.896619,0.030252,25.636734
0.012535,10.623007,0.030206,25.598100
0.048063,40.731070,0.007247,6.141380
0.054964,46.579591,0.032938,27.913165
0.013286,11.259341,0.031740,26.898107
0.019685,16.682343,-0.063360,-63.486484
0.011546,9.785034,0.027065,22.935971
0.030196,25.589347,0.055578,47.099351
0.032018,27.134065,0.041275,34.978621
0.039102,33.137240,0.000838,0.710449
0.031730,26.889295,0.005701,4.831058
0.040757,34.539432,0.028319,23.999053
0.039904,33.816916,0.019123,19.161224
0.027862,23.611599,0.037709,31.956609
0.036865,31.240983,0.037125,31.461923
0.041376,35.064462,0.022651,19.196036
0.055405,46.953123,0.046048,39.023516
0.022494,19.062392,0.029512,25.009630
0.047614,40.350911,0.046792,39.654232
0.011215,9.504326,0.005849,4.956752
0.035729,30.278290,0.008603,7.290473
0.021625,18.326284,0.011777,9.980366
0.025843,21.901078,-0.006320,-5.355667
0.019883,16.849792,0.033707,28.564787
0.049772,42.179134,0.027456,23.267873
0.030093,25.502108,0.059969,50.820558
0.025238,21.388321,0.026825,22.733055
0.049528,41.972669,0.054147,54.254801
0.002507,2.124961,0.003842,3.255910
0.010673,9.044816,0.017644,17.679270
0.004209,3.567015,0.054479,54.587884
0.024391,20.669790,0.014339,12.151456
0.025382,21.510452,0.045694,38.723544
0.028970,24.550715,0.026487,22.446055
0.002696,2.284432,0.011487,9.734773
0.027166,23.021977,0.036496,30.928436
0.043856,37.166084,0.029282,24.815184
0.015886,13.462833,0.010339,8.761809
0.027261,23.102093,0.053043,44.951797
0.055964,47.427085,0.017524,14.850744
0.010924,9.257632,0.018667,18.704214
0.030713,26.027575,0.047543,40.290396
0.014957,12.675320,0.006169,5.228174
0.029098,24.659407,0.059713,50.604037
0.052796,44.742022,0.093742,93.928801
0.059004,50.002892,0.002113,1.790954
0.007670,6.499975,0.022691,19.229207
0.010694,9.062386,0.083377,83.543096
0.046372,39.298105,0.029276,24.809718
0.003693,3.129715,0.009958,8.439252
0.020839,17.659901,0.023820,20.185973
0.057987,49.141302,0.022557,19.115606
0.037505,31.784033,0.032117,27.217798
0.033983,28.799344,0.011695,11.718400
0.034800,29.491369,0.003886,3.292935
0.013331,11.297239,0.029722,25.188375
0.025969,22.007191,0.032395,27.453182
0.019569,16.583497,0.026567,22.514024
0.048362,40.984689,0.040014,33.910379
0.045949,38.939732,0.017311,14.670259
0.040335,34.181683,0.018579,15.744433
0.017705,15.004168,0.017242,14.611378
0.034298,29.065702,0.037550,31.821992
0.018606,15.767824,0.033089,28.041078
0.048692,41.264376,0.056903,48.222708
0.033909,28.736409,0.034163,28.951918
0.056050,47.500123,-0.037143,-37.216608
0.022868,19.379234,0.005751,4.873789
0.029981,25.407104,0.051587,43.717693
0.052092,44.145903,0.010131,8.585347
0.002260,1.915501,0.083960,84.126987
0.025513,21.621352,0.041542,35.204539
0.018202,15.425097,0.028363,24.035944
0.032473,27.519125,0.012561,10.645178
0.002350,1.991104,0.058042,49.188191
0.008951,7.585441,0.061949,52.498444
0.016682,14.137231,0.021419,21.461280
0.041332,35.027199,0.042070,35.652541
0.020232,17.145795,0.022174,18.791322
0.015405,13.055389,0.028224,23.918114
0.037721,31.966471,0.022505,19.071767
0.014130,11.974314,0.015617,13.234270
0.062163,52.680308,0.004486,3.801739
-0.001168,-0.989927,0.039140,33.169513
0.027543,23.341089,0.063937,54.183541
0.066097,56.013901,0.024712,20.942092
0.044492,37.704740,0.051600,43.728836
0.020349,17.245042,0.010858,9.201954
0.027544,23.342399,0.054745,46.393875
0.016834,14.265678,0.041888,35.498398
0.005186,4.394592,0.049724,42.138789
0.034635,29.351800,0.022266,18.869551
0.033200,28.135367,0.031596,26.776338
0.006693,5.672228,0.043724,37.053622
0.021041,17.830855,0.067339,57.066599
0.004100,3.474426,0.040342,34.188088
0.038819,32.896942,0.021899,18.558369
0.001754,1.486586,0.036982,31.340296
0.023919,20.270205,0.053297,45.166275
0.025126,21.293265,0.032733,32.798312
0.029318,24.845876,0.003107,2.633382
0.033187,28.124104,0.022015,18.656936
0.011933,10.112843,0.004934,4.943828
0.053620,45.440582,0.021015,17.809063
0.055655,47.165012,0.033011,27.975365
0.041598,35.252004,0.028278,23.964047
0.032499,27.540979,0.020954,17.757904
0.049543,41.985294,0.007635,6.469921
0.048337,40.963682,0.043870,43.957696
0.021660,18.356067,0.004005,3.394349
0.033193,28.129323,0.054185,45.919502
0.002380,2.017305,0.047725,40.444665
0.009075,7.690857,0.020593,20.634518
0.024891,21.094007,0.014273,12.095721
-0.004444,-3.766347,0.043178,36.591264
0.041320,35.016478,0.014045,11.902537
0.046911,39.754559,0.007020,5.949422
0.032264,27.342324,0.047628,40.362405
-0.000461,-0.390734,0.018366,18.402554
0.068557,58.099038,0.038912,32.976009
0.022968,19.464562,0.056319,47.727742
0.026144,22.155899,0.036720,31.118642
0.041245,34.953206,0.004252,3.603648
0.011071,9.382020,0.034424,29.172338
0.020092,17.026949,0.008885,7.529296
0.023871,20.229742,0.042256,35.810367
-0.000917,-0.777066,0.008593,7.282463
0.030351,25.721284,0.003007,3.012818
0.030595,25.928198,0.044334,37.570542
0.021412,18.145638,0.002113,1.790648
0.044804,37.969610,0.033700,28.558813
0.021622,18.323205,0.011179,9.473957
0.053608,45.430291,0.023399,19.829701
0.025591,21.686939,0.017321,14.679024
0.024069,20.397151,0.022073,18.705436
0.028026,23.750297,0.031791,26.941226
0.008614,7.299835,0.017625,17.660424
0.021546,18.259302,0.006081,5.153551
0.035436,30.030493,0.068762,68.898833
0.026292,22.280877,0.025876,21.928826
0.036010,30.516646,0.046686,46.778894
0.008402,7.120028,0.024250,20.550385
0.041813,35.434589,0.012395,10.503929
0.058591,49.653477,0.023315,19.758086
0.008465,7.173680,0.022019,18.659877
0.010773,9.129932,0.040022,33.916931
0.011836,10.030472,0.047909,40.600266
0.044626,37.818677,0.044774,37.944184
0.028349,24.024386,0.035137,29.776559
0.040004,33.901450,0.046644,39.528489
0.034510,29.245726,0.032867,27.852856
0.017205,14.580790,0.051578,43.710235
0.003716,3.148841,0.016240,13.762208
0.037277,31.590455,0.020537,17.404141
0.017091,14.484085,0.019718,16.710031
0.029946,25.377690,0.034916,34.986048
0.016357,13.861747,0.020491,17.364856
0.020800,17.627340,0.028305,23.987322
0.014050,11.907011,0.032460,27.508602
0.021865,18.529481,0.051148,43.345419
0.038896,32.962767,0.040300,34.152603
0.035753,30.298860,0.016213,13.739337
0.030390,25.754302,0.026350,22.330621
0.034315,29.080584,0.006261,5.305762
0.033377,28.285356,0.011737,9.946783
0.014100,11.948971,0.027995,23.724185
0.047236,40.030500,0.010198,8.642189
0.029346,24.869573,0.011659,9.880680
0.058469,49.549835,0.012946,10.970715
0.054070,45.821351,0.004081,3.458244
0.018210,15.432120,0.057811,48.992171
0.046776,39.640327,0.050096,42.453860
-0.005913,-5.011391,0.045706,45.797113
0.059492,50.416509,0.009451,8.009338
0.006977,5.912703,0.030230,25.618484
0.016513,13.993881,0.008649,8.666013
0.028471,24.128048,0.037355,31.656615
0.033403,28.307171,0.019319,16.371977
0.059800,50.677256,0.017855,15.130992
0.039540,33.508544,0.009974,8.452183
0.037053,31.401058,0.018704,15.850633
0.025343,21.477406,0.042216,35.775991
0.016424,13.918532,0.028901,24.492539
0.011510,9.754150,0.005928,5.939831
0.009146,7.750802,0.048597,41.183753
0.017341,14.695819,0.035055,35.125244
0.059212,50.179648,0.000317,0.317427
0.011683,9.900721,0.023375,19.809408
0.051941,44.017632,0.009934,8.418688
0.030829,26.126244,0.016304,13.816504
0.030043,25.459689,0.040277,34.132568
0.009275,7.859725,-0.002021,-1.713051
0.023575,19.978763,0.003675,3.114523
-0.003150,-2.669138,0.049911,42.297422
0.044904,38.053827,0.047573,40.316124
0.033429,28.329064,0.043001,36.441209
0.054473,46.163319,0.027720,23.491422
0.013086,11.090147,0.061080,61.201990
0.008626,7.310502,-0.011248,-11.270586
0.045752,38.772609,0.019338,16.387899
0.021414,18.147192,0.023295,19.741789
0.029233,24.773711,0.037711,37.786541
0.025217,21.370435,0.032297,27.370545
0.024773,20.993971,0.018763,15.900571
0.028969,24.550017,0.029448,24.955828
0.037127,31.463291,0.019627,16.632768
0.047194,39.994354,0.029461,24.966407
0.030519,25.863243,0.048530,48.626646
0.057702,48.899525,0.015040,12.745365
0.024525,20.783943,0.022176,18.792874
0.023960,20.305104,0.009954,8.435223
0.036376,30.827214,0.009934,8.418663
0.033954,28.774305,0.004293,4.301408
0.039105,33.139900,0.020012,16.958845
0.030269,25.651349,0.024707,20.937734
0.050189,42.532650,0.048557,41.149321
0.027320,23.152116,0.021153,17.925796
0.022038,18.676262,0.039330,39.408162
0.013666,11.581401,0.033097,28.048455
0.050357,42.674796,0.055326,46.885954
0.041617,35.268463,0.060793,51.519581
0.049746,42.157785,0.014147,14.174999
0.008520,7.220279,0.013541,11.475438
0.027742,23.510381,0.008373,7.095855
0.028771,24.382123,0.032953,27.926094
0.050484,42.782671,0.022313,18.909584
0.051840,43.932199,0.030686,30.747128
0.032788,27.786473,0.005028,4.261238
0.049765,42.173682,0.021591,18.297157
0.023975,20.317281,0.015409,13.058776
0.021037,17.828253,0.022779,22.824122
0.038378,32.523195,0.043738,37.065562
0.013562,11.493335,0.032405,27.461650
0.056731,48.076575,-0.008578,-7.269097
0.046120,39.084402,0.054924,46.545739
0.052913,44.841494,0.008557,7.251725
0.001048,0.887905,0.067495,57.198426
0.006231,5.280527,0.032185,27.275461
0.050054,42.418088,0.052550,44.533593
0.006362,5.391392,0.019464,16.494762
0.057402,48.645136,0.037842,32.069135
0.027315,23.148311,0.029292,24.823247
0.039432,33.416566,0.029620,25.101843
0.020613,17.468687,0.050017,50.116817
0.058207,49.328081,0.004561,3.865591
0.020151,17.076845,0.030983,26.256263
0.024673,20.909220,0.016344,13.850561
0.026038,22.065873,0.003103,2.629474
0.008824,7.478296,0.029935,29.994629
0.033267,28.192379,0.027891,23.636295
0.021249,18.007727,0.030208,25.599668
0.013781,11.679109,0.047215,40.012740
0.006363,5.392398,0.013020,11.033516
0.029830,25.279637,0.032771,27.771909
0.007557,6.404068,0.056363,47.764644
0.022700,19.237063,0.021370,18.109931
0.035472,30.060450,0.006584,5.579723
0.043249,36.651650,0.013904,11.783267
0.032596,27.623216,-0.055869,-55.980665
0.017223,14.595776,0.026146,22.157598
0.014528,12.312186,0.058851,58.968639
0.016144,13.681546,0.043920,44.008042
-0.003645,-3.088918,0.044200,37.457231
0.030377,25.742717,0.050657,42.929197
0.051347,43.514517,-0.012581,-12.606180
0.054061,45.814013,0.025739,21.812331
0.037095,31.436553,0.026139,22.151254
0.031480,26.678102,0.050945,43.173438
0.063022,53.408167,0.034342,29.102885
0.052100,44.152675,0.027296,23.131649
0.033631,28.500368,0.037346,31.649173
0.060494,51.265879,0.045922,38.917077
0.005448,4.616620,0.030117,25.523131
0.056115,47.555106,0.022505,19.071641
0.056202,47.628370,0.039898,39.977216
0.015218,12.896589,0.008357,8.373319
0.006726,5.700204,0.022611,19.161638
0.004701,3.984185,-0.002349,-1.990337
0.016726,14.174484,0.027843,23.595479
0.024732,20.959311,0.054880,46.508500
0.024756,20.979650,0.038091,32.280183
0.029113,24.671598,0.047871,40.568045
0.025568,21.668006,0.049166,41.665541
0.037411,31.703998,-0.023229,-23.275655
0.019856,16.826910,0.036373,30.824771
0.056281,47.695842,0.056993,48.298665
0.026199,22.202271,0.010382,8.798508
0.016454,13.944157,0.026589,22.532767
0.029622,25.102821,0.032697,32.762377
0.029353,24.875625,0.030837,26.132900
0.006366,5.395224,0.048155,40.808668
0.053791,45.585619,0.025380,21.508616
0.027021,22.898649,0.031475,26.673627
0.057206,48.479554,0.018452,15.637239
0.026368,22.345890,0.061026,51.716307
0.006159,5.219249,0.036759,31.151512
0.013426,11.377811,0.007282,6.171564
0.016318,13.828651,0.014486,12.276611
0.057388,48.633603,0.030882,26.170959
0.036134,30.621667,0.010908,9.243680
0.030675,25.995349,0.044972,38.111377
0.011178,9.473013,0.032955,27.927645
0.016762,14.204925,0.026943,22.833207
0.032127,27.225797,0.034693,29.400304
0.012283,10.409233,0.014610,12.381331
0.023818,20.184775,0.012925,10.952916
0.044090,37.364543,0.041599,35.252920
0.006673,5.655462,0.027832,23.586427
0.008350,7.076153,0.020403,17.290833
0.016078,13.625262,0.038912,32.975894
0.024518,20.778250,0.039977,33.878477
0.008883,7.528251,0.027628,23.413653
0.017990,15.245945,0.016706,14.157687
0.016889,14.312484,0.009690,8.212044
0.027767,23.531367,0.031136,26.385903
0.061573,52.180067,0.025934,21.978252
0.031919,27.049699,0.021172,21.214720
0.045706,38.733729,0.022910,19.415267
0.033202,28.136807,0.047982,40.662567
0.027880,23.627346,0.025262,21.407934
0.046271,39.212471,0.050805,43.055212
0.012219,10.354878,0.028619,24.253644
0.015316,12.979796,0.035607,30.175596
0.004322,3.662492,0.057410,57.524602
0.025884,21.935193,0.012771,10.822858
0.009460,8.016593,0.031718,26.879571
0.007275,6.165075,0.050332,50.431914
0.062220,52.728728,0.007932,6.722052
0.068670,58.194454,0.029448,24.955812
0.012739,10.796111,0.072072,72.216203
0.014701,12.458689,0.059563,50.476825
0.049091,41.601906,0.015811,13.399326
0.054335,46.046353,0.030937,26.217883
0.026868,22.769669,0.030092,25.501719
0.012216,10.352566,0.024102,20.424933
0.042370,35.906223,0.045906,38.902812
0.000599,0.507259,0.047963,40.646129
0.028819,24.422955,0.042174,35.740448
0.048214,40.859367,0.032098,27.201512
0.013128,11.125056,0.055832,47.314748
0.001838,1.557576,0.012494,10.588163
0.057690,48.889376,0.019696,16.691362
0.060494,51.265843,0.029152,24.704674
0.012066,10.225094,0.055894,47.367312
0.041503,35.172238,0.049164,49.261674
0.040527,34.344996,0.066944,56.732152
0.036657,31.064674,0.049362,41.831665
-0.002181,-1.848284,0.032970,27.940688
0.057048,48.345710,0.048786,48.883423
0.056871,48.195453,0.030819,30.880264
-0.000301,-0.254799,0.022847,19.361491
0.019273,16.332830,0.026018,22.049100
0.023387,19.819643,0.048830,41.381207
0.051995,44.063463,0.040348,34.193405
0.053704,45.511272,0.032609,27.634983
0.028556,24.200108,0.018963,16.069971
0.058884,49.901211,0.042991,36.433246
0.009934,8.418851,0.053378,45.235686
0.011429,9.685912,0.002372,2.010394
0.018769,15.906195,0.049666,42.089341
0.025284,21.426789,0.028991,24.568397
0.012854,10.893150,0.027146,27.199654
0.044510,37.720355,0.034980,29.643538
0.029323,24.849995,0.023485,19.902373
0.031487,26.684098,0.001453,1.231711
0.017610,14.923257,0.054284,46.002786
0.036345,30.800363,0.044727,44.816085
0.022970,19.465917,-0.026526,-26.578722
0.031961,27.085307,0.024750,20.974207
0.056909,48.227495,0.008875,7.520885
0.014108,11.956017,0.026390,22.364417
0.020744,17.579629,0.037901,32.118922
0.012390,10.499786,0.048809,41.362950
0.043682,37.018548,0.008843,7.494175
0.016873,14.299358,0.022082,18.713134
0.024970,21.161302,0.053739,45.541268
0.063797,54.065308,0.038814,32.892650
0.031719,26.880625,0.013643,11.561407
0.005319,4.507826,0.022933,19.434866
0.039824,33.748691,0.034391,29.144869
0.049938,42.320055,0.054084,45.833678
0.067661,57.339072,0.024235,20.538328
0.029483,24.985531,0.014449,12.244435
0.030507,25.853452,0.049166,41.665971
0.008550,7.245630,0.021520,18.236951
0.054192,45.925507,0.009920,8.406421
0.013102,11.103226,0.029395,24.911104
0.019988,16.938744,0.048340,40.966157
-0.000104,-0.088399,0.060980,51.677348
0.017532,14.857818,0.031220,26.457740
0.010586,8.970937,0.019297,16.353106
0.031333,26.553522,0.053374,45.232130
0.015095,12.792139,0.022824,19.342340
0.030783,26.086918,0.038247,32.412607
0.030130,25.533453,0.025310,21.449349
0.006705,5.682461,0.019377,16.421008
0.063355,53.689956,0.008094,6.858888
0.018202,15.425351,0.020255,17.164799
0.032537,27.573872,0.032325,27.393895
0.011303,9.578991,0.049138,49.236283
0.015520,13.152864,-0.003603,-3.053573
0.033560,28.440882,0.012663,10.731594
0.017142,14.527091,0.022188,18.803203
0.020341,17.237839,0.036606,31.021491
0.026572,22.518274,0.017052,14.450491
0.006822,5.781162,0.023070,23.115537
0.029784,25.240545,0.018230,15.448713
0.038959,33.016000,0.020594,17.452515
0.020782,17.612016,0.048780,48.876838
0.045328,38.413697,0.012617,10.692016
0.019039,16.134615,0.007262,6.154240
0.040504,34.325514,0.024817,24.866233
0.019317,16.370648,0.008218,6.964774
0.027088,22.955816,0.052582,44.560558
0.053434,45.282516,0.013705,11.614290
0.024734,20.960983,0.026174,22.181264
0.019348,16.396896,0.058948,49.955334
0.030958,26.235820,0.036431,30.873609
0.038221,32.390710,0.020625,17.479050
0.020857,17.675203,0.026598,22.540362
0.061892,52.450137,0.018221,15.441515
0.043435,36.808724,0.015051,12.754929
0.033877,28.709185,0.024339,20.626157
0.024323,20.612284,0.075263,75.413479
0.019992,16.941939,0.055953,47.417660
-0.007587,-6.429312,0.006405,5.427927
0.011862,10.052691,0.006227,5.276928
0.007582,6.425543,0.009580,8.118747
0.055459,46.998957,0.019152,16.230102
0.039130,33.161127,0.033911,28.738033
0.047947,40.632737,-0.000109,-0.092751
0.018184,15.409880,0.047330,40.109847
0.046229,39.176631,0.055404,46.952389
0.008140,6.897969,0.038769,38.846224
0.055518,47.048610,0.020011,16.958190
0.055920,47.389859,0.025331,21.466951
0.027293,23.129597,0.011429,9.685173
0.065938,55.878955,0.023453,19.875301
0.047096,39.911906,0.038656,32.758988
0.030428,25.786169,0.003173,2.689200
0.030846,26.140614,0.017234,14.605292
0.051403,43.561425,0.056627,47.989087
0.054294,46.011327,0.055417,46.963115
0.060564,51.325225,0.025486,21.597808
0.052960,44.880779,0.008093,6.858796
0.028415,24.079951,0.041696,35.335133
0.028794,24.401277,0.037342,31.645347
0.015370,13.025591,0.049000,41.525092
0.010938,9.269491,0.021593,18.299194
0.010658,9.032530,0.006190,5.245352
0.030253,25.637939,0.008682,7.357589
0.052783,44.730909,-0.011714,-11.737521
0.003716,3.149077,0.037242,31.561191
0.010251,8.687382,0.031033,26.298916
0.021804,18.477965,-0.008013,-8.029260
0.014639,12.406144,0.041262,34.967292
0.028742,24.357398,0.037793,32.027566
0.012081,10.238447,0.043996,37.284693
0.008397,7.116459,0.055901,47.373733
0.043835,37.147957,0.023621,20.017978
0.039987,33.887024,0.001013,0.858485
0.039964,33.867655,0.042255,42.339162
0.012906,10.936893,0.030662,25.984271
0.019750,16.737584,0.027747,23.514125
0.043117,36.539990,0.030398,25.760748
0.029639,25.117732,0.036873,31.247837
0.004024,3.410244,0.026076,26.128027
0.034327,29.090502,0.036092,36.164339
0.035335,29.944461,0.037119,31.456649
0.032150,27.245582,0.038420,32.559327
0.022407,18.989155,0.025944,21.986208
0.036558,30.981226,0.015154,12.842276
0.055858,47.336895,0.040601,34.407615
0.027127,22.988687,0.045181,38.289052
0.008389,7.109258,0.053956,45.724788
0.036314,30.774355,0.025870,25.921462
0.026163,22.171744,0.029420,24.931642
0.003974,3.367466,0.034882,29.561179
0.029482,24.984317,0.002712,2.298683
0.036314,30.774485,0.012150,10.296628
0.017939,15.202458,0.060879,51.592280
0.029406,24.920219,0.026708,26.761063
0.012359,10.473595,0.048813,41.366500
0.047582,40.323071,0.050786,43.038990
0.029562,25.051980,0.053262,45.137316
0.015477,13.116433,0.012383,10.494403
0.007064,5.986557,0.017452,17.487134
0.022229,18.837784,0.063093,53.468712
0.062547,53.005653,0.076171,64.550971
0.002514,2.130732,0.000706,0.598045
0.055414,46.960484,0.038265,32.427956
0.025317,21.455173,0.019710,16.703391
0.015184,12.867530,0.013301,11.272235
0.012614,10.690100,0.045052,45.141861
0.010748,9.108629,0.056107,56.219061
0.007315,6.199522,0.016227,13.751662
0.031234,26.469375,0.002748,2.328631
0.007253,6.146710,-0.013032,-13.057704
0.028264,23.952717,0.022618,22.663036
0.034371,29.128017,0.053072,44.976139
0.028478,24.133673,0.019783,16.764952
0.020368,17.261217,0.049336,41.809689
0.019112,16.196091,0.014737,14.766277
0.020074,17.011984,0.048861,41.407616
0.038087,32.277112,0.013134,13.159708
0.022931,19.432668,-0.002134,-1.808783
0.055594,47.113083,0.021434,18.164258
0.008554,7.248905,0.006301,5.340063
0.011531,9.771916,0.052150,44.194910
0.060001,50.848123,0.009451,8.009518
0.026571,22.517963,0.022538,19.099607
0.072542,61.475761,0.022527,19.090349
0.027891,23.636494,0.108375,108.591361
0.026086,22.106422,0.045638,38.675896
0.060191,51.008651,-0.004680,-3.966279
0.014816,12.555471,0.103594,103.800452
0.040105,33.986797,0.032360,27.423219
0.009084,7.698659,0.058545,49.614516
0.020795,17.622821,0.016146,13.682733
0.010601,8.984187,0.024135,24.183187
0.036152,30.637177,0.038986,39.063376
0.010371,8.788910,-0.003035,-2.572378
0.005253,4.451282,0.014912,12.636903
0.036245,30.715941,0.030579,25.914537
0.051682,43.797895,0.012072,10.230198
0.029036,24.606783,0.020672,17.518901
0.034686,29.394326,0.044428,37.650992
0.016107,13.650315,0.061496,52.114667
0.058712,49.755825,0.003860,3.271370
0.021244,18.003211,0.044019,37.303726
0.018251,15.467165,0.008094,8.109671
0.017990,15.245775,0.057664,48.867483
0.059635,50.538239,0.025946,21.987754
0.021009,17.804351,0.031423,26.629146
0.018114,15.350766,0.032645,27.664799
0.009781,8.288809,-0.018611,-18.648614
0.039806,33.733551,0.058018,49.167073
0.026646,22.580982,0.030600,25.931777
0.012976,10.996677,0.010637,9.013937
0.020529,17.396996,0.049610,42.041931
0.050959,43.185146,0.020392,17.281377
0.024923,21.121233,0.052672,44.637271
0.025803,21.866490,0.030187,25.581903
0.036512,30.941841,0.017424,14.766135
0.026963,22.849615,0.017857,15.132618
-0.004854,-4.113453,0.046585,39.478797
0.045307,38.395462,0.016926,14.343647
0.049282,41.764412,0.022479,19.050079
0.020325,17.224616,0.013886,11.768142
0.057828,49.006545,0.008521,7.220753
-0.003433,-2.909240,0.036678,31.082548
0.039016,33.064087,0.030291,25.670025
0.032506,27.547211,0.057345,48.597172
0.023418,19.845971,0.034496,29.233449
0.038505,32.631059,0.030385,30.446106
0.032043,27.154630,0.010848,9.193346
0.014859,12.592574,0.021933,18.587257
0.015276,12.945770,0.026337,22.319259
0.056643,48.002368,0.012728,10.786657
0.002857,2.421582,0.031349,26.566606
0.022903,19.409322,0.013942,11.814844
0.055573,47.095347,0.013236,11.217085
0.021843,18.510924,0.002902,2.459087
0.034859,29.541547,0.052634,44.604765
0.022100,18.728282,0.032448,27.498198
0.016499,13.981995,0.039322,39.399961
0.015701,13.305462,0.031516,26.708151
0.006994,5.926775,0.009654,8.181456
0.048382,41.001131,0.038341,32.491934
0.024823,21.036724,0.042235,35.791970
0.016530,14.008205,0.012006,10.174573
0.028002,23.730028,0.036830,31.211665
0.034893,29.570180,0.019667,16.667226
0.024474,20.740499,0.051126,51.227904
0.029035,24.605928,0.026415,22.385733
0.052536,44.521738,0.024059,20.388907
0.049782,42.187481,0.007085,6.004523
0.026183,22.188912,0.014731,12.483919
0.031963,27.086963,0.008154,6.910080
0.007795,6.605961,0.018901,16.017391
0.021648,18.345414,0.045731,38.755183
0.019444,16.477759,0.053948,45.718748
0.039362,33.357206,0.034573,29.298729
0.015124,12.816945,0.030557,25.895254
0.016090,13.635146,0.018365,15.563299
0.037536,31.809973,0.006057,5.133054
0.025853,21.908823,0.025494,21.604756
0.056322,47.730226,0.054210,45.940767
0.059434,50.367115,0.037655,31.910472
0.006920,5.864399,0.023037,19.522492
0.051084,43.291228,0.058913,49.926129
-0.007924,-6.715242,0.053781,45.577244
0.030015,25.436367,0.056507,47.886736
0.027434,23.249347,0.025245,21.394058
0.031543,26.731305,0.013252,13.278556
0.004112,3.485087,0.010638,9.015169
0.058181,49.305702,0.059363,59.481552
0.061115,51.792186,0.050345,42.665013
0.030778,26.082835,0.059508,50.430077
0.008432,7.145656,0.056819,56.932442
0.019748,16.735321,0.008128,6.888356
0.054580,46.253530,0.047024,39.850324
0.024202,20.510207,0.033486,28.377422
0.022734,19.266286,0.061140,51.813296
0.026450,22.415047,0.032060,27.169592
0.035524,30.104699,0.006337,6.349560
0.040662,34.458943,0.006060,5.135978
0.016061,13.611270,0.044768,37.938438
0.056941,48.254400,0.020528,20.568615
0.056157,47.590544,0.037043,37.117115
0.008984,7.613816,0.030949,26.227994
0.061996,52.538501,0.036876,31.251044
0.051866,43.953948,0.047902,40.594531
0.019497,16.523038,0.032246,27.326551
0.014446,12.241938,0.040814,34.587899
0.037845,32.072179,0.035054,29.706766
0.010731,9.094143,-0.021097,-21.138842
0.006638,5.625238,0.048011,40.687085
0.030412,25.772575,0.025265,21.410933
0.016968,14.379238,0.026055,22.080101
0.006558,5.557778,0.024616,20.860732
0.033509,28.397568,0.039535,33.504115
0.052396,44.403358,0.040147,34.022814
0.008049,6.820905,0.053579,45.406031
0.029013,24.586858,0.033681,28.543380
0.018460,15.643906,0.037055,31.402132
0.031266,26.496317,0.055160,46.745431
0.057622,48.831854,0.027400,23.220511
0.028650,24.279660,0.035906,30.428943
0.064733,54.857944,0.006485,5.496005
0.017678,14.980860,0.029721,25.186978
0.018640,15.796503,0.040566,34.378052
0.015332,12.993181,0.019209,16.279019
0.022169,18.787540,0.031572,26.755637
0.019070,16.160954,0.023083,19.561690
0.026266,22.259343,0.013050,11.059428
0.025967,22.005534,0.026631,26.684017
0.019820,16.796083,0.043775,37.096865
0.026611,22.551494,0.027689,23.465473
0.022102,18.730008,0.026081,22.102729
0.022061,18.695764,0.141734,142.016492
0.012627,10.701152,0.009551,8.094404
0.004478,3.794876,0.043801,43.888717
0.029862,25.306730,0.009322,7.899537
0.055750,47.245187,0.011023,9.341736
0.007920,6.711972,0.011987,10.158634
0.003276,2.776504,0.014683,12.443342
0.008515,7.215997,0.015626,13.242295
0.021624,18.325672,0.030084,25.494825
0.026328,22.311320,0.008392,7.111791
0.029045,24.614265,0.030296,25.674224
0.056919,48.236070,0.033336,28.251068
0.041308,35.006405,0.000799,0.677336
0.019206,16.276175,0.011735,9.945149
0.026703,22.629249,0.047841,40.542547
0.024461,20.729844,0.018322,15.527057
0.025571,21.670598,0.016537,16.569925
0.023101,19.577005,0.085792,72.704364
0.001449,1.227606,0.040515,34.334391
0.031559,26.744533,0.022154,18.774177
0.027901,23.644741,0.007284,6.172867
0.049869,42.261971,0.029879,25.320699
0.018288,15.498123,0.033142,28.086389
0.008663,7.341141,0.025520,21.627117
0.033300,28.220201,0.003543,3.002445
0.013482,11.424966,0.002078,1.761077
0.048636,41.216916,0.021718,18.404847
0.030777,26.082254,0.032086,27.191748
0.018945,16.055083,-0.000914,-0.774514
0.040956,34.708677,0.039137,33.166725
0.038057,32.251878,0.029093,24.654520
0.021535,18.249752,0.019310,16.364558
0.024749,20.973585,0.044256,37.504525
0.015120,12.813518,0.049831,42.229407
0.027759,23.524349,0.017286,14.649450
0.017610,14.923820,0.004653,3.943158
0.010112,8.569229,0.024264,20.562362
0.002488,2.108107,0.046765,39.631099
0.015737,13.336318,0.001673,1.417435
0.014985,12.699189,0.012427,10.530983
0.018386,15.580982,0.030921,26.204226
0.028024,23.748900,0.056507,47.886965
0.045108,38.226589,0.026414,22.384358
0.011866,10.055549,0.021624,18.325288
0.004692,3.975918,0.009546,8.089685
0.053081,44.983907,0.014393,12.197175
0.029516,25.013494,0.013415,11.368694
0.030767,26.073824,0.008550,7.245469
0.032185,27.274901,0.036024,30.528975
0.030892,26.179387,0.026970,22.855543
0.017968,15.227054,0.030857,26.150000
0.016250,13.771438,0.006175,5.233241
0.047729,40.448088,0.028067,23.785286
0.027704,23.477984,0.001010,0.856239
0.062338,52.828709,0.015940,13.508326
0.053761,45.559875,0.019568,19.607347
0.042175,35.740909,0.059333,50.282036
0.065433,55.451520,0.033981,28.796984
0.014503,12.290609,0.025142,21.306743
0.050442,42.746814,0.022625,19.173645
0.041280,34.983250,0.045718,38.743536
0.023304,19.749298,0.035991,30.500727
0.023771,20.144920,0.028350,24.025665
0.053673,45.485114,0.022143,18.764720
0.017176,14.555759,0.010723,9.087110
0.051656,43.775821,0.030685,26.003718
0.060256,51.063667,0.054406,46.106756
0.013452,11.400012,0.023595,19.995518
0.010014,8.486553,0.011178,9.472444
0.017178,14.557802,0.017651,14.958160
0.020293,17.197496,0.062659,53.100239
0.005282,4.476207,0.036135,30.622747
0.033151,28.093673,0.053363,45.222812
0.026654,22.588082,0.006320,5.356115
0.037505,31.783438,0.026097,22.116371
-0.004076,-3.454557,0.011965,10.139536
0.041754,35.384388,0.060652,51.399932
0.042500,36.016984,0.038559,38.635973
0.035298,29.913204,0.002432,2.061170
0.014721,12.475271,0.026910,22.805213
0.054273,45.993450,0.031708,26.870655
0.053883,45.663346,0.026269,22.261478
0.023901,20.255133,0.020734,20.775423
0.013625,11.546127,0.022449,19.024511
0.018187,15.412817,0.026577,22.522803
0.010014,8.486604,0.024185,20.495472
0.022997,19.488840,0.054157,45.895212
0.030421,25.780190,-0.004285,-3.631420
0.010075,8.537679,0.030416,25.775758
0.054994,46.604716,0.031649,26.820770
0.024413,20.688718,0.023361,19.797564
0.065634,55.621827,0.024764,20.986032
0.060655,51.402432,0.046219,39.168647
0.034239,29.015646,0.061654,52.248464
0.041571,35.229228,-0.000106,-0.089769
0.048069,40.735925,0.065032,55.111498
0.046459,39.372166,0.048638,41.218677
0.030986,26.259393,0.047964,48.059324
0.015594,13.215138,0.055221,46.797378
0.043481,36.847995,0.004397,3.726324
0.024628,20.870972,0.034033,34.100861
0.017972,15.230818,0.001877,1.590960
0.036694,31.096330,0.043757,43.844127
0.007403,6.273937,0.038645,38.721851
0.012085,10.241818,0.030467,25.819247
0.030454,25.807993,0.031555,26.741645
0.021779,18.457014,0.046145,39.106099
0.013909,11.787432,0.001979,1.676997
0.046115,39.079900,0.041942,35.544097
0.050523,42.815903,0.051093,43.298571
0.007963,6.747947,0.032997,27.963689
0.043592,36.941880,0.011613,9.841751
0.026912,22.806892,0.046176,39.131632
0.030336,25.708641,0.043533,36.891945
0.013729,11.635050,0.015451,13.094060
0.027818,23.574364,0.032599,27.626173
0.045033,38.163451,0.020952,17.755705
0.024895,21.097684,0.074353,63.010625
0.033360,28.270756,0.063934,54.180948
0.057618,48.828705,0.005453,4.621573
0.058892,49.907772,0.050614,42.892792
0.026970,22.856132,0.046533,39.434240
0.052875,44.808757,0.049475,41.927802
0.061624,52.223007,0.025725,21.800569
0.032254,27.333414,0.018610,15.771055
0.041233,34.942586,0.037340,31.643483
0.048902,41.442452,0.033516,28.403069
0.011571,9.806013,0.050285,50.385148
0.053517,45.352755,0.034428,29.176220
0.017866,15.140429,0.022194,18.808667
0.035658,30.218773,0.044662,37.849311
0.017406,14.751057,0.030045,25.461981
0.030764,26.070700,0.037110,31.449108
0.009847,8.344750,0.060121,50.949495
0.050625,42.902024,0.008010,6.787784
0.015016,12.725176,0.029518,25.014944
-0.002224,-1.884861,0.023591,19.992157
0.008005,6.783684,0.026378,22.354310
0.018877,15.997284,0.062666,53.106328
0.034199,28.981876,0.000565,0.566400
0.010264,8.698300,0.021941,18.594041
0.021401,18.136180,0.023942,20.290123
0.056514,47.893188,0.029157,24.709141
0.017075,14.470190,0.016394,13.892974
0.011202,9.493560,-0.022944,-22.989597
0.027190,23.042185,0.029169,24.719421
0.037034,31.384351,0.002486,2.106444
0.035505,30.089009,0.050638,42.913574
0.025327,21.463249,0.037887,37.962462
0.043426,36.801171,0.040949,34.702283
0.037355,31.656410,0.027162,23.018784
0.030084,25.494430,0.021659,18.355329
0.043851,37.161465,0.017319,14.676906
0.058170,49.296303,0.032536,27.572793
0.029958,25.388382,0.052727,44.683864
0.014980,12.695122,0.022789,19.312691
0.015090,12.788374,0.056686,48.038747
0.004815,4.080638,0.041251,34.958286
0.054598,46.268980,0.041075,34.809446
0.001643,1.392783,0.015169,12.855115
0.002823,2.392413,0.039252,33.264222
0.040360,34.203199,0.036213,36.285376
0.011125,9.427641,0.032404,32.468415
-0.003007,-2.547903,0.034028,28.837047
0.054634,46.299767,0.058031,49.178716
0.023437,19.861367,0.028431,24.094322
0.045025,38.156857,0.032092,27.196205
0.004539,3.846339,0.066600,56.440226
0.050581,42.865245,0.037723,31.968253
0.068152,57.755231,0.031068,26.328819
0.030499,25.846399,0.017449,14.787229
0.009784,8.291530,0.030554,25.892782
0.008301,7.034351,0.047120,39.931769
0.047935,40.622255,-0.002522,-2.136931
0.053941,45.712635,0.051662,43.780704
0.056486,47.869055,0.029188,24.735572
0.032097,27.200976,0.018903,16.019247
0.033040,28.000192,0.010390,8.804845
0.034128,28.921943,0.032548,27.582728
0.060100,50.931627,0.046879,39.727878
0.010615,8.995686,0.013512,11.451195
0.051035,43.249650,0.039448,33.430500
0.027979,23.711038,0.038318,32.472417
0.045504,38.562289,0.007709,6.533156
0.029902,25.340290,0.046101,39.068556
0.033947,28.768496,0.030988,26.261084
0.036267,30.734968,0.044965,38.106056
0.024308,20.599722,0.049141,49.238878
0.008729,7.396988,0.029567,25.056945
0.025816,21.878159,0.050320,42.643898
0.007665,6.496032,0.062660,53.101149
0.040048,33.939195,0.051680,43.796473
0.031959,27.083473,0.007170,7.183990
0.048469,41.075228,0.031892,27.027350
0.022211,18.822759,0.039568,39.646627
0.003718,3.150918,0.036606,31.021616
0.000836,0.708534,0.024590,20.838927
0.048908,41.446783,0.041714,35.351022
0.031212,26.450284,0.029164,24.714805
0.013932,11.806368,0.029267,29.325842
0.025989,22.024378,0.031358,26.574036
0.020608,17.464414,0.061111,51.788642
0.019054,16.147391,0.044942,38.085935
0.034566,29.292825,0.036790,31.177438
0.024733,20.959942,0.053612,45.433194
0.060727,51.463479,0.041213,34.925788
0.008729,7.397178,-0.034626,-34.695275
0.046997,39.827824,0.065111,55.178711
0.027195,23.046590,0.022940,19.440388
0.031715,26.876810,0.035197,29.827613
0.054611,46.279854,0.007017,5.946490
0.028600,24.236928,0.025721,21.797454
0.030818,26.116919,0.052027,52.130843
0.023984,20.325419,0.032918,27.896105
0.036381,30.831510,0.005219,4.423024
0.023215,19.673372,0.038748,32.836694
0.058500,49.576132,0.035741,30.288705
0.055393,46.942524,0.023851,20.212778
0.010967,9.294136,0.052700,44.660574
0.034784,29.477951,0.047970,40.652368
0.030959,26.236424,0.038947,33.005785
0.065710,55.685849,0.062346,52.835175
0.004944,4.189510,0.047179,39.982275
0.018161,15.390912,0.004529,3.838429
-0.001210,-1.025759,0.065025,65.154954
0.004482,3.798116,0.004033,3.418098
0.063295,53.639334,0.038112,32.298342
0.028038,23.760683,0.010087,8.548126
0.017063,14.460144,0.052477,44.471567
0.062359,52.846009,0.002058,1.744015
0.045024,38.156090,0.017841,15.119755
0.029421,24.932712,0.049005,41.529066
0.060094,50.926559,0.030977,26.251127
0.013195,11.181909,0.031086,26.344238
0.019803,16.782294,0.035811,30.348310
0.057920,49.084148,0.011799,9.999144
0.044757,37.929216,0.050287,42.615847
0.026331,22.314499,0.019059,16.151461
0.025437,21.556526,0.025504,21.613266
0.039772,33.704766,0.021046,17.835746
0.030729,26.041564,0.012690,10.753856
0.017238,14.608222,0.035373,29.977326
0.066365,56.241272,0.030672,30.733328
0.033686,28.547569,0.005656,5.667011
0.063596,53.894167,0.049925,42.309186
0.006000,5.084558,0.014837,12.573966
0.023965,20.308830,0.027509,23.312696
0.032206,27.292818,0.027537,23.336691
0.024786,21.005159,0.018026,15.276399
0.029676,25.149368,0.030584,25.918147
0.043013,36.451260,0.067010,67.143869
0.073981,62.695193,0.016429,13.922944
0.051886,43.971252,0.053044,53.149569
0.033513,28.401056,0.019030,16.127408
0.018715,15.860055,0.028864,24.460503
0.031210,26.448574,0.059447,59.566077
0.021945,18.597430,0.034288,29.057637
0.011497,9.742796,0.007194,7.208306
0.031612,26.789331,0.011903,10.087383
0.016864,14.291602,0.020613,17.468764
0.064405,54.580140,0.035907,30.429546
0.062335,52.825839,0.072706,72.850703
0.021021,17.814077,0.027943,23.680750
0.057584,48.799581,0.022311,18.907756
0.029604,25.087969,0.028116,23.826718
0.056282,47.695960,0.011374,9.638813
0.017428,14.769230,0.029928,25.362787
0.003520,2.982968,-0.002425,-2.055121
0.033801,28.645120,0.023861,20.221333
0.025351,21.484131,0.016040,13.592719
0.016676,14.131906,0.024271,20.568587
0.023730,20.110127,-0.004106,-3.479299
0.043937,37.234461,0.030313,25.688530
0.027850,23.601363,0.045625,38.665058
0.035176,29.809597,0.030437,25.794208
0.046703,39.578373,0.044289,37.533079
0.014011,11.873505,0.010054,8.519974
0.057199,48.473827,0.053621,45.440827
0.014271,12.094067,-0.005659,-4.796021
0.009057,7.675261,0.018897,16.014449
0.031452,26.653736,0.010683,10.704771
0.054004,45.765575,0.041273,41.355490
0.051870,43.957371,0.035836,30.369565
0.025451,21.568339,0.016529,14.007262
0.053099,44.998659,0.014564,12.342439
0.057783,48.967976,0.005878,4.981173
0.008560,7.254226,0.010790,9.144400
0.024444,20.715257,0.015282,12.950923
0.040210,34.075774,0.010385,8.800427
0.012846,10.886594,0.003911,3.314780
0.021506,18.225425,0.019000,16.101977
0.022024,18.664021,0.025412,21.535105
0.020420,17.305211,0.004757,4.031508
0.028099,23.812773,0.017910,15.178246
0.034697,29.403773,0.011316,9.589544
0.044710,37.889570,0.046843,39.696990
0.028256,23.945992,0.045763,38.782296
0.026695,22.623056,0.011314,9.587974
0.054425,46.122940,0.025805,21.868574
0.010534,8.927043,0.064783,64.912333
0.008187,6.938395,0.026098,22.116928
0.013470,11.415602,0.020018,16.963886
0.010225,8.665317,0.033558,28.439051
0.006344,5.376139,0.069787,59.140881
0.050748,43.006835,0.010810,9.160632
0.021680,18.373143,0.004756,4.030535
0.049955,42.334461,0.005057,4.285793
0.017833,15.112881,-0.012943,-12.969074
0.024111,20.432802,0.016965,14.377361
0.062507,52.971497,0.005249,4.448309
0.045072,38.196235,-0.018609,-18.645841
0.051752,43.857623,0.038176,32.352145
0.044632,37.823175,0.021744,18.426656
0.000254,0.215226,0.048205,40.851190
0.009385,7.953126,-0.005103,-4.324465
0.044321,37.560192,0.039900,33.813374
0.000143,0.121339,0.028427,28.484000
0.037018,31.371172,0.012614,10.689926
0.018307,15.514077,0.011199,9.490313
0.021706,18.394968,0.034054,28.859510
0.023112,19.585985,0.057461,48.695715
0.020909,17.719574,0.064270,54.465609
0.037940,32.152037,0.026063,22.087185
0.040580,34.389636,0.003819,3.826783
0.012881,10.916086,0.059846,50.716410
0.048096,40.758875,0.040527,34.344448
0.024233,20.536717,0.012637,10.709235
0.001114,0.944319,0.027392,23.213279
0.019424,16.460810,0.014169,12.007255
0.029116,24.674752,0.050770,50.871665
0.023427,19.853511,0.053005,44.919175
0.061649,52.244661,0.000672,0.569210
0.017184,14.562949,0.051224,43.409879
0.015641,13.255037,0.016744,14.189943
0.054488,46.176346,-0.001097,-0.929742
0.024069,20.396993,0.042763,36.239585
0.008951,7.585923,0.034996,29.657022
0.034339,29.100413,0.016256,13.775969
0.026676,22.606340,0.014087,11.938389
0.014607,12.378935,0.023825,20.190620
0.045539,38.592448,0.003939,3.338448
0.056067,47.514040,0.013482,13.508726
0.028919,24.507341,0.024761,20.983449
0.014971,12.687487,0.023041,19.525864
0.046582,39.475771,0.026449,22.414263
0.016747,14.192033,0.031014,26.282693
0.056895,48.215844,0.054186,45.919726
0.024159,20.473729,0.029223,24.764953
0.036064,30.562652,0.030292,25.670905
0.057733,48.926080,0.038134,32.316859
0.005991,5.077148,0.037395,31.690699
0.021111,17.890149,0.010738,9.100204
0.022044,18.681017,0.052928,44.853765
0.022726,19.259479,0.031455,26.656243
0.007178,6.082998,0.049777,42.183573
0.026490,22.449150,0.020032,16.976417
0.015967,13.530936,0.031349,26.566560
0.032386,27.445373,0.059600,50.507880
0.056061,47.508900,0.029553,25.044635
0.035804,30.342084,0.021067,17.852941
0.003449,2.922567,0.035189,29.820912
0.020617,17.472287,-0.016798,-16.831600
0.054817,46.454493,0.029818,25.268936
0.006054,5.130827,0.006790,5.754003
0.008733,7.401214,-0.001947,-1.951292
0.055758,47.252257,0.092292,92.476116
0.035459,30.050072,0.064072,54.298224
0.029880,25.321702,0.005201,5.211660
0.025328,21.464028,0.027324,23.155590
0.017567,14.887058,0.021595,18.300609
0.053436,45.284202,0.033445,28.343444
0.031284,26.511347,0.016268,13.786525
0.035608,30.175908,0.029350,24.872375
0.027874,23.622192,0.018058,15.303054
0.024211,20.518086,0.060049,50.888311
0.028869,24.465335,0.023126,19.598332
0.010477,8.878378,0.000530,0.449302
0.021273,18.027669,0.027736,23.504703
0.005276,4.470751,0.025972,22.009850
0.006477,5.488897,-0.002182,-2.185933
0.037889,32.109488,0.029983,30.042400
0.017960,15.219877,0.037539,31.812470
0.030742,26.052333,0.017655,14.961803
0.027472,23.281485,0.040257,34.116303
0.042172,35.739179,0.039471,33.450079
0.025065,21.241270,0.057367,48.615381
0.041283,34.985020,0.026906,22.801594
0.034372,29.128796,0.009473,8.027707
0.015355,13.012637,0.027650,23.432020
0.054102,45.849061,0.033326,33.392959
0.039108,33.142237,0.014637,12.404093
0.019549,16.566778,0.041065,34.800825
0.046994,39.824927,-0.000174,-0.147136
0.049603,42.036387,0.048041,40.712590
0.026393,22.366488,0.014054,11.910012
0.007537,6.387126,0.023863,20.222623
0.028458,24.117022,0.021581,18.289272
0.055423,46.968671,0.053481,45.322573
0.048916,41.453896,0.041337,35.031238
0.005795,4.910570,0.045997,38.979937
0.002112,1.789670,0.017351,14.703775
0.051846,43.936759,0.029451,24.958567
0.024889,21.092132,0.010213,8.655424
0.034650,29.364167,0.035791,30.331078
0.025555,21.657038,0.043112,36.535286
0.015493,13.129565,0.014079,11.931313
0.002830,2.397936,0.050486,42.784149
0.004432,3.755542,0.045892,38.891393
0.046175,39.130749,0.046131,39.093940
0.045815,38.826103,0.003779,3.787027
0.028324,24.003304,0.042899,36.355063
0.031477,26.675642,0.059716,50.606449
0.039852,33.772784,0.027914,23.656103
0.060567,51.327521,0.029908,25.345332
0.042939,36.388696,0.030955,26.232840
0.025288,21.430290,0.003785,3.792102
0.015677,13.285256,0.016312,13.823752
0.024496,20.759062,0.022162,18.780942
0.051094,43.299585,0.026239,26.291700
0.037132,31.467895,0.045316,38.402881
0.044423,37.646009,0.010584,8.969408
0.044168,37.430189,0.032421,27.475230
0.037178,31.506989,0.025584,21.681100
0.045915,38.910878,0.061243,51.900522
0.026081,22.102608,0.029047,24.615687
0.020891,17.704487,0.011876,10.064572
0.011704,9.918255,0.031437,26.641713
0.045624,38.664409,0.041893,35.502718
0.025725,21.800553,0.024777,24.826223
0.033395,28.301094,0.010423,8.833088
0.035450,30.041824,0.029393,24.908906
0.045391,38.466588,0.010189,8.634857
0.048540,41.135317,0.056628,56.741220
0.027018,22.896164,0.053003,44.917140
0.033751,28.602403,0.023252,23.298793
0.018661,15.814184,0.010266,8.699631
0.021016,17.810464,0.004476,4.484446
0.022875,19.385665,0.054070,45.821528
0.055924,47.392897,0.076632,76.785137
0.025422,21.544283,0.011194,9.486210
0.042344,35.884598,0.021877,21.920269
0.026195,22.198708,0.061868,52.430197
0.025604,21.698253,0.002832,2.399694
0.052371,44.381783,0.031841,26.983310
0.052724,44.681039,0.022293,22.337899
0.057476,48.707936,0.049695,42.113742
0.035382,29.984597,0.048220,40.864283
0.025380,21.507945,0.059249,50.210922
0.045716,38.742435,0.036758,31.150626
0.026799,22.711271,0.044113,37.383310
0.011526,9.767527,0.023250,19.703651
0.016365,13.868355,0.049707,42.124465
0.018136,15.369070,0.010679,9.050024
0.044815,37.978703,0.049573,42.010533
0.023622,20.018909,0.006924,5.867345
0.035749,30.295162,0.013689,11.600727
0.019695,16.690852,0.020196,17.115224
0.042968,36.413579,-0.023801,-23.848969
0.045881,38.882263,0.053444,45.290861
0.022561,19.119452,0.043151,36.568229
0.053514,45.350612,0.010265,8.699134
0.024828,21.040637,0.050100,42.457504
0.060882,51.594611,0.075949,64.363079
0.051514,43.655429,0.058412,49.501663
0.035173,29.807598,0.019236,16.301346
0.021817,18.488815,0.036345,36.417708
0.049389,41.855226,0.023131,19.602563
0.028824,24.426642,0.055898,47.370560
0.024747,20.972280,0.022810,22.855626
0.048867,41.412368,0.007268,6.159149
0.046196,39.149194,0.013900,11.779307
0.012495,10.588731,0.034244,29.020494
0.043160,36.575703,0.029524,25.020562
0.060526,51.292764,0.039589,39.667569
0.004434,3.757296,0.027211,23.060234
0.017823,15.104383,0.056597,47.963452
0.037115,31.453574,0.061440,52.067687
0.055733,47.231259,0.058874,49.893220
0.021133,17.908984,0.009095,7.707307
0.033191,28.127724,0.024897,21.099413
0.006678,5.659143,0.056387,47.785111
0.034618,29.337049,0.047217,40.014285
0.023983,20.324162,0.030007,25.429104
0.052797,44.743051,0.073616,62.386174
0.041334,35.028615,0.014964,12.681367
0.002128,1.803294,0.042894,36.350463
0.048411,41.025939,0.016668,14.124918
0.055035,46.639823,0.028226,23.919826
0.064136,54.352215,0.014100,11.948977
0.007059,5.981840,0.018678,15.828809
0.018813,15.943194,0.025048,21.226813
0.027005,22.885566,0.042222,35.781125
0.017688,14.989744,0.028061,23.780224
0.027067,22.938269,0.017466,14.801315
0.024123,20.442938,0.054518,46.201179
0.043016,36.454428,0.014746,12.496272
0.035026,29.682668,0.152840,153.144396
0.030415,25.775483,0.028798,24.404588
0.029944,25.376530,0.016588,14.057513
0.031165,26.410737,0.003223,2.731546
0.001389,1.176688,0.024556,20.809974
0.023458,19.879849,0.035058,29.710151
0.036792,31.179716,0.030107,25.514502
0.049101,41.610494,0.060806,51.530310
0.026927,22.819220,0.024661,20.899269
0.034283,29.053097,0.030970,26.245585
0.015023,12.731142,0.000120,0.101472
0.051313,43.485297,0.032164,27.257781
-0.001424,-1.206928,0.056292,47.704502
0.016305,13.817473,0.006297,5.336683
0.058538,49.608229,0.038836,32.911351
0.011633,9.858297,0.041146,34.869544
0.008560,7.254021,0.053338,45.201680
0.020817,17.641634,0.057444,48.681058
0.008966,7.598273,0.015505,13.139947
0.003117,2.641594,0.000922,0.781299
0.012177,10.319751,0.009178,7.777526
0.016543,14.019705,0.035803,30.341089
0.032955,27.927952,0.036971,31.331035
0.011711,9.924486,0.014473,12.264878
0.040152,34.027164,0.077103,77.256803
0.023946,20.293481,0.039197,33.217794
0.027314,23.147537,0.046019,38.998595
0.036096,30.590031,0.048108,40.769490
0.026934,22.824987,0.067597,57.284975
0.036113,30.603709,0.022614,19.164384
0.019284,16.342212,0.050534,42.824928
0.012374,10.486457,0.015698,13.303218
0.010752,9.111918,0.063222,53.577799
0.002168,1.837420,0.018038,15.286074
0.016906,14.326999,0.051357,43.522859
0.038122,32.306764,0.027769,23.533214
0.062032,52.568881,0.021382,18.120179
0.024149,20.465072,0.056551,47.924350
0.037992,32.196653,0.048645,41.224692
0.032007,27.124593,0.023869,20.228257
0.020401,17.288637,0.057008,48.311583
0.046637,39.522294,0.043374,36.757083
0.022810,19.330342,0.063517,53.828052
0.025238,21.388357,0.038707,32.802632
0.010178,8.625213,0.059221,50.187030
0.020095,17.029892,0.031553,26.739857
0.022324,18.918517,0.139775,140.053345
0.052025,44.088903,0.029201,24.746121
0.032802,27.798166,0.054910,46.534015
0.030774,26.079164,0.056273,47.688526
0.063185,53.546501,0.014051,11.907315
0.033767,28.616050,0.001232,1.234555
0.022424,19.003540,0.034908,29.582812
0.059614,50.519666,0.026516,22.470712
0.048125,40.783563,0.041664,35.308039
-0.001099,-0.931259,0.025268,21.413043
0.028483,24.138065,0.025117,21.285552
0.009456,8.013542,0.061358,51.997576
0.002125,1.800658,0.039160,33.186213
0.016696,14.149369,0.019628,16.633955
0.030459,25.812213,0.020532,17.399799
0.032902,27.882682,0.043391,36.772004
0.006695,5.673319,0.015381,13.034714
0.016979,14.388616,0.030049,25.465325
0.023579,19.982070,0.066914,67.047857
0.031605,26.783522,-0.001419,-1.202570
0.058298,49.404964,0.007267,6.158094
0.031774,26.926834,0.011280,11.302527
0.034887,29.565321,0.041737,35.370008
0.045278,38.371203,0.051742,43.848957
0.000084,0.071077,0.029687,25.158686
0.033318,28.235591,0.049624,42.053948
0.025972,22.010363,0.001301,1.102160
0.032132,27.229927,0.008655,8.672362
0.009730,8.245338,0.013407,11.361670
0.049037,41.556902,0.023403,19.832579
0.019105,16.190363,0.010746,9.106593
0.012266,10.395087,0.012297,10.421168
0.013277,11.251895,0.029590,25.076429
0.057333,48.586982,0.037620,37.695517
0.043585,36.936286,0.040834,34.604790
0.005198,4.405435,0.018388,15.583353
0.015287,12.955234,-0.020912,-20.954015
0.011206,9.496317,0.006350,5.380942
0.052274,44.299657,0.012730,10.788388
0.011534,9.774791,0.051421,43.576970
0.010412,8.823591,0.027676,23.454276
0.030292,25.671199,0.037869,32.092591
0.022704,19.240747,0.006547,5.548641
0.031745,26.902546,0.043078,36.506688
0.002679,2.270552,0.007081,6.001091
0.034036,28.843553,0.033248,33.313926
0.001540,1.305053,0.026889,22.786741
0.066864,56.663648,0.042571,42.656088
0.037210,31.533577,0.009535,8.080079
0.004287,3.633385,0.027194,23.045282
0.017499,14.829429,0.028770,24.381313
0.034509,29.244526,0.001751,1.483918
0.024177,20.488805,0.024071,20.399122
0.053232,45.111736,0.015980,13.541952
0.011959,10.134736,0.030717,26.030882
0.012109,10.261690,0.025674,21.757745
0.050634,42.909532,0.037171,31.500501
0.026681,22.610601,0.054505,46.190499
0.029556,25.047415,0.019324,16.376528
0.050409,42.719605,0.048799,41.354969
0.071695,60.758013,0.041486,35.157527
0.020004,16.952842,0.044977,38.115879
0.023226,19.683256,0.048416,41.030284
0.035562,30.136907,0.012861,10.899279
0.028767,24.378950,0.022505,19.071863
0.073247,62.073289,0.021236,17.996672
0.025960,21.999575,0.047242,47.335834
0.050845,43.088769,0.030319,25.693631
0.016576,14.047091,0.054105,45.851244
0.041775,35.402351,0.011246,9.530255
0.018841,15.966795,0.029935,25.368654
0.044294,37.536677,0.022419,18.999077
0.003239,2.744726,-0.000519,-0.520008
0.006178,5.235853,0.056622,47.984692
0.029564,25.054035,0.003233,2.740131
0.032174,27.265884,0.014132,11.976027
0.045496,38.555801,0.013232,11.213823
0.044991,38.127657,0.009875,8.368666
0.015343,13.002215,0.023639,20.033323
0.034330,29.093219,0.062806,53.225070
-0.000072,-0.061090,0.012768,10.820491
0.033903,28.731397,0.050882,43.119937
0.026963,22.849817,0.031218,26.455505
0.034505,29.240986,0.007127,6.039962
0.033217,28.149742,0.005205,4.410852
0.016986,14.394732,0.046213,39.162911
0.027327,23.158219,0.049365,49.463915
0.014519,12.304503,0.049534,41.977304
0.038938,32.997749,0.079412,67.297581
0.030379,25.744776,0.064464,54.630147
0.023647,20.039748,0.006525,5.529951
0.049210,41.703207,-0.000210,-0.177760
0.037692,31.942194,0.050703,42.968732
0.017249,14.617666,0.066035,55.961147
0.020758,17.591359,0.018047,15.294304
0.041636,35.284334,0.028412,24.077861
0.013781,11.678876,0.019066,16.157911
0.023499,19.914105,0.026735,22.656786
0.009946,8.428521,0.038158,32.336743
0.028388,24.057359,0.030538,30.599165
0.034186,28.971045,0.020403,17.290908
0.040919,34.676685,0.065319,55.354469
0.015646,13.259123,0.043926,37.225247
0.029496,24.996683,0.015047,12.751949
0.038218,32.387594,0.064103,64.231221
0.010575,8.961661,0.049050,41.567340
0.027456,23.267294,0.009185,7.783449
0.043698,37.031763,0.023002,19.493457
0.019440,16.474238,0.017856,15.131796
0.045032,38.162142,0.009258,9.276307
0.015087,12.785887,0.046464,39.376379
0.023213,19.672309,0.012495,10.588645
0.003188,2.701444,0.029347,24.870056
0.019429,16.465248,0.009429,7.990414
0.055975,47.436151,0.047789,40.498990
0.021968,18.616426,0.013425,11.376637
0.012511,10.602116,0.032031,27.145007
0.012393,10.502083,0.058334,58.450415
0.027061,22.933324,0.036337,30.793663
0.016402,13.899938,0.025668,25.718906
0.029919,25.354863,0.050771,43.025904
0.021606,18.310116,0.055682,47.187441
0.018561,15.729696,0.011749,9.956957
0.056305,47.716120,0.012722,10.781188
-0.002282,-1.933550,0.043378,36.760486
0.036597,31.014390,0.041733,35.366778
0.036289,30.753485,0.017897,15.167207
0.020024,16.969422,0.014263,12.087082
0.036217,30.692170,0.021003,17.799258
0.025526,21.632017,0.016733,14.180786
0.016474,13.960952,0.037308,31.616339
0.055105,46.699046,0.044406,37.632071
0.030898,26.184446,0.028210,23.906431
0.006217,5.268189,0.049783,42.189008
0.024660,20.898126,0.010521,8.916299
0.031165,26.411061,0.021081,17.865051
0.032906,27.886007,0.022247,18.853509
0.023575,19.978291,0.017100,14.491495
0.008859,7.507265,0.015920,13.491380
0.023984,20.325245,0.055787,47.276680
0.062611,53.059517,0.061850,52.415313
0.031217,26.455199,0.058526,49.598370
0.011065,9.376995,0.028580,24.220569
0.024167,20.480092,0.019882,16.848789
0.047663,40.392481,0.046652,39.535331
0.040274,34.130141,0.062937,53.335686
0.026997,22.878280,0.012470,10.567319
0.056429,47.820662,0.056431,47.822933
0.018279,15.490614,0.060856,60.977571
0.031519,26.710536,0.026034,26.085446
0.006689,5.668858,0.040372,34.213402
0.035978,30.489725,0.041838,35.455945
0.012205,10.343339,0.000336,0.336197
0.018950,16.059200,0.023185,19.648399
0.019361,16.407434,0.066410,56.279463
0.020190,17.109882,0.053574,45.401248
0.026723,22.646095,0.040222,34.086640
0.038256,32.419974,0.027213,23.061555
0.034354,29.113429,0.038807,32.887410
0.026121,22.136517,0.049743,42.154969
0.033379,28.287204,0.040132,34.009931
0.060281,51.085220,0.010206,8.649185
0.001426,1.208283,0.009106,7.716732
0.021564,18.274500,0.010338,8.761369
0.056180,47.609668,0.041360,35.050384
0.020780,17.609799,0.036367,30.819144
0.033258,28.184303,0.052515,44.503844
0.021209,17.973673,-0.006911,-5.856668
0.034675,29.385554,0.028604,24.240276
0.011728,9.938969,0.023104,19.579375
0.050669,42.939943,0.000097,0.082232
0.033988,28.803491,0.037215,31.537607
0.032250,27.330598,0.026409,22.379999
0.019769,16.753047,0.016838,14.269058
0.020060,16.999619,0.006148,5.210378
0.031049,26.312409,0.058162,49.289682
0.040196,34.064457,0.039650,39.729325
0.055988,47.446914,0.002410,2.042481
0.030869,26.160241,0.005351,4.534683
0.011663,9.883877,0.019671,16.670153
0.026610,22.550404,0.061850,52.415268
0.030674,25.994946,-0.011827,-11.850749
0.042417,35.946660,0.028202,23.900132
0.038335,32.486867,0.017780,15.068019
0.052279,44.304212,0.022727,19.259882
0.042117,35.691759,0.015276,12.946018
0.054091,45.839658,0.022286,18.886535
0.040949,34.702327,0.051241,43.423994
0.019897,16.862160,0.003730,3.161128
0.009032,7.653826,0.026476,22.437161
0.028473,24.129595,0.043916,37.216748
0.007081,6.001203,0.028630,24.262976
0.025557,21.658368,0.021630,18.330676
0.044994,38.130573,0.010300,8.729172
0.001102,0.934030,0.010413,8.824301
0.017597,14.912265,0.033697,28.556391
0.010360,8.779730,0.022070,22.114327
0.028483,24.138138,0.050973,43.197246
0.028603,24.239807,0.022012,18.654463
0.009260,7.847137,0.005435,4.605949
0.008121,6.882425,0.004378,3.710492
0.056434,47.825502,0.020911,17.721098
0.028201,23.898654,0.049517,41.963049
0.044312,37.552131,0.023006,19.496506
0.040892,34.653632,0.012534,12.559314
0.020565,17.427659,0.014026,11.886184
0.028762,24.374099,0.021694,18.384905
0.026247,22.242948,0.027560,23.355745
0.009641,8.170277,0.028816,24.420562
0.042032,35.619758,0.048130,40.787810
0.034119,28.914131,0.049379,41.846518
0.007165,6.071945,0.047572,40.315041
0.020103,17.036115,0.061059,51.744765
0.052800,44.745289,0.022547,19.107569
0.031319,26.541507,0.020546,17.411944
0.036786,31.174227,0.006368,5.396722
0.025478,21.591579,0.026910,22.805320
0.050217,42.556628,0.010649,9.024771
0.044084,37.359090,0.014134,11.977845
0.009676,8.199619,0.028373,24.044798
0.050521,42.813955,0.024390,20.669313
0.057521,48.746572,0.003121,2.644843
0.039542,33.510268,0.032766,27.768026
0.036477,30.912523,0.003079,2.609259
0.011625,9.851527,-0.004699,-3.981824
0.061435,52.063627,0.035688,30.243506
0.015314,12.977714,0.060051,50.890225
0.023300,19.745364,0.027643,23.426253
0.012184,10.325446,0.027676,23.453892
0.031488,26.684303,0.038644,32.748828
0.027057,22.929194,0.035458,30.049385
0.012924,10.952112,0.021379,18.117350
0.060537,51.302501,0.071464,60.562071
0.037725,31.969960,0.013108,11.108222
0.050372,42.687995,0.001083,0.918017
0.041116,34.843749,0.029087,24.650054
0.005303,4.494453,0.029897,25.336368
0.041890,35.500070,0.009837,8.336424
0.060006,50.852323,0.054648,54.756663
0.007879,6.677021,-0.000532,-0.450806
0.007600,6.440722,0.040894,34.655493
0.042271,35.822860,0.045901,38.899280
0.011761,9.967192,0.030401,25.763311
0.005095,4.318165,0.009135,7.741706
0.011356,9.623805,0.026393,22.366558
0.020822,17.645572,0.022813,19.332533
0.039080,33.118052,0.026774,22.689832
0.011323,9.595754,0.058568,49.633839
0.052351,44.364845,0.015591,13.212427
0.022946,19.445346,0.007133,7.147120
0.026849,22.752998,0.044596,37.792795
0.055794,47.282572,0.036409,30.855157
0.007737,6.556568,0.034598,29.320238
0.052924,44.850956,0.021108,17.888128
0.023340,19.779688,0.033641,28.508818
0.063616,53.911865,0.032323,27.392236
0.013642,11.561338,-0.005079,-4.304010
0.027505,23.309027,0.064935,55.029096
0.026370,22.346896,0.048027,40.700176
-0.001000,-0.847153,0.017511,14.839775
0.054689,46.346261,0.068870,58.364022
0.045241,38.339618,0.060002,50.848531
0.008169,6.922766,0.011083,9.392036
0.025973,22.010913,0.007493,6.350280
0.065188,55.243688,0.033845,33.912123
0.051239,43.422619,0.046820,39.677910
0.028669,24.295446,0.050738,42.997769
0.030240,25.627008,0.033062,28.018599
0.021344,18.088207,0.028306,23.988396
0.047706,40.428780,0.021861,21.904843
0.053989,45.752998,0.024304,20.596719
0.029876,25.318158,0.019800,16.779356
0.059291,50.246048,0.048621,41.204187
0.009360,7.932100,0.024958,21.151058
0.036228,30.701256,0.015976,13.538718
0.027650,23.431909,-0.000134,-0.113353
0.014039,11.897127,0.028322,24.001368
0.043657,36.997173,0.050357,42.674790
0.017834,15.113829,0.048215,40.860273
0.028879,24.473481,0.018369,15.566775
0.014409,12.210621,0.030790,26.093152
0.032488,27.532333,0.048640,41.220155
0.033973,28.790367,0.057454,48.689517
0.021200,17.966135,0.030628,30.688722
0.037916,32.132336,0.060311,60.431397
0.040969,34.719269,0.055601,47.119105
0.022083,18.714193,0.035358,29.963995
0.022350,18.940583,-0.001970,-1.669650
0.025914,21.961074,0.013555,11.487058
0.035099,29.744948,-0.002930,-2.483328
0.064533,54.688665,0.070201,59.491678
0.056315,47.724587,0.023817,20.183722
0.002552,2.162297,0.033751,28.602643
0.062770,53.194427,0.016962,14.374416
0.023290,19.737213,0.020416,17.301628
0.041105,34.834405,0.045948,38.938628
0.023448,19.871102,0.064613,54.756701
0.044433,37.654756,0.027844,23.596837
0.060407,51.191941,0.057798,48.981387
0.047261,40.051563,0.055207,46.785496
0.020526,17.395166,0.013973,11.841110
0.038745,32.834896,0.022381,18.966456
0.022977,19.472039,0.005198,4.404780
0.022028,18.668028,0.040855,34.622268
0.049816,42.216980,0.022655,19.198726
0.004952,4.196314,0.015431,13.077383
0.032553,27.586829,0.017141,14.526118
0.049530,41.973911,-0.002931,-2.483688
0.051257,43.438196,0.069252,58.687739
0.029471,24.975118,0.014873,12.604344
0.031932,27.061120,0.026511,22.466747
0.015941,13.508844,0.023332,19.773134
0.030813,26.112847,0.027055,22.927565
0.024799,21.016347,0.027144,23.003658
0.041084,34.816490,0.016493,13.976636
0.056009,47.465216,0.020566,17.428899
0.005194,4.401875,0.043484,36.850458
0.002959,2.507511,0.035029,29.685818
0.055576,47.097637,0.009752,8.264557
0.041173,34.891776,0.030333,25.705585
0.049786,42.191036,0.064008,54.243883
0.024087,20.412675,0.047600,40.338658
0.029559,25.049526,0.024205,20.512619
0.061004,51.698391,0.028030,23.754350
0.029091,24.652832,0.041265,41.347464
0.048654,41.232183,0.008354,7.079335
0.028599,24.236365,0.025687,21.768120
0.055651,47.161519,0.015142,12.832446
0.030689,26.007056,0.047514,40.265490
0.001245,1.054859,0.059311,50.263301
0.001673,1.417485,0.035434,30.028617
0.016783,14.222957,0.053795,45.588376
0.026126,22.140854,0.044884,38.036901
0.010798,9.150699,0.031609,31.672508
0.060401,51.187004,0.005874,4.978167
0.003685,3.123119,0.060226,51.038299
0.032214,27.300228,0.021174,17.944161
0.013418,11.370861,0.019269,16.329437
0.005467,4.633331,0.010162,8.611948
0.023482,19.899564,0.025612,21.705328
0.029845,25.291866,0.030743,26.053372
0.026508,22.463884,0.019463,16.494013
0.049889,42.278493,0.012198,10.337396
0.014419,12.219699,0.028785,24.393616
0.019220,16.288107,0.017952,15.213490
0.044764,37.935564,0.014443,12.239998
0.023266,19.716788,0.030877,26.166836
0.017807,15.090749,0.023029,19.515885
0.010704,9.071169,0.014712,12.467669
0.044305,37.546179,0.068497,58.047990
0.043822,37.137212,0.018211,15.433148
0.041478,35.151052,0.018359,15.558186
0.027655,23.436028,0.032140,27.237043
0.024369,20.651643,-0.011619,-9.846457
0.023031,19.517840,0.005576,4.725392
0.028025,23.750154,0.069927,59.259630
0.037675,31.927717,0.055104,46.698169
0.012703,10.765136,-0.001408,-1.193244
0.010741,9.102478,0.054491,46.178448
0.029618,25.099706,0.033616,28.487643
0.014223,12.052908,0.027147,23.005723
0.042017,35.607474,0.003265,2.767161
0.014390,12.194444,0.024041,20.373803
0.004758,4.032258,0.052096,44.149210
0.011488,9.735573,0.034272,29.044124
0.007568,6.413704,0.051040,43.254307
0.015645,13.258319,-0.002366,-2.004753
0.009984,8.461362,0.008611,7.297510
0.050800,43.050900,0.023515,19.927524
0.022654,19.198407,0.046046,39.021919
0.034563,29.290275,0.021350,18.092792
0.013171,11.162155,0.001094,0.926738
0.017487,14.819070,0.027370,23.194656
0.050454,42.757701,0.043824,43.911570
0.041959,35.557993,0.007076,5.996351
0.042656,36.148566,0.014425,14.453623
0.009200,7.796427,0.002231,1.890458
0.013743,11.646231,0.011991,10.162006
0.020064,17.003476,0.040277,40.357041
0.055225,46.800636,0.044405,37.630878
0.024159,20.473885,-0.000848,-0.719012
0.008987,7.616327,0.029116,24.674228
0.020089,17.024569,0.033540,28.423134
0.050311,42.635988,0.031000,26.271396
0.015504,13.138841,0.037835,32.063495
0.052481,44.475466,0.020957,20.998919
0.029098,24.659539,0.024551,20.805860
0.009586,8.123649,0.012839,10.880825
0.011553,9.790401,0.002825,2.393677
0.004899,4.151601,0.015701,13.306029
0.015871,13.449863,0.036453,30.892358
0.017341,14.695705,-0.003944,-3.342495
0.056246,47.665888,0.023975,20.317646
0.028407,24.073399,0.026067,22.090385
0.020257,17.167160,0.037985,32.190824
0.057843,49.019218,0.051055,43.267027
0.044778,37.947401,0.061124,51.799568
0.027418,23.235512,-0.001599,-1.355338
0.020054,16.995046,0.007924,6.715114
0.006969,5.905657,0.078719,78.876519
0.025876,21.928524,0.031619,26.795927
0.029043,24.612596,0.013212,11.196360
0.009073,7.688956,0.004233,3.586949
0.020094,17.028759,0.012673,10.739828
0.045054,38.181379,0.019447,16.480796
0.050445,42.749683,0.055249,46.820948
0.023975,20.317698,-0.023586,-23.633055
0.032285,27.359903,0.005947,5.039813
0.060596,51.352427,0.030005,25.427801
0.036997,31.353505,0.045166,38.275841
0.032531,27.568089,0.005532,4.688100
0.030255,25.640088,0.026862,22.764234
0.031915,27.046791,0.025560,21.660591
0.002475,2.097790,0.021959,18.609253
0.060086,50.920174,0.023614,20.011439
0.051577,43.709331,0.052207,44.242688
0.054472,46.162531,0.003748,3.755170
0.013373,11.332698,0.003986,3.378223
0.007169,6.075294,0.019100,16.186561
0.018055,15.300774,0.034495,29.232813
0.018880,16.000300,0.013674,11.588333
0.063278,53.625451,0.063984,54.223744
0.044407,37.632906,0.014285,12.105835
0.048353,40.976682,0.055177,46.759714
0.025179,21.338306,0.068758,58.268797
0.037478,31.761116,0.042368,42.452979
0.030262,25.645552,0.056673,48.027274
0.037762,32.001320,0.017493,14.824529
0.007704,6.529147,-0.012740,-12.765800
0.008938,7.574187,0.011529,9.770441
0.021630,18.330224,0.051541,43.678629
0.023142,19.611547,0.038124,32.308036
0.009067,7.683906,0.052841,44.780426
0.011261,9.543504,0.018819,15.948282
0.027307,23.141654,0.034688,29.396214
0.057129,48.414065,0.020040,16.982746
0.061519,52.134110,0.027284,23.122295
0.028757,24.369881,0.010348,8.769557
0.012043,10.206180,0.050519,42.812816
0.049292,41.772501,0.042401,35.932865
0.012174,10.316874,0.005377,4.556711
0.024162,20.475822,0.022586,19.140581
0.030182,25.578160,0.007678,6.506817
0.023530,19.940384,-0.005917,-5.928769
0.005774,4.893573,0.029291,24.822731
0.043491,36.856459,0.055124,46.715263
0.033044,28.003198,0.002013,1.705540
0.018266,15.479863,0.021907,21.950707
0.061864,52.426799,0.011430,9.686795
0.002190,1.855774,0.045254,45.343961
0.021047,17.836109,0.032021,27.136656
0.048426,41.038492,0.015199,12.880393
-0.002298,-1.947271,0.015313,12.977227
0.059440,50.372925,0.029507,25.005652
0.061765,52.342733,0.008778,7.438873
0.049624,42.053714,0.009827,9.846228
0.005593,4.739417,0.004032,4.039735
0.008079,6.846776,0.000251,0.212331
0.017656,14.962406,0.067881,57.525755
0.058670,49.719928,0.020336,17.233663
0.047668,40.396143,0.030171,25.568105
0.026143,22.155073,0.050975,43.199150
0.005358,4.540528,0.031604,31.667012
0.033309,28.227732,0.038926,32.987596
0.002563,2.171660,0.008871,7.518125
0.009353,7.926595,0.068868,58.362563
0.037830,32.059190,0.056297,47.708932
0.027837,23.590579,0.033278,28.201379
0.048805,41.360334,0.024060,20.389815
0.022516,19.080831,0.036857,36.930565
0.022321,18.916325,0.034081,28.882106
0.053271,45.144318,0.066646,56.479563
0.034271,29.043434,0.030517,25.861607
0.032644,27.664527,0.011774,9.977609
0.028190,23.889509,0.012455,10.555218
0.040004,33.901105,0.020454,17.334131
0.009717,8.234347,0.030325,25.698593
0.008706,7.377875,0.006796,5.758881
0.038563,32.680506,0.018427,15.616021
0.054218,45.947140,0.052985,44.902676
0.007438,6.303013,0.048509,41.108987
0.010176,8.623529,0.003950,3.347403
0.023308,19.752165,0.063692,53.976212
0.023228,19.684794,0.011530,9.771338
0.015511,13.145092,0.013256,11.233759
0.030476,25.827131,0.033654,28.520377
0.021434,18.164571,0.037346,31.648950
0.031846,26.988190,0.058590,49.652589
0.022650,19.194999,0.024865,21.072316
0.020113,17.045028,0.037905,32.122926
0.045682,38.713082,0.051226,43.411370
0.009177,7.777248,0.014191,12.025817
0.025178,21.336929,0.027084,22.952436
0.034553,29.281821,0.062911,53.314415
0.014459,12.253038,0.023098,19.574736
0.055929,47.397305,0.018497,15.675399
0.022120,18.745768,0.018099,15.338356
0.050691,42.958188,-0.003055,-3.060949
0.030295,25.673323,0.057384,48.629965
0.032181,27.271445,0.040115,33.995399
0.030193,25.587170,0.020810,20.851089
0.003333,2.824782,-0.007169,-6.075586
0.026927,22.819279,0.013192,11.179484
0.013217,11.201084,0.055628,47.142413
0.018907,16.023103,0.020911,17.720809
0.029661,25.135948,0.021907,21.950662
0.067782,57.441790,0.039833,39.912720
0.034984,29.647390,0.018504,15.681579
0.019812,16.790131,0.023581,19.983552
0.022181,18.797710,0.060276,51.081421
0.027357,23.183417,0.003719,3.726818
0.022088,18.718695,0.015996,16.027841
0.055620,47.135028,0.014154,11.995176
0.038571,32.687011,0.012362,10.476278
0.054055,45.808924,0.026877,22.777190
0.028859,24.456739,0.009853,8.349702
0.050836,43.081319,0.050842,43.086249
0.026266,22.259190,0.005359,5.369385
0.063054,53.435308,0.053462,53.568822
0.052563,44.544816,0.043650,36.991018
0.015692,13.298053,0.013752,11.654467
0.008307,7.040007,0.029654,25.130728
0.011061,9.373704,0.019042,16.137158
0.057311,48.568759,-0.001644,-1.393441
0.035796,30.335719,0.036214,30.689565
0.007488,6.346084,0.014754,12.502932
0.055611,47.127996,0.042699,36.185302
0.015759,13.355044,0.030521,25.865047
0.027724,23.494962,0.048232,48.327816
0.020888,17.701229,0.024229,24.276841
0.030531,25.873775,0.021734,18.418310
0.032530,27.567985,0.060545,51.309373
0.024816,21.030218,0.029910,25.347321
0.001839,1.558869,0.031547,26.734225
0.025926,21.971295,0.025030,21.212120
0.033119,28.066632,0.033270,28.194901
0.034597,29.319434,0.059622,50.526645
0.048582,41.171219,0.029134,24.689420
0.060254,51.062499,0.021939,18.592160
0.059567,50.479951,0.034315,29.080321
0.061779,52.354687,-0.030513,-30.574303
0.004750,4.025320,0.014756,12.505320
0.031097,26.352885,-0.019503,-19.542088
0.019543,16.561422,0.008303,7.036441
0.031083,26.341394,0.056081,47.525670
0.033997,28.811113,0.020630,17.483337
0.008406,7.123283,0.024381,20.661545
0.036588,31.006413,0.020405,17.292411
0.013244,11.223305,0.026603,22.544974
0.045665,38.698749,0.017274,14.639201
0.010338,8.761239,0.029502,25.001153
0.026957,22.845177,0.025361,21.492313
0.024525,20.783675,0.028040,23.762611
0.049532,41.975763,0.050549,42.837810
0.024073,20.400406,0.011798,9.997866
0.028939,24.524715,0.000176,0.176016
0.023527,19.938104,0.013107,11.107410
0.016996,14.403474,0.029048,24.616887
0.041370,35.059290,0.015156,12.844186
0.027574,23.367476,0.048931,41.466296
0.023340,19.779343,0.022803,19.324474
0.029599,25.083814,0.049546,41.988169
0.028941,24.525995,0.050069,42.431446
0.049968,42.345181,0.017053,14.451619
0.057168,48.447237,0.025561,21.661746
0.050350,42.669427,0.031577,26.760226
0.015734,13.333553,0.050096,42.454238
0.038758,32.845869,0.022829,19.346168
0.044460,37.677976,0.046514,39.418421
0.011829,10.024778,0.049229,41.718909
0.062027,52.565167,0.047454,40.215074
0.023388,19.820267,0.012567,10.649658
0.057971,49.127487,0.012237,10.370296
0.012815,10.860105,0.016976,14.386045
0.055326,46.886462,0.042083,35.663273
0.032831,27.822407,0.030052,25.467419
0.036541,30.966473,0.055470,47.008429
0.032663,27.680527,0.034033,28.841769
0.012757,10.811205,0.049484,49.582241
0.025484,21.596322,0.035679,30.236359
0.032345,27.410695,0.028261,23.949605
0.030948,26.227106,0.038934,32.994771
0.016516,13.996568,0.031290,26.516984
0.053884,45.663977,0.022065,22.109318
0.028249,23.939595,0.046991,39.822966
0.029485,24.986833,0.023696,20.080960
0.015340,12.999805,0.040405,34.241718
0.041002,34.746991,0.013906,11.784370
0.034442,29.187912,0.028895,24.487349
0.032584,27.613484,0.034934,29.605112
0.005243,4.443503,0.027083,27.136599
0.024905,21.105421,0.067705,57.377114
0.014067,11.921279,0.032219,27.304236
0.028852,24.450489,0.048307,40.937861
0.057367,48.615947,0.038480,32.609968
0.035195,29.825941,0.018953,16.061942
-0.001210,-1.025232,-0.001276,-1.081751
0.025064,21.240537,0.012074,10.232382
0.024051,20.381813,0.004123,3.494106
0.017814,15.096255,0.041217,34.929582
0.014974,12.689886,0.089268,89.446283
0.034818,29.506829,0.002643,2.648613
0.060481,51.254449,0.024304,20.596727
0.011696,9.911669,0.042799,36.269940
0.020819,17.642945,0.054173,45.908874
0.011348,9.616505,0.018838,15.964370
0.020765,17.597255,0.006634,5.622141
0.046573,39.468535,0.015523,13.154902
0.022180,18.796666,0.013801,11.695901
0.008442,7.153843,0.021636,18.335699
0.057119,48.405293,0.002417,2.048446
0.019727,16.717504,0.010861,9.204327
0.019798,16.778041,0.036261,30.729379
0.023826,20.191638,0.023478,19.896448
0.047699,40.422985,0.013494,11.435591
0.037384,31.680897,0.067181,67.314656
0.020935,17.741035,0.039246,33.259380
0.058942,49.950748,0.025737,21.811106
0.021340,18.084800,0.057930,49.092830
0.005187,4.395824,0.038370,32.516702
0.042655,36.147664,0.047573,40.315743
0.053608,45.429842,0.060769,51.498648
0.034591,29.314209,0.035537,30.115899
0.050232,42.569257,0.038455,32.588749
0.048597,41.183305,0.024773,20.993916
0.065058,55.133209,0.018810,15.940591
0.033265,28.190569,0.007087,6.006177
0.026954,22.842254,0.014434,12.231953
0.050380,42.694255,0.013386,11.344390
0.030216,25.606474,0.043339,36.727916
0.028154,23.859313,-0.021217,-21.259232
0.056785,48.122754,0.047257,40.047877
0.043865,37.173578,0.061535,52.148057
0.012973,10.994036,0.028984,24.562940
0.021472,18.196629,0.049905,42.292472
0.053303,45.171637,0.048664,41.240292
0.027274,23.113450,0.054419,46.117526
0.019940,16.898547,0.037399,31.694161
0.050368,42.684075,0.021642,18.340935
0.037713,31.960345,0.031431,26.635884
0.040883,34.646197,-0.000110,-0.093175
-0.009027,-7.649727,0.018866,15.987706
0.069498,58.896599,0.017853,15.129583
-0.001577,-1.336359,0.026624,22.562228
0.009145,7.749709,0.035596,30.165651
0.006217,5.268857,0.064948,55.040140
0.008528,7.226770,0.014465,12.258736
-0.000762,-0.645734,0.030114,25.520192
0.019456,16.488055,0.036310,30.770581
0.046184,39.138884,0.010607,8.989071
0.029720,25.186313,0.059338,50.286502
0.001430,1.211601,0.029445,24.953285
-0.002596,-2.199941,0.011418,9.676029
0.052975,44.893944,0.031605,26.783349
0.026224,22.223703,0.056329,47.736022
0.009954,8.435181,0.007821,6.628088
0.046432,39.348508,0.096890,97.083730
0.014052,11.908065,0.042180,35.745295
0.022972,19.467402,0.050421,42.729230
0.015796,13.386559,0.031200,26.440439
0.018019,15.270215,0.061187,51.852673
0.051010,43.228734,0.053940,45.711898
0.021638,18.337543,0.057762,48.950853
0.044580,37.779310,0.015065,12.766987
0.061082,51.764009,0.007621,6.458674
0.044195,37.453196,0.018344,15.545946
0.048152,40.806490,0.002498,2.117219
0.042914,36.367569,-0.008362,-7.086026
0.013265,11.241500,0.028408,24.074424
0.027315,23.148534,0.010967,9.294206
0.035016,29.674038,0.061346,51.987598
0.025007,21.191980,0.030208,25.599953
0.026599,22.541276,0.016132,13.670679
0.001753,1.485759,0.011425,9.681808
0.028658,24.286080,0.013809,11.702185
0.005803,4.917925,0.039053,33.095739
0.016668,14.125307,0.016495,13.978641
0.011601,9.831347,0.016379,13.880087
0.012138,10.286486,0.030982,31.043699
0.049917,42.302388,0.027336,23.166366
0.018401,15.593549,0.049478,41.930246
0.025349,21.482213,0.020815,17.639671
0.055360,46.915209,0.051693,43.807528
0.034946,29.614744,0.024593,20.841808
0.024853,21.061526,0.000623,0.528245
0.002284,1.935806,0.024841,21.051228
0.010127,8.581911,0.054806,46.445819
0.035626,30.190970,0.025093,21.265072
0.017896,15.166278,0.037113,31.451777
0.035465,30.054712,0.013753,11.654624
0.057966,49.123630,0.004288,3.634062
0.004792,4.061235,0.059150,59.267980
0.029713,25.179998,0.055114,46.706764
0.025583,21.680487,0.029265,24.800290
0.011177,9.471931,0.045317,38.404062
0.024419,20.693597,0.061634,52.232011
0.036196,30.674750,0.018385,15.580559
0.060103,50.934703,0.060074,60.193886
0.029028,24.599485,0.031944,27.071104
0.007128,6.040874,0.041827,41.910498
0.016057,13.607936,0.020961,17.763792
0.031634,26.808490,0.088924,89.101855
0.059893,50.756565,0.047654,40.384236
0.034776,29.470853,0.034287,29.056233
0.001108,0.938659,0.020652,17.501660
0.052205,44.241427,0.039095,33.131355
0.008810,7.466099,0.037803,32.035946
0.021504,18.223386,0.038286,32.445484
0.031395,26.605864,-0.005703,-4.832934
0.029871,25.314006,-0.009372,-7.942677
0.049847,42.242556,0.061449,52.074742
0.019716,16.708665,0.046947,39.785032
0.034013,28.824219,0.003655,3.097678
0.026619,22.558628,0.029864,25.308104
0.032145,27.241412,0.047403,40.171826
0.006407,5.429642,0.023466,19.886053
0.017756,15.047700,0.033614,28.485870
0.020777,17.607542,0.000551,0.551732
0.025662,21.747212,-0.007693,-6.519733
0.052992,44.908066,0.060162,50.984322
0.019002,16.103378,0.020594,17.452645
0.036456,30.895053,0.049385,49.483088
0.040715,34.503953,0.020873,17.688507
0.050400,42.711189,0.039712,33.653910
0.033145,28.088526,0.019337,16.387571
0.023082,19.560681,0.007840,6.644295
0.023273,19.722791,0.041652,35.298134
0.052398,44.404661,0.040858,34.625158
0.036752,31.145433,0.025467,21.582451
0.038388,32.531778,0.006029,5.109563
0.037704,31.952360,0.002938,2.489648
0.004933,4.180756,0.028851,24.449830
0.030168,25.565699,0.037872,32.094787
0.034298,29.066024,0.014123,11.968661
0.024155,20.469967,0.022654,19.198361
0.035501,30.085448,0.036119,30.609521
0.035214,29.841844,0.030968,31.029997
0.037133,31.468216,0.064313,54.502186
0.057167,48.445992,0.006678,5.659025
0.059595,50.503745,0.010016,8.488029
0.016342,13.848940,0.022098,22.141634
0.031826,26.971302,0.014001,11.865142
0.047386,40.157039,0.024303,20.595540
0.031764,26.918245,0.001208,1.023403
0.010424,8.833584,-0.025030,-21.212031
0.030961,26.238046,0.059435,50.368384
0.010667,9.039503,0.062802,53.221863
0.011504,9.748730,0.046605,39.495616
0.065178,55.234852,0.015810,13.398144
0.012483,10.578608,0.027752,23.518734
0.025511,21.619772,0.015075,12.775686
0.054444,46.138640,0.031151,26.399205
0.016735,14.182461,0.035342,29.950490
0.034486,29.225340,0.064695,54.826004
0.038425,32.563675,0.076212,64.585884
0.039560,33.525480,0.015786,13.378238
0.021296,18.047659,0.044123,44.210627
0.044816,37.979143,0.049918,42.302766
0.026459,22.422448,0.007690,6.516635
0.020608,17.463919,0.020159,17.083986
0.033253,28.180524,0.036079,30.575278
0.016592,14.060908,0.058951,49.958378
0.028076,23.792734,0.030184,25.579293
0.007347,6.226043,0.007958,6.743980
0.032428,27.480862,0.061557,52.166244
0.031702,26.866207,0.062055,52.588724
0.008306,7.038640,0.045649,38.685701
0.012147,10.294133,0.046175,39.131452
0.028539,24.185483,0.057429,48.667998
0.048275,40.910752,0.055208,46.786568
0.006156,5.217321,0.064640,54.779257
0.042982,36.425012,0.047928,40.616539
0.037051,31.398715,0.007308,6.193588
0.022107,18.734982,0.035402,30.001781
0.016743,14.188787,0.037201,31.526062
0.041498,35.167990,0.028468,24.125221
0.038389,32.532733,0.015014,12.723747
0.042021,35.611178,-0.001352,-1.355024
0.008019,6.795847,-0.011919,-11.942950
0.035849,30.380465,0.053948,45.718645
0.012860,10.898275,-0.017577,-14.896019
0.015548,13.175814,0.064085,54.308823
-0.006181,-5.238316,0.009342,7.917313
0.007245,6.139829,0.023751,20.127900
0.022894,19.401984,0.003709,3.142792
0.062952,53.348700,0.018962,16.069085
0.037049,31.397682,0.008356,7.080959
0.062257,52.760119,0.046148,39.108069
0.042180,35.745625,0.009634,9.653098
0.058613,49.671659,0.055229,46.803959
0.004509,3.821099,0.004938,4.184866
0.025009,21.194144,0.035882,30.408620
0.025103,21.273263,0.026679,22.609521
0.030083,25.493838,0.017877,17.912760
0.039816,33.742114,0.006131,5.195705
0.037887,32.107621,0.009797,9.816613
0.010813,9.163265,0.001786,1.513323
0.009328,7.904716,0.050403,42.714510
0.022761,19.288483,0.019191,16.263641
0.011505,9.749741,0.029463,24.968208
0.015917,13.488512,0.001646,1.394685
0.018467,15.649788,0.030881,26.170099
0.027198,23.049391,0.038674,32.774003
0.058269,49.380077,0.037723,31.968336
0.038910,32.974369,0.008789,7.447885
0.032243,27.324249,0.027299,23.134938
0.060077,50.912814,0.059235,50.198798
0.022236,18.843666,0.031916,27.047333
0.018017,15.268731,0.007909,6.702108
0.033791,28.636363,0.001241,1.243448
0.042048,35.633897,0.047808,40.515420
0.011019,9.337833,0.031254,26.486052
0.005783,4.900665,0.065276,55.318647
0.029065,24.631042,0.012251,10.382285
0.032832,27.823559,0.010132,8.586086
0.023515,19.928045,0.011350,9.618622
-0.000447,-0.378670,0.061452,52.077745
0.015137,12.828087,0.003509,2.973334
0.028324,24.003471,0.025509,21.617873
0.015571,13.195389,-0.004894,-4.147152
0.005206,4.411590,0.043195,36.605707
0.065553,55.553077,0.036940,31.305063
0.023420,19.847190,0.009687,8.209030
0.015246,12.919950,0.059116,50.098220
0.010831,9.179077,0.007874,6.672629
0.035078,29.727324,0.000942,0.797885
0.016860,14.287873,0.053938,45.709503
0.031156,26.403434,0.013888,11.769501
0.022438,19.015369,-0.008248,-6.989624
0.065127,55.191617,0.022885,19.393594
0.059724,50.613569,0.025607,21.700606
0.004321,3.662170,0.030451,25.805911
0.035138,29.778096,0.061988,52.531778
0.028894,24.486284,0.015277,12.946153
0.025210,21.364070,0.012031,12.054758
-0.001868,-1.583218,0.062728,53.158701
0.010438,8.845369,0.053285,45.156206
0.051681,43.797098,0.038039,32.236473
0.049624,42.053869,0.022912,19.416843
0.024139,20.456635,0.066436,66.568224
0.017964,15.223968,0.007502,6.357917
0.058931,49.941541,0.049705,42.122748
0.005957,5.048545,0.054100,45.847064
0.064964,55.053670,0.019255,16.317957
0.053118,45.015074,0.029167,24.717700
0.007417,6.285162,0.058101,49.237811
0.022816,19.335300,0.033156,33.222327
0.013283,11.256757,0.044983,38.120651
0.064658,54.794785,0.010507,8.903950
0.026488,22.447437,0.013807,11.701183
0.045996,38.979527,0.008674,7.350709
0.049762,42.170740,0.024984,21.172722
0.033912,28.738407,0.027600,23.389476
0.019505,16.529171,0.018197,18.233457
0.024050,20.381234,0.009441,8.000884
0.031519,26.710482,0.060797,51.522619
0.003106,2.632337,0.011814,10.011799
0.042988,36.430326,0.041358,35.048894
0.009504,8.053993,0.015445,13.088643
0.016232,13.756041,0.025058,21.235586
0.003382,2.866207,0.004895,4.147993
0.014840,12.576420,0.003552,3.559557
0.006230,5.279743,0.007138,6.048708
0.000830,0.703485,0.015962,13.526633
0.051464,43.613044,0.032081,27.187404
0.055703,47.205796,0.023534,19.943841
0.013141,11.136021,0.024957,21.150281
0.026038,22.066363,0.002587,2.191945
0.029043,24.612269,0.035758,30.302821
0.028800,24.406605,0.022938,19.439116
0.040562,34.374364,0.015851,13.433155
0.025943,21.985612,0.039941,33.848479
0.018767,15.904036,0.036636,31.047496
-0.002120,-1.796218,0.023858,23.905789
0.060010,50.855338,0.045599,38.642780
0.025097,21.268482,0.038140,32.322151
0.015896,13.471043,0.027923,23.663817
0.027051,22.924177,0.023467,19.887311
0.056211,47.635861,0.023805,20.173615
0.033086,28.038636,0.027923,23.663540
0.036745,31.139745,0.018634,18.671422
0.049397,41.861695,0.041815,35.435961
0.027196,23.047406,0.028897,24.488696
0.033596,28.471311,0.039124,33.155702
0.006024,5.105460,0.017934,15.197946
0.027007,22.887558,0.022317,18.912542
0.015019,12.728233,0.026841,22.746278
0.037159,31.490285,0.035371,29.975367
0.041562,35.221655,0.027671,23.449611
0.048737,41.302378,0.048867,41.412754
0.027658,23.438851,0.009839,8.338150
0.024599,20.846800,0.026993,22.875247
-0.003895,-3.301022,0.022945,22.990669
0.026483,22.442856,0.024643,20.884143
0.011934,10.113284,0.015083,12.782135
0.001196,1.013718,0.029611,29.670236
0.020819,17.643399,0.058363,49.459491
0.023939,20.286743,0.088964,89.141375
0.016788,14.226768,0.035764,30.308460
0.019247,16.310495,0.062854,53.265617
0.018761,15.899466,0.021365,18.105547
0.021499,18.219217,0.003686,3.123615
0.021565,18.275479,0.038856,32.929021
0.014254,12.079541,0.058866,49.885792
0.022581,19.136736,0.027002,22.882988
0.001171,0.992446,0.019075,19.113079
0.053884,45.664245,0.039815,33.741130
0.059144,50.121645,0.052234,44.265837
0.009770,8.279376,0.015944,13.511564
0.004194,3.553792,-0.003062,-2.595110
0.023592,19.993048,0.042729,36.210754
0.036815,31.198975,0.042642,36.137237
0.014230,12.058839,0.032829,27.821293
0.025267,21.412401,0.034447,29.192061
0.042308,35.854366,0.006169,5.227956
0.023112,19.586424,-0.008147,-6.904559
0.009066,7.682965,0.029249,24.787194
0.037715,31.962018,0.022037,18.675066
0.054492,46.178969,0.058890,49.906050
0.006221,5.271698,0.048550,41.143714
0.035006,29.666118,0.013272,11.247726
0.050318,42.642169,0.048710,41.279596
0.039145,33.173854,0.031794,26.944124
0.004345,3.681838,0.034574,29.299797
0.020750,17.584488,0.001565,1.325889
0.014638,12.405078,0.028250,23.940466
0.026545,22.495857,0.042175,42.259374
0.033524,28.409704,0.028823,24.426152
0.007437,6.302460,0.018339,15.541165
0.011457,9.709624,0.023735,20.114170
0.029455,24.961893,0.063921,54.170278
0.062161,52.678741,0.000765,0.648056
0.016851,14.280797,0.011379,9.642806
0.024696,20.928646,0.048721,41.288634
0.016367,13.869845,0.026730,22.652253
0.005962,5.052164,0.019588,19.626873
0.012314,10.435578,0.020151,17.077387
0.040251,34.110515,0.051574,43.706925
0.011660,9.881108,0.013647,11.565143
0.014795,12.537689,0.012873,10.909497
0.006406,5.428791,0.022447,19.022537
0.027167,23.022441,0.022831,19.348579
0.005875,4.979033,0.072820,72.965266
0.054151,45.890355,0.044888,38.040835
0.014411,12.212228,0.049485,41.936387
0.027801,23.560170,0.008992,7.620320
0.056827,48.157967,0.008210,8.226720
0.023488,19.904841,0.021400,18.135274
0.042012,35.603411,0.053507,45.344723
0.014118,11.964295,0.048093,40.756151
0.009445,8.004573,0.013118,13.143767
-0.004939,-4.185174,0.035259,35.329388
0.002935,2.487564,0.033248,28.175707
0.022224,18.833605,0.038957,33.013984
0.047446,40.208313,0.050025,50.125230
0.032856,27.844224,0.035106,29.750647
0.033489,28.380187,0.042870,36.330011
0.064902,55.001112,0.058597,49.658359
0.061672,52.264343,0.009964,8.443615
0.015661,13.271894,0.029205,24.749548
0.018585,15.749688,0.018628,15.786570
0.050462,42.763789,0.022019,18.660400
0.015782,13.374912,0.021456,18.182588
0.013678,11.591201,0.048641,41.220649
0.023128,19.599741,0.035385,29.986878
0.016812,14.247181,0.011439,9.693782
0.043827,37.141166,0.003566,3.022171
0.052249,44.278854,0.010796,9.149319
0.007028,5.955966,0.023085,19.563184
0.035047,29.700387,0.028088,23.803560
0.019928,16.888203,0.049425,41.885428
0.029176,24.724975,0.003682,3.119914
0.015386,13.038986,0.040518,34.336782
0.031742,26.900253,0.009534,8.079925
0.031085,26.343151,0.067204,56.952071
0.032772,27.772915,0.022207,18.819686
0.033372,28.280982,0.078995,66.944916
0.029666,25.140561,-0.028424,-28.480989
0.059964,50.816890,0.022405,18.987349
0.013649,11.566669,0.035893,30.417231
0.005989,5.075400,0.033017,27.980235
0.017071,14.467208,0.042717,36.200649
0.042079,35.659815,0.013541,11.475654
0.033753,28.603994,0.031717,26.878351
0.033451,28.347847,0.036982,31.340602
0.027450,23.262513,0.044387,37.615550
0.054143,45.883974,0.009501,8.051633
0.062843,53.256540,0.003011,3.016898
0.002176,1.843990,0.017923,17.958799
0.046810,39.669553,0.003580,3.033927
0.030039,25.456235,0.015415,13.063450
0.058023,49.171942,0.022902,19.408007
0.051919,43.999290,0.005544,5.554895
0.015789,13.380595,0.041888,35.498003
0.036875,31.250106,0.042980,43.065394
0.021413,18.146473,0.036284,30.749359
0.020399,17.287272,0.017093,14.485860
0.006173,5.231349,0.024483,20.748451
0.027724,23.494434,0.048817,41.370385
0.029067,24.633231,0.030480,25.830535
0.006727,5.700628,0.061037,51.725915
0.026097,22.116031,0.052469,44.465357
0.017319,14.677101,0.013256,13.282237
0.020896,17.707974,0.058575,49.639481
0.000739,0.625954,0.021095,17.877262
0.011996,10.165689,0.022765,22.810524
0.030292,25.671250,0.018686,15.835304
0.051784,43.884168,0.039540,33.508093
0.036525,30.953306,-0.007886,-6.682849
0.036554,30.978086,0.044126,37.394674
0.020870,17.685929,0.023853,20.213898
0.054815,46.453401,0.020806,17.631907
0.033855,28.690239,0.061068,61.190228
0.059373,50.315391,0.018029,15.278700
0.056784,48.122045,0.026854,22.757105
0.018880,15.999838,0.032554,27.587865
0.027996,23.725611,0.045985,38.969838
0.021022,17.815351,0.012190,10.330712
0.022280,18.881503,0.007276,6.166184
0.000888,0.752691,0.021047,17.836191
0.050459,42.761355,0.044178,44.265697
0.019657,16.658172,0.008972,7.603364
0.048524,41.122180,0.009881,8.373418
0.053132,45.026879,0.028911,24.500954
0.070050,59.363853,0.035080,29.728472
0.012797,10.844426,0.050993,43.214227
0.007665,6.495972,0.005502,4.662831
0.028665,24.292543,0.015048,12.752523
0.058990,49.990963,0.023679,20.066461
0.020613,17.468645,0.008790,8.807569
0.030354,25.723848,0.064055,54.283889
0.023441,19.864914,0.017837,15.116201
0.025631,21.720892,0.035407,30.005341
0.050924,43.155411,0.056212,47.636609
0.033259,28.185099,0.030608,30.668612
0.058177,49.302191,0.051253,43.434558
0.026676,22.606945,0.038646,32.750484
0.052909,44.838243,0.010914,9.249034
0.020150,17.076549,0.036381,30.831430
0.051924,44.003038,0.071877,60.912380
0.027447,23.260335,0.048938,41.472697
0.020605,17.462009,0.029824,25.274415
0.007245,6.140054,0.060506,60.626307
0.036834,31.214980,0.021725,18.411162
0.021664,18.358866,0.020375,17.266483
0.051476,43.623466,0.077863,65.985032
0.022119,18.745083,0.003797,3.217601
0.042132,35.705255,0.012451,10.551809
0.032490,27.533957,0.007372,6.247723
0.008600,7.287831,0.056536,56.648880
0.066270,56.160290,-0.000508,-0.430627
0.018262,15.475762,0.034270,29.042231
0.036055,30.554501,0.033025,27.987014
0.000564,0.478203,0.024564,20.816724
0.036671,31.076601,0.033455,28.351288
0.027694,23.469426,0.034014,28.825458
0.030646,25.970938,0.046475,39.385487
0.030568,25.905033,0.028105,23.817362
0.031036,26.301950,0.025806,21.869438
0.028560,24.202866,0.024485,20.750101
0.056905,48.224250,0.021417,21.459445
0.012948,10.972486,0.040664,34.461197
0.010200,8.643657,0.048914,41.451874
0.031408,26.617121,0.002941,2.492165
0.019817,16.793904,0.007806,6.614989
0.021552,18.264407,0.030403,25.765134
0.018106,15.343707,0.003656,3.098141
0.037962,32.171258,0.049040,41.559074
0.023978,20.319979,0.029240,29.298044
0.013352,11.315221,0.050685,42.953463
0.024758,20.980833,0.057485,48.715385
0.024460,20.728585,0.018907,16.022574
0.047184,39.986444,0.005645,4.784090
0.020627,17.480583,0.029855,25.300540
0.051356,43.521666,0.015413,13.061461
0.059644,50.545277,0.016492,13.976577
0.022397,18.980571,0.023784,20.156053
0.001741,1.475296,-0.005624,-4.766048
0.046296,39.233672,0.010355,8.775049
0.031510,26.702837,0.015990,13.550664
0.022398,18.981537,0.028908,24.497736
0.019718,16.710359,-0.026843,-26.896871
0.033909,28.736245,0.016816,16.849511
0.033345,28.258116,0.051974,44.045728
0.014016,11.877747,0.002532,2.145338
0.036166,30.648738,0.055137,46.726017
0.025977,22.013917,0.033921,28.746838
0.031412,26.620521,0.015057,12.759831
0.030508,25.854454,0.026123,22.137608
0.019311,16.365326,0.042390,35.923655
0.059394,50.333234,0.009498,8.049182
0.037340,31.643655,0.047123,39.934871
0.013924,11.799702,0.019456,16.487771
0.026805,22.716133,0.026239,22.236078
0.026748,22.667590,0.024851,21.059914
0.030507,25.853567,0.007524,6.375959
0.026731,22.653202,0.046205,39.156164
0.011879,10.066926,0.008613,7.299366
-0.000208,-0.176579,0.017073,17.107182
0.030319,25.694231,0.004614,3.910028
0.025294,21.435169,0.027230,23.076537
0.053359,45.219583,0.047321,40.102554
0.029784,25.240665,0.027331,23.161711
0.027337,23.166808,0.028694,24.317007
0.024249,20.550244,0.026613,22.553231
0.011363,9.629991,0.004917,4.166509
0.021365,18.105720,0.007522,6.374537
0.027247,23.090635,0.061189,51.855003
0.032383,27.443082,-0.000971,-0.822640
0.034617,29.336516,0.036885,31.257885
0.013003,11.019362,0.039705,33.647985
0.019172,16.247321,0.030910,26.194791
0.051898,43.980957,0.052471,44.466408
0.019436,16.471492,0.044351,37.585597
0.033354,28.266020,0.024433,20.705821
0.071578,60.659269,0.021574,18.282615
0.022736,19.268097,0.047538,40.286320
0.005129,4.346407,0.003540,3.000155
0.038338,32.489487,0.015738,13.337214
0.054335,46.046198,0.047997,40.675475
0.006043,5.121190,0.047404,47.498339
0.037176,31.505097,0.004278,3.625356
0.008615,7.300816,-0.012217,-12.241476
0.028669,24.295268,0.026648,22.583139
0.031499,26.694142,0.002454,2.079443
0.024471,20.738084,0.026090,26.141953
0.044431,37.652827,0.044871,38.025631
0.017779,15.066784,0.016947,14.361876
0.005640,4.779903,0.035578,30.151001
0.010313,8.739657,0.026512,22.467444
0.038761,32.848264,0.048507,41.107681
0.002769,2.346609,0.000141,0.119392
0.028523,24.172227,0.042793,36.265172
0.036432,30.874780,0.029526,25.022066
0.027680,23.457792,0.058222,49.340221
0.031694,26.859067,-0.003959,-3.966667
0.030762,26.069716,0.022042,18.679808
0.012080,10.236936,0.032617,27.641609
0.001903,1.612654,0.008086,6.852274
0.010650,9.025331,0.010007,8.480305
-0.001766,-1.496814,0.008635,7.317975
0.029414,24.927057,0.045867,38.870447
0.020123,17.052925,0.018675,15.825876
0.028100,23.813625,0.021955,18.605765
0.051251,43.432895,0.019822,16.798049
0.039229,33.245079,0.005630,4.771559
0.044754,37.927174,0.009358,7.930680
0.030503,25.850209,0.040343,34.188539
0.037005,31.360305,0.011413,9.672298
0.021894,18.553783,0.029924,25.359412
0.056266,47.683025,0.011530,9.771013
-0.001296,-1.098579,0.024577,20.827463
0.043946,37.241833,0.026300,22.287777
0.013286,11.259463,0.024196,20.505067
0.036033,30.536675,-0.009099,-7.711150
0.033857,28.692373,-0.009871,-8.364982
0.010621,9.001124,0.010072,8.535436
0.044908,38.057663,0.026693,22.620977
0.009988,8.463990,0.011263,9.544677
0.019753,16.739455,0.034214,28.994658
0.026428,22.396110,0.027135,22.995458
0.024855,21.063428,0.020446,17.326984
0.008067,6.836601,0.026043,22.070375
0.025286,21.428483,0.017835,15.114418
0.044928,38.074456,0.045642,38.679706
-0.003756,-3.183277,-0.001178,-0.998153
0.030562,25.900199,0.016291,13.805994
0.048607,41.192470,0.053549,45.379828
0.003585,3.038152,0.043573,43.660075
0.012609,10.685489,0.034744,29.443978
0.033364,28.274686,0.051842,51.945886
0.052068,44.124864,0.025841,21.898744
0.010672,9.044263,0.008182,6.934039
0.006900,5.847389,0.014626,12.394554
0.013801,11.695647,0.022794,19.317146
0.055118,46.709491,0.011207,9.497459
0.028851,24.450089,0.059590,50.500023
0.038260,32.423346,0.008103,6.866645
0.042580,36.084750,0.010230,8.669335
-0.001660,-1.406731,0.036921,31.289183
0.056258,47.675756,0.006182,5.238948
0.001172,0.993469,0.053765,45.563272
0.027028,22.904683,0.014920,12.644060
0.051614,43.740449,0.007738,6.557732
0.035757,30.302200,0.007999,6.778381
0.026344,22.324911,0.015726,13.327145
0.017726,15.021936,0.011441,9.696045
0.016106,13.648680,0.030839,26.134410
0.021138,17.913598,0.046517,39.421045
0.013913,11.790443,0.041602,35.255589
0.024126,20.445338,0.000796,0.674228
0.025469,21.583388,0.059641,50.542904
0.051661,43.780210,-0.035415,-35.485719
0.030333,25.705536,0.008676,7.352821
0.026071,22.093999,0.034972,29.637104
0.026393,22.366794,0.036889,31.261495
0.029417,24.929401,0.034120,28.914954
0.002577,2.183556,0.020279,20.319202
0.019342,16.391458,0.047747,40.462889
0.028237,23.929548,0.049374,41.841759
0.056608,47.972452,0.035283,29.900944
0.005856,4.962609,0.076861,77.014065
0.060657,51.404184,0.028999,24.574982
0.044008,37.294803,0.027268,27.322634
0.050800,43.050479,0.012192,10.332238
0.021618,18.320418,0.036775,31.164874
0.060821,51.542953,0.030145,25.546784
0.029057,24.624814,0.024189,20.499086
0.031708,26.871234,0.031893,27.028106
0.038651,32.754583,0.033653,28.519002
0.028300,23.983061,0.019246,16.309944
0.032181,27.272028,0.036969,31.329044
0.035767,30.311084,0.032604,27.630505
0.023444,19.867459,0.046211,39.161462
0.025801,21.865051,0.007942,6.730048
0.035371,29.974978,0.029633,25.112200
0.029249,24.786933,0.017363,14.714123
-0.001473,-1.248212,0.000209,0.177144
0.042702,36.187844,0.011871,11.895174
0.017360,14.711552,-0.020634,-20.674870
0.025222,21.374474,0.043468,36.836774
0.044023,37.307505,0.047683,40.409382
0.017626,14.936973,0.001424,1.206699
0.009506,8.056183,0.024595,20.843463
0.029335,24.860118,0.031948,27.074039
0.023889,20.244938,0.059352,50.297760
0.000389,0.329422,0.025967,22.005394
0.013314,11.283012,0.029451,24.957940
0.034120,28.914665,0.047745,40.461638
0.009860,8.355534,0.018719,15.863135
0.018484,15.664299,0.042538,36.049001
0.015916,13.488418,0.053689,45.498564
0.027759,23.524820,0.051632,43.756077
0.051389,43.549740,0.054592,46.263762
0.030264,25.647319,0.028221,23.916016
0.016351,13.856664,0.022912,19.417006
0.040923,34.679923,0.021480,18.203623
0.018394,15.588098,0.008196,6.945838
0.028819,24.422791,0.013622,11.544320
0.024731,20.958037,0.014426,12.225164
0.017784,15.071409,0.026755,22.673642
0.009756,8.267552,0.042157,35.725964
0.023600,19.999599,0.036761,31.153166
0.028330,24.008076,0.000482,0.408827
0.007037,5.963392,0.006946,5.886493
0.026889,22.787495,0.040425,34.258478
0.023539,19.948087,0.065131,55.194998
0.021553,18.265267,-0.006137,-6.148938
0.017459,14.795701,0.010126,8.581278
0.030595,25.927609,0.028254,23.943673
0.061972,52.518669,0.055700,47.203062
0.040453,34.282117,0.003138,2.659085
0.029584,25.071301,0.030081,25.492048
-0.003221,-2.729297,0.018308,15.514846
0.031595,26.775310,0.031611,26.788842
0.007582,6.425667,0.014199,12.033227
0.039337,33.336238,0.056836,48.165894
0.048003,40.680067,0.021646,18.344016
0.060464,51.240725,0.031949,27.074995
0.027258,23.099470,0.035796,30.335535
0.039803,33.730759,0.021359,21.401900
0.014217,12.048332,0.020782,17.611895
0.048729,41.295175,0.027973,23.705611
0.041216,34.928183,0.015566,13.191346
0.039823,33.747985,0.033146,28.090033
-0.003380,-2.864452,0.049332,41.806173
0.028105,23.817913,0.028662,24.289841
0.032729,27.736315,0.025016,21.200030
0.051709,43.820708,0.044053,37.332928
0.019723,16.714045,0.025417,21.539787
0.019826,16.801583,0.025121,21.288511
0.028903,24.493585,0.032367,32.431858
0.029107,24.667202,0.036321,36.393680
0.036050,30.550423,0.020336,17.233795
0.025448,21.565590,0.062535,52.995644
0.025504,21.613654,0.040921,34.678859
0.031219,26.456806,0.050258,42.591093
-0.000078,-0.066463,0.032321,27.390618
0.031190,26.432434,0.018324,15.528348
0.027049,22.922965,0.011070,9.381509
0.010999,9.321009,0.050355,42.673336
0.014535,12.317531,0.019418,19.457016
0.024872,21.077649,-0.001688,-1.430863
0.029577,25.065184,0.017917,17.953010
0.030026,25.445387,0.023041,19.526511
0.049640,42.067436,0.079671,79.830178
0.008362,7.086137,0.008428,7.142657
0.008282,7.018956,0.005529,4.685466
0.031099,26.355156,0.013270,11.245310
0.033211,28.144422,0.051323,43.493897
0.027518,23.320328,0.020913,17.722898
0.050100,42.457206,0.015189,12.871665
0.005971,5.060231,0.023323,19.764812
0.005999,5.084074,0.034593,34.662250
0.022861,19.373742,0.013883,13.910923
0.059531,50.449423,0.027534,23.333835
0.027765,23.529687,0.001930,1.635580
0.034421,29.170164,0.013650,11.567376
0.054125,45.868082,-0.006497,-6.510104
0.011271,9.551368,0.035001,35.071016
0.013297,11.268198,0.011543,9.782480
0.040432,34.263912,0.007151,6.060194
0.055589,47.109228,0.062016,52.555814
0.042386,35.919819,0.013926,11.801322
0.042911,36.364776,0.032629,32.693677
0.022533,19.095233,0.059204,50.172321
0.029261,24.797704,0.032285,27.360228
0.030014,25.435225,0.008719,7.389167
0.015007,12.717706,0.015051,12.755054
0.005480,4.643685,0.005308,4.498639
-0.003260,-2.762459,0.022896,19.403062
0.019728,16.718700,0.049420,41.880703
0.013437,11.387306,0.031412,26.620203
0.047841,40.542657,0.006000,5.085110
0.039189,33.211084,-0.014397,-14.425307
0.028643,24.273622,0.029507,25.005406
0.051438,43.591225,0.015840,13.423479
0.028734,24.350533,0.041831,35.449923
0.010734,9.096159,0.014326,12.140364
0.021311,18.060096,0.011334,9.604802
0.045332,38.416997,0.065959,55.897461
0.029853,25.298869,0.032975,27.944405
0.010271,8.704063,0.010067,8.530961
0.007624,6.461024,0.047604,40.341901
0.028737,24.353338,0.025274,21.418457
0.056295,47.706945,0.055180,46.762513
0.031681,26.848511,0.022588,19.142163
0.031828,26.973083,0.023840,20.202994
0.047408,40.176105,0.063811,54.076667
0.020116,17.047499,0.015093,12.790568
0.051835,43.927554,0.015910,13.483241
0.035122,29.763799,0.012329,10.447832
0.017364,14.715254,0.029209,24.753524
0.030694,26.011305,0.017199,14.574942
0.031739,26.897055,0.026176,22.182652
0.032670,27.686499,0.016549,14.024076
-0.000192,-0.162553,0.051863,43.951110
0.050993,43.214153,0.025813,21.875064
0.019488,16.515450,0.024544,20.799465
0.005230,4.432224,0.046620,39.508279
0.028369,24.041086,0.056099,47.541640
0.045880,38.880826,0.020251,17.161779
0.028830,24.431872,0.022322,18.916980
0.008075,6.842862,0.023797,20.167100
0.056100,47.542160,-0.024009,-24.056724
0.045632,38.670705,0.045506,38.564123
0.018549,15.719527,0.026663,22.595340
0.006483,5.494240,0.028141,23.848400
0.021571,18.280781,-0.003893,-3.298744
0.023921,20.271787,0.024551,20.806101
0.004619,3.914250,0.014900,12.626689
0.026873,22.773860,0.004522,3.831832
0.011883,10.070346,0.027674,23.452271
0.068340,57.914597,0.037173,31.502120
0.039881,33.797267,0.014510,12.296364
0.027792,23.552371,0.040575,34.385010
0.003213,2.723189,0.014782,12.527036
0.024114,20.435852,0.019678,16.676012
0.035878,30.404704,0.014180,12.016833
0.053997,45.760153,0.000009,0.009134
0.018053,15.299405,0.017632,14.942521
0.064542,54.696471,0.064424,54.596445
0.039892,33.806405,0.037925,32.139602
0.027287,23.124573,0.015264,12.935554
0.005292,4.484385,0.034921,29.593958
0.004451,3.771862,0.057888,49.057731
0.024680,20.915281,0.064676,64.805221
0.029250,24.787694,0.001778,1.506828
0.005653,4.790512,0.051058,43.269252
0.010946,9.276533,0.034453,29.197460
0.011025,9.343146,-0.000323,-0.273672
0.008806,7.462780,0.020673,17.519277
0.026204,22.206917,0.028126,23.835474
0.029731,25.195199,0.033457,33.523474
0.012525,10.614759,0.013936,11.810495
0.030687,26.005408,0.045328,38.413187
0.055605,47.122906,0.019037,16.132774
0.026209,22.210620,0.021807,18.480536
0.014360,12.169394,0.029579,25.067149
0.047849,40.549712,0.009268,7.854184
0.060260,51.067500,0.027218,23.066161
0.040651,34.450101,0.021157,17.929639
0.023361,19.797527,0.042909,36.363650
0.013328,11.295042,0.038211,32.381603
0.005776,4.894525,0.014385,12.190209
0.029178,24.727000,0.054110,45.855688
0.041638,35.286058,0.014513,12.298782
0.011742,9.950504,0.027705,23.478635
0.010509,8.905617,0.010244,8.681334
0.046315,39.249665,0.062138,52.659132
0.047046,39.869472,0.033943,28.765323
0.013950,11.821755,0.064320,54.508236
0.016597,14.064917,0.045643,45.733916
0.018004,15.257427,0.037309,31.617798
0.035303,29.917336,0.052902,44.831969
0.047734,40.452191,0.046022,39.001186
0.033870,28.702971,0.058226,49.343699
0.060914,51.621638,0.016351,13.856569
0.059432,50.365732,0.029391,24.907586
0.005886,4.988094,0.035935,30.453066
0.036457,30.895872,0.023833,20.197283
0.053753,45.552952,0.041208,41.289933
0.052682,44.645492,0.030940,26.220242
0.038148,32.329032,0.045309,38.397367
0.060820,51.542031,0.008778,7.438929
-0.001418,-1.201650,0.010869,9.210569
0.005800,4.914875,0.032281,27.356608
0.050641,42.915734,0.045851,38.856279
0.040562,34.374083,0.052935,44.859996
0.055627,47.140928,0.034161,28.949520
0.049325,41.800305,0.009304,7.884907
0.029255,24.791813,0.000012,0.010526
0.020894,17.706615,0.039720,33.660860
0.054015,45.775398,0.003848,3.260739
0.022472,19.044270,0.019764,16.749029
0.050037,42.403761,0.056836,48.165417
0.010603,8.985384,0.029968,25.396615
0.021453,18.180694,0.045177,38.285176
0.039604,33.562427,0.024708,20.938619
0.022175,18.791946,0.019631,16.636491
0.020985,17.783561,0.040660,34.457671
0.052974,44.892609,0.068087,68.223188
0.051349,43.516144,0.023179,19.642800
0.024339,20.626380,0.044901,38.051397
0.051139,43.337736,0.028996,24.572543
0.051550,43.686264,0.048332,40.958997
0.026704,22.630247,0.032262,27.340530
0.008065,6.834487,0.024169,24.217084
0.056852,48.179361,0.055642,55.753023
0.016287,13.802414,0.023949,20.295234
0.032886,27.869120,0.004294,3.638973
0.026221,22.220788,0.034666,29.377992
0.053564,45.392644,0.034393,29.146096
0.008033,6.807575,0.034128,34.196518
0.027889,23.634709,0.072287,72.430832
0.025870,21.923804,0.059600,50.507988
0.036332,30.789377,0.023434,19.859512
0.035676,30.233454,0.029931,25.365437
0.017198,14.574081,0.020481,17.356408
0.021547,18.259769,0.007453,6.315851
0.006315,5.351995,0.006521,5.525949
0.043248,36.650706,0.031135,26.385462
0.040197,34.065127,0.061119,51.795104
0.024116,20.436805,0.040742,40.822977
0.049494,41.943816,0.041090,34.821546
0.017468,14.803541,0.034227,29.005525
-0.000017,-0.014127,0.037624,31.884325
0.017889,15.160067,0.055359,46.913844
0.029058,24.625516,0.025010,21.194391
0.034609,29.329080,0.007435,6.300448
0.012417,10.523126,0.012669,10.736304
0.023041,19.526541,0.012247,10.379110
0.001900,1.610371,0.051161,43.356551
0.045799,38.812216,0.024443,24.491710
0.004693,3.977368,0.029993,25.417651
0.032868,27.854078,0.091167,77.259949
0.024708,20.938645,0.005018,4.252676
0.007793,6.604384,0.009254,7.842194
0.049338,41.811522,0.055445,46.986587
0.060823,51.544353,0.017407,14.751400
0.032202,27.289955,-0.000852,-0.722443
0.023359,19.795891,0.047932,48.027259
0.022733,19.265478,0.027620,27.675479
0.057627,48.836525,0.080668,80.828774
0.015662,13.272386,-0.011682,-9.899753
0.011302,9.578000,0.035674,30.232413
0.016674,14.130067,-0.000255,-0.216357
0.033607,28.480660,0.027983,23.713963
0.012025,10.190796,0.007461,6.322509
0.029119,24.676601,0.036127,30.615606
0.024324,20.613735,-0.005517,-4.675815
0.006914,5.859225,0.009068,7.684574
0.026279,22.269857,0.045008,38.142270
0.018426,15.614937,0.039711,33.652874
0.014765,12.512683,0.061471,52.094036
0.056501,47.881724,0.023872,23.919959
0.037943,32.154955,0.035848,30.379126
0.014404,12.206400,0.031751,26.907454
0.016070,13.618518,0.044076,37.352700
0.026449,22.413977,0.016603,14.069935
0.027952,23.688118,0.017716,15.013495
0.020061,17.000835,0.046545,39.444440
0.057487,48.717892,0.022485,19.055106
0.030200,25.592766,0.062890,53.296267
0.022588,19.142348,0.003038,2.574578
0.030834,26.130264,0.029766,25.225236
0.027931,23.670512,0.012860,10.898118
0.028186,23.886418,0.036036,30.538851
0.049702,42.120447,0.033058,28.015075
0.009235,7.826567,0.027429,23.245096
0.060328,51.124725,0.020000,16.949276
0.027483,23.290335,0.032398,27.455980
0.032909,27.889064,0.027128,22.989945
0.056521,47.899210,0.017228,14.599520
0.013809,11.702389,0.050007,42.378159
0.003225,2.732741,0.049387,41.853068
0.030402,25.764091,0.022174,18.791455
0.022031,18.670206,0.020267,17.175030
0.034955,29.622947,0.014910,12.635681
0.039101,33.136453,0.023039,19.524301
0.054231,45.957923,0.023282,23.328576
0.023558,19.964285,0.021852,18.518506
0.020070,17.008434,0.027728,23.497869
0.005578,4.726821,0.066662,56.492954
0.050569,42.855039,0.018295,15.504541
0.051897,43.979858,0.030788,26.091519
0.020293,17.197352,0.010520,8.915449
0.025847,21.904296,0.034470,29.211933
0.022284,18.884497,0.051324,43.494350
0.000347,0.293895,0.002486,2.107134
0.052482,44.475920,0.035792,35.863461
0.017286,14.649337,0.035295,29.910438
0.020509,17.380735,0.033481,28.373954
0.041496,35.165788,0.000818,0.692987
0.045712,38.738696,0.046235,46.326870
0.028238,23.930134,0.022510,19.075953
0.025055,21.233164,0.047649,40.380316
0.008019,6.795821,0.038400,32.542031
0.027144,23.003143,0.019743,19.782613
0.060906,51.615320,0.050565,42.851692
0.028699,24.320739,0.022109,18.736540
0.028060,23.779126,0.005791,4.907925
0.052356,44.369488,0.007456,6.318842
0.058052,49.196637,0.038216,32.386020
0.019856,16.826987,0.020387,20.427249
0.052059,44.117194,0.022056,18.691386
0.016314,13.825235,0.022239,22.282893
0.005364,4.546128,0.011522,9.764483
0.048063,40.731469,0.047856,40.556051
0.043222,36.628440,0.036578,30.997825
0.015225,12.902045,0.009784,8.291826
0.017570,14.889975,0.057929,49.092180
0.011305,9.580781,0.053692,45.501436
0.010531,8.924858,0.022412,18.993188
0.055138,46.726669,0.008525,7.224312
0.019015,16.114454,0.026199,22.202194
0.020569,17.431005,0.041889,35.498952
0.026264,22.257482,0.023998,24.045902
0.021058,17.846051,0.042371,35.907095
0.021275,18.029582,0.023492,23.538748
0.061457,52.081789,0.031074,31.136327
0.053425,45.275169,0.015882,13.459344
0.025006,21.191600,0.039993,33.891903
-0.000114,-0.096367,0.024403,20.680441
0.023823,20.189179,0.021102,17.883269
0.025943,21.985876,0.026760,22.677578
0.007634,6.469542,0.060082,50.916411
0.060560,51.321556,0.028142,23.848895
0.007094,6.012076,0.051481,43.627485
0.012204,10.342111,0.012671,10.737812
0.008705,7.377092,0.033168,28.108155
0.034670,29.380886,0.035241,29.865072
0.018592,15.756256,-0.002231,-1.890592
0.009707,8.226030,0.080640,80.800930
0.008341,7.068565,-0.010553,-10.573780
0.023090,19.567579,0.013524,11.460959
0.020197,17.115873,0.042832,36.297675
0.034821,29.509066,0.066122,66.253835
0.012817,10.862127,0.018942,16.052493
0.020378,17.269153,0.052326,44.343381
0.021692,18.382526,0.063416,53.742105
0.056376,47.776209,0.044704,37.884523
0.058159,49.287325,0.002244,1.901373
-0.003125,-2.648275,0.041604,35.257264
0.036277,30.742820,0.010863,9.206049
0.046542,39.442005,0.009522,8.069312
0.020725,17.563615,0.035655,30.215921
0.021819,18.490647,0.018635,15.792643
0.025445,21.563109,0.026264,22.257388
0.013745,11.648478,0.036380,30.830642
0.035670,30.228368,0.025063,21.239314
0.030299,25.677056,0.008753,7.417603
0.018707,15.852959,0.034933,29.604313
0.028594,24.232103,0.036213,30.688506
0.018365,15.563368,0.024891,21.093800
0.047802,40.509589,0.024645,20.885746
0.027451,23.263826,0.059117,50.098421
0.028239,23.931297,0.008204,6.952107
0.039306,33.309937,0.029304,29.362638
0.007930,6.720597,0.028185,23.885767
0.032918,27.896208,0.023322,23.368794
0.027062,22.933482,0.016000,13.559618
0.037523,31.798844,0.027627,23.412460
0.050388,42.701511,0.011001,11.022604
0.033753,28.604196,0.018908,16.024004
0.042238,35.794856,0.025919,21.965352
0.010471,8.873333,0.026895,26.948655
0.008953,7.587632,0.034761,29.458578
0.025991,22.025810,0.024998,21.184352
0.029800,25.254291,0.006322,5.357843
0.002358,1.998198,0.015213,12.892516
0.018146,15.378239,0.011995,10.165609
0.013253,11.231451,0.013198,11.184818
0.049925,42.308861,0.033310,28.228348
0.032605,27.631267,-0.003793,-3.214625
0.025811,21.873379,0.015472,13.112048
0.022574,19.130282,0.054338,46.048667
0.026029,22.058619,0.041986,35.581004
0.055400,46.948720,0.042306,35.852274
0.046968,39.802878,0.002324,1.969534
0.022062,18.696456,0.035792,30.331742
0.020936,17.742393,0.032292,27.366317
0.018277,15.488556,-0.005344,-4.529116
0.047791,40.500762,0.032994,27.960845
0.058777,49.810845,0.014516,12.301473
0.059920,50.779186,0.050534,42.825169
0.013725,11.631310,0.024133,20.451366
0.010957,9.285412,0.014813,12.553235
0.020808,17.634113,0.054477,46.166552
0.034318,29.082494,0.034320,29.084339
0.025082,21.255943,0.049938,42.319907
0.028058,23.777452,0.037120,31.457299
0.012904,10.935141,0.028102,23.814836
0.007970,6.753977,0.013376,11.335383
0.062239,52.744759,0.027089,22.956547
0.036345,30.800235,0.023115,19.588879
0.025248,21.396646,0.017015,14.419402
0.011332,9.603564,0.034812,29.501698
0.015561,13.187587,0.036965,31.326124
0.052569,44.549936,0.024805,24.854447
0.020242,17.154551,0.057350,48.601325
0.012617,10.692508,0.012982,13.007659
0.058550,49.618016,0.054566,46.241869
0.016466,13.954021,0.060975,51.673209
0.045371,38.449639,0.030448,30.508667
0.054089,45.837525,0.020763,17.595361
0.024995,21.182415,0.052297,44.319137
0.022071,18.704086,0.026482,22.442544
0.029007,24.581633,0.015142,15.171790
0.028580,24.219853,0.010725,9.088881
0.064789,54.905824,0.016506,13.987785
0.052953,44.875469,0.033620,28.490954
0.003535,2.996092,0.029365,24.885080
0.015818,13.405009,0.006121,5.187285
0.044265,37.512551,0.013720,11.627191
0.025680,21.762956,0.026162,22.171082
0.001774,1.503268,0.015645,15.675821
0.037092,31.433755,0.022737,19.268630
0.007028,5.955923,0.024554,20.808433
0.031465,26.665134,0.025346,21.479443
0.036679,31.083454,0.012363,10.476864
0.059247,50.208648,0.012941,12.966917
0.049428,41.887699,0.044548,37.752170
0.057780,48.965913,0.028219,23.914098
0.014634,12.401641,-0.007746,-6.564412
0.025088,21.261141,0.016268,16.300360
0.006667,5.649584,-0.001476,-1.250615
0.037350,31.651937,0.049441,41.898590
0.052756,44.708187,0.042661,42.745843
0.020720,17.559241,0.052998,53.103738
0.006157,5.217677,0.022322,18.916714
0.033759,28.609287,0.015011,12.720745
0.052867,44.802648,0.042882,36.340825
0.002902,2.459069,0.041431,35.110821
0.037660,31.914944,0.053039,53.145110
0.017873,15.146613,0.026101,22.119327
0.016925,14.342822,0.024532,20.789973
0.013217,11.200588,0.021810,18.483056
0.065445,55.461200,0.064586,54.733828
0.027742,23.509947,0.018671,15.823162
0.042731,36.212188,0.062105,52.630922
0.050970,43.194728,0.021163,21.205712
0.046871,39.721171,0.033143,28.087335
0.036676,31.081288,0.006496,6.508919
0.037343,31.646377,-0.005795,-5.806075
0.032873,27.857893,0.028597,24.234976
0.039002,33.052422,0.036270,30.736791
0.021364,18.105131,0.015524,13.156176
0.032806,27.801474,0.035142,29.781107
0.045064,38.189524,0.010881,9.221074
0.059704,50.596239,0.007837,7.852153
0.017814,15.096685,0.001807,1.531744
0.036744,31.138534,0.025335,21.470376
0.002492,2.111808,-0.003032,-2.569148
0.051782,43.882920,0.050251,50.351217
0.021542,18.255993,0.000874,0.740535
0.021289,18.041371,0.024013,20.349509
0.065373,55.400796,0.042498,36.015170
0.028325,24.003830,0.013403,11.358002
0.040867,34.632651,0.005689,4.821209
0.051075,43.283816,0.048007,40.683736
0.028117,23.828153,0.024299,20.592199
0.037254,31.570670,0.012022,10.187976
0.015007,12.717398,0.018272,15.484918
0.031727,26.887016,0.030626,30.687156
0.048059,40.728114,0.024380,20.660741
0.042726,36.208515,0.024161,20.475557
0.059282,50.238664,0.049209,41.702465
0.019182,16.256029,0.062252,52.755202
0.025765,21.834283,0.015106,15.135945
0.039714,33.655769,0.024342,20.628337
0.020200,17.118622,0.014277,12.099496
0.056890,48.211410,0.041875,35.487233
0.028161,23.865288,0.029080,24.643630
0.031804,26.952298,0.041400,35.084610
0.004728,4.006611,0.055645,47.156557
0.007366,6.242251,0.022188,18.802944
0.033886,28.716968,0.051290,43.465559
0.026826,22.733367,0.032104,27.206897
0.051953,44.027785,0.072720,61.626644
0.036200,30.678063,0.008316,7.047710
0.029018,24.591032,0.010410,8.821711
0.024934,21.130737,0.040951,34.704223
0.006967,5.903908,0.002967,2.514568
0.011806,10.005177,0.018883,16.002573
0.061877,52.437644,0.006139,5.202450
0.013968,11.837212,0.012421,12.445959
0.028654,24.283228,0.014891,12.619424
0.002794,2.368193,0.001187,1.005657
0.019581,16.593610,0.005559,4.710830
0.026094,22.113777,0.011248,9.531972
0.039570,33.534098,0.009497,8.048030
0.021395,18.131406,0.005498,4.659652
0.019446,16.479784,0.048176,40.827048
0.017133,14.519626,0.040591,34.398570
0.020091,17.026324,0.040376,34.216972
0.035544,30.121482,0.026671,22.602114
0.051995,44.063667,0.036218,30.693017
0.044529,37.735861,0.052653,44.620727
0.018424,15.613393,0.028689,24.312650
0.049288,41.769425,0.066208,56.107839
0.077199,65.422315,0.033361,28.272258
0.049778,42.184595,0.028920,24.508642
0.015993,13.552910,0.001958,1.659646
0.034591,29.314565,0.010079,10.098659
0.032267,27.344780,0.029732,25.196308
0.013598,11.523857,0.048302,40.933831
0.013735,11.639821,0.056420,47.813065
0.026236,22.233689,0.023234,19.690013
0.020226,17.140205,0.058121,58.237042
0.011812,10.009973,0.019074,16.164017
0.034886,29.563810,0.012483,10.578336
0.011005,9.326238,0.017996,15.250743
0.054909,46.532467,0.039946,33.852000
0.026487,22.446078,0.053542,45.374164
0.030641,25.966864,0.065758,55.726623
0.029497,24.997129,0.026557,22.505750
0.005886,4.988379,0.053032,44.942320
0.019443,16.477012,0.047209,40.007272
0.021014,17.808431,0.002692,2.281554
0.004409,3.736831,0.002084,1.766145
0.038650,32.754368,0.014987,12.700404
0.034865,29.546207,0.016729,14.176927
0.016253,13.773341,0.038838,32.913214
0.044336,37.572942,0.020238,17.150421
0.025830,21.889635,0.022055,18.690692
0.008826,7.479834,0.041434,35.113456
0.035873,30.400275,0.018135,15.368602
0.040998,34.743680,-0.013188,-11.176294
0.030278,25.659088,-0.008407,-8.423462
0.022201,18.814158,0.053319,45.185326
0.011273,9.553411,0.028459,24.117978
0.050526,42.818110,-0.103677,-103.883818
0.044338,37.574318,0.033052,28.010057
-0.003374,-2.859244,0.014330,12.144169
0.020623,17.477231,0.044927,38.073846
0.026885,22.783764,0.008243,8.259576
0.020045,16.987344,0.030084,25.494752
0.052816,44.759445,0.023500,19.914785
0.015850,13.432284,0.021487,18.209172
0.027050,22.923193,0.036333,30.790727
0.030478,25.828487,0.020469,17.346880
0.020638,17.490044,0.048006,40.682774
0.033223,28.154666,-0.003585,-3.037782
0.030893,26.180524,0.013760,11.660572
0.048016,40.691183,0.054361,46.068075
0.023971,20.314025,0.033295,28.215585
0.027495,23.300755,0.055616,47.132164
0.029655,25.131047,0.038378,32.523163
0.022224,18.834140,0.026786,22.699649
0.016246,13.767659,0.029548,25.040172
0.031954,27.079702,0.034760,29.457149
0.045551,38.602654,0.006989,5.923209
0.036504,30.935018,0.002871,2.432873
0.028799,24.405501,0.060086,50.920219
0.055983,47.443223,0.003062,3.067724
0.038271,32.432612,0.072418,72.562002
0.006164,5.224059,0.054257,45.980234
0.055975,47.436551,0.006529,5.533212
0.012114,10.266043,0.051702,43.815036
0.031803,26.951748,-0.003553,-3.010812
0.026335,22.317805,0.037755,31.995671
0.021202,17.968071,0.033710,28.567755
0.029495,24.996004,0.024389,20.668614
0.022991,19.483985,0.065809,55.770078
0.011534,9.774112,0.050256,42.589689
0.013907,11.785808,0.043309,36.701898
0.025098,21.269518,0.054657,46.318823
0.022267,18.870001,0.001883,1.595703
0.005977,5.065010,0.032501,27.543338
0.008177,6.929335,0.039600,33.559420
0.011791,9.992065,0.054972,46.586097
0.049162,41.662218,0.043709,37.041459
0.018914,16.028576,0.026993,22.875297
0.048699,41.269659,0.065899,55.846156
0.049583,42.018991,0.019740,16.728337
0.020825,17.648276,0.000454,0.384815
0.011800,9.999877,0.011913,10.095502
0.061631,52.229754,0.029467,24.971669
0.025882,21.933749,0.044994,38.130265
0.015802,13.391502,-0.010946,-9.275977
0.037464,31.749152,0.011873,10.062172
0.056207,47.632679,-0.007978,-6.761269
0.051571,43.703650,0.028050,28.106375
0.039736,33.674017,0.032779,27.778569
0.026038,22.065634,0.050493,42.790185
0.033622,28.492762,0.019455,19.494067
0.008491,7.195579,0.022458,19.032448
0.044809,37.973343,0.017935,15.199435
0.035167,29.802417,0.000951,0.806066
0.044753,37.925949,0.030936,26.216595
0.053104,45.003394,-0.003152,-3.158271
0.039857,33.776778,0.031523,26.714365
0.039548,33.515029,0.014176,12.013344
0.029517,25.014602,0.022725,19.258473
-0.001305,-1.105537,0.055243,46.815981
0.018680,15.830713,0.039094,33.129985
0.016303,13.815787,0.008921,7.560530
0.065044,55.121765,0.059770,50.652017
0.028335,24.012326,0.021119,17.897527
0.029468,24.972400,0.061327,51.971565
0.032348,27.413564,0.040314,34.164388
0.035129,29.770361,0.021621,18.323109
0.047310,40.093335,0.021195,17.961961
0.051361,43.525898,0.021821,18.492524
0.055910,47.381299,0.010661,9.034568
-0.000033,-0.028119,0.013738,11.642198
0.025954,21.994575,0.011136,9.437101
0.030922,26.205342,0.049727,42.140970
0.015027,12.734258,0.020144,17.070773
0.028145,23.851762,0.062267,52.768433
0.017643,14.951739,0.004093,3.468677
0.050102,42.458779,0.043134,36.554405
0.061853,52.417374,0.013895,11.775124
0.035119,29.761548,0.005549,4.702337
0.028431,24.094278,0.024267,20.564721
0.023744,20.122042,0.026178,22.184287
-0.007071,-5.992506,0.025010,21.194780
0.057459,48.693764,0.028054,23.774765
0.020117,17.048167,0.071119,60.269669
0.031241,26.475315,-0.022361,-22.405616
0.034343,29.103784,0.017490,14.821929
0.041251,34.958466,0.024858,21.065925
0.053505,45.342824,0.051471,43.618860
0.001473,1.247886,-0.013174,-11.164002
0.031000,26.270933,0.051372,43.535561
0.028125,23.835010,0.038296,38.372064
0.009069,7.685770,0.005825,4.936735
0.055701,47.203614,0.042820,36.287862
0.049277,41.760330,0.007691,6.517566
0.045609,38.651737,0.006723,5.697390
0.048771,41.330799,0.015069,12.770048
0.053970,45.736584,0.014731,12.483600
0.050787,43.039787,0.022714,19.248693
0.019973,16.926218,0.011450,9.703742
0.039744,33.681514,0.029028,24.599932
0.051335,43.504194,0.016458,13.947034
-0.000891,-0.755488,0.028047,23.768404
0.018668,15.820191,0.049941,42.322511
0.021691,18.381751,0.005550,4.703486
0.055662,47.171091,0.053173,45.061603
0.026977,22.861397,0.030636,25.962787
0.049453,41.908990,0.008889,7.533066
0.052055,44.114087,0.009554,8.096892
0.022295,18.894030,0.006583,5.579167
0.052337,44.353109,0.032114,27.215039
0.011723,9.934447,0.042088,35.667563
0.021652,18.348838,0.049674,42.096094
0.044727,37.904174,0.053925,54.032511
0.051702,43.815342,0.011586,9.818248
0.054691,46.348119,0.035668,35.738747
0.017432,14.772403,0.020470,17.347070
0.025326,21.462597,0.049057,49.154619
0.032267,27.344799,0.043485,36.851853
0.005101,4.323154,0.025719,21.795730
0.042045,35.631490,0.053799,45.592329
0.023654,20.045289,0.027777,23.539671
0.021467,18.192451,0.007355,6.232959
0.055763,47.256358,0.028290,28.346419
0.044500,37.711797,0.022326,18.920515
0.015159,12.846691,0.029300,24.829962
0.009750,8.262764,0.054787,46.429254
0.058079,49.219191,0.023833,20.197312
0.010412,8.823364,0.044775,44.864114
0.022937,19.438400,0.031955,27.080198
0.031508,26.701351,0.044116,37.386562
0.060957,51.658492,0.030905,30.966905
0.013380,11.338573,0.022382,18.967302
0.024860,21.068046,0.018756,15.894548
0.030905,26.190405,0.016237,13.759820
0.025084,21.257151,0.042433,35.960042
0.026032,22.060917,0.017654,14.960527
0.030390,25.754109,0.038787,32.870497
0.036361,30.814294,0.023439,19.863315
0.034388,29.142572,0.070550,59.788135
0.063208,53.565588,0.015349,13.007939
0.016558,14.032396,0.056008,47.463695
0.060682,51.424828,0.052734,44.689137
0.027199,23.049512,0.066369,56.244419
0.036778,31.167409,0.011069,9.380171
0.037228,31.549153,0.043325,36.716087
0.022705,19.241765,-0.036934,-37.007439
0.009588,8.125270,0.044457,37.675584
0.019507,16.531303,0.058440,49.525097
0.014286,12.107058,0.028840,24.440291
0.020521,17.390802,0.062431,52.907420
0.026808,22.718652,0.033867,28.700844
0.021999,18.643161,0.011350,9.618301
0.001173,0.993957,0.040299,34.151429
0.005583,4.731523,0.031827,26.971765
0.046122,39.086200,0.038312,32.467877
0.013151,11.144771,0.062621,53.068363
0.050936,43.165588,0.053121,45.017123
0.055104,46.698348,0.062458,62.582316
0.047417,40.183262,0.019330,16.380982
0.033089,28.041760,0.010740,9.101515
0.020986,17.784659,0.052895,44.825884
0.011092,9.399650,0.048883,41.425636
0.059898,50.761073,0.029133,24.688988
0.046651,39.534103,0.021515,18.233227
0.018488,15.667596,0.048770,41.330313
0.008281,7.017641,0.012947,10.971611
0.008223,6.968578,0.032278,27.354332
0.048925,41.461731,0.006941,6.955140
0.023773,20.146072,0.035699,30.253094
0.027587,23.378819,0.030818,26.116664
0.010288,8.718848,0.044725,37.902085
0.047877,40.573496,0.031555,26.740972
0.028760,24.372378,0.007006,5.937510
0.021884,18.545230,0.024296,20.589386
0.027608,23.396503,0.014445,12.241294
0.033689,28.549550,0.022473,19.044881
0.042390,35.923728,0.022174,18.791082
0.057944,49.104571,0.020435,17.317679
0.051073,43.282182,0.021874,18.537250
0.023755,20.131227,0.015539,13.168288
0.035467,30.056365,0.029067,24.632836
0.043220,36.627016,0.014621,12.390633
0.032074,27.181154,-0.004387,-3.717656
0.032759,27.761700,0.060416,51.200072
0.027177,23.031245,0.046219,39.168369
0.023082,19.561266,0.051016,51.117310
0.021981,18.628184,0.014484,12.274131
0.010075,8.537978,0.062178,62.301911
0.058255,49.368010,0.047984,40.663936
0.003686,3.124085,0.026516,22.471352
0.017321,14.678929,0.018465,15.648455
0.070426,59.682578,0.057139,57.252972
0.032640,27.660588,0.021992,18.637268
0.044362,37.594418,0.028923,24.510738
0.008540,7.237272,0.011493,9.739426
0.008681,7.356851,0.030095,25.504194
0.030768,26.074022,0.027785,23.546189
0.027463,23.273322,0.033972,28.789951
0.068266,57.852557,0.023823,23.870808
0.045045,38.173126,0.004805,4.071804
0.048217,40.861632,0.040490,40.570920
0.061904,52.460563,0.025121,21.289072
0.027754,23.520607,0.026563,22.511034
0.029293,24.824683,0.045188,38.294509
0.014881,12.610630,-0.011926,-11.950252
0.012298,10.422137,0.045710,38.737103
0.022011,18.653370,0.017232,14.603108
0.011550,9.787768,0.041714,35.350742
0.029871,25.314548,0.034081,28.882042
0.011743,9.951625,0.005855,5.866536
0.025059,21.236434,0.021375,18.113943
0.022045,18.682199,0.059739,50.626119
0.047738,40.455790,-0.010523,-8.917700
0.027541,23.339744,0.042051,35.636476
0.028967,24.547996,0.037497,31.777316
0.042713,36.197301,0.032224,27.307912
0.008867,7.514171,0.035934,30.452160
0.013943,11.816252,0.027945,23.682134
0.049502,41.950905,0.031340,26.558838
0.021851,18.517441,0.019256,16.318829
0.045930,38.923838,0.039159,33.185637
0.013866,11.751094,0.034657,34.726214
0.015715,13.317792,0.021916,18.573053
0.020844,17.664224,0.037652,31.907995
0.028589,24.227421,0.013665,11.580774
0.003441,2.916299,0.039035,33.080445
0.028912,24.501203,0.048733,41.298772
0.031255,26.486842,0.031448,26.650502
0.008522,7.222327,0.015965,13.529320
0.011175,9.469878,0.026187,22.192516
0.022196,18.809910,0.027322,23.153982
0.051834,43.926500,0.032115,32.179173
0.015729,13.329955,0.036588,31.006580
0.028310,23.991546,0.023499,19.914206
0.064218,54.421467,-0.006260,-5.304931
0.009850,8.347010,0.039162,39.239851
0.009825,8.326540,0.019956,16.911480
0.030617,25.946389,0.039133,33.163610
0.059205,50.173319,0.007080,5.999735
0.015774,13.367874,0.012291,10.416219
0.033294,28.215411,0.035766,30.309620
0.032953,27.925876,0.008538,7.235230
0.031822,26.967723,0.048240,40.881242
0.041510,35.177845,0.051300,43.474610
0.016696,14.148972,0.028847,24.446709
0.042240,35.796665,0.030725,30.786774
0.057405,48.647663,0.005746,5.757377
0.054579,46.252737,0.041905,35.512911
0.039188,33.210242,-0.006919,-5.863743
0.027602,23.391134,0.022466,19.038805
0.025747,21.819046,0.024320,20.610277
0.044671,37.856622,0.010975,9.300757
0.008775,7.436662,0.042634,36.130033
0.048207,40.853208,0.051156,43.352309
0.029054,24.621735,0.001892,1.603054
0.015133,12.824217,0.018002,15.255900
0.045798,38.811441,0.024539,24.587814
0.029164,24.715402,0.051744,43.850610
0.023852,20.213591,0.024181,24.229542
0.017445,14.783753,0.032803,27.798605
0.023305,19.749652,0.067934,57.570959
0.060100,50.931550,0.003727,3.158698
0.011129,9.431064,0.031769,26.923027
0.030106,25.512994,-0.054192,-54.299984
0.056455,47.843238,0.033147,28.090248
0.016749,14.194058,0.069103,58.561110
0.039523,33.493964,0.027464,23.274520
0.006494,5.503045,0.021247,18.006124
0.017500,14.830678,0.031485,26.682157
0.031299,26.524807,0.023144,19.613506
0.016380,13.881121,0.012704,10.766157
0.036735,31.131033,0.026865,22.766935
0.048728,41.294659,0.049642,42.068807
0.025054,21.231990,0.043326,36.716559
0.017671,14.975257,-0.006080,-6.092123
0.028499,24.151470,0.040054,33.943549
0.055331,46.890062,0.052938,44.862616
0.024592,20.840552,0.065083,55.154725
0.042332,35.874356,0.022029,18.668879
0.021681,18.373544,0.015443,13.087444
0.060018,50.862257,0.011590,9.822308
0.025996,22.030703,0.016593,16.626551
0.046962,39.797860,0.003176,2.691128
0.056117,47.556721,0.039061,33.101942
0.024851,21.059969,0.055765,47.258573
0.026307,22.294197,-0.007109,-7.122996
0.065756,55.724717,0.015082,12.781133
0.060881,51.593726,0.013447,11.396107
0.029380,24.898280,0.035781,30.322303
0.062606,53.055194,0.014793,12.536355
0.011955,10.131710,0.050035,42.402609
0.020781,17.610813,0.069749,59.108815
0.023727,20.107335,0.020584,17.443795
0.031027,26.293658,0.022749,19.278432
0.013870,11.754179,0.003923,3.324210
0.019483,16.511273,0.050501,42.797388
0.003605,3.054715,0.034945,29.614579
0.024096,20.420450,0.044038,44.125523
0.052670,44.635524,0.043299,36.694158
0.010794,9.147411,0.024719,20.947892
0.020897,17.709436,0.055613,55.723815
0.017235,14.605849,0.009559,8.100539
0.032540,27.576437,0.047658,40.388055
0.028684,24.308740,0.024051,20.381924
0.021098,17.879403,0.053578,45.405077
0.025361,21.491938,0.030779,26.083697
0.024282,20.577564,0.015302,12.967764
0.059758,50.642414,0.058542,49.611236
0.024146,20.462424,-0.002619,-2.623844
0.021564,18.274154,0.048821,41.373573
0.066901,56.695190,0.063353,53.688752
0.036832,31.213729,0.020888,20.929716
0.011514,9.757770,0.010031,8.500518
0.031182,26.425533,0.017696,17.731797
0.050925,43.156117,0.026127,22.141213
0.028014,23.740237,-0.008690,-7.364093
0.015506,13.140930,0.022666,19.208664
0.011707,9.921355,0.038541,32.661448
0.000700,0.593308,-0.008673,-7.349870
0.008805,7.461672,0.032969,27.940065
0.010371,8.788958,0.026965,22.851569
0.017184,14.562321,0.021468,18.193451
0.013644,11.562520,0.001443,1.222529
0.005788,4.905091,0.014829,12.566562
0.049074,41.587509,0.013081,11.085381
0.030884,26.172766,0.009385,7.952991
0.015310,12.974765,0.036859,31.236328
0.021904,18.562205,0.016808,14.244000
0.027856,23.606315,0.000843,0.714805
0.030761,26.068839,0.015867,15.898927
0.047323,40.104318,0.007977,6.760208
0.058548,49.616966,0.055112,55.221584
0.016698,14.150834,0.062933,53.332753
0.025608,21.701733,0.018506,15.682594
0.000295,0.249818,0.013081,11.085902
0.046527,39.429312,0.053681,45.491954
0.022377,18.963839,0.020389,17.278695
0.026145,22.156299,0.040925,41.006431
0.050730,42.991420,0.032786,27.784949
0.033381,28.289089,0.024906,21.106351
0.053485,45.325956,0.002188,2.192826
0.063440,53.762439,0.062338,52.828336
0.025015,21.198656,0.025330,21.465732
0.052239,44.269970,0.001243,1.053223
0.016415,13.910873,0.032511,27.551522
-0.001626,-1.378063,0.063535,53.842917
0.031751,26.907307,0.028720,24.339199
0.020705,17.546903,0.009357,7.929327
0.031138,26.388229,0.047129,39.939653
0.054196,45.928197,0.020343,17.239504
0.023930,20.279707,0.048355,40.978731
0.040107,33.988709,0.038766,32.852293
0.024459,20.728087,0.025185,21.343146
0.017262,14.628599,0.027194,23.045396
0.048670,41.245092,0.053880,45.660787
0.035605,30.173705,0.057311,48.567942
0.028455,24.114664,0.028793,24.401037
0.010609,8.990611,0.006518,5.523521
0.037405,31.698680,0.027821,23.577266
0.056388,47.786072,0.040064,33.952237
0.028389,24.058681,0.045440,45.530784
0.024903,21.104282,0.009807,8.311229
0.008643,7.324249,0.029888,25.328944
0.012609,10.685420,0.029233,24.773890
0.008456,7.165889,0.020784,17.613097
0.062099,52.626098,0.068869,58.362839
0.051773,43.875334,0.074394,63.045141
0.012372,10.484348,0.032070,27.177427
0.012512,10.603462,0.027555,23.351772
0.043767,37.090044,0.021437,18.167040
0.029762,25.221836,0.046783,39.646458
0.010093,8.553708,0.028112,23.823419
0.005898,4.998568,0.010942,9.272836
0.009349,7.922704,0.012077,10.235074
0.031691,26.857035,0.030174,25.571204
-0.005353,-4.536654,0.014442,12.239320
0.011997,10.166491,0.019140,16.220437
0.017086,14.479392,0.023062,19.544200
0.004793,4.061690,0.016747,14.192637
0.009681,8.204347,0.045711,38.737669
0.024842,21.052507,0.001495,1.267310
0.012362,10.476077,0.050345,42.665326
0.025927,21.971887,0.032405,27.462080
0.024319,20.609388,0.053622,45.442208
0.009299,7.880857,0.023852,20.213805
0.034562,29.289697,0.029649,25.126068
0.012867,10.904244,-0.001211,-1.026664
0.019939,16.897574,0.011034,9.351173
0.013861,11.746246,0.036514,30.944290
0.021935,18.589109,0.010094,8.554200
0.045357,38.438058,0.056517,47.895222
0.054372,46.078026,0.035326,29.937027
0.019117,16.200616,0.021727,18.412304
0.053079,44.981509,0.002948,2.953658
0.018870,15.991660,0.035559,35.629957
0.005422,4.595049,0.040786,34.564366
0.020464,17.342020,0.055687,47.192102
0.051996,44.064487,-0.007575,-7.590109
0.007853,6.655265,0.031658,26.828390
0.014753,12.502393,0.034559,29.286724
0.008639,7.321360,0.047205,40.004328
0.054926,46.547185,0.053149,45.040978
0.024471,20.738357,0.036387,30.836341
0.031722,26.882652,0.065817,55.776625
0.020404,17.291217,0.018694,15.842008
0.022872,19.383272,0.044007,37.293712
0.055242,46.815005,0.039650,33.601617
0.030959,26.236257,0.032043,27.154771
0.001095,0.928329,0.028525,24.173529
0.026634,22.571397,0.055762,55.872863
0.050645,42.919608,0.008903,7.544925
0.063168,53.532140,0.026806,22.716789
0.026180,22.186672,0.010526,8.920419
0.023796,20.165727,0.064911,55.008834
0.026828,22.735537,0.025479,21.592542
0.023488,19.905162,0.036340,30.796114
0.025149,21.312525,0.043845,43.932123
0.011544,9.782737,0.012367,10.480182
0.006379,5.406115,0.049232,41.721882
0.001803,1.528270,0.050710,42.974280
0.053932,45.704794,0.018322,18.358181
0.059940,50.796062,0.025843,21.900687
0.017462,14.798408,0.053534,45.367332
0.027065,22.936160,0.053735,45.537885
0.024293,20.587549,0.052611,44.585190
0.035044,29.698291,0.011027,9.344842
0.002365,2.004369,0.013617,13.644087
0.011585,9.817437,0.053376,45.233919
0.012603,10.680720,0.026876,22.776087
0.032748,27.752670,0.023859,20.219207
0.031469,26.668552,0.043501,36.864960
0.013554,11.486448,0.031272,26.501121
0.014370,12.177666,0.004708,3.990222
0.027865,23.614469,0.028751,24.365374
0.056372,47.772511,0.007878,6.676299
0.014647,12.412997,0.054914,46.537371
0.026204,22.206380,0.046359,39.287364
0.045067,38.191933,0.026744,22.663984
0.051232,43.416327,0.032179,27.270556
0.024730,20.957792,0.009941,8.424331
0.028597,24.234567,0.026449,22.413896
0.027411,23.229886,0.014485,14.513871
0.013670,11.584526,0.003828,3.243995
0.046531,39.432983,0.029518,25.015451
0.042607,36.107510,0.014218,12.049046
0.056381,47.779824,0.009257,7.845016
0.014868,12.599833,0.035334,29.943931
0.043365,36.749695,0.025947,21.988486
0.024103,20.426558,0.009738,8.252109
0.033321,28.237789,0.026544,22.494830
0.016219,13.745020,0.039005,33.055167
0.035587,30.158617,0.004326,3.665917
0.021756,18.436873,0.014679,12.440147
0.024792,21.010026,0.017683,14.985689
0.003000,2.542630,0.056823,48.155058
0.039067,33.107330,0.000292,0.247391
0.009356,7.929104,0.050816,43.064551
0.031973,27.095332,0.060286,51.089505
0.014308,12.125665,0.023512,19.925496
0.017958,15.218612,0.021193,17.960445
0.031654,26.824971,0.001745,1.478685
0.006459,5.473737,0.035936,30.454332
0.020317,17.217346,0.010832,9.179907
0.031427,26.632532,0.050513,42.807437
0.006274,5.316919,0.014933,12.655346
0.029569,25.058127,0.055164,46.749221
0.029760,25.220584,0.037926,32.140432
0.020903,17.714511,0.061424,61.546595
0.049896,42.284616,0.051293,43.468098
0.050749,43.007438,0.004669,3.956600
0.026653,22.587547,0.023828,23.875158
0.023546,19.953872,0.046438,46.530888
0.034059,28.863020,0.020934,17.740308
0.048544,41.138725,0.030371,25.738076
0.029381,24.898600,0.023296,19.742074
0.035123,29.765376,0.016709,16.742231
0.029771,25.229794,0.004200,3.559539
0.033732,28.586654,0.060255,51.063437
0.002375,2.012388,0.022901,19.407555
0.033468,28.362319,0.024685,20.919585
0.032663,27.679964,0.026592,22.535601
0.018976,16.080853,0.026278,22.269271
0.030464,25.816559,0.030318,25.693138
0.012970,10.991219,0.051850,43.940479
0.022939,19.439443,0.064068,54.294705
0.019444,16.477690,0.059475,50.402119
0.065308,55.345076,0.012630,10.703173
0.007508,6.362923,0.023155,19.622639
0.044378,37.608037,0.017249,14.617815
0.005714,4.842501,0.046998,39.828758
0.054604,46.273932,0.042685,36.173518
0.020432,17.314859,0.009882,9.901794
0.051673,43.790713,0.011168,9.464471
0.023981,20.322749,0.030833,26.129327
0.031340,26.559364,0.009968,8.447788
0.033586,28.462870,0.052327,52.431518
0.038037,32.234700,0.038658,38.734635
0.032867,27.853245,0.007991,6.771786
0.023645,20.037800,0.058923,49.934596
0.035087,29.734668,0.024790,21.008096
0.026948,22.837258,0.025145,21.309264
0.022200,18.813546,0.045835,45.926921
0.018732,15.874340,0.025603,21.697319
0.021383,18.121267,0.033164,28.104836
0.031980,27.101133,0.044519,37.727463
0.025186,21.343633,0.035620,30.186022
0.014741,12.492690,0.020209,17.126314
0.014110,11.957197,0.017998,15.252372
0.025410,21.533842,0.026891,22.789156
0.040664,34.460924,0.002834,2.401562
0.048131,40.788673,0.026079,22.100360
0.006758,5.727074,0.025883,21.935002
0.017619,14.931311,0.032987,27.954489
0.006836,5.793279,0.037118,31.455652
0.034309,29.075072,0.009699,8.219718
0.033215,28.147727,0.015542,13.171034
0.017501,14.831408,0.064571,54.720788
0.045908,38.904569,0.033703,28.561496
0.015276,12.946054,0.006309,5.346880
0.030005,25.427499,0.029944,25.376091
0.032016,27.132078,0.026767,22.683917
0.054510,46.194375,0.024309,20.600576
-0.005261,-4.458556,-0.000554,-0.469846
0.046943,39.781843,0.012823,10.867089
0.019117,16.200968,0.015744,13.342267
0.022497,19.065471,-0.021339,-21.381197
0.041150,34.872954,0.023979,20.321375
0.021074,17.858966,0.033219,28.151358
0.023557,19.963603,0.052268,44.294512
0.051016,43.233461,0.015479,13.118050
0.015578,13.201328,0.061139,51.812345
0.029264,24.799607,0.021304,18.053753
0.049881,42.271361,0.023446,19.869494
0.013781,11.679036,0.015149,12.837719
0.020464,17.342582,0.029408,24.922042
0.050939,43.168434,0.036067,30.565290
0.045598,38.642212,0.010887,9.226037
0.057867,49.039212,0.033013,27.977099
0.026692,22.620201,0.039856,33.776158
0.049350,41.821815,0.014654,12.418184
0.029876,25.318890,0.053566,45.394474
-0.002361,-2.000509,0.030130,25.533912
0.038761,32.848015,0.019352,16.400155
0.055228,46.802989,0.014185,12.020792
0.009997,8.471652,0.043033,36.468677
0.023533,19.942846,0.022312,18.908622
0.007809,6.617852,0.015625,13.241291
0.020000,16.949174,0.005553,5.564527
0.030966,26.242141,0.039416,33.403227
0.038015,32.216087,0.028664,24.291052
0.023782,20.154162,0.047208,40.006267
0.030145,25.546038,0.047105,39.919638
0.051646,43.767322,-0.014391,-14.420008
0.057471,48.704088,0.011492,9.738646
0.050603,42.883744,0.017627,14.937660
0.052836,44.776196,0.056099,47.540893
0.056540,47.915154,0.050610,42.889713
0.029418,24.930676,0.026944,22.833757
0.027214,23.062633,-0.012289,-10.414401
0.028654,24.282851,0.007071,5.992158
0.034466,29.208246,0.007837,6.641675
0.010096,8.555637,0.053403,45.256501
0.010883,9.223086,0.025958,21.998276
0.055559,47.083988,0.023708,20.091087
0.037320,31.627166,-0.014544,-14.572543
0.020873,17.688920,0.000803,0.680338
0.004359,3.694404,0.074145,74.293235
0.041272,34.975864,0.012906,10.937353
0.034033,28.841587,0.047468,40.226852
0.006258,5.303482,0.026746,22.665976
0.053985,45.749455,0.014612,12.382929
0.026174,22.180935,0.025272,21.417183
0.029753,25.214176,0.022164,18.782644
0.024542,20.798508,0.055128,46.718694
0.051317,43.489078,0.060666,51.411775
0.017103,14.494283,0.035722,30.272924
0.022324,18.918171,0.032606,27.632077
0.027447,23.260446,0.014372,12.179855
0.052201,44.237973,0.058358,49.455628
0.026436,22.403149,0.013396,11.352081
0.023963,20.307699,0.020614,17.469697
0.020510,17.381450,0.005174,4.384296
0.033115,28.063203,0.025176,21.335406
0.053962,45.729814,0.038117,32.302530
0.048299,40.931109,0.037096,31.437504
0.012200,10.338591,0.019118,19.155922
0.063324,53.664414,0.023326,19.767999
0.011235,9.521316,0.046897,39.742588
0.009696,8.216722,0.023502,19.916515
0.012924,10.952443,0.012909,10.939349
0.031127,26.378770,0.022696,19.234152
0.035780,30.321690,0.046172,39.128706
0.045590,38.635149,0.000028,0.023537
0.055090,46.686170,0.012873,10.909040
0.025327,21.463364,0.016626,14.089620
0.046370,39.296283,0.054710,46.363939
0.043240,36.643569,0.060014,50.858833
0.012943,10.968851,0.042019,35.609478
0.050359,42.676701,0.021305,18.054974
0.021376,18.114781,0.009176,7.776127
0.026801,22.712800,0.025782,21.848945
0.023584,19.986123,0.016806,14.242567
0.039024,33.071389,0.044691,37.873693
0.029804,25.257713,0.034274,29.045200
0.022835,19.351196,0.056194,47.621802
0.056618,47.981136,0.052287,44.311079
0.009786,8.293191,0.005011,4.246354
0.056254,47.672273,0.032910,27.889700
0.024599,20.846451,0.014962,12.679416
0.013312,11.281301,0.021007,17.802179
0.037901,32.119244,0.016974,14.384864
0.021418,18.150499,0.035515,30.097668
0.015460,13.101502,0.031629,26.803946
0.005710,4.838607,0.024392,20.671384
0.014584,12.358922,0.056232,47.653661
0.008016,6.792764,0.062177,52.692211
0.048777,41.336158,0.019078,16.167664
0.022275,18.877296,0.027371,23.195567
0.012783,10.832977,0.040185,34.054833
0.020918,17.727153,0.008337,7.064917
0.053061,44.966689,0.063219,63.344733
0.023076,19.555879,0.047757,40.472190
0.053006,44.919800,0.046084,39.054324
0.047060,39.881345,0.042160,35.728915
0.053849,45.634182,0.023042,19.527269
0.014063,11.918074,0.055146,46.733320
0.048413,41.028056,0.031397,26.607779
0.014972,12.688129,0.016635,14.097438
0.007210,6.109989,0.040192,34.061129
0.020313,17.214240,0.013765,11.664939
0.022865,19.376755,0.025037,21.217822
-0.002790,-2.364588,0.047178,39.981138
0.036276,30.742593,0.022961,19.458161
0.023147,19.615668,0.047630,40.364400
0.005758,4.879349,0.086005,86.176445
0.027012,22.891209,0.049866,42.259166
0.021472,18.196279,0.005796,4.911952
0.025779,21.846664,0.030126,25.530281
0.022891,19.399275,0.027359,27.413916
0.028124,23.833591,0.047432,40.196017
0.060902,51.611856,0.006282,5.324054
0.017348,14.701698,0.041165,34.885745
0.025668,21.752171,0.001593,1.349588
0.006153,5.214785,0.061978,52.522984
0.027005,22.885579,0.041448,35.125221
0.038864,32.935465,0.022423,19.002246
0.022758,19.286558,0.059699,50.591772
0.033671,28.534513,0.063512,53.823632
0.041539,35.202142,0.030087,25.497482
0.018607,15.768681,0.045451,38.517598
0.012434,10.537195,0.084851,71.907405
0.029004,24.579316,0.030864,26.155744
0.014138,11.981643,0.013825,11.715888
0.009067,7.683628,0.039469,33.448495
0.039053,33.095587,0.050272,42.602726
0.012991,11.009280,0.002242,1.899591
0.058105,49.241618,0.060527,51.293331
0.024525,20.783803,0.031502,26.696085
0.027131,22.992555,0.017887,17.922586
0.055717,47.217648,0.010111,8.568976
0.007216,6.115190,0.004579,3.880577
0.014334,12.147218,-0.011583,-9.815653
0.025308,21.447328,0.022622,19.171083
-0.000049,-0.041673,0.037860,37.935236
0.004707,3.989325,0.031549,26.736280
0.006162,5.221708,0.041968,35.565691
0.030716,26.030706,0.033498,28.387706
0.006086,5.157837,0.016442,13.934146
0.030593,25.926399,0.017110,17.144536
0.038651,32.755157,0.060841,51.559699
0.016156,13.691658,0.061039,51.727721
0.040996,34.742530,0.009440,8.000198
0.021883,18.544890,0.045333,45.423617
0.011458,9.710271,0.025889,21.939976
0.037353,31.654971,0.036984,37.057391
0.031934,27.062779,0.048800,41.355331
0.029101,24.662072,0.018484,15.664537
0.013164,11.155640,0.018535,15.707301
0.031901,27.034690,0.002971,2.977000
0.026187,22.192341,0.003692,3.129096
-0.006025,-5.105627,0.051817,43.912300
0.039053,33.095419,-0.001702,-1.442780
0.029649,25.126528,0.049832,42.230660
0.061633,52.231024,0.045085,38.207674
0.010267,8.700716,0.040003,33.900849
0.016469,13.956318,0.038526,32.648851
0.019548,16.565727,0.040806,34.580944
0.064935,55.029006,-0.001423,-1.205899
0.060781,51.508675,0.021242,18.001741
0.009786,8.293406,0.058539,49.609080
0.009724,8.240333,0.021641,18.339739
0.006570,5.567762,0.050605,42.885183
0.007908,6.701413,0.037332,31.636950
0.021241,18.000384,0.020831,17.652870
0.007520,6.372869,0.011589,9.821034
0.024311,20.602407,0.008605,7.292629
0.029516,25.013267,0.030947,31.008922
0.025147,21.311171,0.022403,18.985303
0.055768,47.260926,0.039122,39.199941
0.053846,45.632154,0.022501,19.068160
0.063743,54.019400,0.038405,32.546425
0.004308,3.650592,0.024899,21.100852
0.009556,8.098629,0.014917,12.641189
0.035248,29.870797,0.032390,27.448592
0.055339,46.897417,0.035924,30.443867
0.027026,22.903156,0.044320,37.559052
0.014835,12.571722,0.025550,21.652327
0.037608,31.870859,0.054055,45.808644
0.047922,40.611644,0.012228,10.362598
0.041164,34.884639,0.008709,7.380628
0.046016,38.996439,0.010411,8.822858
0.002363,2.002781,0.038605,32.715739
0.010276,8.708295,0.022603,22.647640
0.032817,27.811028,0.023197,19.658004
0.048639,41.219540,0.050282,42.611377
0.029616,25.098235,0.007872,6.671196
0.052758,44.710157,0.025382,21.510100
0.017908,15.176080,0.053611,53.717837
0.021426,18.157149,0.036698,31.099573
0.060102,50.933900,0.020934,17.740741
0.015282,12.950459,0.038756,32.844178
0.015854,13.435534,0.017597,14.912763
0.031206,26.445605,0.040919,41.001065
0.004966,4.208357,0.010863,9.206275
0.029981,25.407390,0.054043,45.798675
0.031576,26.759284,0.028277,23.963321
0.056287,47.700847,0.009095,7.707670
0.049817,42.217271,0.026670,22.601435
0.031659,26.829172,0.014475,12.267073
0.056481,47.864782,0.034988,29.650487
0.012533,10.621510,0.052643,44.612039
0.016383,13.883760,0.023682,20.069661
0.051801,43.898987,0.014249,12.075132
0.061677,52.268259,0.022427,19.005449
0.008882,7.526998,0.064552,54.704909
0.019426,16.462632,0.018893,16.011006
0.035200,29.830538,0.051013,43.231001
0.018988,16.091504,0.026123,22.137735
0.041892,35.501053,0.016682,14.137081
0.003179,2.694230,0.059535,50.453375
0.014447,12.243145,0.001121,0.950068
0.040882,34.645598,0.041811,35.432585
0.050649,42.922976,0.067265,57.003736
0.008680,7.355658,0.010647,9.022837
0.008556,7.250647,0.037428,31.718193
0.035314,29.926740,0.018828,15.955812
0.045819,38.829729,0.018186,15.411629
0.010553,8.943439,0.026035,22.063374
0.003351,2.839488,0.010945,9.274993
0.031356,26.573002,0.055545,47.071545
0.015109,12.804452,-0.003444,-2.918665
0.016746,14.191329,0.017557,14.878911
0.037809,32.041577,0.003777,3.200824
0.051897,43.980591,0.045925,38.919019
0.047105,39.919505,0.008643,7.324924
0.029446,24.954008,0.040068,33.955670
0.052223,44.256875,0.032459,32.523814
0.040593,34.400448,0.062571,53.026140
0.023535,19.944601,0.039819,33.744979
0.014536,12.318418,0.018407,15.598802
0.008916,7.556134,0.024603,20.849877
0.005591,4.737799,0.031315,26.537579
0.057087,48.378170,0.024718,20.947438
0.001455,1.233082,-0.013542,-11.476137
0.012321,10.441203,0.046908,39.751898
0.055393,46.942912,0.022095,18.724367
0.030977,26.251401,0.023960,24.008252
0.042364,35.901634,-0.010458,-8.862534
0.053994,45.757218,0.013417,11.370668
0.005184,4.393056,0.028504,28.560716
0.022664,19.206320,0.030421,25.780189
0.004905,4.157157,0.013794,11.689871
0.042698,36.184507,0.035806,30.343537
0.006202,5.255966,0.018198,15.421662
0.032074,27.180915,0.030908,26.193130
0.050176,42.522133,0.034802,29.492682
0.023609,20.007889,0.043256,36.657470
0.016704,14.155756,0.029168,24.718352
0.027427,23.243122,0.029041,24.611234
0.031011,26.280031,0.055390,46.940279
0.014716,12.470968,0.032462,27.510158
0.055867,47.344201,0.047872,40.569513
0.022789,19.312732,0.002163,1.833115
0.017140,14.524963,0.024903,21.104154
0.054632,46.297720,0.038034,38.110021
0.031666,26.835197,0.026816,22.724951
0.004765,4.037779,0.046567,46.659734
0.038642,32.746894,0.045509,38.566437
0.035114,29.757278,0.048553,48.650321
0.037686,31.937261,0.043659,36.999229
0.033307,28.225695,0.016123,13.663298
0.027583,23.375356,0.044501,37.712824
0.011086,9.394551,0.045597,45.687858
0.020497,17.370297,0.014635,14.664522
0.024093,20.417541,0.052191,44.229379
0.030376,25.741924,0.011784,9.986249
0.052653,44.620628,0.023450,19.872767
0.024486,20.750796,0.008471,7.178906
0.042792,36.263918,0.037117,31.455167
0.048136,40.792614,0.038930,32.990910
0.040700,34.491722,0.025442,21.561203
0.030263,25.646828,0.019125,16.207797
0.031856,26.996819,0.032434,27.486199
-0.001452,-1.230906,0.037931,32.144994
0.016042,13.594809,0.009669,8.193738
0.000799,0.676904,0.035151,29.789209
0.042764,36.240378,0.007618,6.455531
0.014203,12.036738,0.020027,16.971846
0.031912,27.043852,0.050133,42.485168
0.006354,5.384358,-0.004485,-3.800496
0.014990,12.703499,0.043277,36.674875
0.055538,47.065541,0.025307,21.446178
0.032279,27.354702,0.029326,29.384906
0.033016,27.979651,0.034968,29.633886
0.060694,51.435359,0.038352,32.501406
0.008467,7.175107,0.020992,17.789327
0.033100,28.051091,0.006280,5.322320
0.018637,15.793952,0.017941,15.204341
0.030828,26.125454,0.009827,8.328317
0.049743,42.154515,0.023112,19.586209
0.016346,13.852391,-0.011885,-11.908825
0.014579,12.355149,0.041747,35.378586
0.057137,48.421103,0.043518,43.605260
0.004128,3.498251,0.032705,27.716165
0.030322,25.696649,0.008645,7.326295
0.053808,45.599500,0.025073,21.248172
0.000121,0.102649,0.061222,51.882785
0.004372,3.704670,0.046811,39.670378
0.039260,33.271348,0.029555,25.046782
0.032083,27.189067,0.000032,0.027224
0.018126,15.360527,0.046812,39.670804
0.045940,38.932381,0.049223,41.714076
0.046405,39.325660,0.039958,33.862233
0.000165,0.139609,0.034027,28.835973
0.031667,26.836066,0.010657,9.031677
0.025888,21.939252,0.031023,26.290498
0.026476,22.436950,0.050961,43.187098
0.041779,35.405405,0.023722,20.102944
0.029523,25.019273,0.023672,20.060647
0.011625,9.852048,0.040801,34.576801
0.006856,5.809901,0.034735,29.436439
0.055728,47.227208,0.027427,23.243206
0.052607,44.582302,0.033790,28.635408
0.032691,27.703659,0.012738,10.795158
0.019126,16.208187,0.053867,45.649921
0.021964,18.613390,0.046557,39.455091
0.004273,3.621493,0.048137,40.793557
0.010953,9.282093,0.029510,25.008272
0.047803,40.510998,0.023867,20.226215
0.024109,20.431192,0.001102,0.933828
0.016184,13.715219,0.047632,47.726530
0.013027,11.039807,0.033464,28.358797
0.019744,16.732433,0.025605,21.698797
0.049267,41.751445,0.058561,49.627447
0.023530,19.940744,0.047258,47.352430
0.022176,18.792768,-0.004334,-3.672990
0.050212,42.552235,0.032123,27.222528
0.026266,22.259570,-0.005683,-4.816330
0.019295,16.351839,0.025515,21.622849
0.053243,45.121151,0.030421,25.780608
0.046981,39.813890,0.009043,7.663864
0.041395,35.080632,0.011755,9.961463
0.015103,12.799342,0.043276,36.674105
0.054020,45.779268,0.003328,3.334401
0.019403,16.443064,0.020005,16.953595
0.032381,27.441409,0.002310,1.957432
0.019585,16.597610,0.046836,39.691360
0.043133,36.553434,0.010804,9.155563
0.030550,25.889786,0.011177,9.471674
0.029072,24.637206,0.064342,54.526684
0.052107,44.158311,0.032676,27.691199
0.059715,50.605734,0.037240,31.559050
0.024538,20.795024,0.029516,25.013516
0.034827,29.514023,0.038361,32.509445
0.056243,47.663432,0.013828,11.718436
0.004913,4.163178,0.066160,56.067365
0.013904,11.782750,0.031336,26.555986
0.024268,20.566360,0.030783,26.087175
0.052830,44.770683,0.013812,11.705148
0.067962,57.594612,-0.000571,-0.484262
0.022364,18.952574,0.063558,53.862161
0.017973,15.231649,0.008938,7.574244
0.016831,14.263811,0.017842,15.119967
0.018490,15.669239,0.003188,2.701498
0.020067,17.005776,0.031663,26.832839
0.023825,20.190560,0.012330,10.449406
0.025787,21.852940,0.009474,8.029008
0.039992,33.891347,0.014204,12.037449
0.040908,34.667487,0.014440,12.236857
0.063364,53.698338,0.042864,36.325564
0.024090,20.414788,-0.018341,-18.377749
0.051806,43.903171,0.031009,26.278426
0.055269,46.838065,0.019013,16.112591
0.016715,14.164890,0.015689,13.295374
0.007473,6.333308,0.014714,12.469616
0.014266,12.089909,0.022508,19.074221
0.023497,19.912291,0.023779,20.151589
0.024174,20.486107,0.066503,56.358537
0.021761,18.441197,0.000415,0.351354
0.051709,43.820625,0.049906,42.293012
0.058878,49.896453,0.024679,20.913895
0.027024,22.901756,0.007623,6.460306
0.036661,31.068709,0.006307,5.344965
0.019908,16.870886,0.019518,16.540764
0.012508,10.599858,0.028233,23.926251
0.030839,26.134921,0.017079,14.473756
0.013037,11.048269,0.016069,13.617871
0.007914,6.706555,0.003303,3.309860
0.048388,41.006716,0.014005,11.868658
0.030993,26.264997,0.034191,28.975054
0.033313,28.230998,0.007993,6.774095
-0.003099,-2.626395,0.015119,12.812585
0.025550,21.652558,0.053216,45.098361
0.011722,9.933582,0.001674,1.419055
0.008673,7.349759,0.049395,41.860158
0.020434,17.316554,0.027691,23.467103
0.011095,9.402097,0.028323,24.002377
0.021405,18.139885,0.007852,6.654102
0.058312,49.416579,0.030756,26.064608
0.025873,21.926302,0.030274,30.334057
0.008387,7.108007,0.022608,19.158985
0.039380,33.372362,0.044936,38.081316
0.009757,8.268656,0.060261,51.067996
0.000297,0.251993,0.049663,42.087273
0.024972,21.162548,0.048345,40.969737
0.061363,52.002273,0.042667,42.752606
0.031904,27.037451,0.043653,36.993821
0.038572,32.688313,0.004997,4.234800
0.033861,28.695510,0.045141,38.255041
0.062793,53.213797,0.039711,33.653454
0.011271,9.551674,0.051849,43.939244
0.048392,41.010215,0.050977,43.200202
0.030887,26.175327,0.020285,17.190464
0.035550,30.126969,0.041254,34.960379
0.016039,13.591932,0.012292,10.416601
0.020202,17.120477,0.007654,6.486108
0.018206,15.428881,0.035221,35.291566
0.029530,25.025244,0.023579,19.981664
0.028166,23.869454,0.118564,118.800841
0.038300,32.457719,0.011243,9.527720
0.045514,38.570602,0.006653,5.638165
0.046562,39.459045,0.061916,52.470525
0.028662,24.289697,0.030995,26.266408
0.028713,24.333050,0.032566,27.598507
0.043537,36.895343,0.021116,17.894993
0.052632,44.603176,0.039050,33.092662
0.010350,8.771298,0.022789,19.312901
0.024996,21.183161,0.035619,30.185083
0.015876,13.453972,0.032148,27.243796
0.029071,24.636154,0.022431,19.009149
0.054123,45.866805,0.058146,49.276034
0.033275,28.198678,0.047018,39.845764
0.054085,45.834811,0.064844,54.952228
0.023906,20.259266,0.052205,44.241115
0.005985,5.072189,0.017147,17.180993
0.019062,16.154208,0.031902,27.035769
0.029706,25.174789,0.020085,17.020673
0.040858,34.625013,0.012519,10.609208
0.003340,2.830291,0.047942,40.628798
0.008862,7.509870,0.031807,26.954858
0.018648,15.803118,0.034554,29.283086
0.016694,14.147661,0.017474,14.808694
0.015699,13.303984,0.034977,29.640960
0.035919,30.439978,0.010695,9.063255
0.032522,27.560850,0.035488,30.074606
0.053275,45.148397,0.017870,17.905466
0.018394,15.588020,-0.027841,-27.896738
0.029037,24.607562,-0.000218,-0.184380
-0.001471,-1.246766,0.034267,29.039361
0.018258,15.472797,0.025351,21.484081
0.023933,20.282290,0.030730,26.041870
0.015326,12.988193,0.016519,13.999213
0.007046,5.971056,0.021993,18.637613
0.042068,35.650983,0.026774,22.689515
0.006685,5.665210,0.056423,47.815907
0.013563,11.494361,0.015683,13.290967
0.042162,35.730625,0.031784,26.935197
0.028429,24.092239,0.052798,52.903549
0.058256,49.369490,0.026563,22.510564
0.040151,34.025897,0.045703,38.731537
0.062887,53.293688,0.021516,18.233957
0.024845,21.055327,0.026160,22.169270
0.039000,33.050367,0.003351,2.839794
0.021274,18.028874,0.026724,22.647025
0.014305,12.122819,0.034391,29.145108
0.036894,31.266185,0.010685,9.055449
0.032012,27.128997,0.018713,15.858286
0.051524,43.663850,0.011664,9.885041
0.042040,35.626887,0.011459,9.711173
0.025615,21.707697,0.035475,30.063524
0.029088,24.650793,0.021690,18.381006
0.005873,4.976961,0.009735,8.249549
0.019195,16.266905,0.004591,3.890450
0.017274,14.638667,0.019180,16.254133
0.017869,15.143450,0.040236,34.098500
0.030796,26.097761,0.022555,19.114285
0.050836,43.081082,0.043724,37.053996
0.012199,10.337857,0.035162,29.798475
0.032972,27.942300,0.007364,6.241058
0.015957,13.522869,0.017025,14.428048
0.063218,53.574552,0.009789,8.296001
0.054976,46.589760,0.019490,16.516755
0.008126,6.886388,0.007164,6.071502
0.017227,14.598650,0.019636,16.640322
0.011457,9.709684,-0.004046,-3.428535
0.011434,9.689456,0.025068,21.243746
0.059577,50.488472,-0.007525,-6.377198
0.012406,10.513252,0.068502,58.052163
0.027417,23.234743,0.028960,24.541949
0.049767,42.174960,-0.001478,-1.252152
0.046850,39.703532,-0.009904,-8.392822
-0.001812,-1.535662,0.054089,45.837863
0.027905,23.648360,0.008858,7.506800
0.033355,28.266704,0.019578,16.591137
0.021336,18.080894,0.006089,5.159810
0.015558,13.184873,0.023799,20.168703
0.031731,26.890165,0.026008,22.040937
0.020370,17.262277,0.052398,44.404410
0.028791,24.398811,0.016315,13.826093
0.025730,21.804730,0.000373,0.315723
0.042798,36.268909,0.015813,13.400438
0.054084,45.833666,0.022617,19.166432
0.004385,3.716113,0.019484,16.511720
0.002824,2.393297,-0.010476,-10.496823
0.044437,37.658002,0.035343,29.951451
0.028102,23.815279,-0.016599,-16.632520
0.021831,18.501084,0.027773,23.536217
0.014211,12.043332,-0.006521,-6.534135
0.030038,25.456137,0.040357,34.200642
0.014179,12.015763,0.055815,47.300490
0.005484,4.647060,0.071077,60.233961
0.032159,27.253001,0.047877,40.573817
0.032945,27.919283,0.020154,17.079547
0.031548,26.735519,0.024943,21.138058
0.050889,43.125658,0.032235,27.317812
0.057369,48.617647,0.063435,53.758421
0.017861,15.136052,0.027892,23.636991
0.050124,42.477677,0.033886,28.716952
0.006217,5.268346,0.048298,40.930583
0.019714,16.707087,0.028557,24.200690
0.019897,16.861871,0.039284,33.291241
0.049186,41.682892,0.054559,46.236386
0.062668,53.108349,0.012558,10.642204
0.022955,19.453573,0.010443,8.850361
0.029426,24.937040,0.028319,23.998867
0.054845,46.478653,0.009325,7.902801
0.019422,16.459230,0.019933,16.891914
0.027762,23.526824,0.006738,5.710491
0.001619,1.371744,0.017978,15.235385
0.044468,37.684215,0.012589,10.668406
0.057204,48.477573,0.031436,26.640613
0.026307,22.294096,0.057342,48.594519
0.046607,39.497425,-0.000405,-0.343060
0.052165,44.207689,0.000060,0.050742
0.053687,45.496842,0.020179,17.100324
0.028039,23.762099,0.009753,9.772827
0.027334,23.163921,0.030637,25.963507
0.016198,13.727364,0.015494,13.130470
0.055077,46.674878,0.023361,19.797739
0.022282,18.882906,0.036618,31.031774
0.032903,27.883883,0.032158,27.252708
-0.003780,-3.203534,0.022721,19.254635
0.011069,9.380087,0.059525,50.444794
0.019997,16.946450,0.013407,11.361978
0.037382,31.679822,0.048609,41.193800
0.036891,31.263189,0.014966,12.682676
0.029758,25.218872,0.009464,8.020111
0.036582,31.001154,0.010463,8.866901
0.032018,27.133810,0.025537,21.641332
0.005008,4.244270,0.005202,4.408764
0.029031,24.602389,0.051327,43.496811
0.026918,22.811628,0.037091,31.433109
0.025544,21.647480,0.021562,21.605360
0.060343,51.138187,0.034411,29.161979
0.016355,13.859853,0.035819,30.354701
0.058442,49.527189,0.056854,48.181054
0.026782,22.696610,0.042881,36.339272
0.021091,17.873653,0.035093,29.739891
0.007101,6.017652,0.030850,26.144121
0.014181,12.017347,0.050878,43.116947
0.036975,31.334348,0.015430,13.076211
0.027626,23.411616,0.019178,16.252603
0.033956,28.776144,0.041128,34.854350
0.015162,12.849210,0.019257,16.319376
0.001498,1.269725,0.035653,30.214414
0.031826,26.970761,0.038333,32.485502
0.015502,13.137105,0.023019,19.507489
0.052414,44.418423,0.010746,9.106983
0.006387,5.412340,0.045037,38.167052
0.023461,19.882085,0.024630,20.872961
0.007849,6.651491,0.062416,52.894442
0.066415,56.283818,0.039497,33.471981
0.019341,16.390213,0.052912,44.840584
0.023566,19.971246,0.061401,52.034096
0.050136,42.487816,0.048796,41.351993
0.031226,26.462541,0.045225,38.326407
0.028315,23.995490,0.045922,38.916808
0.025063,21.240114,0.032942,27.916554
0.024815,21.029468,0.021473,18.197030
0.043806,37.123251,0.036878,31.252718
0.035261,29.881980,0.070277,70.417384
0.030142,25.544321,0.047472,40.229984
0.017909,15.177083,0.010554,8.944316
0.013195,11.181736,0.056291,56.403775
0.005935,5.029483,0.026371,22.348446
0.030740,26.050699,0.046556,39.454256
0.022611,19.161471,0.055310,46.872830
0.014810,12.550534,0.055110,46.703101
0.023397,19.827426,0.038721,32.814098
0.022745,19.275586,0.047389,40.160307
0.052313,44.333030,-0.004865,-4.122735
0.008436,7.149189,0.011920,10.101921
0.033875,28.707599,0.056699,48.049767
0.025818,21.879200,0.035196,29.827270
0.027788,23.548678,-0.010173,-10.193708
0.019764,16.749365,0.059937,50.793817
0.033623,28.493962,0.027421,23.238035
0.031984,27.104842,-0.002412,-2.044172
0.024492,20.755575,0.015051,12.754734
0.057482,48.712972,0.028779,24.388527
0.058001,49.153143,0.016396,13.895228
0.057857,49.031192,0.044954,38.096735
-0.001796,-1.522033,0.001357,1.149648
0.044604,37.799388,0.015048,12.752448
0.041871,35.483734,0.010878,9.218221
0.024024,20.358774,0.027840,23.593101
0.026820,22.728416,0.024898,21.100224
0.051266,43.445747,0.018580,15.745836
0.026412,22.382976,0.003292,2.789648
0.055483,47.019357,0.034214,28.994883
0.060449,51.228028,0.038199,32.371426
0.006443,5.459859,0.001959,1.660044
0.017047,14.446179,0.029639,25.117688
0.051505,43.648235,0.020820,20.861575
-0.000482,-0.408639,0.040897,34.658640
0.028636,24.267602,0.038530,32.652063
0.029494,24.994919,0.021521,18.237769
0.015260,12.932523,0.037577,31.844591
0.027963,23.697124,0.019909,16.871521
0.032256,27.335074,0.023012,19.501476
0.048845,41.393474,0.030685,26.003897
0.029961,25.390609,0.003436,3.442975
0.010259,8.693608,0.002080,1.762659
0.026618,22.557577,0.052069,44.125834
0.022129,18.753227,0.025454,21.570632
0.029397,24.912186,0.030556,25.894771
0.041947,35.548059,-0.017051,-17.084876
0.048600,41.185947,0.001621,1.373947
0.024162,20.476066,0.012851,10.890720
0.057552,48.772754,0.018268,15.481239
0.045392,38.467253,0.014647,12.412920
0.043692,37.026964,0.056148,47.582791
0.021068,17.854526,0.043468,36.836745
0.030170,25.567972,0.023755,23.801892
0.032282,27.357548,0.004113,3.485259
0.045724,38.749070,0.006231,5.280666
0.018866,15.988229,0.028276,23.962538
0.054777,46.420796,0.052803,44.747709
0.056568,47.938463,0.032345,27.410767
0.043326,36.716443,0.033900,28.729033
0.001951,1.653280,0.032487,27.531343
0.015842,13.425054,0.044817,37.980665
0.047934,40.621400,0.026273,22.264986
0.034499,29.236235,0.057992,49.145592
0.044453,37.671701,0.005087,5.097302
0.003699,3.134511,0.010190,8.635342
0.044881,38.034246,0.068208,57.802892
0.026041,22.068748,0.012511,10.602126
0.052324,44.342511,0.032637,27.658291
0.056836,48.166150,0.016185,13.715901
0.049746,42.157000,0.026434,22.401176
0.015914,13.486166,0.022438,19.015414
0.011195,9.487180,0.055484,47.019738
0.049381,41.848259,0.028141,23.847887
0.034744,29.443687,0.013455,11.402827
0.057661,48.864877,0.033069,28.024407
0.052385,44.394167,0.024932,21.128477
0.004632,3.925260,0.008267,8.283072
0.026316,22.301488,0.026468,22.430653
0.003102,2.628722,0.041030,34.771319
0.012448,10.548882,0.014980,12.694928
0.029232,24.772746,0.059514,50.435181
0.028726,24.343680,0.029331,24.856939
0.027888,23.633665,0.026061,22.085510
0.009068,7.685052,0.038515,32.639585
-0.001329,-1.125870,0.014255,12.080105
0.056673,48.027534,0.009632,8.162768
0.023007,19.497644,0.034240,29.016759
0.030085,25.495784,0.004989,4.228324
0.055980,47.440353,0.060516,60.636497
0.031198,26.438843,0.002712,2.298127
0.033126,28.072852,0.000679,0.575260
0.038357,32.505722,0.003389,2.871675
0.009176,7.776096,0.066548,56.396048
0.015651,13.263120,0.039589,33.549653
0.003093,2.620972,0.064146,54.360839
0.041958,35.557167,0.008653,7.332661
0.036732,31.128894,0.052854,44.791407
0.046102,39.068963,0.033882,28.713750
0.005344,4.529017,0.005812,4.925704
0.014315,12.131292,0.041679,35.320546
0.015484,13.122011,0.009595,8.131032
0.041642,35.289232,0.057578,48.794650
0.018297,15.506063,0.011943,10.121272
0.011093,9.400384,0.028558,24.201167
0.047302,40.086139,0.019494,16.520473
0.032457,27.505576,0.019302,16.357226
0.010229,8.668979,0.025811,21.873323
0.033953,28.773262,0.050216,42.555498
0.005170,4.381749,0.062065,52.597448
0.040203,34.070111,0.039699,39.778232
0.015313,12.977338,0.006235,5.284205
0.028515,24.165485,0.012848,12.873615
0.014032,11.891645,0.026864,22.766230
0.048206,40.852050,0.005567,4.718042
0.033845,28.681775,0.007128,6.040839
0.046829,39.685104,0.052088,44.142211
0.024833,21.045152,0.049608,42.040839
0.013817,11.709503,0.028629,24.262012
0.028375,24.046484,0.027736,23.505243
0.051029,43.245015,0.037619,31.880535
0.026368,22.345567,0.029293,24.824164
0.024382,20.662883,0.058290,49.397947
0.018589,15.753512,0.046995,47.089215
0.011014,9.334214,0.084264,84.431699
0.035449,30.041431,0.026133,22.146390
0.027881,23.628031,0.027762,23.526921
0.026170,22.177688,0.009670,8.194615
0.030812,26.111915,0.016077,13.624462
0.014943,12.663653,0.025728,21.802909
0.048942,41.475630,0.056147,47.581859
0.050205,42.546596,0.021171,17.941321
0.069547,58.937643,0.063483,53.798935
0.013625,11.546393,0.023226,19.682785
0.050994,43.214810,0.025943,21.985717
0.019202,16.273162,0.022084,18.715349
0.033060,28.016429,0.058815,49.842729
0.015784,13.376525,-0.012774,-12.799884
0.060174,50.994476,0.004009,3.397769
0.004747,4.022791,0.034745,29.444682
0.034552,29.281025,0.010630,9.008133
0.011627,9.852986,0.039020,33.067186
0.028972,24.551980,0.002170,1.838948
0.061095,51.774933,-0.006610,-5.601605
0.057375,48.622816,0.059655,50.554742
0.042783,36.256923,0.056258,56.370436
0.019443,16.477244,0.025306,25.356105
0.010509,8.905700,0.027389,23.210749
0.002843,2.409579,0.056639,47.998764
0.012188,10.328508,0.024006,20.344024
0.022246,18.852018,0.068246,68.381828
0.052679,44.642543,0.022821,19.339941
0.008644,7.325136,0.047107,39.921103
0.022912,19.416424,0.001650,1.653295
0.021981,18.627449,0.031276,26.505054
0.064077,54.302191,0.038157,32.336639
0.029776,25.233603,0.026080,22.101916
0.006746,5.717103,0.066637,56.472034
0.025755,21.825766,0.000603,0.603746
0.029179,24.728213,0.066278,66.410599
0.016127,13.666583,0.019627,16.632851
0.027939,23.676839,0.032058,27.167870
0.020823,17.646561,0.021815,18.486820
0.058886,49.903122,0.062510,52.974052
-0.000848,-0.718992,0.014280,12.101440
0.008441,7.153566,0.051404,43.562633
0.017678,14.981329,0.012571,10.653146
0.046386,39.309804,0.033013,27.976596
0.059819,50.693690,0.065131,65.261192
0.029874,25.317164,0.050033,42.400187
0.032725,27.732684,0.054470,46.160714
0.013250,11.228710,0.023356,19.792830
0.010586,8.971532,0.016814,14.249316
0.028627,24.259955,0.037331,31.636301
0.024796,21.013393,0.013500,11.440265
0.016715,14.165061,-0.013315,-11.283803
0.054472,46.162824,0.058605,49.664810
0.061319,51.964527,0.016305,13.817553
0.032457,27.505625,0.025599,21.693869
0.056319,47.727786,0.032434,27.486501
0.024004,20.342188,0.053409,45.261710
0.021382,18.119858,0.054349,46.057893
0.012188,10.328614,0.013072,11.077685
0.024970,21.161129,0.034002,28.814705
0.056235,47.656905,0.012307,10.429860
0.053311,45.178284,0.045967,38.955054
0.026800,22.712035,0.028655,24.283398
0.007947,6.734698,0.025221,21.373510
0.039413,33.400317,0.057683,48.883714
0.008822,7.475936,0.050473,42.773640
0.001692,1.433836,0.058260,58.376430
0.034235,29.012573,0.034330,29.092931
0.005539,4.693820,0.023923,20.273619
0.032672,27.687780,0.000216,0.183034
0.051902,43.984113,0.077473,77.627637
0.020105,17.038282,0.063067,53.446442
0.048644,41.223497,0.008324,7.053804
0.054362,46.069257,0.046827,46.920683
0.007160,6.067766,0.019380,16.424020
0.026216,22.216833,0.038109,32.295892
0.019844,16.817020,0.013775,13.802514
0.037556,31.826770,0.043033,36.468567
0.016392,13.891295,0.032538,27.574093
0.026197,22.200510,0.014039,11.897041
0.038722,32.814765,0.029147,24.700502
0.021248,18.006767,0.002524,2.139239
0.024417,20.692277,0.033112,28.060756
0.046350,39.279186,0.029594,25.079719
0.022011,18.652959,0.033598,28.472770
0.037105,31.444569,0.017117,14.506150
0.016204,13.731713,0.013278,11.252328
0.034953,29.620770,0.015145,12.834691
0.051869,43.956886,0.044533,37.739360
0.013009,11.024273,0.017113,14.502757
0.002995,2.537966,0.018222,15.442674
0.007079,5.999196,0.007512,6.366094
0.005260,4.457536,0.034903,29.579005
0.005324,4.511617,0.028798,24.404628
0.043690,37.025563,0.033964,28.783062
0.029840,25.288258,0.017648,14.955842
0.035561,30.136615,0.018080,15.321978
0.018848,15.973096,0.004122,3.492870
0.054391,46.093887,0.063046,53.428449
0.044685,37.868685,0.052811,44.755099
0.025854,21.909805,0.031087,26.344438
0.020534,17.401634,0.026585,22.529656
0.027592,23.383182,0.024390,20.669192
0.019174,16.249094,0.055642,47.154118
0.043925,37.224070,0.086485,73.291736
0.014539,12.320991,0.030177,25.573473
0.026428,22.396358,0.030196,25.589806
0.009982,8.459074,0.047256,47.349827
0.042473,35.993609,0.019890,16.855750
0.016301,13.814534,0.015033,12.739592
0.021565,18.275031,0.029703,25.171908
0.033026,27.988194,0.061761,61.884149
0.017009,14.414656,-0.003254,-3.260709
0.023708,20.091035,0.013775,11.673732
0.012402,10.510320,0.024208,20.514956
0.023878,20.235572,0.058979,49.981939
0.013090,11.093455,0.055983,47.442906
0.015148,12.836793,0.033440,28.338754
0.025226,21.377673,0.032366,27.428700
0.033348,28.260828,0.035544,30.121894
0.011881,10.068326,0.008000,6.779703
0.048717,41.285490,0.051301,43.474755
0.059457,50.387044,0.009324,9.342138
0.029131,24.686930,0.079652,67.501049
0.012156,10.301501,0.009226,7.818945
0.003148,2.667607,0.029767,25.226273
0.021102,17.883248,-0.020813,-17.637852
0.035975,30.487142,-0.000895,-0.758814
0.021161,17.932569,0.020544,17.410313
0.063197,53.556771,0.029151,24.704028
0.002819,2.388757,0.044996,45.086045
0.031214,26.452541,0.046021,39.000795
0.013346,11.309848,0.016149,13.685882
0.024836,21.046917,0.044136,37.402763
0.053100,44.999641,-0.004185,-3.546766
0.051481,43.627304,0.061029,51.719354
0.015824,13.410057,0.051959,44.032625
0.053432,45.281030,0.042898,36.354275
0.009484,8.037034,0.014545,12.326107
0.055600,47.118529,0.051148,43.345606
0.028306,23.987678,0.021669,18.363361
0.036369,30.820776,0.029027,24.598696
0.009689,8.210676,-0.003601,-3.052068
0.046841,39.695858,0.046051,39.026421
0.025960,22.000052,0.030222,25.611410
0.010365,8.784029,0.013477,11.421368
0.070707,59.920626,0.048148,40.802771
-0.003535,-2.995691,-0.018389,-18.425595
0.020127,17.056628,0.003237,2.742813
0.023901,20.254563,0.030543,30.603469
0.010588,8.972686,0.041850,35.465704
0.035610,30.178054,0.016493,13.976629
0.026075,22.097453,0.017117,14.505927
0.007625,6.462029,0.002518,2.133678
0.015497,13.133244,0.031623,26.799286
0.022244,18.850314,0.054238,45.964074
0.027621,23.407760,0.021520,18.236791
0.039635,33.589182,0.033779,33.846149
0.055304,46.867360,0.029940,25.372473
0.022265,18.868900,0.006898,5.846122
0.006447,5.463227,0.038249,32.414196
0.049705,42.122679,0.037552,31.823286
0.052475,44.469997,0.023637,20.031415
0.045573,38.620958,0.023974,20.316724
0.022180,18.796169,0.021709,18.397259
0.057430,48.669517,0.018790,15.923843
0.028843,24.443071,0.069467,58.869589
0.037629,31.888634,0.006885,5.834544
0.054984,46.596490,0.005417,4.590540
0.024287,20.582403,0.047637,40.370358
0.055194,46.774253,0.018956,16.064141
0.023891,20.246330,0.013048,11.057571
0.032420,27.474275,0.022279,18.880094
0.029623,25.103939,0.044401,37.627912
0.007184,6.087676,0.033826,28.666212
0.009800,8.304661,0.013682,11.594427
0.008923,7.561567,0.059112,50.094712
0.047691,40.416062,0.029744,25.206550
-0.003774,-3.198499,-0.000046,-0.038779
0.009138,7.743732,0.011236,9.521590
0.029578,25.066151,0.026100,22.118354
0.007305,6.191053,0.020977,17.776921
0.048097,40.760177,0.023683,20.070170
0.052149,44.193846,0.060435,51.215731
0.011957,10.132585,0.000447,0.379182
0.029365,24.885568,0.003165,3.171662
0.012137,10.285573,0.029574,25.062756
0.026466,22.428812,-0.006815,-5.775192
0.047975,40.656206,0.052319,52.423497
0.037919,32.134675,0.021013,21.055094
0.030116,25.521695,0.035515,30.096963
0.035364,29.969337,0.060352,51.145109
0.001833,1.553376,0.056031,47.483863
0.035733,30.282260,0.026253,26.305079
0.026208,22.210099,0.028011,23.737959
0.017248,14.616458,0.006344,5.375899
0.025112,21.281147,0.011283,9.561730
0.028516,24.165568,0.037478,31.760431
0.040244,34.105007,0.036095,30.588414
0.019461,16.492610,0.043719,37.049941
0.059685,50.580391,0.021642,18.340158
0.037099,31.439802,0.017494,14.825342
0.012428,10.532342,-0.000269,-0.228291
0.030327,25.700662,0.044049,37.329232
0.038930,32.991453,0.019871,16.839840
0.031226,26.462920,0.017560,14.881319
0.013680,11.592846,0.007661,6.492164
0.028516,24.166312,0.006614,6.627100
0.033549,28.431522,0.000506,0.506606
0.020565,17.427995,0.060724,51.460674
0.033933,28.756336,0.021746,18.428543
0.055253,46.824350,0.041923,35.527992
0.023064,19.545820,0.021372,18.111481
0.073174,62.011461,0.040321,34.170101
0.002752,2.332554,0.050272,50.371931
0.029431,24.941085,0.056344,47.748576
0.026093,22.112708,0.025711,25.762463
0.011919,10.100690,0.057169,57.283357
0.016109,13.651999,0.019192,16.264152
0.013719,11.626366,-0.001017,-0.861730
0.053293,45.163420,-0.006257,-5.302248
0.051251,43.432680,0.037108,31.447130
0.019149,16.227689,0.043760,37.084366
0.012050,10.211814,0.001766,1.769928
0.057393,48.637609,0.036165,30.648007
0.049593,42.028112,0.040681,34.474786
0.032341,27.407205,0.054535,46.215813
0.035069,29.719225,0.026928,22.820134
0.052284,44.307843,0.008918,7.557813
0.026378,22.354292,0.059100,50.084815
0.017627,14.938350,0.031637,26.811024
0.056750,48.092924,0.007027,5.955272
0.042195,35.758353,0.017123,17.157625
0.032046,27.157749,0.026484,22.444289
0.006491,5.501048,0.009574,8.113708
0.026004,22.036848,0.014069,11.923160
0.012621,10.695741,0.033457,28.353030
0.030630,25.957138,0.042143,35.713908
0.042547,36.056819,0.022578,19.133409
0.023414,19.842462,0.039702,33.645824
0.027561,23.356569,0.060861,51.576730
0.021731,18.416154,0.035203,29.832728
0.045873,38.875311,0.014275,12.097500
0.020399,17.287143,0.027525,23.326039
0.045935,38.928036,0.019777,16.760466
0.012166,10.310360,0.019520,16.541904
0.063625,53.919109,0.007803,6.612943
0.007575,6.419310,0.018203,18.239745
0.004707,3.988628,0.032457,27.505520
0.029960,25.389674,0.030526,25.868962
0.057335,48.588929,0.052502,44.492788
0.026119,22.134837,0.038514,32.638626
0.023660,20.051002,0.031356,26.572863
0.033222,28.154182,0.022376,18.962591
0.047575,40.317162,0.063804,54.070850
0.029260,24.796050,0.030004,25.427358
0.065507,55.514068,0.037596,31.860871
0.023251,19.703968,0.024180,20.491618
0.019595,16.606152,0.015483,13.121183
0.023828,20.193086,0.043068,36.498290
0.021662,18.357469,0.029788,25.243539
0.009722,8.238956,0.054239,45.965241
0.008639,7.320747,0.031856,26.996144
0.018608,15.769222,0.055737,47.234485
0.032632,27.653808,0.050543,42.832820
0.054339,46.049678,0.058938,49.947326
0.039987,33.886798,0.009348,9.366795
0.031565,26.750180,0.023956,20.301210
0.051035,43.249792,0.008803,7.460172
0.041825,35.444902,0.006092,5.162915
0.036386,30.834992,0.026628,22.566364
0.014417,12.217655,0.051944,44.019823
0.010315,8.741075,0.050335,42.656572
0.039362,33.357355,0.053716,45.521694
0.039421,33.407821,0.017490,14.822032
0.033893,28.722378,-0.006106,-5.174488
0.034032,28.840751,0.048446,41.055410
0.028759,24.372016,0.008681,7.356359
0.030245,25.631198,0.047627,40.361609
0.042723,36.205394,0.025186,21.343761
0.033345,28.258195,0.069800,69.939231
0.005211,4.416173,0.002941,2.492514
0.003986,3.378016,0.063736,63.863293
0.014213,12.045033,0.046487,39.395190
0.018068,15.311712,0.020263,17.171938
0.021500,18.219853,-0.002662,-2.256070
0.013334,11.299904,0.023264,23.310052
0.022938,19.438583,0.030923,26.205406
0.036248,30.718163,0.016335,16.367876
0.026230,22.228728,0.030343,25.714447
0.025306,21.445219,0.018083,15.324592
0.015672,13.281453,0.025957,21.997493
0.021515,18.232663,0.068284,57.867360
0.010042,8.510162,0.050423,42.731066
0.017605,14.919238,0.048913,41.451337
0.034670,29.380996,0.014442,12.239106
0.032681,27.695881,-0.003691,-3.128015
0.024104,20.426966,0.038276,32.436709
0.030556,25.894854,0.033962,28.781465
0.046424,39.342152,0.027733,23.502142
0.021003,17.799099,0.021813,18.485617
0.045707,38.734629,0.030003,25.425711
0.047964,40.646961,0.025772,25.823041
0.040983,34.731488,-0.016395,-16.427839
0.030786,26.089621,0.062852,53.264104
0.029313,24.841400,0.036087,30.582360
0.035559,30.134196,0.050072,42.433630
0.029071,24.636515,0.053927,45.700974
0.000395,0.334627,0.022494,22.539311
0.035704,30.257757,0.012546,10.631991
0.024648,20.888345,0.057155,48.436469
0.022107,18.734542,0.053758,45.557730
0.038012,32.213417,0.068680,68.817039
0.030873,26.163283,-0.000379,-0.320878
0.013484,11.426782,0.057341,48.594105
0.043462,36.832333,0.028523,24.171756
0.032070,27.178062,0.000249,0.210766
0.034746,29.445647,0.035331,29.940993
0.029865,25.308861,0.016211,13.737725
0.031675,26.843004,0.022934,19.435503
0.048346,40.970902,0.052839,44.778448
0.024399,20.676607,-0.018002,-18.037557
0.017112,14.501584,-0.005501,-5.512220
0.052045,44.105316,0.041885,35.495958
0.029474,24.978146,-0.004284,-3.630383
0.010767,9.124477,0.030411,25.771621
0.027745,23.512454,0.022693,19.231396
0.009126,7.733599,0.043141,36.559952
0.008467,7.175704,0.033023,27.985768
0.026738,22.659447,0.016870,14.296847
0.027714,23.486101,0.002511,2.128042
0.062965,53.359431,0.051753,43.858014
0.043823,37.137757,0.054115,45.859596
0.007592,6.434047,0.054345,46.054973
0.003978,3.371371,0.023092,19.569277
0.057329,48.583204,0.005590,4.737122
0.044125,37.393881,0.043989,37.278961
0.046729,39.600881,0.022300,18.898532
0.053898,45.676070,0.027966,23.700214
0.012250,10.381272,0.019197,16.268586
0.012974,10.994574,0.056596,47.962539
0.024506,20.767657,0.010150,8.601602
0.029787,25.242679,-0.001760,-1.491703
0.067132,56.891031,0.015877,13.455396
0.042745,36.224153,0.003724,3.155591
0.058478,49.557542,0.080226,80.386205
0.010504,8.901808,0.009962,8.442270
0.042353,35.892178,0.048181,40.831194
0.041487,35.158594,0.009248,7.836901
0.025126,21.293410,0.032305,32.369493
-0.001533,-1.299184,0.013739,11.643149
0.052885,44.817356,0.046923,39.764727
0.024027,20.361474,0.044574,44.662532
0.026743,22.663195,0.024550,20.804709
0.062767,53.192094,0.022181,18.797344
0.009187,7.785621,0.025601,21.695330
0.020194,17.113439,0.033047,28.006064
0.023754,20.130578,0.024337,20.624505
0.046705,39.580112,0.009266,7.852588
0.011558,9.794697,0.065451,65.581549
0.015009,12.719490,0.033169,28.109434
0.025464,21.579386,0.053821,45.610552
0.056452,47.840333,0.047023,39.849520
0.033385,28.292355,0.017997,15.251500
0.031075,26.334263,0.030048,25.464396
0.056330,47.737279,-0.002097,-1.777302
0.020092,17.026839,0.101180,101.381898
0.045638,38.675861,0.029722,25.188373
0.035737,30.285607,0.011164,9.460847
0.029358,24.879272,0.040406,40.486126
0.029353,24.875315,0.032743,27.748106
0.014219,12.049627,0.051020,43.237074
0.053977,45.742821,0.019403,16.442782
0.007524,6.376123,0.015656,15.687253
0.028873,24.468433,-0.003392,-3.399085
0.029572,25.060644,0.029282,24.814726
0.008660,7.339175,0.036183,30.663127
0.054953,46.569633,0.041708,35.345310
0.004541,3.848686,-0.007488,-6.345483
0.033356,28.267719,0.022677,19.217599
0.056027,47.479804,0.029784,25.240619
0.046080,39.050384,0.023076,19.555456
0.038137,32.319585,0.013634,13.661319
0.030764,26.071389,0.012592,10.671317
0.019593,16.603745,0.048918,41.455633
0.024719,20.947794,0.015753,13.350145
0.027614,23.401885,0.063641,53.932620
0.007923,6.714694,0.003232,2.738901
0.054184,45.918074,0.070008,70.147955
0.003382,2.866148,0.063023,53.409320
0.045187,38.294193,0.027266,23.106707
0.004161,3.526313,0.031586,26.767663
0.011222,9.510527,0.061106,51.784355
0.003157,2.675537,0.023404,19.833973
0.055075,46.673432,0.030457,25.810663
0.025866,21.920527,0.020025,16.970461
0.030652,25.976246,0.010937,10.958633
0.015713,13.315849,0.026962,22.849026
0.030834,26.130342,0.035499,30.083985
0.068477,58.031348,0.013162,11.153988
0.015029,12.736197,0.034776,29.470653
-0.007150,-6.058993,-0.002394,-2.028532
0.031896,27.030232,0.011071,9.382494
0.046343,39.273658,0.015723,13.324842
0.020728,17.565616,0.025613,21.705772
0.011390,9.652800,0.015322,12.984613
0.056077,47.522845,0.030484,25.833666
0.020694,17.536991,0.026234,22.231900
0.026491,22.450104,0.052707,44.666250
0.014647,12.412458,-0.002657,-2.251592
0.014984,12.697833,0.029568,25.057740
0.011605,9.834634,0.067656,57.334927
0.047047,39.869962,0.013892,11.772937
0.036514,30.943879,0.003907,3.310676
0.060601,51.356695,0.003505,2.970063
0.040349,34.193846,0.042979,36.422967
0.038295,32.453011,0.001692,1.433728
0.008474,7.181170,0.004135,4.143135
0.047559,40.303643,0.033172,28.111921
0.059404,50.342110,0.041464,41.546531
0.007775,6.589241,0.048086,40.750440
0.048017,40.692136,0.058944,59.061475
0.029739,25.202093,0.017757,15.048072
0.025429,21.549777,0.053867,45.649714
0.007386,6.259638,0.031644,26.817124
0.036538,30.964023,-0.008118,-6.879729
0.012522,10.612106,0.023295,19.741415
0.028844,24.443520,0.018278,15.489995
0.050084,42.444200,0.021660,18.356106
0.045982,38.967365,0.012183,10.324650
0.010778,9.133949,-0.000481,-0.407466
-0.002578,-2.184646,0.049281,41.762961
0.060420,51.202742,0.026115,22.131474
0.031465,26.664947,0.023743,20.121209
0.055212,46.789687,0.027301,23.136520
0.008767,7.429736,0.026447,22.412231
0.034686,29.394521,0.061031,51.720608
0.022930,19.431746,0.057137,48.420643
0.031036,26.301575,0.065944,55.884310
0.007346,6.225694,0.047273,40.061356
0.036953,31.316285,0.016181,13.712776
0.029609,25.092371,0.003823,3.239453
0.023816,20.182581,0.046669,39.549723
0.026156,22.166215,0.036035,30.537806
0.025570,21.668983,0.028714,24.333812
0.021641,18.339794,0.013944,11.816490
0.018288,15.498149,0.042767,36.243125
0.033518,28.404509,0.011991,12.015355
0.038697,32.793950,0.005991,5.077313
0.023077,19.556492,0.045986,38.970589
0.023321,19.763189,0.017228,14.599550
0.008427,7.141744,0.002628,2.226795
0.053521,45.356601,0.024858,21.065702
0.069941,59.271796,0.018515,18.551686
0.013754,11.655776,0.011878,10.065848
0.030631,25.958463,0.120646,120.887015
0.013298,11.269469,0.035659,30.219688
0.029315,24.843162,0.031292,26.518445
0.007839,6.642850,0.003366,3.372411
0.037387,31.683489,0.008987,7.616075
0.015485,13.122715,0.022637,19.183405
0.012975,10.995942,0.022894,19.401408
0.030269,25.651512,0.022464,19.036807
0.005850,4.957356,0.023514,19.927321
0.012810,10.855832,0.033353,33.419816
0.041130,34.855415,-0.004557,-4.566034
0.057511,48.737865,0.054552,46.229932
0.011254,9.537220,0.040751,34.534764
0.013941,11.814210,0.037718,31.964226
0.033024,27.986559,0.009262,7.848694
0.014399,12.202718,-0.016719,-16.752545
0.049787,42.192188,0.053975,45.740908
0.006806,5.768041,0.049873,42.265364
0.006170,5.228413,0.021085,17.868937
0.047453,40.213809,0.001765,1.495347
0.006379,5.406159,0.022231,18.839992
0.020092,17.026643,0.011633,11.656602
0.032614,27.638972,0.029091,24.652996
0.017879,15.151829,0.058215,49.334694
0.032727,27.734815,0.027591,23.382381
0.050716,42.979693,0.023241,19.695785
0.023795,20.164754,0.022262,18.866291
0.022592,19.145452,0.065753,55.722287
0.053449,45.295193,0.017784,15.071445
-0.004226,-3.581312,0.043596,36.945520
0.014879,12.609358,0.009779,8.287190
0.015890,13.465937,-0.001767,-1.497593
0.023729,20.109413,0.022779,19.303895
0.049011,41.534111,0.039692,33.636942
0.058632,49.687835,0.013272,11.247082
0.027259,23.100550,0.003874,3.282750
0.023101,19.576973,0.008702,8.719828
0.004227,3.581823,0.050674,42.944032
0.027854,23.605341,0.011844,11.867544
0.028711,24.331274,0.031700,26.864416
0.035288,29.904691,0.038357,32.505616
0.024483,20.748160,0.060165,50.987109
0.053661,45.475516,0.032168,27.261098
0.017078,14.472457,0.067161,56.915627
0.016072,13.619884,-0.002896,-2.454368
0.054963,46.578261,0.034106,28.903464
0.011406,9.665717,0.045832,38.840815
0.028677,24.302034,0.000262,0.221799
0.012737,10.793889,0.030678,25.997990
0.049417,41.878476,-0.000358,-0.303668
0.021157,17.929174,0.039789,33.718896
0.007086,6.004816,0.018650,15.805356
0.013594,11.520086,0.008359,7.083730
0.028024,23.749253,0.061478,52.100061
0.030606,25.937286,0.024182,20.493423
0.022165,18.783547,0.037925,32.139833
0.017457,14.793685,0.005127,4.344571
0.043920,37.219790,0.048099,40.761401
0.025010,21.194733,0.015348,13.007109
0.055715,47.215983,0.037316,31.623891
0.043870,37.177633,0.014257,12.082203
0.042519,36.033034,0.009488,8.041020
0.001044,0.884737,0.026197,22.200665
0.046497,39.404411,0.055969,47.431292
0.033473,28.366667,0.026945,22.834365
0.025138,21.303323,0.054651,46.314136
0.042221,35.780449,0.030721,26.034792
0.014057,11.912590,0.029276,24.809685
0.007346,6.225645,0.020585,17.444697
0.013530,11.465970,0.028399,24.066953
0.054600,46.270707,0.015868,13.447392
0.051517,43.658438,0.038995,33.046149
0.033682,28.543925,0.013779,11.677059
0.050095,42.452899,0.052091,44.144768
0.055333,46.892059,0.011349,9.617428
0.019562,16.577608,0.031064,26.325656
0.052307,44.328023,0.045818,38.828248
0.052152,44.196405,0.001963,1.966654
0.027679,23.456765,0.041127,34.853502
0.023509,19.922391,0.051408,43.565517
0.024927,21.124580,0.031748,26.904794
0.028870,24.465871,0.021003,17.799415
0.047437,40.200623,0.017531,14.856503
0.024055,20.385889,0.026969,22.854676
0.023958,20.303047,0.004602,3.900009
0.001926,1.632481,0.027882,23.628880
0.032457,27.505990,0.055923,47.392293
0.004183,3.544827,0.029655,25.130829
0.008238,6.981376,0.080617,80.777338
0.019011,16.110725,0.007947,6.734638
0.012470,10.567606,0.069306,69.444078
0.015046,12.750938,0.028507,24.157952
0.025669,21.753661,0.049286,41.767232
0.027149,23.007404,0.017058,14.455541
0.009936,8.419957,0.008291,7.026145
0.014848,12.583296,-0.002463,-2.087454
0.009979,8.456469,0.066463,56.324281
0.056375,47.774869,0.015508,13.142641
0.038054,32.248865,0.026813,22.723006
0.015643,13.256464,0.055039,46.643328
0.000454,0.384973,0.030902,30.964012
0.048252,40.891012,0.046122,39.086115
0.028925,24.512576,0.022986,19.479484
0.008948,7.583247,0.055155,46.741063
0.052238,44.269042,0.062239,52.744577
0.022485,19.054810,0.010658,9.032257
0.037630,31.890041,0.020522,20.562668
0.029874,25.316494,0.010873,9.214494
0.059003,50.002235,0.039484,33.460760
0.034808,29.497841,0.025421,21.542698
0.039942,33.848648,0.041409,35.091836
0.014569,12.346628,0.045985,38.970000
0.028512,24.162763,0.035196,29.826953
0.026286,22.276084,0.007087,7.101463
0.049382,41.849203,0.013092,11.094950
0.022105,18.732725,0.061849,52.413714
0.069789,59.143182,-0.011003,-11.025170
0.008836,7.487761,0.008113,6.875576
0.017890,15.160851,0.053888,45.667256
0.016288,13.803155,0.010963,9.290889
0.027191,23.043074,0.059704,50.596459
0.052109,44.160230,-0.001463,-1.239890
0.041596,35.250802,0.042109,35.685636
0.030971,26.246839,-0.001205,-1.021459
0.020415,17.300629,0.028715,24.334756
0.052783,44.731077,0.025985,22.021266
-0.006921,-5.865106,0.032557,27.590719
0.029611,25.093541,0.024732,20.959486
0.012086,10.242591,0.019674,16.672373
0.014984,12.698456,0.027783,23.545081
0.050939,43.168181,0.049459,41.914253
0.029309,24.837850,0.012712,10.772442
0.014563,12.341655,0.053683,45.494010
0.017702,15.001601,0.036512,36.584973
0.036501,30.932851,0.055621,47.135798
0.051116,43.317967,0.009588,8.125246
0.013480,11.423272,0.055205,46.783596
0.021062,17.849223,0.027517,23.319720
0.039765,33.699052,0.001980,1.677863
0.022504,19.071104,0.065057,55.132363
0.031042,26.306516,0.053232,45.111435
0.060043,50.883790,0.011477,9.725905
0.045545,38.596927,0.060593,51.350090
0.051707,43.819276,0.028895,24.486747
0.017185,14.563584,0.053114,53.220192
0.041052,34.789579,0.022949,19.448550
0.029157,24.709428,0.022315,18.910698
0.018915,16.029906,0.029463,24.968346
0.022860,19.372788,0.042232,35.789246
0.033498,28.387747,0.015381,13.035030
0.023774,20.147497,0.042911,36.365406
0.033433,28.332975,0.047251,40.043083
0.008799,7.457082,0.035485,35.555317
0.029615,25.096894,0.029043,24.612616
0.018423,15.612792,0.036880,31.254139
0.056253,47.671729,0.008137,6.895753
0.042542,36.052313,0.010171,10.191751
0.007436,6.302067,0.004337,3.675743
0.011483,9.731437,-0.004614,-4.622841
0.040714,34.503431,0.042543,36.053452
0.009374,7.944398,0.031925,27.054682
0.024343,20.629537,0.035941,30.458236
0.024875,21.080164,0.012960,10.982680
0.037328,31.633543,0.020673,17.519022
0.057702,48.900012,0.015552,13.179978
0.016495,13.978450,0.067228,56.972112
0.028487,24.141738,0.019191,16.263842
0.056579,47.948021,0.042750,36.228604
0.030527,25.870101,0.029124,29.182506
0.054418,46.116923,0.061416,52.047221
0.032751,27.755095,0.037166,31.496734
0.027740,23.508598,0.032957,27.929267
0.026747,22.666410,0.030934,26.215120
0.061108,51.786022,0.046740,39.609699
0.018683,15.832735,0.038562,32.679297
0.048310,40.940301,-0.005562,-5.573554
0.013972,11.840229,0.012077,10.234832
0.008754,7.418240,0.016515,13.996023
0.015384,13.037334,0.042436,35.962480
0.049503,41.951260,0.048373,40.993420
0.041105,34.834374,0.017656,17.691341
0.055248,46.820316,0.021410,18.143727
0.049539,41.982214,0.015433,13.078966
0.041853,35.468807,0.007351,6.229636
0.056439,47.829019,0.001430,1.212154
0.019208,16.277478,0.012191,10.331200
0.046542,39.442083,0.010524,8.918228
0.021563,18.273375,0.049815,49.914528
0.019373,16.417803,0.009964,8.444096
0.020646,17.496416,0.016892,14.315371
0.054829,46.465377,0.038268,32.430395
0.012963,10.985111,0.047028,39.853854
0.032786,27.784899,0.042559,36.066923
0.040119,33.999249,0.026443,22.408985
0.006321,5.357014,0.013598,11.523291
0.034375,29.131103,0.025685,21.766898
0.030358,25.726979,0.013034,11.045616
0.034146,28.936805,0.020222,20.262675
0.031580,26.762389,0.021051,21.093131
0.042816,36.284579,0.053355,45.216098
0.023617,20.014212,0.046743,39.612688
0.011875,10.063126,0.058260,49.372232
0.041404,35.088194,0.015068,12.769518
0.004077,3.455426,0.053364,45.223209
0.021254,18.011664,0.049980,42.355989
0.036702,31.103404,0.023825,20.190720
0.034920,29.592868,0.023781,20.153531
0.013565,11.495284,0.012534,10.621754
0.036395,30.842960,0.032741,27.746717
0.025685,21.766873,0.005696,4.827030
0.011767,9.971727,0.058968,49.972944
0.028741,24.356903,0.034734,29.435135
0.048335,40.961977,0.025601,21.695214
0.029968,25.396351,0.028433,24.095664
0.029017,24.590613,0.031220,26.457866
0.026912,22.806907,0.029892,25.332249
0.032185,27.275006,0.007049,5.973921
0.033053,28.010985,0.019668,16.667584
0.026703,22.629723,-0.018701,-18.738105
0.032566,27.598405,0.055239,46.812295
0.021836,18.504697,0.028607,28.663920
0.011246,9.530736,0.014504,12.291711
0.004543,3.849702,0.012337,10.454844
0.003814,3.231809,0.011720,9.931748
0.016830,14.262747,0.012262,10.391491
0.035294,29.910369,-0.005298,-4.489620
0.023047,19.531596,0.054413,46.112576
0.011876,10.064352,0.012210,10.347593
0.054215,45.944434,0.001418,1.201322
0.013331,11.297108,0.018371,15.568472
0.012514,10.604717,0.001902,1.611707
0.000335,0.284126,0.005833,4.943612
0.013745,11.648085,0.026926,22.818435
0.027900,23.644298,0.053565,45.393632
0.025305,21.445159,0.005364,5.374880
0.018036,15.284609,0.012610,12.634910
0.049154,41.655982,0.031620,26.796255
0.017185,14.563497,0.017488,14.819828
0.044430,37.652205,0.009118,7.727404
-0.004961,-4.204560,-0.034761,-34.830300
0.026435,22.402533,0.014679,12.439987
0.047462,40.221781,0.026933,22.824638
0.006605,5.597713,0.040690,34.482759
0.002307,1.954776,0.025267,21.412973
0.056064,47.511267,0.044531,37.738108
0.051734,43.841865,0.036844,31.223723
0.013084,11.088073,0.073478,73.624117
0.028871,24.466973,0.025459,21.574934
0.005940,5.033576,0.020548,17.413574
0.026621,22.560037,-0.022595,-22.639648
0.053492,45.331900,0.003239,3.245244
0.003887,3.294195,0.041236,34.945287
0.016503,13.985783,0.001039,0.880183
0.046273,39.214212,0.014223,12.052956
0.033548,28.430647,0.026728,22.650316
0.026697,22.624715,0.021319,18.067182
0.030615,25.944531,0.005334,4.520288
0.048330,40.957057,-0.006959,-6.972489
0.020678,17.523508,0.031049,31.111434
0.029192,24.738511,0.046156,39.114733
0.032935,27.910503,0.049348,41.820090
0.004632,3.925484,0.049033,41.552811
0.006149,5.211272,0.028027,23.751522
-0.000791,-0.670107,0.034741,29.441588
0.014790,12.534177,0.066836,56.639924
0.030209,25.600632,0.027000,22.881274
0.040098,33.980932,0.007897,6.692721
0.016939,14.355130,0.008934,7.571044
0.035555,30.130844,0.001080,0.914979
0.025426,21.547359,0.045980,38.965868
0.010288,8.718314,0.046045,39.020917
0.024159,20.473381,0.046167,39.124554
0.030463,25.816026,0.051302,43.476418
0.072698,61.608392,0.044117,37.387203
0.027358,23.184368,0.019516,16.539114
0.037512,31.789450,0.037258,31.574401
0.057259,48.524145,0.019343,16.392103
0.051800,43.897702,0.038797,38.874486
0.051106,43.309739,0.012439,10.541106
0.034366,29.123629,0.031872,27.009751
0.011943,10.121414,-0.001513,-1.282430
0.045656,38.691360,0.027526,23.326777
0.020909,17.719652,0.025669,21.752889
0.033632,28.501706,0.026462,22.425671
0.025599,21.693687,0.013758,11.659255
0.011983,10.154916,0.044121,37.390106
0.011637,9.861832,0.059215,50.182083
0.050504,42.799800,-0.001002,-0.849181
0.014955,12.674019,0.000817,0.818586
0.009721,8.238030,0.021754,18.435887
0.048345,40.970184,0.053247,45.124003
0.030611,25.941585,0.021923,18.579106
0.060131,50.958299,0.019929,16.888509
0.010313,8.739644,0.006509,5.515984
0.005824,4.935362,-0.050219,-50.319566
0.043690,37.025448,0.009559,8.100633
0.057647,48.853114,0.045486,38.547081
0.009373,7.943306,0.075769,64.210386
0.028486,24.140351,0.076236,64.606334
0.022097,18.725814,0.000666,0.667686
0.007932,6.721696,0.030634,25.960444
0.011343,9.612344,0.009232,7.823909
0.026119,22.134227,0.009018,7.642206
0.027374,23.198281,0.009032,7.654324
0.023044,19.528492,0.018476,18.512725
0.007740,6.559199,0.061322,61.444401
0.039583,33.545001,0.019295,16.351676
0.047381,40.153396,0.068624,68.760940
0.049372,41.840547,0.029521,29.579960
0.037444,31.732293,0.033379,28.286883
0.046929,39.770317,0.052045,44.105243
0.049214,41.706657,0.055103,46.697210
0.012275,10.402615,0.051804,43.901050
0.063068,53.446966,0.021510,18.228644
0.025932,21.976416,0.043237,36.640880
0.022570,19.127019,0.081304,81.466001
0.027540,23.338770,0.041273,34.976781
0.017309,14.668859,0.024962,21.154315
0.041193,34.908911,0.050200,42.542506
0.042323,35.866768,0.031952,27.077509
0.058784,49.816759,0.050201,42.542697
0.017616,14.928585,0.037518,31.794856
0.045021,38.153147,0.046339,39.269687
0.047069,39.888557,-0.015930,-15.961784
0.014337,12.149742,0.018715,15.859810
0.027407,23.225743,0.061194,51.858784
0.018981,16.085123,0.001937,1.641340
0.019032,16.128485,0.029629,29.688043
0.057736,48.928284,0.035726,35.797756
0.011327,9.598929,0.023076,19.555779
0.041324,35.020068,0.023555,19.961439
0.013157,11.150116,0.028088,23.803653
0.069330,58.753856,0.021397,21.439723
0.039018,33.065571,0.015299,12.964779
0.025358,21.489717,0.000439,0.372278
0.033874,28.706687,0.030639,30.700078
0.048805,41.360198,0.015903,13.477414
0.017701,15.000666,0.015622,13.239293
0.021183,17.951265,0.065779,55.744270
0.040246,34.106473,0.016144,16.175760
0.047378,40.150958,0.055806,47.292731
0.058188,49.311161,0.015150,12.839157
0.006176,5.233469,0.017373,14.722635
0.063089,53.464802,0.031994,27.113772
0.026187,22.192494,0.006125,6.136851
0.056270,47.685738,0.004561,3.865617
0.035672,30.229982,0.017846,15.123449
0.063182,53.543696,0.038386,32.529952
0.020365,17.258344,0.039110,33.144251
0.039140,33.169678,0.019537,19.576282
0.022623,19.171615,0.029346,24.869668
0.028467,24.124287,0.013338,11.303553
0.033574,28.452408,0.024370,20.652740
0.051025,43.241433,0.055328,46.887809
0.045925,38.919529,0.030399,25.761733
0.006475,5.487643,0.028959,24.541376
0.045563,38.612380,0.030295,25.673297
0.036301,30.763748,0.027548,23.345219
0.020089,17.024460,0.058305,49.411034
0.066639,56.473219,0.020162,17.086010
0.021483,18.205398,0.083656,83.822526
0.028719,24.337762,0.060420,60.540591
0.008704,7.376624,0.003825,3.241733
0.005796,4.911481,0.052272,44.297683
0.034837,29.522918,0.022382,18.967428
0.053261,45.136551,0.068222,57.814653
0.029189,24.736248,0.011107,9.413014
0.026054,22.079855,0.071638,60.710020
0.032456,27.504947,0.031324,26.545691
0.025824,21.884321,0.027327,23.158569
0.061020,51.711830,0.025363,21.493858
0.005265,4.462033,-0.007233,-6.129812
0.054054,45.807939,0.035450,30.042233
0.009279,7.863533,0.027952,23.688085
0.032956,27.928943,0.022225,22.269485
0.050822,43.069256,0.022671,19.213004
0.043809,37.126398,0.033431,28.331127
0.020826,17.648933,-0.038941,-39.019110
0.004807,4.073771,0.032866,27.852118
0.013112,11.112065,-0.010430,-10.450494
0.003677,3.116268,0.035705,30.258548
0.018128,15.362749,0.020747,17.581815
0.041920,35.524862,0.029220,24.762211
0.019159,16.235965,0.007253,6.146787
0.015551,13.178350,0.027387,23.209312
0.004271,3.619200,0.045643,38.680128
0.058958,49.964008,0.052049,44.109459
0.012742,10.797970,0.027184,27.238435
0.000646,0.547588,0.010407,8.819125
0.024767,20.989035,0.025797,21.861908
0.020477,17.353334,0.094049,94.236778
0.038991,33.042917,-0.019260,-19.298242
0.021618,18.320577,0.018433,15.621024
0.023769,20.143429,0.025101,21.272296
0.014133,11.977269,0.056662,48.018753
0.035794,30.333728,0.069098,69.236303
0.048200,40.847401,0.029494,24.994487
0.052463,44.459535,0.033969,28.787367
0.020176,17.097986,0.034577,29.302510
0.028774,24.384809,0.061042,51.730278
0.005567,4.717909,0.009587,8.124357
0.034958,29.625038,0.032168,27.260835
0.010413,8.824645,0.023215,19.673924
0.022648,19.193148,0.010258,8.692954
0.049494,41.943645,0.039321,33.322353
0.048415,41.029152,0.028441,28.497386
0.000042,0.035249,0.024431,20.704492
0.016404,13.901759,0.008775,7.436431
0.024163,20.476700,0.019368,16.413279
0.017629,14.939350,0.043559,36.914151
0.043743,37.069766,0.046649,39.532755
0.025459,21.575494,0.049180,41.678024
0.016541,14.017868,0.009667,8.192181
0.049857,42.251152,0.024015,20.351539
0.013490,11.432451,0.034045,28.851473
0.010568,8.955915,0.023152,19.620459
0.019267,16.327949,0.042765,36.241480
0.033853,28.688903,0.064595,54.740943
0.007576,6.420260,0.036851,31.229705
0.024824,21.036866,0.039867,39.946543
0.033477,28.369969,0.042477,35.997271
0.062400,52.881269,0.020658,17.506463
0.003170,2.686788,0.048474,41.079805
-0.003287,-2.785605,0.057875,49.046577
0.043748,37.074630,0.053997,54.104346
0.020527,17.395886,0.024926,21.123433
0.055823,47.307604,0.055415,46.961624
0.013371,11.331653,0.030502,25.849355
0.034654,29.367502,0.055734,47.231962
0.032273,27.350107,0.019859,19.899028
0.009188,7.786395,0.052984,44.901012
0.016890,14.313710,0.046804,39.663874
0.030814,26.113161,0.015522,13.154153
0.031005,26.275626,0.036971,31.331024
0.027324,23.155762,0.039648,33.600143
0.018580,15.745533,0.020096,17.030092
0.021143,17.917916,0.060978,51.676188
0.009027,7.649696,0.020333,20.373444
0.023292,19.739130,0.027014,22.892804
0.030593,25.925745,0.030815,26.114086
0.029294,24.825034,0.061156,51.826470
0.004067,3.446866,0.041420,35.101644
0.009690,8.211579,0.053965,54.073028
0.035273,29.892082,0.015416,13.064746
0.016773,14.214607,0.042593,36.095859
-0.003900,-3.304877,0.012411,10.517536
0.021018,17.811643,0.055928,47.396517
0.008423,7.138269,0.068386,57.953737
0.063552,53.857097,-0.003097,-3.103673
0.046586,39.479674,0.027552,23.348882
0.022486,19.055546,0.025905,21.952954
0.065783,55.748225,0.039237,33.251134
0.044307,37.548475,0.021682,18.374263
0.027922,23.662634,0.021271,18.025938
0.010631,9.009263,0.043111,36.534336
0.017591,14.907176,0.054566,46.242199
0.029211,24.755212,0.028126,23.835162
0.020654,17.503353,0.011847,10.039791
0.062696,53.131502,0.026690,22.618158
0.031530,26.720445,0.062896,53.301315
0.031806,26.954239,0.056029,47.481966
0.010533,8.926195,0.012268,10.396421
0.009304,7.884293,0.037628,31.887611
0.054904,46.528143,0.039467,33.446806
0.021382,18.120154,0.051399,43.557896
0.017442,14.781250,0.024830,21.042252
0.004754,4.028919,0.027724,23.495063
0.025389,21.515707,0.012879,10.914673
0.056695,48.046403,0.016767,14.209599
0.018024,15.274310,0.023231,19.687339
0.027290,23.126558,0.025112,21.281268
0.068057,57.674778,0.017688,14.989680
0.030324,25.697802,0.034156,28.945881
0.048483,41.087306,0.032687,27.700403
0.016770,14.211741,0.032357,27.420989
0.011856,10.047446,0.026531,22.483588
0.006754,5.723564,0.013542,11.475973
0.033405,28.309301,0.036950,31.313565
0.028611,24.246059,0.047614,40.350866
0.051604,43.732271,0.026111,22.128179
0.025576,21.674392,0.014728,12.481014
0.027129,22.990521,0.032498,27.540650
0.034942,29.612037,0.059406,50.344112
0.028028,23.752631,0.052286,44.310111
0.002805,2.377404,0.008754,7.418567
0.027095,22.961877,0.018619,15.779015
0.033544,28.427245,0.004291,3.636251
0.013528,11.464079,0.049241,41.729087
0.029752,25.213717,0.017626,14.937036
0.013894,11.774527,0.038444,32.579646
0.029707,25.175511,0.013214,11.198402
0.043682,37.018808,0.014379,12.185621
0.001484,1.257809,0.035387,29.988817
0.053753,45.552873,0.027066,22.937447
0.052604,44.579295,0.050052,42.416613
0.035086,29.734003,0.054593,46.265208
0.030898,26.184705,0.037169,31.499209
-0.000052,-0.044023,0.057292,48.552124
0.020059,16.999357,0.053448,45.294472
0.051222,43.407856,0.047106,39.919962
0.010883,9.223035,0.009784,8.291389
0.027650,23.431794,0.013230,11.212014
0.040064,33.952073,0.008227,6.972199
0.040993,34.739916,0.029002,24.578058
0.029146,24.699776,0.024332,24.380891
0.015960,13.525140,0.032962,27.933754
0.024774,20.994960,0.032924,27.901571
0.033326,28.242303,0.034346,29.106930
0.034106,28.902880,0.060307,60.426954
0.012416,10.522377,0.090409,76.617088
0.015784,13.376332,0.008981,7.610985
0.015447,13.090910,-0.002103,-1.782022
0.007866,6.665708,-0.001398,-1.184667
0.058122,49.256039,0.002694,2.283004
0.045112,38.230661,0.021388,21.430511
0.034326,29.089328,0.027223,23.070581
0.046093,39.061949,0.037716,31.962205
0.038093,32.281990,0.018940,16.051121
0.036704,31.104511,0.027304,23.138890
0.008645,7.326258,0.034835,29.520885
0.031158,26.404795,0.019797,16.776942
0.029832,25.280791,0.022065,18.698654
0.007420,6.288204,0.019507,16.531676
0.006802,5.764204,0.044745,37.918910
0.019727,16.717851,0.024350,20.635621
0.024308,20.599460,0.047120,39.931804
0.047494,40.249283,0.035134,29.774166
0.034033,28.841376,0.031437,26.641362
0.046942,39.781257,0.029251,29.309116
0.028336,24.013147,0.043249,36.651479
0.045204,38.308495,0.060351,51.144528
0.009257,7.845281,0.052729,44.685000
0.045969,38.956708,0.049604,42.036959
0.005718,4.846124,0.014965,12.682390
0.022385,18.970634,0.034240,29.016368
0.052183,44.222949,0.043385,36.766300
0.010162,8.611939,0.006051,5.128226
0.024152,20.468033,0.022824,19.342566
0.010415,8.825846,0.048007,40.683750
0.045795,38.809167,0.000500,0.500588
0.050235,42.571488,0.047238,40.031979
0.026467,22.429694,0.020641,17.492148
0.023865,20.224343,0.025924,21.969168
0.061452,52.077747,0.028523,24.172121
0.049909,42.295840,0.029684,25.155630
0.041467,35.140970,0.013971,11.839691
0.053675,45.486774,0.013684,11.596476
0.044344,37.579017,0.049660,42.084781
0.024336,20.623816,0.055688,47.193108
0.027619,23.405706,0.037607,31.869960
0.028434,24.096085,0.041374,35.062732
0.031767,26.921384,0.011402,9.662260
-0.002939,-2.490899,0.050789,43.041637
0.024897,21.099025,0.007154,6.062903
0.018467,15.650014,0.026887,22.785499
0.019069,16.160083,0.015179,12.863540
0.015775,13.368682,0.035266,35.335954
0.039200,33.219747,0.031061,26.322692
0.019425,16.461957,0.023683,20.070462
0.066503,56.358103,0.038674,38.750703
0.030562,25.899627,0.020795,17.622904
0.011208,9.498417,0.004464,3.782992
0.009782,8.289818,0.032431,27.483593
0.013270,11.245319,0.033194,33.260228
0.050206,42.547034,0.040983,34.730734
0.042032,35.620010,0.057525,48.749580
0.051524,43.663867,0.020759,17.591970
0.024889,21.092038,0.056991,48.297172
0.014252,12.077951,0.030592,25.924852
0.032516,27.555399,0.027840,23.592919
0.031478,26.676429,0.025251,21.398879
0.058066,49.208004,0.006084,5.155941
0.040514,34.333311,0.027716,27.771050
0.027881,23.628049,-0.006818,-6.831900
0.032346,27.412098,-0.005252,-4.450478
0.055149,46.736388,0.024610,20.855528
0.033894,28.723914,0.037660,31.914819
0.050296,42.623633,0.056726,48.072865
0.028566,24.208029,0.001361,1.153157
0.009615,8.148203,0.024997,21.183814
0.028730,24.347652,0.034014,28.825212
0.023713,20.095701,0.052583,44.561175
0.021678,18.371000,0.028290,23.974495
0.031537,26.726399,0.047051,39.873218
0.006712,5.688321,0.038307,32.463075
0.053983,45.748213,0.049848,42.243881
0.051602,43.730401,0.008005,6.783991
0.039272,33.281236,0.014037,11.895931
0.007515,6.368644,0.021740,18.423530
0.067511,57.211959,0.048549,48.646072
0.010818,9.167959,0.006619,5.609560
0.029994,25.418150,0.026249,22.244783
0.027220,23.067923,0.033507,28.395316
0.021767,18.446427,0.000429,0.363233
0.006211,5.263623,0.002632,2.230830
0.029939,25.371905,0.033991,28.806009
0.026037,22.065196,0.031656,26.827160
0.019611,16.619301,0.012737,10.794259
0.004578,3.879964,0.011442,9.696671
0.061403,52.035846,0.003684,3.122105
0.026440,22.407048,0.036471,30.907119
-0.003254,-2.757822,0.056183,47.612150
0.057520,48.745836,0.026104,22.122190
0.045790,38.804811,0.027798,23.557705
0.015689,13.295317,0.065430,55.448662
0.032485,27.529157,0.054882,46.509892
0.029732,25.196492,0.046505,39.410696
0.008354,7.079621,0.031793,26.942899
0.053599,45.422706,0.005739,5.750491
0.026278,22.269613,0.027053,22.925856
0.031067,26.327637,0.040568,34.379447
0.028371,24.043172,0.006622,5.612242
0.063135,53.503952,0.041313,35.010473
0.022378,18.964236,0.046445,39.359917
0.024426,20.699457,0.030166,25.564571
0.028390,24.059488,0.032639,27.659678
0.003160,2.677884,0.038898,32.964100
0.022502,19.069210,0.034020,28.830174
0.012114,10.266455,0.065227,55.276867
0.038943,33.001950,0.032464,27.511411
0.029427,24.937559,0.027495,23.300923
0.051413,43.569757,0.039812,39.891727
0.047723,40.442631,0.004505,3.817427
0.011927,10.107514,0.019064,16.155890
0.027962,23.696040,0.054025,45.783930
0.003464,2.935510,0.051286,43.462433
0.047620,40.355319,0.008990,7.618710
0.017891,15.161398,0.010162,8.611944
0.054385,46.088827,0.029691,25.161522
0.034088,28.888333,0.067569,57.261412
0.023252,19.705187,0.011586,9.818860
0.021910,18.567429,0.017121,14.509388
0.024375,20.656896,0.062096,52.623363
0.008399,7.118072,0.016732,14.179592
0.029338,24.862647,0.039594,33.554241
0.031553,26.739279,0.018434,15.622224
0.023742,20.120234,0.016169,13.702108
0.025718,21.795114,0.046005,38.986695
0.029258,24.794658,0.011279,9.558528
0.018964,16.070998,0.060848,51.565616
0.055173,46.756112,0.020522,20.563144
0.050793,43.044899,0.013662,11.578249
0.041861,35.475481,-0.018819,-18.856890
0.041688,35.328456,0.030597,25.929265
0.031761,26.916303,0.014550,12.330553
0.060181,51.000953,0.044052,37.331916
0.031696,26.860486,0.019376,16.420273
0.024460,20.728679,0.041225,34.936604
0.028272,23.959265,0.025386,21.513723
0.025109,21.278810,0.034194,28.978001
0.032423,27.477343,0.011918,10.099713
0.019805,16.783962,0.107572,107.786248
0.033551,28.433009,0.050942,43.171165
0.012678,10.743839,0.021919,18.575336
0.029237,24.777114,0.048327,40.954806
0.006859,5.812844,0.022002,18.645260
0.008830,7.483150,0.012740,10.796190
0.027176,23.030751,0.035120,29.762688
0.035473,30.061465,0.010541,8.933105
0.028110,23.822028,0.040810,34.584444
0.013804,11.697952,0.030299,25.677309
0.016373,13.875200,0.010618,8.998078
0.058481,49.560053,0.035143,29.781665
0.032162,27.255516,0.029265,24.801002
0.055267,46.836244,0.055507,55.617675
0.015326,12.988349,0.000117,0.099449
0.056950,48.262595,0.039168,33.193098
0.020156,17.081441,0.065435,55.453100
0.018923,16.035924,0.018291,15.501086
0.012227,10.361835,0.065042,55.120416
0.035201,29.831032,0.013802,11.696408
0.005836,4.945373,0.011951,10.128123
0.047591,40.331512,0.028380,24.050630
0.031310,26.533794,0.032427,27.479916
0.056380,47.779475,0.055265,46.834708
0.016851,14.280122,0.018365,18.401186
0.010078,8.540670,0.033926,28.750529
0.046893,39.739396,0.026906,22.801155
0.016793,14.231338,0.043478,36.845540
0.054684,46.342372,0.057431,57.545621
0.041388,35.074114,0.021219,17.982224
0.010232,8.671435,0.021583,18.290770
0.015302,12.967636,0.011937,10.116116
0.031756,26.911438,0.046128,39.091259
0.011292,9.569625,0.022521,19.085529
0.030433,25.790802,0.011708,9.921834
0.050064,42.427233,0.044654,37.842164
0.032070,27.177748,0.014672,12.433841
0.032751,27.754855,0.011439,11.461803
0.027057,22.929344,0.024480,24.528833
0.055346,46.903435,0.049085,41.597146
0.019429,16.465449,0.029453,24.959868
0.031751,26.907642,0.029215,24.758246
0.046315,39.250084,0.044075,44.162625
0.032637,27.658205,0.014018,11.879859
0.056017,47.471967,0.028640,24.271299
0.059468,50.396471,0.028102,23.815445
0.057043,48.341444,0.036992,31.349050
0.004969,4.211127,0.011708,11.730927
0.029340,24.863893,0.062371,52.856617
0.035879,30.405859,0.049055,41.571477
0.007940,6.728913,0.046363,39.290032
0.022281,18.882442,0.011668,9.888255
0.039290,33.296286,0.021128,21.170253
0.046335,39.266756,0.008889,7.532998
0.055049,46.651666,0.050730,42.991299
0.036493,30.925996,0.005937,5.031285
0.015470,13.109853,0.042945,36.393834
0.016614,14.079570,0.041645,35.292503
0.003680,3.118865,0.060833,51.553105
-0.003638,-3.083380,0.012696,10.759131
0.037574,31.841920,0.045891,38.890703
0.013939,11.813025,0.014199,12.032825
0.001704,1.443909,0.053557,45.386866
0.013755,11.656373,0.011737,9.946316
0.006214,5.266227,0.038120,32.304693
0.024350,20.635442,0.000954,0.808598
0.027698,23.472843,0.013805,11.699213
0.046888,39.735506,0.042969,36.413877
0.057808,48.989803,0.056047,47.497396
0.029743,25.205672,0.013283,11.256835
0.011226,9.513551,0.007841,7.856464
0.038793,32.875276,0.054161,45.898890
0.028949,24.532776,0.026055,22.080550
0.042269,35.821028,0.041073,34.807585
0.020699,17.541055,0.010286,8.717146
0.021639,18.337757,0.035596,30.165523
0.034128,28.921502,0.041715,35.351559
0.000618,0.523900,0.012465,10.563719
-0.004109,-3.481798,0.032017,27.132683
0.018704,15.850966,0.052112,44.162490
0.006951,5.890902,0.036041,30.543357
0.028587,24.225872,0.014308,12.125319
0.023461,19.882042,0.029976,25.403297
0.018697,15.844506,0.061609,52.210988
0.032873,27.858299,0.041030,34.770626
0.029709,25.176990,0.032602,27.628954
0.039031,33.077006,0.039506,33.479367
0.025819,21.880776,0.008147,6.904268
0.028146,23.852437,0.012019,10.185917
0.017812,15.094444,0.054599,46.269895
0.024298,20.591676,0.019494,16.520052
0.053908,45.684373,0.000349,0.295627
0.015849,13.431151,0.038892,38.969663
0.049657,42.082272,0.021265,18.020806
0.024607,20.853238,0.012902,10.933942
0.020602,17.459363,0.064108,54.328441
0.026166,22.174506,0.012056,10.216531
0.060809,51.532492,0.037449,31.736358
0.023122,19.594734,0.012233,10.367180
0.055557,47.081893,0.009806,8.309699
0.007564,6.409816,0.020333,17.231380
0.024951,21.145010,0.035605,30.173732
0.012159,10.304520,0.053915,45.690683
0.018592,15.755455,0.024819,21.033007
0.025524,21.630743,0.011570,9.805179
0.022507,19.073662,0.025249,21.397565
0.025079,21.253138,0.031132,26.382720
0.029384,24.901670,0.066679,56.507583
0.024697,20.929162,0.034713,29.417662
0.055037,46.641621,0.017133,14.519594
0.018049,15.296075,0.033107,28.056597
0.027746,23.513005,0.020499,17.372296
0.006797,5.760455,-0.005312,-4.501950
0.016197,13.726013,0.002301,1.950142
0.023009,19.499187,0.025786,21.852440
0.011104,9.410102,0.044828,37.989883
0.003572,3.026745,0.019847,16.819092
0.034418,29.167295,0.037300,31.609994
0.025391,21.517650,0.014797,12.539656
0.053450,45.296079,0.001486,1.259314
0.029381,24.898732,0.024341,20.627441
0.018544,15.714908,0.028486,24.140162
0.052546,44.530013,0.004487,4.496114
0.027142,23.001954,0.021084,17.867851
0.054382,46.086574,0.030319,25.694191
0.049532,41.975737,0.002212,1.874193
0.042859,36.320718,0.070808,60.006225
0.053473,45.315538,0.022309,18.906146
0.050949,43.177269,0.015335,12.996030
0.024095,20.419209,0.061282,61.403901
0.036937,31.302396,0.057023,48.323948
0.064737,54.861259,0.010186,8.632210
0.018596,15.759560,0.040093,33.976922
0.033231,28.161918,0.031642,31.705006
0.033700,28.558987,0.029356,29.414814
0.035591,30.161352,0.045773,38.790628
0.022053,18.688635,0.027747,23.514326
0.056357,47.759620,0.007755,6.572411
0.010648,9.023555,0.051768,51.871265
0.018541,15.712647,0.001763,1.493929
0.015421,13.068468,0.049937,42.318976
0.029376,24.894430,0.041710,35.346951
0.019522,16.544140,0.009620,8.152835
0.028323,24.002363,0.043452,36.823256
0.007152,6.061223,0.031675,26.843261
0.024554,20.807943,0.048469,41.075351
0.014714,12.469596,0.032688,32.753370
0.013286,11.259314,0.029917,25.353450
0.060853,51.569651,0.010827,9.175741
0.006243,5.290269,0.022151,18.771816
0.025342,21.475981,0.045847,45.938171
0.025961,22.000630,0.045165,38.275111
0.054981,46.593368,0.011876,10.064058
0.041060,34.796039,0.015282,12.950612
0.037393,31.688983,0.030171,25.568425
0.051033,43.247747,0.034418,29.167972
0.011502,9.747098,0.048716,41.284604
0.017576,14.894972,-0.001252,-1.254876
0.056191,47.619008,0.025957,21.997103
0.028766,24.377769,0.028377,24.047789
0.004388,3.718969,0.028788,24.396686
0.015467,13.107882,0.053732,45.535011
0.060965,51.665141,0.020432,17.314798
0.026127,22.141024,0.055613,47.129450
0.071792,60.840645,0.023759,20.134550
0.053660,45.473941,-0.004175,-3.538131
0.033921,28.746438,0.001544,1.547209
0.010591,8.975611,0.051091,43.296846
0.056080,47.525465,0.040137,34.014276
0.045675,38.707570,0.047033,39.858422
0.008762,7.425245,0.031431,26.636291
0.016822,14.256087,0.027998,23.726557
0.052014,44.079652,0.021618,18.319884
0.025908,21.956104,0.036090,30.584570
0.030613,25.942842,0.050669,42.939489
0.029312,24.840123,0.030177,25.573517
0.028648,24.278235,0.018936,16.047194
0.054098,45.845251,0.030836,26.132179
0.035182,29.815131,0.017094,14.486650
0.011301,9.577224,0.012395,10.504132
0.029971,25.399205,0.025408,21.532197
0.058553,49.620892,0.014378,12.184855
0.031800,26.948650,0.007878,6.676549
0.026535,22.486898,0.020264,17.172812
0.047605,40.343185,-0.028199,-28.254909
0.051463,43.612536,0.020182,17.102993
0.019928,16.888180,0.032839,27.829469
0.034307,29.073129,0.008465,7.173319
0.012540,10.627019,0.018796,15.928329
0.011456,9.708633,0.034741,29.441024
0.001537,1.302383,0.042161,35.729724
0.026841,22.746336,0.011302,9.578175
0.037921,32.136475,0.056732,48.077675
0.020864,17.681370,0.028801,24.407415
0.033245,28.173757,0.012701,10.763590
0.012983,11.002584,0.062573,53.027510
0.009274,7.859372,0.004790,4.059661
0.015603,13.223031,0.010488,8.888041
0.056027,47.479956,0.020975,17.775290
0.052854,44.790921,0.031616,26.792639
0.028420,24.084731,0.049895,42.283311
0.026721,22.644974,0.060481,51.255110
0.041298,34.998119,0.061684,52.274009
0.028856,24.453719,0.007667,6.497462
0.021792,18.467983,0.000291,0.246989
0.057599,48.812107,0.005174,4.384619
0.015665,13.274927,-0.002984,-2.528423
0.041349,35.041700,-0.003179,-2.693951
0.020756,17.589564,0.024733,20.960122
0.033733,28.587091,0.027815,23.571740
0.012474,10.570706,0.006832,5.789423
0.015118,12.811684,0.040495,34.317261
0.036010,30.516363,0.027341,23.170600
0.035955,30.470346,0.050969,43.193438
0.016588,14.057640,0.051836,43.928663
0.042857,36.319414,0.041092,41.174086
0.014834,12.571108,0.031103,26.358376
0.024739,20.965192,0.023412,19.840880
0.015135,12.826476,0.062509,52.973723
0.035793,30.332721,0.021581,18.288776
0.002839,2.405635,0.049827,49.926035
0.018017,15.268252,0.023376,19.810307
0.046878,39.727042,0.004559,3.863680
0.065026,55.106228,0.056158,56.270238
0.001722,1.459169,0.006267,5.310767
0.027824,23.579755,0.049783,42.188810
0.021967,18.615837,0.041438,35.116887
0.037745,31.987234,-0.001672,-1.417239
0.034945,29.613821,0.025877,25.928442
0.028841,24.441163,-0.001145,-1.147616
0.040526,34.343970,0.040050,33.940756
0.046003,38.985684,0.021955,21.999006
0.035489,30.075398,0.030696,26.013794
0.023183,19.646145,0.047052,39.874428
0.030121,25.525951,0.020407,17.293674
0.043667,37.005595,0.038994,33.045875
0.036098,30.591040,0.018967,16.073670
0.023951,20.297432,0.019303,19.341514
0.014251,12.076638,0.039786,33.716844
0.027471,23.280467,0.024443,20.714587
0.012934,10.960588,0.024485,20.750016
0.005943,5.036563,0.041228,34.938480
0.012640,10.711800,-0.000347,-0.293665
0.024954,21.147690,0.033321,28.238301
0.050235,42.571746,0.027095,22.961383
0.039155,33.182008,0.031616,26.792980
0.055875,47.351725,0.023871,20.229661
0.037282,31.594995,0.010866,9.208786
0.054366,46.072593,0.010409,8.821339
0.023382,19.815544,0.059285,50.241133
0.020334,17.231946,0.007463,6.324376
0.053154,45.045856,0.032494,27.537537
0.018072,15.315028,0.052603,44.578291
0.011094,9.401711,0.030951,31.012508
0.055084,46.681090,0.028791,24.398737
0.029770,25.229051,0.020729,17.566836
0.057970,49.126737,0.045234,38.333568
0.048390,41.008273,0.032076,27.182964
0.027281,23.119748,0.028756,24.369242
0.008575,7.267080,0.019877,16.844624
0.007993,6.773470,0.016914,14.333737
0.033762,28.611390,0.051592,43.722064
0.030051,25.466418,0.033558,28.438578
0.051836,43.928832,0.022322,18.916557
0.022585,19.140107,0.018708,15.853740
0.010453,8.858796,0.031003,26.273566
0.060928,51.633616,-0.002634,-2.231942
0.016626,14.089596,0.047835,40.537496
0.025725,21.801002,0.041790,35.415457
0.059610,50.516670,0.033864,28.698424
0.015910,13.482572,0.029511,25.009412
0.017909,15.176819,0.014762,12.510154
0.010525,8.919757,0.013785,11.681791
0.043705,37.038021,0.017012,14.416627
0.017303,14.663746,0.041426,35.106809
0.016713,14.163223,0.054678,46.337392
0.050064,42.426812,0.013694,11.605075
0.014355,12.165315,0.027358,23.184705
0.025785,21.851504,0.037961,32.170093
0.049323,41.799022,0.045033,45.123242
0.013732,11.637417,0.041461,35.136444
0.010067,8.531594,0.016578,14.048660
0.011195,9.486984,0.028104,23.816599
0.032464,27.511688,0.013227,11.209005
0.021967,18.615912,0.034738,29.438814
0.007562,6.408306,0.026839,22.744753
0.008695,7.368703,0.019547,16.565240
0.044465,37.682389,0.032204,27.291141
0.063067,53.446306,0.004347,3.683536
0.046707,39.581568,0.011916,10.098637
0.027049,22.923154,-0.015547,-13.175759
0.034649,29.363053,0.051002,43.221567
0.013014,11.029037,0.015802,13.391255
0.027537,23.336674,0.022291,18.890266
0.022896,19.403477,0.047808,40.514774
0.008181,6.933187,0.056342,47.747198
0.031250,26.482472,0.049994,42.367262
0.008466,7.174719,0.025689,21.770268
0.014766,12.513642,0.010278,8.710295
0.018599,15.761377,0.037546,31.818498
0.032807,27.802077,0.036640,31.050432
0.028159,23.863260,0.006648,5.633772
0.014744,12.494564,0.034595,34.664402
0.014487,12.276954,0.017585,14.902853
0.035762,30.306170,0.054146,45.886415
0.020645,17.495831,0.001385,1.173413
0.049055,41.571669,0.032808,27.802952
0.010534,8.926702,0.046261,39.204289
0.046637,39.522479,0.059911,50.771456
0.028296,23.979385,0.054870,46.500025
0.009847,8.344750,0.019659,16.660184
0.052383,44.392020,0.047895,40.588559
0.027132,22.993197,0.036282,30.747100
0.055158,46.744060,0.013922,13.950246
0.028434,24.096523,0.033231,28.161653
0.050198,42.540658,0.034450,29.194884
0.039925,33.834152,0.050442,42.747304
0.032616,27.640367,0.009605,8.139598
0.022818,19.336877,0.015165,12.851797
0.038820,32.898421,0.007778,6.591768
0.019544,16.562660,0.031206,26.445897
0.043390,36.771226,0.031710,26.872417
0.055422,46.967651,0.019535,16.554688
0.058364,49.460515,0.025018,21.201424
0.045790,38.805131,-0.041637,-41.720044
0.025035,21.216367,0.010435,8.842965
-0.005864,-4.969725,-0.001090,-0.923511
-0.001145,-0.970683,0.000642,0.543742
0.029937,25.369951,0.054560,46.237145
0.022378,18.964540,0.025091,21.263555
0.019789,16.770465,0.014781,14.810578
0.019613,16.620953,0.036719,36.792034
0.026341,22.323150,0.039087,33.124653
0.018589,15.753540,0.017780,17.815053
0.052318,44.337191,0.010101,8.560507
0.028424,24.087679,0.042976,36.419959
0.057446,48.682368,0.033141,28.085624
0.019495,16.521281,0.031854,26.994599
-0.004056,-3.437351,0.022526,19.089619
0.026058,22.082524,0.003602,3.609022
0.018423,15.612541,0.048612,41.196755
0.003871,3.280788,0.046047,39.022611
0.012762,10.815449,0.052724,44.681140
0.047698,40.421440,0.038330,32.482661
0.054471,46.161802,0.005340,5.350350
0.058037,49.183706,-0.000392,-0.332014
0.013642,11.560922,-0.004859,-4.118004
0.020279,17.185530,0.049331,41.805743
-0.001071,-0.907435,0.077855,65.978393
0.015670,13.279176,0.002329,1.974064
0.055131,46.721012,0.043403,36.781552
0.031876,27.013792,0.059959,50.812060
0.049823,42.222727,0.046909,39.753532
0.019479,16.507286,0.013094,11.096555
0.014274,12.096232,0.050857,43.099055
0.001852,1.569249,0.025363,21.494283
0.051970,44.042343,0.019112,16.196648
0.020251,17.161864,0.036133,30.621292
0.006636,5.623982,0.029964,25.392819
0.020784,17.613636,0.012819,10.863379
0.009166,7.767874,0.033367,28.276684
-0.001545,-1.309509,0.037280,31.592742
0.026750,22.669640,0.030907,26.192520
0.017687,14.989108,0.000711,0.602909
0.002712,2.298028,0.012198,10.336896
0.015188,12.870885,0.016609,14.075192
0.024475,20.741103,-0.055067,-55.177020
0.018066,15.309731,-0.008855,-7.503901
0.022145,18.766904,0.049070,41.584907
0.027045,22.919212,0.072840,61.728603
0.048836,41.386405,0.029442,24.950698
0.024222,20.526788,0.069210,69.348116
0.067266,57.004957,0.022320,18.914978
-0.010316,-8.742232,0.036635,31.046028
0.031148,26.396593,0.033852,28.687662
0.068242,57.831455,0.021131,17.907572
0.055945,47.410602,0.025032,21.213304
0.019424,16.461139,0.050084,42.443942
0.045174,38.282985,0.035930,30.448701
0.058258,49.370851,0.036457,36.530110
0.037744,31.985886,0.049390,41.856005
0.009030,7.652189,0.036894,36.967328
0.039736,33.674402,0.038671,32.771998
0.022107,18.735026,0.013201,11.187640
0.023849,20.211042,0.018753,15.892326
0.004137,3.505514,0.036922,31.290027
0.019807,16.785832,0.003420,2.898350
0.003120,2.644472,0.051259,51.361137
0.055973,47.434372,0.046686,39.564142
0.026296,22.284850,0.017060,14.457328
0.033626,28.496252,0.029367,24.887306
0.019023,16.120865,0.020549,17.414252
0.006985,5.919588,0.069574,58.961031
0.018510,15.686630,0.043965,37.258297
0.049690,42.110280,0.055558,47.082946
0.029213,24.756343,0.066377,56.251025
0.033470,28.363869,0.023876,20.234013
0.035517,30.098675,0.048706,41.275952
0.008992,7.620637,0.026580,26.632808
0.030214,25.604831,0.027397,23.217389
0.066587,56.429599,0.009169,7.770495
0.025795,21.859749,0.025666,21.750369
0.030394,25.757061,0.014862,12.594650
0.049147,41.650047,0.051420,51.522974
-0.002176,-1.843637,0.057436,48.674291
0.029396,24.911969,0.027816,23.572800
0.023606,20.005007,0.005818,5.829340
0.056839,48.168072,0.027782,27.837846
0.023447,19.869901,0.013441,13.467344
0.033202,28.137404,0.029298,24.828530
0.028823,24.426230,0.034810,29.499644
0.062757,53.183578,0.007132,6.044436
0.047850,40.550303,0.024212,20.518199
0.006716,5.691292,0.013366,11.326776
0.030244,25.630654,0.029446,24.953776
0.047090,39.906499,0.052177,44.217640
0.017059,14.457092,0.060200,51.016398
0.053104,45.003079,0.016317,13.827953
0.022432,19.010255,0.038095,32.283354
0.043947,37.243056,0.025758,21.829070
0.018509,15.685611,0.016234,13.757433
0.001851,1.568264,0.049167,41.666280
0.049493,41.942930,0.026169,22.177221
0.015369,13.024513,0.032304,27.376229
0.023551,19.958340,-0.000669,-0.669854
0.001871,1.585829,0.064731,54.856346
0.016546,14.022249,0.052643,52.747669
0.028023,23.748476,0.045244,45.333790
0.037443,31.730817,0.028616,24.250656
0.022614,19.164238,-0.009928,-9.948070
0.012028,10.193530,0.012080,10.237547
0.003005,2.546548,0.016579,14.049525
0.065651,55.636268,0.024956,21.148770
0.031064,26.325133,0.014630,12.398003
0.049149,41.651857,0.011325,9.597769
0.051370,43.533539,0.046457,39.370274
0.013916,11.792990,0.013281,11.254815
0.021654,18.350839,0.025846,21.903362
0.049017,41.539314,0.029811,25.263768
0.047400,40.168823,0.054646,46.309567
0.014651,12.416002,0.030560,30.621429
0.026489,22.448568,0.027679,23.456885
0.051194,43.384130,0.025755,21.825730
0.050820,43.067143,0.007229,6.126206
0.022151,18.771597,0.010063,8.528055
0.008926,7.564455,0.013550,11.482709
0.009670,8.195215,0.017593,14.909564
0.038567,32.683553,0.027579,23.371502
0.020430,17.313268,0.002068,1.752125
0.010930,9.263049,0.004710,3.991880
0.015267,12.938050,0.086120,86.291470
0.029764,25.223837,0.021591,18.297340
0.014006,11.869397,0.015625,15.656302
0.011327,9.598762,0.013303,11.273394
0.026243,22.239377,0.009787,8.294379
0.054351,46.059854,0.075664,75.814640
0.016710,14.161112,0.016613,14.078918
0.057141,48.423888,0.021992,18.637062
0.030874,26.164331,0.006089,5.159729
0.018262,15.476062,0.015883,13.459950
0.029567,25.056613,0.015359,15.389555
0.034801,29.492493,0.033563,28.442939
0.022258,18.862501,0.008411,8.427486
0.030931,26.212817,-0.007873,-6.672066
0.036038,30.540187,0.009468,8.024062
0.011316,9.589779,0.009895,8.385867
0.020822,17.645431,0.005158,4.370985
0.013604,11.529050,0.013181,11.170003
0.058648,49.701636,0.052078,44.133922
0.040056,33.945959,0.036872,31.246924
0.027908,23.650297,0.068760,58.270495
0.010345,8.766968,-0.003585,-3.038035
0.042463,35.985762,0.015978,13.540278
0.018781,15.915978,-0.027750,-27.805672
0.044682,37.865648,0.046582,39.475651
0.016079,13.626442,-0.011110,-11.131768
0.003894,3.300138,0.027850,23.601676
0.036497,30.929574,0.050709,50.809740
0.022499,19.066659,0.015339,12.999007
0.017536,14.860825,0.032565,27.597669
0.020019,16.964953,0.013872,11.756246
0.032503,27.544344,0.033279,28.201998
0.015968,13.531814,0.018412,15.603035
0.027348,23.176175,0.033289,28.210877
0.019032,16.128606,0.027482,27.537031
0.022019,18.660120,0.041042,34.781422
0.048120,40.779786,-0.010594,-10.615564
0.042700,36.186432,0.035668,35.739118
0.029296,24.827121,0.028345,24.021249
0.051207,43.395655,0.004981,4.990674
0.009890,8.381385,0.027101,22.966722
0.027784,23.545901,0.014434,12.232426
0.051165,43.359987,0.038120,32.304786
0.013775,11.673482,0.056783,48.120464
0.029784,25.240121,0.064710,54.838656
0.057380,48.626942,-0.001928,-1.634149
0.008971,7.602790,0.004397,4.406076
0.023543,19.951402,0.028030,23.754278
0.008800,7.457980,0.027004,22.884542
0.012140,10.287891,0.021423,18.154925
0.051284,43.460662,0.057925,58.040604
0.058913,49.925827,0.035926,30.445317
0.016593,14.062167,0.006155,5.215780
0.061731,52.314361,0.032638,27.659041
0.042892,36.349105,0.037704,31.952295
0.014904,12.630822,0.027080,22.948897
0.047499,40.252907,0.024320,20.610154
0.034075,28.877127,0.028690,24.313461
0.013103,11.103973,0.029602,25.086380
0.032864,27.850526,0.013583,11.510690
0.034668,29.379417,0.044293,37.535802
0.045566,38.615019,0.032119,27.218993
0.048199,40.846121,0.024589,20.837814
0.006946,5.886664,0.023082,19.561253
0.059766,50.648490,0.007837,7.852593
0.009175,7.775684,0.043817,43.903948
0.023277,19.726292,0.013678,11.591158
0.032131,27.229383,0.019465,16.495676
0.063409,53.735938,0.005032,4.264376
0.018715,15.860294,0.012797,10.845086
0.044731,37.907784,0.020402,17.289611
0.029617,25.098671,0.029098,24.659296
0.026434,22.401506,0.018694,15.842479
0.056424,47.816948,-0.001077,-0.913101
0.061824,52.392496,0.040865,34.631109
0.053785,45.580098,0.059906,50.767884
0.015091,12.788818,0.056773,48.112750
0.041189,34.905414,0.021721,18.407698
0.044037,37.319552,0.011463,9.714207
0.020983,17.781732,0.021342,18.086154
0.023620,20.016785,0.087640,74.270834
0.008692,7.365993,0.039451,39.529977
0.037960,32.169325,0.037032,31.383150
0.041580,35.237392,0.008009,6.787374
0.024694,20.927146,0.019842,16.815480
0.027239,23.083647,0.037850,32.075688
0.043645,36.987126,0.020459,17.338315
0.012136,10.284392,0.018789,15.922361
0.013812,11.704984,0.027099,22.965066
0.004096,3.471519,0.052634,44.605197
0.027010,22.889455,0.034317,29.082087
0.013065,11.072188,0.022614,19.164185
0.012159,10.303830,-0.007575,-6.419745
0.011360,9.627467,0.014304,12.121604
0.031284,26.511563,0.013926,11.801972
0.029601,25.085415,0.053666,45.479328
0.021086,17.869104,0.037081,31.424453
0.013970,11.838585,0.022523,22.567743
0.027949,23.685714,0.047907,40.599258
0.033910,28.737468,0.037283,31.595653
0.041524,35.189270,0.034991,29.653018
0.049947,42.327639,0.044605,37.800532
0.035579,30.151766,0.049224,41.715373
0.007491,6.348487,0.018985,16.089295
0.045062,38.187778,0.050233,42.569837
0.028034,23.757902,0.041436,41.518600
0.023700,20.084464,0.020301,17.203768
0.028114,23.825288,0.024741,20.966533
0.014513,12.299452,0.033500,28.389281
0.019876,16.843786,0.023574,19.977575
0.032333,27.400828,0.012999,11.015693
0.033736,28.589981,0.058851,58.968516
-0.001172,-0.993290,0.040521,40.602091
0.019045,16.139775,0.055909,47.380483
0.049379,41.846307,0.049842,42.238802
0.027500,23.305033,0.038792,32.873970
0.027804,23.562690,0.014283,14.311186
0.048718,41.286526,-0.001733,-1.468270
0.022514,19.079859,0.027929,27.985129
0.001933,1.638342,0.010485,8.885778
0.055623,47.137442,0.025065,25.114747
0.031033,26.298662,0.029310,29.368313
0.023794,20.163861,0.009686,8.208345
0.025776,21.844004,0.075623,64.087046
0.020948,17.752852,0.035572,30.145225
0.031289,26.515773,0.052142,44.187482
0.028501,24.153449,0.032984,27.952710
0.047709,40.431357,0.036130,30.618486
0.020124,17.054255,0.031538,31.601180
0.035747,30.294198,0.053991,45.754553
0.014468,12.260975,0.068568,58.108201
0.017978,15.235531,0.050243,42.578539
0.017221,14.594114,0.001283,1.087656
0.037444,31.731854,0.026023,22.053256
0.008168,6.922286,0.070537,59.776504
0.012340,10.457362,0.022821,19.339661
0.056051,47.500543,0.050421,42.729334
0.043308,36.701357,0.039395,33.385793
0.050038,42.404901,0.022248,18.853806
0.045513,38.569994,0.048636,41.216581
0.010550,8.940203,0.026279,22.270219
0.025978,22.015525,0.016131,13.670053
0.029810,25.262826,0.020093,17.027976
0.015325,12.987345,0.039238,33.252514
0.019147,16.225773,0.065537,55.539071
0.023610,20.008565,0.037908,32.125211
0.027519,23.320973,0.005940,5.033705
0.030201,25.593599,0.031773,26.926055
0.019821,16.797665,0.040861,34.628062
0.054030,45.787507,0.005591,4.738325
0.031468,26.667835,0.020523,20.564289
0.038318,32.472858,0.026448,22.413285
0.022830,19.347685,0.033608,28.481594
0.001266,1.073111,0.018882,16.001635
0.051200,43.389169,0.066194,56.095937
0.000064,0.053997,0.055965,47.427391
0.007642,6.476259,0.038933,39.010812
0.048983,41.510416,-0.007121,-7.135102
0.015639,13.253532,0.073219,62.049422
0.042995,36.436356,0.023211,19.670118
0.028320,23.999537,0.047923,40.612235
0.054288,46.006910,0.028071,23.788632
0.066178,56.082285,0.000995,0.842966
0.058750,49.788075,-0.015340,-12.999755
-0.000084,-0.071422,0.025947,21.989088
0.057118,48.404918,0.032502,27.543991
0.055347,46.903664,0.024491,20.755264
0.020080,17.016831,0.021108,17.888440
0.016359,13.863761,0.028747,24.361735
0.028248,23.938531,0.042187,35.751797
0.022818,19.336883,0.044197,44.284955
0.044640,37.830592,-0.000772,-0.653988
0.061561,52.169662,0.030265,25.648145
0.024600,20.847509,0.012761,10.814391
0.021775,18.453269,0.012457,10.556678
0.044714,37.893068,0.034537,29.268602
0.032070,27.177409,0.036009,30.515813
0.019599,16.608904,0.029391,24.907371
0.035176,29.809623,0.017667,14.971952
0.023555,19.961595,0.012278,10.405248
0.020562,17.425641,0.048699,41.270241
0.017305,14.664838,0.018213,18.249812
0.029147,24.700993,0.045274,38.367694
0.021363,18.104100,0.009606,8.140597
0.048038,40.710230,0.012671,10.738154
0.019910,16.872830,0.013608,11.531790
0.053803,45.595817,0.037398,31.692793
0.029053,24.621431,0.023006,19.496229
0.040078,33.964430,0.052737,44.691832
0.001964,1.664262,-0.010789,-10.810719
0.028830,24.431782,0.028575,28.631620
0.043338,36.726971,0.025067,21.242839
0.032416,27.470610,0.040487,34.310696
0.011711,9.924217,0.055367,46.920960
0.007599,6.439512,0.009863,8.358792
0.001076,0.911480,0.021373,21.416034
0.049035,41.555205,-0.011873,-10.061526
0.052573,44.552972,0.039124,33.155914
0.054514,46.198157,0.017394,14.740376
0.013564,11.495038,0.025019,21.202260
0.063999,54.236104,0.022380,18.966338
0.006639,5.626532,0.006851,5.805731
0.019250,16.313279,0.030683,26.002568
0.022199,18.812273,0.068679,68.816127
0.015709,13.313045,0.006886,5.835311
0.021917,18.573927,0.025822,21.882725
0.037692,31.942026,0.023811,20.178923
0.026719,22.642673,0.053650,45.466156
0.034716,29.420100,0.003658,3.099570
0.049013,41.535903,0.041237,34.946247
0.015205,12.885618,0.029324,29.382662
0.020081,17.017605,0.017120,14.508231
0.019412,16.450728,0.064818,54.930336
0.039231,33.246127,0.012288,12.312909
0.037316,31.623735,0.036913,31.281979
0.051371,43.534734,0.010368,8.786630
0.058186,49.310187,0.009816,8.318644
0.000723,0.612618,0.027188,23.040582
0.010295,8.724191,0.009497,8.048030
0.017381,14.729185,0.014674,12.435427
0.009398,7.964263,0.029315,24.843095
0.003940,3.339185,-0.000476,-0.403113
0.031211,26.449864,0.058498,49.574432
0.040993,34.739667,0.065039,55.117394
0.021949,18.601111,0.062423,52.900140
0.010482,8.883316,0.032160,27.254431
0.055272,46.840296,0.014400,12.203394
0.038998,33.049365,0.035594,35.664562
0.016129,13.668459,-0.010149,-10.169221
0.053868,45.650249,0.007423,6.290765
0.037917,32.133009,0.023133,23.178841
0.024590,20.838985,0.023762,20.137528
0.006863,5.815719,0.018254,15.469466
0.034068,28.870759,0.018303,15.511133
-0.000951,-0.805589,0.026290,22.279743
0.032239,27.321283,0.020782,17.612113
0.033031,27.992556,0.029931,25.365447
0.031985,27.105825,0.019100,16.186487
0.018521,15.695313,0.021020,17.813529
0.029981,25.407662,0.055078,46.676116
0.051219,43.405306,0.007815,6.623112
0.027165,23.021371,0.014791,12.534973
0.006324,5.359154,0.044262,37.510035
0.023581,19.984125,0.032681,27.695704
0.043675,37.012672,0.034579,34.648453
0.059901,50.763605,0.028721,24.339346
0.013634,11.553851,0.018405,15.597546
0.028557,24.200538,0.028903,24.493942
0.016598,14.066391,0.030988,26.261160
0.000653,0.553619,0.014220,12.050606
0.054275,45.995600,0.006997,5.929536
0.018310,15.516827,0.003823,3.239438
0.007255,6.148300,0.042374,35.909772
0.020485,17.359904,0.005159,4.371993
0.006603,5.595788,0.031714,26.876099
0.023759,20.134549,0.012903,10.935059
0.008277,7.014349,0.005503,4.663427
0.021774,18.452317,0.033666,28.530613
0.046500,39.406299,0.032288,27.362894
0.032596,27.623679,0.023808,23.855960
0.026590,22.533436,0.010770,9.127191
0.044930,38.076077,0.031955,27.080172
0.009407,7.972206,0.006071,5.144886
0.057025,48.326086,-0.030161,-30.221222
0.020903,17.714441,0.042090,35.669021
0.012950,10.974799,0.017572,14.891402
0.012658,10.727032,0.019819,16.795339
0.024792,21.010444,0.051829,43.922313
0.015969,13.533383,0.013104,11.104996
0.052232,44.264054,0.051297,51.399810
0.012608,10.684761,-0.001278,-1.280724
0.058341,49.441254,0.022461,19.034451
0.033497,28.386950,0.061216,51.877484
0.016469,13.956389,0.033309,28.228010
0.029942,25.374705,0.027649,23.430822
0.039944,33.850341,0.020512,17.382699
0.028444,24.105275,0.015178,12.862308
0.031708,26.871412,0.030541,25.882044
0.049263,41.747856,0.070906,71.046977
0.008639,7.320776,0.017960,15.219878
0.039141,33.170396,0.017488,14.820667
0.009067,7.683635,0.012908,10.938731
0.054559,46.236279,0.039821,33.746744
0.028260,23.949053,0.007145,6.055330
0.045629,38.668591,0.033812,28.653842
0.020883,17.697461,0.032612,27.637528
0.001872,1.586409,0.035600,30.168949
0.016964,14.376344,0.034695,29.402098
0.035882,30.408221,0.036855,31.232573
0.031233,26.468127,0.007804,6.613509
0.007189,6.092198,0.022661,19.204345
0.019837,16.810869,0.000135,0.114078
0.007253,6.146781,0.018730,15.873187
0.021064,17.851029,0.061458,52.082995
0.023829,20.194200,0.040378,34.218442
0.002047,1.734399,0.028587,24.225724
0.002838,2.405454,0.040112,33.993104
0.041421,35.102216,0.006620,5.610124
0.064421,54.593808,0.022985,19.478438
0.028882,24.476106,0.016353,13.858155
0.027248,23.091769,0.025708,21.786362
0.011398,9.659458,0.024310,20.601937
0.011744,9.952855,0.009268,7.854545
0.028427,24.090423,0.013163,11.154845
0.031875,27.012599,0.007210,6.109849
-0.006385,-5.411322,0.018506,18.543104
-0.000425,-0.360352,0.030390,25.754452
0.016713,14.163504,0.026202,22.204551
0.054595,46.266475,0.035977,30.488814
0.004010,3.398147,0.020471,17.348128
0.048647,41.226351,0.043244,36.647114
0.015309,12.973784,0.032792,27.789962
0.022095,18.724862,0.051110,51.211670
0.056070,47.516426,0.038219,32.388774
0.049382,41.848603,0.052943,44.866405
0.059959,50.812388,0.010776,9.131867
0.027807,23.564883,0.032429,27.481801
0.017500,14.830103,0.037216,31.539074
0.012832,10.874919,0.018581,15.746720
0.052529,44.515469,0.026367,22.344834
0.028531,24.178333,0.065389,55.413942
0.033483,28.375584,0.036068,30.565599
0.042092,35.670678,0.001148,0.972853
0.030215,25.605574,0.020366,17.258877
0.010553,8.943566,0.012565,10.648460
0.059125,50.105733,0.048341,40.966956
0.026351,22.330882,0.040748,40.829530
0.037436,31.725600,0.025588,21.684981
0.019147,16.226292,0.059582,50.493024
0.009815,8.318047,-0.005248,-4.447152
0.018071,15.314195,0.022488,19.057932
0.027611,23.399045,0.008761,7.424922
0.016267,13.785556,0.056466,47.852617
0.001049,0.889178,0.039971,33.873266
0.052593,44.570053,0.015964,13.528851
0.017559,14.880445,0.020148,17.074242
0.027850,23.601825,0.017496,14.827229
0.006267,5.311356,0.007879,6.677403
0.051175,43.368274,0.036268,36.340192
0.020325,17.224833,0.036803,31.189053
0.039788,33.718664,0.036926,31.293059
0.052594,44.571227,0.015183,12.867002
0.067004,56.782342,0.019302,16.357805
0.019378,16.421777,0.052965,44.885568
0.034216,28.996189,0.027107,22.971904
0.035361,29.966458,0.039211,33.229461
0.031907,27.039826,0.034020,28.830571
0.022145,18.766548,0.037247,31.565307
0.048568,41.159483,0.058766,49.800993
0.012681,10.746522,0.021226,17.988151
0.013612,11.535164,0.027023,22.901019
0.053402,45.255363,0.087036,87.209519
0.045041,38.169743,0.024275,20.572169
0.052906,44.835067,0.018141,15.373544
0.004829,4.092643,0.024394,20.672525
0.050228,42.565941,0.037275,31.589052
0.024463,20.730990,0.052303,44.324638
0.037462,31.747213,0.031570,26.754016
0.052433,44.434722,0.021288,18.040553
0.011571,9.805803,0.031466,31.529013
0.027967,23.700912,0.046852,39.704974
0.024747,20.971788,0.003911,3.314586
0.035025,29.681685,0.005300,4.491429
0.036603,31.019627,0.043997,37.285518
0.050947,43.174821,0.046163,39.121356
0.008346,7.073217,0.033723,28.578391
0.031317,26.539467,0.017066,14.462888
0.005532,4.688143,0.009018,7.642711
0.048715,41.283473,0.038795,32.877126
0.014522,12.306476,0.020374,17.265599
0.052481,44.475460,0.021151,17.924419
0.047872,40.569553,0.023543,19.951494
0.009193,7.790934,0.063067,53.446050
0.016102,13.645291,0.027256,23.098063
0.049355,41.826286,0.024653,20.892344
0.068763,58.272992,0.015119,12.812366
0.064550,54.703197,0.022253,18.857938
-0.001966,-1.665708,0.006455,6.467729
0.028814,24.418670,0.014089,11.940017
0.037206,31.530105,-0.010393,-8.807166
0.018587,15.751617,0.018945,16.055054
0.020329,17.227800,0.012709,12.734268
0.052006,44.072743,0.014439,12.236089
0.025620,21.712041,0.011997,10.166976
0.053336,45.200049,0.016446,13.937459
0.016167,13.701182,0.032543,27.578640
0.052232,44.264132,0.038703,38.780595
0.026051,22.076930,-0.010177,-10.196872
0.032527,27.564828,0.043329,43.415867
0.013147,11.141482,0.029907,25.344340
0.044771,37.941309,0.034965,29.631142
0.026974,22.858849,0.025715,21.791879
0.027231,23.077399,0.029928,25.362430
0.044380,37.610180,0.014145,11.987326
0.041432,35.111261,0.014562,12.340749
0.029433,24.942767,0.027807,23.565385
0.039068,33.108511,0.065473,55.485276
0.035969,30.481922,0.013691,11.602107
0.010563,8.951262,0.024734,20.961104
0.027126,22.988281,0.013643,13.669913
0.025105,21.275620,0.011005,9.326448
0.027960,23.695141,-0.006773,-6.786781
0.011292,9.569522,-0.003809,-3.228094
0.053206,45.089420,0.051383,43.544525
0.011518,9.760931,0.055215,46.791937
0.043156,36.573036,0.003535,2.995591
0.030923,26.205422,0.063589,53.888658
0.027040,22.915326,0.052281,52.385379
0.029071,24.635916,0.050437,50.537874
0.023355,19.792574,0.030539,25.880627
0.065020,55.101757,0.005251,4.449561
0.001576,1.335500,0.038912,38.989492
0.040727,34.514028,0.027187,23.039646
0.027805,23.563516,0.009545,8.088531
0.035875,30.402238,0.019353,16.400949
0.033031,27.992498,0.050256,42.589379
0.048214,40.859169,0.046808,39.667915
0.049103,41.612772,0.029804,25.257290
0.024941,21.136311,0.030036,25.453898
0.000236,0.199638,0.010857,9.200747
0.065368,55.395888,0.022422,19.001203
0.031601,26.780626,0.047044,47.137553
0.052016,44.080802,0.039274,33.282818
0.004838,4.100305,0.058213,49.332693
0.048191,40.839478,-0.003933,-3.332662
0.024961,21.153660,0.077944,78.099634
0.026129,22.142966,0.045644,38.681481
0.003934,3.333480,0.004837,4.846626
0.060968,51.667204,0.004461,3.780502
0.029771,25.229397,0.034102,28.899811
0.022901,19.407502,0.042336,35.878149
0.019465,16.495324,0.011013,9.333285
0.029247,24.785064,0.017290,14.652636
0.018228,15.447398,0.022288,18.888176
0.025194,21.350461,0.029248,24.786451
0.050719,42.981834,0.037101,31.441094
0.040158,34.031989,0.003973,3.367170
0.020180,17.101856,0.003753,3.180847
0.013477,11.421203,0.041114,34.842028
0.007862,6.662465,0.001263,1.070661
0.018048,15.294751,0.046396,39.318124
0.051789,43.889030,0.054734,46.384715
0.013659,11.575566,0.044883,38.036087
0.032710,27.719769,0.011620,9.847216
0.056169,47.600186,0.008287,7.022479
0.018373,15.570076,0.058729,49.770333
0.034934,29.604813,0.066220,56.118074
0.010726,9.090187,0.013964,13.991617
0.053640,45.456986,0.055488,47.023285
0.006318,5.354326,0.045373,38.451428
-0.007652,-6.484601,0.020293,17.197610
0.048548,41.142049,0.014347,12.158170
0.017158,14.540701,0.028198,23.896042
0.029851,25.297127,0.078510,78.666163
0.032459,27.507205,0.012400,10.508202
0.020977,17.776719,0.023648,20.040546
0.010086,8.547041,0.038094,32.282947
0.020793,17.621229,0.030962,26.238417
0.031263,26.494209,0.063176,53.539011
0.025140,21.304801,0.022558,19.116813
0.012989,11.007807,0.030538,25.879885
0.035311,29.924443,0.024663,20.900300
0.009505,8.055170,0.056362,47.764268
0.029601,25.085613,0.042129,35.702185
0.031497,26.692484,0.043250,36.652161
0.029661,25.136578,0.037469,31.753247
0.011518,9.761042,0.023983,20.324487
0.022084,18.714882,0.070699,59.913662
0.037467,31.751150,0.008142,6.900047
0.016521,14.001067,0.029040,24.610437
0.012378,10.490004,0.012167,10.311369
0.028629,24.261965,-0.000767,-0.649642
0.031633,26.807066,0.047674,40.401430
0.014477,12.268442,0.034812,29.501844
0.054037,45.793419,0.004122,3.493507
0.032810,27.805049,0.039079,33.117446
0.051271,43.449625,0.025194,21.350517
0.005505,4.665032,0.046774,46.867346
-0.001218,-1.032312,0.052593,44.569902
0.045947,38.937736,0.033086,33.151862
0.061973,52.519396,0.058273,49.383438
-0.003176,-2.691143,0.040840,34.609935
0.010890,9.228498,0.041264,34.969225
0.027719,23.490783,0.017699,14.999451
0.025712,21.789296,0.029972,25.399996
0.029407,24.920740,0.004971,4.212526
0.021974,18.621991,0.008574,7.265758
0.021842,18.510471,0.049758,42.167212
0.003534,2.994652,0.014761,12.509171
0.008533,7.231683,0.013166,11.157431
0.005552,4.705214,0.069087,58.547964
0.028613,24.248218,0.060284,51.087439
0.033179,28.117753,0.024218,20.523202
0.055705,47.207611,0.030771,26.077337
0.002288,1.939129,0.021701,18.390893
0.043423,36.798836,-0.001127,-0.954925
0.004370,3.703333,0.017893,15.163704
0.048388,41.006941,0.008061,6.831015
0.020220,17.135870,0.046470,39.381528
0.047593,40.332606,0.028560,24.203367
0.008190,6.940641,0.031190,26.431755
0.014345,12.156751,0.027116,22.979631
0.021504,18.223663,0.024376,20.657710
0.001947,1.649908,0.062304,52.800095
0.015182,12.865712,0.016987,14.395762
0.037017,31.369826,0.046615,39.503972
0.049816,42.217104,-0.010182,-10.202196
0.030960,26.237365,0.064277,64.405458
0.045271,38.364762,0.033642,28.510363
0.022601,19.153339,0.043451,36.822746
0.031852,26.992638,0.042884,36.342236
0.014482,12.272487,0.058808,49.837343
0.045406,38.479391,0.018476,15.657438
0.049066,41.581055,0.055007,46.616122
0.038727,32.819679,0.007151,6.060339
0.049817,42.217184,0.023907,20.259676
0.008815,7.470621,0.038230,32.398200
0.023853,20.213933,0.025929,21.973817
0.039375,33.368446,0.014376,12.182978
0.029065,24.631496,0.017406,14.750362
0.007278,6.167410,0.050094,42.452562
0.062217,52.726225,0.030909,26.194110
0.029600,25.084184,0.069154,58.604945
0.055337,46.895729,0.002269,1.923164
0.048870,41.414936,0.008452,7.162941
0.007829,6.634462,0.014972,12.687662
0.057735,48.928082,0.068015,57.639841
0.019132,16.213262,0.033711,28.568337
0.021476,18.199816,0.051058,51.159948
0.038196,32.369424,0.052780,44.728918
0.032218,27.302877,0.028341,24.017562
0.027978,23.710016,0.043313,36.705656
0.007724,6.545962,0.054355,46.063355
0.064737,54.861471,0.033982,28.797979
0.057851,49.026167,0.029939,25.371899
0.026603,22.544868,0.028081,23.797495
0.028438,24.099690,0.034727,29.429278
0.063996,54.233235,0.014005,11.868650
0.006821,5.780832,0.036829,31.210846
0.060100,50.931582,0.043547,36.903837
0.005896,4.996338,0.013993,11.858790
0.060735,51.469643,0.055585,47.105741
0.056945,48.258536,0.042747,42.831918
0.021488,18.210166,0.083325,83.491050
0.031316,26.538938,0.044222,37.475934
0.027622,23.408602,0.017033,14.434271
0.047587,40.327524,0.026131,22.145010
0.027314,23.147145,0.045106,38.225264
0.055124,46.715344,0.039571,33.534139
0.045775,38.791746,0.023451,23.497558
0.049796,42.199466,0.030249,25.634280
-0.000979,-0.829306,0.030486,25.835357
0.010679,9.049940,0.015362,13.018921
0.040426,34.258971,0.008686,7.361233
0.028953,24.535987,0.051472,43.620025
0.049322,41.797984,0.065765,55.733018
0.054426,46.123301,0.013959,11.829480
0.010485,8.885741,0.052412,44.416665
0.039124,33.156128,0.024901,21.102367
0.037909,32.126112,0.030707,26.023050
0.025222,21.374484,0.030441,25.797619
0.044576,37.775959,0.015754,13.350680
0.056567,47.938219,0.006079,5.151529
0.024488,20.752548,0.022786,19.310239
0.060047,50.886770,0.026535,22.487417
0.051087,43.293856,0.009729,8.245128
0.007933,6.722469,0.032227,27.311099
0.047456,40.216319,0.003596,3.047354
0.061077,51.760180,0.021661,18.356921
0.020601,17.458547,0.038690,32.787548
0.038458,32.590916,0.027803,23.561782
0.037898,32.116449,0.061256,51.911457
0.048554,41.147315,0.027302,23.137545
0.006391,5.416333,0.012330,10.449175
0.031487,26.683655,0.034335,29.096907
0.050312,42.637106,0.022714,19.248619
0.019707,16.700794,0.002051,1.738264
0.042823,36.290775,0.035113,29.756188
0.030794,26.096496,0.026484,22.443784
0.026607,22.548549,0.055402,55.512660
0.018757,15.895482,0.013387,11.344943
0.011616,9.843616,-0.037120,-37.194237
0.055585,47.106020,0.029082,24.645523
0.062057,52.590341,0.047591,40.330846
0.022523,19.086780,0.009043,7.663861
0.031832,26.976015,0.016340,13.847384
0.016190,13.720010,0.031701,26.864826
0.044915,38.063470,0.043923,37.222491
0.045249,38.346158,0.059466,50.394517
0.035398,29.998126,0.010960,9.287797
0.039903,33.816148,-0.000773,-0.655263
0.029262,24.798037,0.016767,14.209035
0.057903,49.070253,0.020474,17.350880
0.058410,49.499666,0.056472,56.584508
0.044007,37.293878,0.013104,11.104954
0.012929,10.956460,0.019336,16.386632
0.038839,32.914202,-0.006048,-5.125732
0.048312,40.941924,0.040294,40.374663
0.033718,28.574594,0.022290,18.889408
0.014220,12.050672,0.036242,30.713153
0.020498,17.370759,0.080159,67.931120
0.056372,47.772794,0.079292,79.449813
0.058981,49.983316,0.049732,42.145670
0.014802,12.543899,0.052529,44.515437
0.032835,27.826221,0.061464,52.087675
0.018702,15.849179,0.005961,5.051538
0.036100,30.592656,0.040418,34.252683
0.033748,28.599787,0.016727,14.175297
0.039545,33.512724,0.017166,17.200519
0.029139,24.693885,0.023012,19.501325
0.030805,26.105746,0.000812,0.688433
0.033819,28.659598,0.003960,3.356127
0.035251,29.873230,0.026007,22.039900
0.006278,5.320169,0.005707,4.836447
0.036601,31.017437,0.054624,46.290914
0.006300,5.338943,0.028622,24.255497
0.010445,8.851613,0.018905,16.021281
0.018638,15.794828,0.053965,54.072429
0.045136,38.250929,0.054846,46.479317
0.024723,20.951903,0.037270,31.584802
0.040366,34.208014,0.026400,22.372575
0.016237,13.760129,0.012606,10.682786
0.033937,28.759934,0.043015,36.452947
0.043674,37.011906,0.027623,23.408851
0.051284,43.460982,0.019754,16.740803
0.026864,22.765762,0.032465,32.529487
0.048839,41.388327,0.022115,18.741417
0.002842,2.408406,0.018967,16.073883
0.051261,43.441075,0.023799,20.168798
0.035759,30.304274,0.049484,41.935722
0.011064,9.376522,0.009419,7.982442
0.024079,20.405885,0.011912,10.094792
0.062313,52.807460,0.004994,4.231994
0.019474,16.503638,0.022994,19.486164
0.000019,0.016379,0.060208,51.023731
0.012275,10.402076,0.019697,16.692558
0.007088,6.006983,0.022238,18.845621
0.038804,32.884140,0.051597,43.726116
0.008583,7.273909,0.043263,43.348844
0.043001,36.441533,0.008617,7.302710
0.056771,48.110420,0.019574,16.587895
0.058131,49.262867,0.045787,45.878513
0.001545,1.309415,0.037262,37.336521
0.024849,21.058369,0.010571,8.958460
0.048531,41.127718,0.009889,8.380177
0.024768,20.989456,0.057996,49.149086
0.055879,47.355001,0.067334,57.062625
0.016252,13.772531,0.069095,58.554564
0.016414,13.909663,0.023341,19.780361
0.009901,8.390648,0.021205,17.970203
0.001583,1.341298,0.012768,10.819886
0.057313,48.569795,0.017171,14.551259
0.052870,44.804793,0.028372,24.043598
0.026883,22.782473,0.053030,44.940379
0.006349,5.380639,0.034976,29.640407
0.038866,32.937012,0.009844,8.342027
0.031889,27.024664,0.010375,8.791985
0.019374,16.418741,0.025561,21.661864
0.020337,17.234784,0.009958,8.439333
0.016674,14.130212,0.064336,54.521978
0.010959,9.287461,0.015828,15.859526
0.004262,3.611741,0.026341,22.322572
0.015060,12.762567,0.011083,9.392719
0.033135,28.080222,0.012388,10.498652
0.011594,9.825665,0.016836,14.268051
0.049061,41.577115,0.026747,22.667170
0.021855,18.521464,0.024765,20.986913
0.009993,8.468903,0.050466,42.767392
0.024997,21.183352,0.021885,18.546895
0.022666,19.208008,0.045609,45.699668
0.055155,46.741405,0.029879,25.321182
0.053145,45.037488,0.070619,70.759810
0.060918,51.624702,0.023339,19.779039
0.027976,23.708047,0.020644,17.495217
0.064358,54.540715,0.033768,28.616393
0.024012,20.349029,0.018645,15.800981
0.006436,5.454115,0.026798,26.851824
0.051010,43.228318,0.017459,14.796013
0.024870,21.076113,0.040935,34.690311
0.055161,46.746383,0.020709,17.550255
0.057407,48.649807,0.014846,12.580979
0.053929,45.702609,0.043025,36.462002
0.061619,52.219197,0.020267,17.175660
0.015494,13.130432,0.024368,20.650893
0.018822,15.950734,0.022993,19.485390
0.057439,48.676647,0.002775,2.780761
0.051635,43.758511,0.019356,16.403367
0.054881,46.509311,0.007570,6.414865
0.010111,8.568709,0.027619,23.405709
0.042586,36.089595,0.005825,4.936429
0.061185,51.851392,0.018762,15.900200
0.038295,32.453442,0.050131,42.483949
0.003013,2.553754,0.030579,25.914142
0.009583,8.121527,0.017293,17.327541
0.022762,19.289633,0.030943,26.222677
0.021048,17.837103,-0.001170,-1.172554
0.054286,46.004587,0.008038,6.811762
0.007626,6.462976,0.026796,22.708020
0.050672,42.941859,0.063335,53.673764
0.021740,18.424036,0.012617,10.692073
0.020533,17.400776,0.032871,27.856907
0.051862,43.950791,-0.007250,-7.264868
0.027392,23.213552,0.007599,6.439504
0.019369,16.413884,0.016960,14.373081
0.027877,23.624226,0.017484,14.816814
0.028480,24.135477,0.026675,22.606201
0.054312,46.026417,0.018123,15.358597
0.028632,24.264027,0.001317,1.116326
0.059182,50.154326,0.023478,19.896573
0.019732,16.722252,-0.000977,-0.828318
0.020316,17.216953,0.014298,12.116863
0.016951,14.364830,0.046305,39.241162
0.025098,21.269562,0.033628,28.497912
0.030111,25.517264,0.026632,22.569670
0.034510,29.245513,-0.000553,-0.469035
0.027395,23.216270,0.000119,0.101164
0.053886,45.665578,0.020313,17.214110
0.054728,46.379273,0.002720,2.725011
0.023091,19.568653,0.052001,44.068639
0.027919,23.659723,0.017785,15.071811
0.027427,23.242728,0.050383,42.696797
0.047056,39.877854,0.057983,49.137945
0.055195,46.775361,0.002806,2.377880
0.063574,53.876194,0.008860,7.508816
0.052468,44.463965,0.007645,6.478451
0.025512,21.620522,0.020977,17.776686
0.038633,32.739417,0.036555,30.978399
0.010942,9.272646,0.032408,27.464240
0.025012,21.196468,0.010957,10.978694
0.026897,22.794308,0.052516,44.504432
0.023037,19.522709,0.079123,67.053027
0.010096,8.555731,-0.001323,-1.121116
0.011663,9.883493,0.017318,14.676115
0.023532,19.942614,-0.021857,-21.900307
0.049270,41.754062,-0.000141,-0.119690
0.026861,22.763354,-0.016990,-17.024160
0.035017,29.675486,0.008310,7.042311
0.029355,24.877228,0.026426,22.395071
0.045828,38.837237,0.050686,42.954203
0.015186,12.869665,-0.006665,-5.648540
0.002644,2.240491,0.039153,39.231287
0.028716,24.335483,0.015531,13.161802
0.003791,3.212533,0.019176,16.251084
0.060971,51.670336,0.024839,21.049810
0.033961,28.780564,0.016702,14.153976
0.026620,22.558979,0.012333,10.451632
0.000831,0.704240,0.033780,28.627010
0.028023,23.747836,0.009280,7.864579
0.038984,33.036841,0.010688,9.057968
0.019492,16.518606,0.031292,26.518630
0.017892,15.162347,0.028899,24.490499
0.044111,37.382007,0.039768,39.847359
0.052331,44.347744,0.000925,0.783759
0.012673,10.739651,0.038157,32.336337
0.014592,12.366033,0.004622,3.916513
0.022417,18.997103,0.025686,21.767592
0.048776,41.335355,0.005988,5.074753
0.060539,51.304034,0.020654,17.503083
0.032737,27.743065,0.046799,39.659746
0.041028,34.769195,0.009217,7.811106
0.057050,48.347239,0.033794,28.638836
0.029128,24.684787,0.007471,6.331611
0.016451,13.941663,0.024714,20.944042
0.049778,42.184497,-0.004575,-4.584451
0.061002,51.696560,0.058416,49.504859
0.017741,15.034660,0.028394,24.062669
0.024819,21.033318,0.030453,25.807666
0.061098,51.777426,0.019163,16.239642
0.060292,51.094855,0.006165,5.224767
0.033960,28.779660,0.026925,22.817477
0.030671,25.992509,0.027957,23.692493
0.022140,18.763003,0.045207,38.310493
0.035918,30.438607,-0.009272,-7.857877
0.056334,47.740586,0.014522,12.307123
0.026347,22.327907,0.041193,34.909001
0.032497,27.539656,0.012998,11.015355
0.028868,24.464129,0.011274,9.554145
0.001571,1.330952,-0.000440,-0.372793
0.025162,21.324014,0.015823,15.854976
0.005991,5.077498,0.021955,18.605394
-0.000171,-0.145257,0.021666,18.361313
0.008288,7.023454,0.038838,38.915207
0.053489,45.329442,0.052398,44.404774
0.000077,0.065476,0.059661,59.780272
0.027724,23.494444,0.042640,36.135432
0.035855,30.385777,0.029046,24.615133
0.047942,40.628624,0.012931,10.958248
0.031865,27.004217,0.030468,25.820466
0.012334,10.452771,0.017381,17.415437
0.026585,22.529397,0.026978,22.862219
0.014919,12.643100,0.044119,44.206585
0.008564,7.257381,0.026241,22.237914
0.033327,28.243239,0.019981,16.932716
0.008667,7.345264,0.033290,33.356524
0.047312,40.094291,0.045651,38.687216
0.020673,17.518987,0.003376,2.861144
0.062514,52.977772,0.035967,30.480174
0.005968,5.057363,0.030735,26.046046
0.048802,41.357149,0.009063,9.080839
0.010537,8.929915,0.052212,44.247199
0.059593,50.502281,0.067264,57.003423
0.057598,48.811728,0.041327,35.022273
0.029395,24.911015,0.014332,14.361007
0.015628,13.244245,0.018363,15.561499
0.028641,24.271969,0.031087,26.345172
0.054948,46.565967,0.021966,18.615223
0.040216,34.080834,0.024840,21.050864
0.003302,2.797876,0.019637,16.641542
0.025883,21.935014,0.017636,14.945499
0.037377,31.675469,0.043116,36.538370
0.011247,9.531335,0.015857,13.438465
0.017991,15.246795,0.054220,54.327744
0.036051,30.551294,-0.000514,-0.514714
0.053783,45.578196,0.029880,25.322018
-0.003815,-3.232665,0.044398,37.625435
0.035757,30.302344,0.015823,13.409622
0.030955,26.233265,0.012350,10.466408
0.033071,28.025917,0.027872,23.620263
0.042230,35.787610,0.011429,9.685311
0.008885,7.529881,0.014350,12.160959
0.056419,47.812578,0.019148,16.226764
0.042803,36.273613,0.024740,20.966281
0.020830,17.652845,-0.002076,-1.759008
0.042479,35.998735,0.057189,57.303426
0.058986,49.987559,0.022209,18.821025
0.016075,13.623045,0.052497,44.488644
0.032310,27.380886,0.033830,28.669287
0.057104,48.392833,0.052181,44.220746
0.008068,6.837284,0.030675,25.995951
0.056674,48.028430,0.028297,23.980205
0.028731,24.348212,0.027659,23.439530
0.010571,8.958395,0.009828,8.328579
0.050947,43.175160,0.023626,20.021504
0.019420,16.457786,0.039076,33.115139
0.032741,27.746671,-0.016826,-16.859712
-0.000530,-0.448868,0.026704,26.757439
0.017393,14.739840,0.049217,41.708705
0.005362,4.543779,0.011543,9.782458
0.013839,11.727622,-0.000995,-0.843279
0.028206,23.903148,0.057789,48.973326
0.037517,31.793470,0.030601,25.933124
0.045881,38.882170,0.042171,35.737913
0.013776,11.674195,0.031039,26.303897
0.054938,46.557398,0.016976,14.386163
0.028560,24.203164,0.052334,44.350872
0.015424,13.071263,0.003688,3.125459
0.047703,40.426267,0.029280,24.813557
0.028366,24.039129,0.066416,66.548315
0.014514,12.300169,0.038284,32.444136
0.011602,9.832007,-0.000638,-0.540463
0.040592,34.399949,0.021980,18.626900
0.029695,25.165156,0.019850,16.821806
0.012486,10.580923,0.038028,32.227112
0.037758,31.997987,0.014915,12.639716
0.054387,46.090364,0.024006,20.344246
0.026869,22.770358,0.056389,47.786904
0.025480,21.592816,0.050492,42.789318
0.015554,13.181622,0.041272,34.976201
0.006543,5.544922,0.011668,9.887832
0.055094,46.689198,0.007119,6.032851
0.062431,52.907607,0.015100,12.796334
0.016356,13.861229,0.013946,11.818873
0.014812,12.552732,0.021325,18.071615
0.026355,22.334197,-0.000807,-0.683948
0.061032,51.721654,0.038061,38.137422
0.030104,25.511962,0.048471,41.076722
0.020295,17.199147,0.019861,16.830879
0.005356,4.538788,0.006915,5.860207
0.019125,16.207402,0.021087,17.869907
0.027486,23.293190,0.012903,10.935077
0.008856,7.504672,0.054372,46.077386
0.054655,46.317782,0.030648,25.973028
0.033400,28.304499,0.017821,17.856865
0.024235,20.538219,-0.009187,-7.785326
0.031777,26.929296,0.027122,22.984861
0.039739,33.676636,0.010824,9.172935
0.034996,29.657415,0.017840,15.118340
0.000695,0.589137,0.014331,12.145147
0.044431,37.652825,0.015260,12.932412
0.052090,44.143921,0.029640,25.118638
0.029726,25.191378,0.032182,32.246538
0.021770,18.449173,0.002113,2.117265
0.028614,24.249368,0.000374,0.316737
0.007620,6.457532,-0.027656,-23.437330
0.000344,0.291590,-0.012471,-10.568196
0.025297,21.437882,0.012068,10.227468
0.006559,5.558630,0.012380,10.491501
0.039659,33.609194,0.032894,27.875722
0.044940,38.084887,0.065471,55.483419
0.045671,38.704005,0.027691,23.466657
0.024217,20.522694,0.020223,17.137850
0.030924,26.206535,0.032006,27.123902
0.000057,0.048384,0.035835,30.368544
-0.000210,-0.177740,-0.004714,-3.994864
0.046284,39.223114,0.023616,23.663068
0.057428,48.667763,0.064052,54.280630
0.047850,40.550686,0.052171,44.212357
0.039167,33.192496,0.047547,40.293774
0.028168,23.871373,0.009755,8.267201
0.030082,25.492807,0.060638,51.387608
0.009926,8.411745,0.013884,11.765690
0.009805,8.308883,-0.004212,-4.220846
0.037803,32.036164,0.034469,29.210790
0.025086,21.259582,0.016325,13.834776
0.037012,31.365529,0.033268,28.192788
0.003803,3.223259,0.034057,28.861470
0.024949,21.142817,0.010612,8.993399
0.017422,14.764400,0.004976,4.217017
0.024219,20.524541,0.007013,5.943352
0.051268,43.447056,0.004625,3.919592
0.027456,23.267373,0.061179,51.846229
0.022570,19.127289,0.043020,36.457088
0.011516,9.759476,0.032884,27.867418
0.049184,41.681422,0.037633,31.892321
0.024475,20.741695,0.016807,14.243291
0.033963,28.781742,0.023667,20.056565
0.015610,13.228819,0.016851,14.280368
0.020838,17.659584,0.019812,16.789396
0.053771,45.568283,0.044621,37.813845
0.025169,21.329777,0.005339,4.524923
0.022681,19.221058,0.036991,31.347811
0.054945,46.562972,0.005707,4.836228
0.028849,24.448084,0.045500,38.559324
0.045155,38.266524,0.041284,41.366347
0.014236,12.064188,0.055249,46.820723
0.025358,21.490059,0.029704,25.172845
0.015713,13.316200,0.013090,13.116152
0.019598,16.608006,0.052788,44.735387
0.029141,24.695700,0.010613,8.993773
0.020563,17.426578,0.021170,17.940599
-0.000849,-0.719400,0.023191,23.237049
0.046712,39.586452,0.022163,18.781757
0.014494,12.283221,0.010032,8.501672
0.034774,29.469431,0.025161,21.322998
0.029873,25.316278,0.036426,36.498362
0.010230,8.669681,0.011380,11.403052
0.021852,18.518758,0.046523,39.426204
0.020059,16.999008,0.053622,53.728874
0.032321,27.390820,0.015350,13.008266
0.055851,47.330765,0.027133,22.994245
0.034205,28.987057,0.062431,62.555206
0.023950,20.296551,0.039695,33.640029
0.032654,27.672385,0.022993,19.485781
0.019810,16.788162,0.047132,39.942126
0.016288,13.803367,0.003777,3.201204
0.014790,12.533947,0.014503,14.531897
0.051058,43.269485,0.032749,32.814763
0.035899,30.422503,0.007707,6.531607
0.065901,55.847927,0.030706,26.021735
0.037163,31.493667,0.055560,47.084613
0.022636,19.183108,0.007279,6.168397
0.002706,2.293629,0.074873,63.451369
0.031917,27.047886,0.023295,19.741506
0.011975,10.148594,0.032257,27.335876
0.016466,13.953892,0.020785,17.614349
0.063973,54.214476,0.008241,6.983579
0.050818,43.066129,0.067160,56.914915
0.049641,42.068762,0.025576,21.674457
0.025416,21.539123,0.053923,45.697537
0.037903,32.121048,0.026504,22.460991
0.027483,23.290638,0.014865,12.597107
0.007007,5.938056,0.044719,37.897088
0.022323,18.917438,0.025716,21.793129
0.018393,15.587447,0.041990,35.584680
0.011627,9.852910,0.005722,5.733758
0.035440,30.033705,0.019138,16.218910
0.027554,23.350698,0.029447,24.955148
0.024056,20.386226,0.031104,26.358997
0.003002,2.543739,0.021976,18.623393
0.020363,17.257096,0.015753,13.349954
0.001876,1.589505,0.039265,33.275369
0.059510,50.431627,0.069421,58.830702
0.016904,14.325596,0.003170,2.686252
0.026710,22.635497,0.019206,16.276340
-0.005485,-4.648327,-0.006448,-6.460485
0.014173,12.011088,0.036645,31.055164
0.022711,19.246472,0.017202,14.577996
0.011287,9.565403,0.014257,12.082202
0.021395,18.131651,-0.000254,-0.215405
0.060636,51.386504,0.027914,23.655693
0.019982,16.933616,0.015906,13.479594
0.008955,7.588874,0.029404,24.918798
0.002862,2.425088,0.035708,30.260832
0.018300,15.508584,0.000493,0.417518
0.051184,43.375675,0.025243,25.293012
0.036716,31.115264,0.050098,42.455443
0.008863,7.510901,0.040359,34.202709
0.047363,40.137759,0.016769,14.211226
0.025381,21.509316,0.027419,23.235960
0.029216,24.758982,0.036214,30.689873
0.011358,9.625572,0.015879,13.456310
0.029341,24.864898,0.001567,1.327965
0.050678,42.947350,0.020243,17.155209
0.027501,23.305890,0.012042,10.204817
0.054119,45.863533,0.021055,17.843337
0.027879,23.625920,0.039274,33.283149
-0.000669,-0.566806,0.040489,40.569705
0.033550,28.432117,0.010400,8.813100
0.033803,28.646851,0.016695,14.147845
0.034189,28.973188,0.007733,6.553483
0.031314,26.537397,0.037733,31.976753
0.007961,6.746299,0.023853,20.214294
0.033182,28.119950,0.024037,20.370309
0.046045,39.020898,0.018070,15.313126
0.029891,25.331269,0.046404,39.325067
-0.001505,-1.275482,0.043036,36.471119
0.032296,27.369479,0.043275,43.361800
0.054574,46.248660,0.050978,51.079314
0.037675,31.927543,0.028017,23.742749
0.003849,3.261604,0.014841,12.577118
0.049191,41.686765,0.035930,30.448691
0.029477,24.980011,0.015934,13.502901
0.060196,51.012911,0.033137,33.203539
0.060243,51.053406,0.044346,37.581088
0.024570,20.821728,0.032028,27.142258
0.002332,1.975939,0.044468,37.684657
0.012774,10.825086,0.068368,68.504277
0.012457,10.557088,0.011836,10.030310
0.005692,4.823392,0.048921,41.458339
0.042044,35.629901,0.064752,54.874487
0.023552,19.959239,0.015324,12.986369
0.021989,18.634714,0.050748,43.006293
0.033841,28.678671,0.001505,1.275377
0.049635,42.062970,0.028155,23.859680
0.013621,11.542926,0.054208,45.938927
0.041954,35.554145,0.011535,9.775072
0.039403,33.392428,0.009234,7.825300
0.021450,18.177838,0.024676,20.911627
0.047893,40.587181,0.040910,40.991618
0.056871,48.195143,0.010929,9.261579
0.033264,28.189546,0.061245,51.902409
0.044616,37.810186,0.029493,24.994161
0.017799,15.083873,0.049799,42.202635
0.027491,23.297114,0.058203,49.324652
0.026290,22.279403,0.039276,33.284834
0.027756,23.521970,0.006878,5.828634
0.036690,31.093368,0.025587,25.637990
0.022469,19.041522,0.042056,35.640308
0.055280,46.847493,0.014943,12.663258
0.027433,23.247881,0.028554,28.610687
0.022382,18.967843,0.025967,22.005941
0.034073,28.875227,0.038029,32.227822
0.013608,11.532467,0.024734,20.960718
0.049819,42.218883,0.015477,13.116360
0.026125,22.139623,0.033927,28.751203
0.001980,1.677587,0.039503,33.476866
0.028124,23.833341,0.027202,27.255969
0.011121,9.424664,0.006659,5.643396
0.032811,27.805361,0.023308,19.752009
0.028461,24.119634,-0.003305,-2.800857
0.055624,47.138934,0.029956,30.015291
0.028920,24.508333,-0.015153,-15.183722
0.010727,9.090622,0.002855,2.419757
0.022487,19.056817,0.030670,25.991090
0.023159,19.626516,0.018374,15.571476
0.034359,29.117662,0.009619,9.637845
0.012236,10.369058,0.024688,20.921889
0.031637,26.810662,0.065020,55.101185
0.020290,17.194426,0.034908,29.582583
0.017442,14.781568,0.063962,64.089858
0.028589,24.227707,0.033385,28.292402
0.045707,38.734488,0.014397,12.201000
0.059665,50.563162,0.025788,21.853870
0.050749,43.007699,0.010021,10.041291
0.005774,4.892816,0.011112,9.416660
0.028613,24.248214,0.043225,36.631025
0.010212,8.654502,0.053587,45.412809
0.027441,23.255293,0.029248,24.786254
0.021244,18.003686,0.017034,17.067957
0.027909,23.651559,0.020256,17.166374
0.007216,6.115063,0.055358,55.468352
0.049144,41.647383,0.007727,7.742876
0.018771,15.907617,0.002808,2.379978
0.055584,47.104473,0.021406,18.140344
0.001603,1.358093,-0.014169,-12.007662
0.012647,10.717882,0.055880,47.355266
0.033870,28.703039,0.024146,20.462714
0.041794,35.418307,0.027315,23.147777
0.006663,5.646986,0.032354,27.418167
0.007173,6.078761,0.012910,10.940773
-0.001388,-1.176175,0.010758,9.117013
0.007448,6.311529,0.010556,8.945587
0.006680,5.661268,0.009892,8.383081
0.044518,37.726915,0.026942,22.831756
0.051323,43.493849,0.026292,22.281480
0.008353,7.078463,0.035376,29.979218
0.023518,19.930759,0.011878,10.065880
0.012222,10.357602,0.027059,22.930979
0.025175,21.334984,0.049641,42.068164
0.051122,43.323361,0.013338,11.302905
0.021787,18.463140,0.046216,39.165844
0.046067,39.039516,0.013810,11.703402
0.054745,46.394167,0.055605,47.122173
0.019373,16.417380,0.005022,4.255495
0.015306,12.971338,0.048547,48.644052
0.040585,34.394161,0.020612,17.467751
0.054234,45.960495,0.051301,43.475303
0.025416,21.539237,0.009148,7.752897
0.005647,4.785782,0.042417,35.946578
0.035410,30.008638,0.032670,27.686160
0.017954,15.215185,0.003471,2.941173
0.056928,48.243487,0.019869,16.838329
0.023158,19.625641,0.049363,41.832947
0.004347,3.683584,0.047577,40.318838
0.035437,30.031048,0.024481,20.746385
0.021567,18.277231,0.031286,26.513108
0.033780,28.627233,0.019471,19.509671
0.065376,55.402924,0.056340,47.745492
0.032228,27.311735,0.060274,51.079485
0.055858,47.337265,-0.003294,-2.791458
0.020806,17.631878,0.020528,20.569236
0.029891,25.331492,0.048780,48.876948
0.051687,43.802301,0.037362,31.662319
0.053559,45.388970,0.050121,42.475294
0.011764,9.969680,0.027016,22.894829
0.054811,46.449701,0.029506,25.005274
0.024603,20.849669,0.025860,21.915396
0.053108,45.006870,0.006897,5.845246
0.023108,19.582883,0.018291,15.500527
0.006642,5.628596,0.021923,18.578341
0.026331,22.314277,0.008841,7.491969
0.024418,20.692892,0.051168,43.362703
0.030244,25.630683,0.018812,15.942533
0.004258,3.608820,0.037318,31.625075
0.058775,49.809027,0.039604,33.562098
0.007511,6.365093,0.066329,56.210253
0.019785,16.766908,0.022219,18.829470
0.029377,24.895555,0.028303,23.985558
0.020975,17.775230,0.053214,45.096027
0.032840,27.830509,0.023706,20.089331
0.037310,31.618382,-0.003192,-2.705117
0.016609,14.075582,0.029741,25.204466
0.044047,37.327887,0.062394,52.876172
0.009051,7.670436,0.003270,2.771004
0.009426,7.987688,0.062632,53.077531
0.028383,24.053366,0.020290,17.194671
0.019627,16.632844,0.027066,22.937438
0.000549,0.464986,0.067836,57.487576
0.041250,34.957790,0.061854,52.417933
0.015951,13.517356,0.050335,42.656744
0.030331,25.704407,0.054831,46.466655
0.012937,10.963789,0.036577,30.996900
0.028736,24.352022,0.076097,64.488316
0.023190,19.652391,0.006477,5.489176
0.026057,22.082041,0.046149,39.109443
0.049633,42.061387,0.042421,35.949382
0.008160,6.915374,0.065075,65.204817
0.030033,25.451855,0.029924,25.359256
0.036165,30.648534,0.029328,24.854142
0.021073,17.858646,0.033837,28.674995
0.011246,9.530683,0.016073,13.620902
0.010747,9.107834,0.026769,26.822492
0.021525,18.241778,0.010303,8.731434
0.018677,15.827775,0.006399,5.422583
0.007645,6.479074,0.052396,44.403104
0.040838,34.608493,0.033697,28.556450
0.047381,40.152889,0.007320,6.203571
0.016533,14.010541,0.041141,34.864746
0.020298,17.201364,0.030315,25.690609
0.006357,5.387517,0.042217,35.777201
0.005616,4.759204,0.024283,20.578501
0.033457,28.353475,0.050577,42.861273
0.010093,8.553683,0.020268,17.175817
0.022909,19.414662,0.034558,29.285972
0.031580,26.762668,0.011614,9.842266
0.043753,37.078363,-0.027791,-27.846205
0.032405,27.462020,0.024064,20.392895
0.013423,11.375349,0.021205,17.970273
0.023509,19.922658,0.049299,41.778747
0.011237,9.522782,0.024013,20.349791
0.044022,37.306417,0.028491,24.144962
0.033642,28.509810,0.028377,24.047776
0.063022,53.407914,0.019040,16.135461
0.045572,38.620487,0.007799,6.608956
0.025239,21.389202,0.008591,7.280508
0.045757,38.776573,0.010047,8.514470
0.016140,13.677949,0.054035,45.792098
0.007866,6.666035,0.020172,17.094976
0.033339,28.252838,0.032590,27.618470
0.034827,29.514450,0.056679,48.032545
0.017412,14.755505,0.005115,4.334720
0.007213,6.112402,0.030062,30.122441
0.049017,41.539215,0.017905,15.173474
0.011284,9.562239,0.016695,14.147867
0.053005,44.919163,0.014773,12.519820
0.008656,7.335633,-0.004301,-3.644673
0.035500,30.084191,0.059026,59.143847
0.055016,46.623550,0.030992,26.264346
0.036858,31.235784,0.037800,32.033989
0.020589,17.447927,0.036386,30.835760
0.022362,18.950947,0.019553,16.570011
0.039031,33.076643,0.003933,3.333044
0.036849,31.227401,0.031947,27.073895
0.030013,25.434428,0.051937,44.014427
0.010108,8.566255,0.010520,8.915452
0.041329,35.024404,-0.008871,-7.517646
0.021995,18.639386,0.047766,47.861036
0.061283,51.934730,0.018175,15.402159
0.027841,23.594153,0.060624,51.376321
0.049843,42.239966,0.039534,33.503242
0.016148,13.684972,-0.004240,-3.592794
0.030748,26.057772,0.052941,44.864645
0.021907,18.565396,-0.005263,-4.460557
0.022743,19.273565,0.022573,19.129704
0.019323,16.374958,0.026826,22.733501
0.048352,40.976202,-0.000212,-0.179975
0.028495,24.148087,0.024198,24.246444
0.023506,19.920072,0.049326,41.801049
0.038535,32.656532,0.014803,12.544732
0.013609,11.532997,0.000005,0.005334
0.034617,29.335895,0.065047,55.124601
0.042639,36.134258,0.040300,34.152343
0.026603,22.545113,0.060076,50.911761
0.031939,27.066843,0.019078,16.167850
0.025936,21.979369,0.045760,45.851172
0.052898,44.828622,0.031010,26.279718
0.062010,52.550565,0.006018,6.029671
0.006194,5.249378,0.018006,15.258871
0.000253,0.214722,0.055348,46.904684
0.018632,15.789402,0.053715,45.520561
0.047482,40.238705,0.028207,23.903936
0.003766,3.191403,0.041916,35.522030
0.021535,18.250073,0.026180,22.186207
0.027875,23.622665,0.025333,21.468572
0.021894,18.554347,0.030168,25.565931
0.013543,11.476646,0.042764,36.240388
0.020104,17.036837,0.026425,22.393910
0.030087,25.497171,0.018516,15.691219
0.062260,52.762311,0.013670,11.584844
0.032097,27.200321,0.007231,6.128277
0.020191,17.111181,0.017265,14.631452
0.019632,16.637095,0.048113,40.773420
0.032473,27.519327,0.009577,8.115931
0.011836,10.030763,0.055157,46.742802
0.024436,20.708240,0.050058,42.421748
0.026207,22.208899,0.003502,2.967475
0.031925,27.055325,0.034431,29.178637
0.035071,29.721001,0.056415,47.809244
0.013768,11.667803,0.026154,22.163928
0.031077,26.336599,0.051323,43.493672
0.026269,22.261738,0.006191,5.246403
0.020152,17.077861,0.020408,17.294768
0.052660,44.626952,0.040661,34.458522
0.030625,25.953559,0.034523,29.256759
0.047276,40.064562,0.022668,19.210239
0.051575,43.707703,0.032134,27.231870
0.013688,11.599572,0.027326,23.157131
0.028994,24.571434,0.018365,15.563211
0.035344,29.952711,0.033608,33.674710
0.000391,0.331410,0.018116,15.352346
0.027477,23.285079,0.055413,46.959967
0.032980,27.948948,0.012011,10.178583
0.011653,9.875476,0.014595,12.368579
0.039570,33.534083,0.041583,35.239918
0.018505,15.682064,0.012144,10.291657
0.028228,23.922151,0.045208,38.311379
0.052385,44.393580,0.004891,4.144699
0.039404,33.393347,0.012683,10.748052
0.060195,51.012258,0.050837,43.082229
0.028905,24.495293,-0.007340,-6.219993
0.047211,40.008974,0.010013,8.485797
0.034907,29.582375,0.021141,17.916106
0.027640,23.423369,0.020430,17.313348
0.019042,16.137543,0.013574,11.503224
0.021269,18.024569,0.026599,22.541323
0.036227,30.700795,0.022691,19.229825
0.035777,30.319324,0.024356,20.640247
0.037194,31.519985,0.010410,8.821915
0.029425,24.936604,0.040237,34.098803
0.019282,16.340459,0.050863,43.103770
0.009374,7.943920,0.064517,54.675141
0.016967,14.378469,0.016879,14.304154
0.035734,30.282634,0.000473,0.400444
0.004156,3.521858,0.058231,49.347813
0.022648,19.192825,0.043392,36.772297
0.033286,28.208277,-0.028760,-28.817163
0.012128,10.278140,0.051421,43.577104
0.019701,16.695987,0.030376,25.742289
0.026032,22.060510,0.039448,33.430228
0.055586,47.106620,0.020034,16.978157
0.031455,26.656455,0.059923,50.781790
0.033371,28.280621,0.012093,10.248280
0.054438,46.133520,0.019445,16.478604
0.002403,2.036043,0.046439,39.354567
0.028196,23.894675,0.049839,49.938804
0.062628,53.074390,0.028385,24.054788
0.040272,34.129010,0.043040,36.474319
0.019357,16.403881,0.015910,13.482567
0.002822,2.391459,0.045523,38.578664
0.025213,21.366629,0.059862,50.730308
0.053691,45.500806,0.020552,17.416898
0.003974,3.367460,0.047524,47.618709
0.030534,25.876329,0.020240,17.152191
0.020895,17.707402,0.025213,21.366632
0.009440,8.000018,0.053695,45.503933
0.029316,24.843890,0.016200,13.728835
0.020067,17.005607,0.036172,30.653657
0.017322,14.679473,0.023639,20.033052
0.030026,25.445938,0.064735,54.860077
0.059989,50.837592,0.046653,39.535829
0.032912,27.891632,0.019072,16.162551
0.015375,13.029768,0.022218,18.829005
0.062394,52.876216,0.007926,6.716657
0.058479,49.557810,0.030463,25.816314
0.063011,53.398503,0.027468,23.277731
0.011733,9.942845,0.033122,28.069300
0.048463,41.070415,0.041868,35.480976
0.061997,52.539479,0.055895,47.368014
0.014124,11.969247,0.042456,35.979051
0.018517,15.692650,0.023840,20.202962
0.031204,26.443916,0.039067,33.107406
0.041726,35.360739,0.025020,21.202972
0.029645,25.122881,0.027165,23.020775
0.007886,6.683085,0.007237,7.251897
0.019944,16.901303,0.030552,25.891703
0.016497,13.980510,0.028036,23.759263
0.029285,24.817426,-0.016548,-16.580518
0.027386,23.208047,0.016623,14.087256
0.001960,1.661163,0.005196,4.403281
0.002916,2.471469,0.027219,23.067039
0.015633,13.247884,0.027771,23.534584
0.040286,34.140047,0.050499,42.795684
0.057997,49.149344,0.045604,38.647503
0.050330,42.652266,0.034944,29.613312
0.017990,15.245482,0.024437,20.708833
0.003035,2.572116,0.005502,5.512983
0.034640,29.355862,0.011787,9.989278
0.053837,45.624055,0.080310,80.470484
0.041717,35.353389,0.059477,50.404145
0.050302,42.628652,0.028249,23.939501
0.057277,48.539248,0.070704,59.918565
0.038715,32.808908,0.050971,43.195368
0.032011,27.128079,0.041891,35.500371
0.015597,13.217482,0.033655,28.520645
0.034081,28.882352,0.047510,40.262801
0.016556,14.030123,0.049500,41.949106
0.032097,27.200797,0.009144,7.749157
0.035177,29.810520,0.018439,15.625833
0.010474,8.876593,0.011225,9.512960
0.017990,15.246020,0.023200,19.661222
0.044336,37.572480,0.011101,11.122691
-0.000064,-0.053866,0.010101,8.560256
0.049898,42.285834,-0.008688,-8.705158
0.026159,22.168539,0.061009,51.702035
-0.004136,-3.505250,0.030544,25.884362
0.029648,25.125594,0.056831,48.161888
0.013859,11.744551,0.059523,59.641858
0.033310,28.228591,0.052522,44.510151
0.036864,31.240315,0.026437,22.404519
0.002180,1.847250,0.011088,11.109860
0.029277,24.810608,0.032074,27.181352
0.034586,29.309606,0.051095,43.300316
0.019927,16.887375,0.053176,45.064327
0.033490,28.381495,0.036920,31.287664
0.064918,55.015049,0.033479,28.371924
0.029193,24.739879,0.011725,9.936109
0.032554,27.588093,0.002593,2.197441
0.022370,18.957305,0.010318,8.743816
0.033171,28.110582,0.010652,9.027238
0.011289,9.566492,0.040854,34.621434
0.017390,14.736789,0.005921,5.018142
0.045143,38.256225,0.046432,39.349139
0.029523,25.019199,0.060409,51.193561
0.011911,10.093592,0.023414,19.842558
0.028786,24.394807,0.021794,21.837127
0.003088,2.617331,0.020552,17.417103
-0.008602,-7.289658,0.006639,5.626363
0.023831,20.195231,0.072525,61.461323
0.028986,24.564229,0.033204,28.139070
0.006043,5.121516,0.031167,26.412704
0.031196,26.437423,0.022548,19.108704
0.031332,26.552648,0.010109,8.566782
0.044394,37.621465,0.025538,21.642292
0.047508,40.261188,0.041069,34.803823
0.006920,5.864724,0.052797,44.743073
0.042622,36.119843,0.058107,49.243261
0.035344,29.952024,0.004397,3.726113
0.024670,20.906818,0.061573,52.180051
0.017983,15.240093,0.031614,26.790938
0.005706,4.835952,-0.001258,-1.065690
0.009950,8.431808,0.047299,40.083553
0.050125,42.478307,0.054426,46.123224
0.032382,27.442021,0.014088,11.939209
0.059015,50.012285,0.021396,21.438803
0.023590,19.991229,0.043953,37.248012
0.003526,2.987926,0.021550,18.262694
0.026961,22.848115,0.015814,13.401631
0.018970,16.076480,0.029322,24.848670
0.004471,3.789085,0.026604,22.545236
0.008843,7.494321,-0.003730,-3.160983
0.059872,50.738854,0.019834,16.808786
0.013423,11.375126,0.031493,26.688736
0.033413,28.315831,0.023000,19.491333
0.011493,9.739716,0.057866,49.038956
0.019702,16.696859,-0.003626,-3.072897
0.017883,15.154591,0.020929,20.971091
0.031061,26.322950,0.006202,5.255611
0.009667,8.192060,0.041476,35.148727
0.023061,19.543247,0.020442,17.323672
0.025696,21.776029,0.068138,57.743731
0.048476,41.081128,0.024394,20.672756
0.052633,44.604261,0.108426,108.642263
0.022287,18.887524,0.055830,47.312927
0.015220,12.897860,0.031098,26.354101
0.039291,33.297156,0.015754,13.351177
0.066099,56.015384,0.037052,31.399453
0.016038,13.591103,0.036494,30.926580
0.032614,27.639105,0.004861,4.119775
0.031980,27.101920,0.039431,33.415799
0.026706,22.631849,0.018103,15.341093
0.015230,12.907005,0.043248,36.650579
0.040251,34.111010,-0.020546,-20.587039
0.028647,24.276565,0.045368,38.447518
0.038754,32.842481,0.040749,34.533160
0.021456,18.182579,0.025198,21.353697
0.049060,41.576051,0.043722,37.052355
0.045712,38.738789,0.022982,19.476494
0.020243,17.154894,0.047163,39.968413
0.034960,29.626854,0.025018,21.201553
0.015173,12.858230,0.066000,55.931832
0.011369,9.634804,0.029473,24.977201
0.005669,4.803816,0.042518,36.031882
0.018803,15.934489,0.028883,24.477120
0.030297,25.675612,0.098366,98.561871
0.011018,9.337478,0.052475,44.470472
0.044853,38.010779,0.011665,9.885308
0.014564,12.342344,0.002966,2.513761
0.037159,31.490203,0.027878,27.933849
0.013628,11.549040,0.014192,12.026688
0.048856,41.403111,0.023076,19.555408
0.062766,53.191244,0.017587,14.904250
0.002473,2.095380,0.034964,29.630407
0.051862,43.950632,0.015827,13.412798
0.049761,42.169862,0.005819,4.931692
0.002013,1.705914,0.052699,44.659820
0.010712,9.078229,0.027252,23.095091
0.031658,26.828408,0.025961,22.000985
0.028718,24.337310,0.044703,37.883877
0.028158,23.862747,0.012573,10.655259
0.050700,42.965771,0.023870,23.918048
0.056173,47.604195,0.015454,13.096394
0.047274,40.062421,0.074514,74.662781
0.032593,27.621029,0.032884,27.867267
0.012072,10.230136,0.058443,49.527766
0.040160,34.034075,0.030507,25.853372
0.025772,21.840273,0.015645,13.258452
0.026360,22.339067,0.017639,14.948598
0.022349,18.939605,0.042916,36.368976
0.012674,10.740539,0.059000,49.999505
0.047050,39.872407,0.049852,42.247024
0.004263,3.612880,0.031475,26.673945
0.022169,18.787484,0.028415,24.080589
0.048141,40.796835,0.042027,42.111245
0.053646,45.462165,0.021429,18.160399
0.021619,18.320794,0.036448,36.520648
0.016416,13.911498,0.033446,28.343831
0.031808,26.955516,0.039308,39.386465
0.035397,29.996975,-0.000372,-0.373066
0.018900,16.016648,0.031563,26.747894
0.041191,34.907673,0.021547,18.260300
0.006044,5.122195,0.033096,28.046964
0.010313,8.739879,-0.009260,-7.847767
0.029657,25.132679,0.025064,21.240550
0.021656,18.352806,0.052343,44.358199
0.053506,45.343408,-0.001971,-1.670252
0.032340,27.406286,0.020010,16.957756
0.013070,11.076232,0.027489,23.295604
0.055276,46.843964,0.031522,26.713465
0.005758,4.879739,0.046525,39.427551
0.056767,48.107707,0.016505,13.987127
0.009597,8.133132,0.037838,32.065787
0.015760,13.355472,0.022048,22.091619
0.042371,35.907710,0.013146,13.172579
0.010502,8.899931,0.042330,35.873064
0.024491,20.754715,0.051898,43.980864
0.032103,27.205770,0.028828,24.430578
0.032666,27.683228,0.032708,27.718066
0.004299,3.643402,0.006632,5.620263
0.014050,11.906880,0.023584,19.986085
0.048276,40.911624,0.001943,1.646574
0.013110,11.110521,0.007785,6.597193
0.026046,22.072357,0.012531,10.619789
0.017545,14.868590,0.006004,5.087784
0.008741,7.407575,0.016224,13.748944
0.051572,43.704645,0.027638,23.421666
0.032111,27.212677,0.002952,2.501646
0.024294,20.588050,0.020673,17.519298
-0.003609,-3.058374,0.044045,37.325911
0.026975,22.859767,0.011498,9.743880
0.019786,16.767494,0.038387,32.530984
0.058234,49.350596,0.013612,11.535597
0.009747,8.260193,0.024152,20.468006
0.039132,33.162159,0.011444,9.697851
0.036837,31.217297,0.028641,24.271649
0.034374,29.130275,0.019280,16.338704
0.012189,10.329446,0.037744,31.986192
0.063903,54.154608,0.038354,32.503556
0.028761,24.373435,0.006751,6.764069
0.014595,12.368435,0.051860,43.948900
0.022175,18.792603,0.114258,114.485999
0.059221,50.186709,0.032159,27.253538
0.007403,6.273943,0.048734,48.830718
0.055788,47.277673,0.045122,45.211597
0.027674,23.452538,0.039288,33.295052
0.017445,14.783694,0.058915,49.928052
0.043238,36.642301,0.068225,68.361531
0.041309,35.007594,0.040197,34.064765
0.021090,17.872934,0.032765,27.766461
0.053328,45.192564,0.016567,14.039768
0.021512,18.230190,0.016855,14.283539
0.024500,20.762880,0.060148,50.972906
0.025526,21.631859,0.029619,25.100793
0.036188,30.667961,0.036690,31.093238
0.004544,3.851164,0.029163,24.713930
0.012500,10.592759,0.057250,48.516748
0.053913,45.688703,0.028956,24.538560
0.013115,11.114585,0.032395,27.452960
0.023939,20.287249,0.007878,6.676039
0.015615,13.232555,0.052745,44.699266
0.063482,53.797990,0.023867,20.226333
0.008543,7.239793,0.003815,3.233358
0.060154,50.977280,0.030965,26.241558
0.026153,22.163766,0.027670,23.449398
0.030538,25.879261,0.011427,9.683442
0.018174,15.401183,0.020438,17.319884
0.002419,2.050237,0.030792,26.094820
0.015283,12.951361,0.079496,67.368850
0.012309,10.431443,0.040310,34.161147
0.029165,24.715853,0.019354,16.401288
0.031530,26.719833,0.048777,41.336562
0.048849,41.397125,0.007848,6.651187
0.008700,7.373160,0.007132,7.146428
0.023014,19.502932,0.026825,22.732612
0.013264,11.240478,0.003184,2.698438
0.028400,24.067752,0.061794,52.367445
0.025037,21.217526,0.010423,8.832900
0.019966,16.920605,0.024966,21.157834
0.051643,43.764616,0.028770,24.381577
0.049329,41.803923,0.012804,10.851067
0.050902,43.136807,0.055465,47.003616
0.039151,33.178630,0.022674,22.719685
0.021163,17.934984,0.026849,22.752947
0.029591,25.077241,0.051531,43.670269
0.057986,49.140617,0.026521,22.475704
0.021901,18.560138,0.031611,26.788838
0.005321,4.509659,0.036864,31.240274
0.007634,6.469250,0.029569,29.628333
0.042072,35.654087,0.042599,36.100838
0.005511,4.670526,0.024575,24.624380
0.031961,27.085714,0.010902,9.238930
0.007052,5.976609,0.039329,33.329866
0.052820,44.762166,0.019532,16.552362
0.031233,26.468335,0.061192,51.857491
0.014798,12.540603,0.031393,26.604467
0.001348,1.141950,0.041551,35.212747
0.015489,13.125813,0.030392,25.755876
0.039199,33.219422,0.053028,44.938336
0.012748,10.803535,0.022510,19.076365
0.025914,21.961047,0.037614,31.876120
0.035978,30.489426,0.050988,43.210039
0.016323,13.832946,0.058014,49.163753
0.004829,4.091986,0.021817,18.488456
0.018585,15.750228,0.023702,20.085931
0.020679,17.524373,0.050396,42.707799
0.058855,49.877084,0.033150,28.093289
0.036790,31.178008,0.022723,19.256469
0.056875,48.198853,0.028894,24.486018
0.049994,42.367897,0.033798,28.642132
0.038854,32.927018,0.042339,35.880351
0.059886,50.750689,0.014426,12.225291
0.025357,21.489048,0.058941,49.949869
0.018011,15.263135,0.065096,55.165692
0.027204,23.054009,0.018142,15.374800
0.047587,40.327644,0.023369,19.804456
0.021791,18.467082,0.021266,18.022342
0.032690,27.702996,0.011025,9.343516
0.000714,0.605500,0.002981,2.525902
0.019870,16.838947,0.030369,25.735970
0.044024,37.307867,0.021215,17.978520
0.007641,6.475755,0.050297,42.624647
0.017334,14.689461,0.037203,37.276960
0.005063,4.290871,0.017230,14.601559
0.026110,22.126991,-0.033971,-28.788525
0.030409,25.770390,0.018827,15.955150
0.018807,15.938176,0.006468,5.481416
0.050168,42.514981,0.025614,21.706331
0.012151,10.297064,0.025637,21.726130
0.037102,31.442236,0.014192,14.220508
0.069199,58.643127,0.022586,19.140696
-0.005322,-4.510518,0.025981,22.017669
0.009021,7.645189,0.053306,45.174150
0.020523,17.392232,0.028649,24.278948
0.026198,22.201622,0.021589,18.295928
0.032002,27.120193,0.049345,41.817933
0.040290,34.143680,0.013928,11.803459
0.058459,49.540935,0.038794,32.876040
0.054393,46.095092,0.015199,12.880344
0.031732,26.891732,0.035144,29.783262
0.044804,37.969566,0.014259,12.083886
0.004708,3.990140,0.006179,5.236707
0.046226,39.174746,0.041539,35.201957
0.046690,39.567753,0.061283,61.405084
0.054019,45.778564,0.002686,2.276610
0.013509,11.447841,-0.035862,-35.933600
0.066986,56.767460,0.032288,27.362182
0.032090,27.194857,0.013616,11.538734
0.011305,9.580564,0.003173,2.688711
0.027561,23.356335,0.050901,43.136230
0.031020,26.287732,0.032218,27.303153
0.023735,20.113981,-0.004172,-3.535768
0.026250,22.246018,0.046064,39.037439
0.012060,10.220101,0.009271,7.856934
0.010501,8.899062,0.042941,36.390145
0.026957,22.844812,0.030509,25.854988
0.050147,42.496779,0.018259,15.473484
0.026018,22.049419,0.027395,23.215874
0.054472,46.162133,0.044957,45.046562
-0.001407,-1.191946,0.030020,25.440383
0.044649,37.837960,0.013467,13.493694
0.030660,25.982557,0.042626,42.710537
0.018850,15.974463,0.051708,43.820068
0.026376,22.352145,0.059236,50.199808
0.012531,10.619120,0.009533,8.079049
0.028396,24.064054,0.012872,10.908265
0.023078,19.557211,0.015238,12.913257
0.030877,26.166390,0.036782,31.171190
0.053659,45.473787,0.030037,25.454702
0.050640,42.914826,0.007807,6.616149
0.012916,10.945428,0.030517,25.861655
0.025837,21.895594,0.064122,54.340652
0.019347,16.395516,0.013577,11.505947
-0.011974,-10.147191,0.036218,30.692607
0.022628,19.176194,0.034428,29.175960
0.010626,9.005439,0.002539,2.151779
0.028878,24.472933,0.027737,23.505727
0.004362,3.696926,0.035393,35.463587
0.023548,19.955677,0.036130,30.618782
0.035958,30.472539,0.015645,13.258001
0.043712,37.043876,0.036094,30.588039
0.049324,41.799359,0.049582,49.680791
0.065219,55.270331,0.033551,28.432752
0.027302,23.137198,0.022707,19.243232
0.032108,27.209783,0.026328,22.311537
0.014487,12.276852,0.039555,33.521031
0.009415,7.978605,0.058431,49.517744
0.005703,4.833137,-0.028761,-28.818529
0.006683,5.663252,0.014945,12.664818
-0.004206,-3.563988,0.012342,10.459093
0.014454,12.249007,0.004217,3.574118
0.012935,10.961748,0.041722,35.357527
0.007235,6.131608,0.029695,25.165012
0.012759,10.812489,0.008436,7.149062
0.047760,40.474158,0.051927,44.005934
0.036980,31.338512,0.009202,7.798149
0.011824,10.020399,0.039677,33.624111
0.002002,1.696633,0.028002,23.730349
0.007691,6.517405,0.032876,27.860664
0.033815,28.656267,0.008023,6.799306
0.003886,3.293425,0.029166,24.716840
0.054284,46.003323,0.016836,14.267506
0.036192,30.671158,0.018674,15.825635
0.019430,16.465657,0.009730,8.245710
0.024628,20.871226,0.012830,10.872435
0.026990,22.872967,0.014666,12.428687
0.015853,13.434699,0.020635,17.487050
0.046795,39.656355,0.041691,35.331269
0.033421,28.322316,0.012858,10.896778
0.014740,12.491803,0.021989,18.634857
0.022113,18.739331,0.056852,48.179742
0.029986,25.412114,0.028797,24.404168
0.016883,14.307851,0.050308,42.633957
0.031111,26.364976,0.027707,23.480279
0.002330,1.974606,0.029493,24.993586
0.012468,10.566236,-0.004644,-3.935884
0.021049,17.837640,0.010347,8.768852
0.056935,48.249986,0.003723,3.154985
0.055568,47.091211,0.071361,71.503089
0.019834,16.808178,0.037604,31.867281
0.027545,23.342971,0.024828,21.040360
0.018639,15.796031,0.034019,28.829218
0.045159,38.269723,0.031176,26.420513
0.057634,48.842456,0.003392,2.874283
0.051685,43.800375,0.025229,21.380575
0.061893,52.451088,0.032457,32.522055
0.009475,8.029920,0.036848,31.227105
0.020927,17.734230,0.037307,31.616059
0.021708,18.396209,0.032743,27.748251
0.007311,6.195490,0.018612,15.772523
0.060271,51.076745,0.024743,20.968140
0.011946,10.123336,0.015485,13.122921
0.068286,57.868841,0.005896,4.996326
0.052364,44.375912,0.027614,23.401476
0.038376,32.521649,0.029322,24.849138
0.012810,10.855578,0.008710,7.381136
0.054565,46.241414,0.024355,20.639463
0.065896,55.843517,0.056199,47.626397
0.034874,29.554475,0.054166,45.903003
0.007345,6.224148,0.022762,19.289961
0.020422,17.306964,0.036655,31.063154
0.006152,5.213685,0.064187,54.395010
0.032792,27.789998,0.025442,21.560903
0.040252,34.111363,-0.009289,-9.307333
0.029183,24.731521,0.035369,29.973486
0.018647,15.802439,0.034645,34.714112
0.032789,27.787088,0.015218,12.896657
0.030092,25.501831,0.013294,11.266417
0.049059,41.575300,0.016433,13.926107
0.021850,18.516599,0.020152,17.077530
0.023974,20.316418,0.055404,46.951905
0.058203,49.324585,0.050773,43.027859
0.047268,40.057041,0.060099,50.931450
0.017865,15.139550,0.048512,41.111308
0.004301,3.644970,0.016324,13.833494
0.050770,43.025290,0.051419,43.575432
0.050593,42.875486,0.019802,16.781341
0.030095,25.503662,0.008431,7.145044
0.012872,10.908253,0.046564,39.460845
0.032647,27.667144,0.035379,29.981939
0.019079,16.168949,0.022161,22.205668
0.023960,20.304673,0.032589,27.617486
0.008244,6.985996,0.060283,51.087318
0.016290,13.805285,0.053767,45.565303
0.006230,5.279252,0.047386,40.157275
0.021544,18.257449,0.047350,40.126615
0.040313,34.163567,0.065114,55.181395
0.023252,19.704616,0.043383,36.765084
0.030989,26.261410,0.014726,12.480007
0.037000,31.356021,0.030461,25.813937
0.009420,7.983128,0.020736,17.572679
0.023354,19.791690,0.044199,37.456166
0.057803,48.985366,0.024098,20.422090
0.035731,30.280730,0.034955,29.622509
0.008291,7.026640,0.014699,12.456504
0.049208,41.701157,0.060134,50.960662
0.057811,48.991813,0.041763,35.392550
-0.003618,-3.066397,0.022429,19.007128
0.039995,33.894205,0.035899,35.970787
0.032529,27.567140,0.025146,21.310243
0.017921,15.187120,0.049100,41.609575
0.028990,24.567324,0.056592,47.958692
0.039321,33.322903,0.020259,17.168687
-0.006561,-5.560536,0.019635,16.639532
0.040841,34.610570,0.020446,20.486305
0.048429,41.040943,0.005255,4.453670
0.045357,38.437644,0.040796,34.572920
0.014846,12.581460,0.028036,23.758997
0.040271,34.127830,0.047899,40.592016
0.024470,20.737421,0.005210,4.415328
0.022301,18.899156,0.032353,27.417618
0.047901,40.594035,0.041795,35.419179
0.019966,16.920465,0.020252,17.162838
0.037080,31.423517,0.035020,29.677579
0.008440,7.152562,0.041882,35.493080
0.002956,2.505413,0.036570,36.643106
0.039218,33.235445,0.026316,22.301615
0.022778,19.303606,0.027478,23.286625
0.031373,26.586860,0.040952,34.704613
0.032559,27.592196,0.006588,5.582927
0.039128,33.158808,0.053647,45.463343
0.016852,14.281620,0.038866,32.937358
0.033771,28.619467,0.071695,60.757712
0.051556,43.690956,0.028360,24.033433
0.047283,40.069806,0.037209,31.532866
0.014026,11.886509,0.018445,15.631639
0.019361,16.407334,0.023482,19.899697
0.003317,2.811178,0.000246,0.208805
0.028854,24.452523,0.025058,21.235466
0.012963,10.985685,0.050173,50.273262
0.021438,18.167840,0.031161,26.407118
0.016822,14.256238,0.039258,33.269575
0.054233,45.960010,0.050034,42.401606
0.021744,18.426734,0.021432,18.162275
0.013149,11.142855,0.031569,26.753422
0.006548,5.549150,0.025524,21.630261
0.034827,29.514419,0.020196,17.115204
0.039388,33.379253,-0.001849,-1.566963
0.024823,21.036410,0.024237,20.539577
0.010354,8.774449,0.014780,12.525033
0.013123,11.121008,0.008332,7.060864
0.057640,48.846864,0.007123,6.036743
0.023948,20.294436,0.032450,27.499439
0.048876,41.420478,0.057858,49.032291
0.026094,22.113578,0.019697,16.691943
0.025992,22.026706,0.014596,12.369439
0.029088,24.650584,0.069214,58.655381
0.030883,26.171502,0.005156,4.369218
0.036749,31.142645,0.017640,14.949244
0.008137,6.895702,0.034509,34.577863
0.063763,54.035820,0.042154,35.723107
0.025627,21.717441,0.024029,20.363677
0.022307,18.903812,-0.001709,-1.447899
0.016806,14.242188,0.009797,8.302222
0.030610,25.940683,0.027654,23.435227
0.004347,3.683474,0.058677,49.726130
0.014546,12.327061,0.011233,11.255384
0.007710,6.534003,0.015516,13.148912
0.061824,52.392893,0.028334,24.011360
0.024366,20.648729,0.007763,6.578981
0.001911,1.619133,0.027344,23.172810
0.044126,37.394918,0.056643,48.001904
0.058477,49.556825,0.003261,2.763271
0.047097,39.912050,0.004340,4.348678
0.029942,25.374476,0.037729,31.973850
0.020059,16.999463,0.001691,1.433392
0.028201,23.898855,-0.005054,-5.064473
0.038645,32.750010,0.056845,48.173552
0.050044,42.409513,0.034053,28.858650
0.012609,10.685488,0.025432,21.552767
0.060683,51.425994,0.066487,56.344351
0.047777,40.488580,0.050208,42.548716
0.027853,23.603987,0.018912,16.026874
0.002702,2.289614,0.008457,7.166600
0.028244,23.935454,0.053143,45.035750
0.060439,51.218879,0.035363,29.968582
0.020536,17.403544,-0.005646,-4.784777
0.030941,26.220719,0.055414,46.960815
0.049775,42.182325,0.035543,30.121080
0.016908,14.328881,0.021201,17.967153
0.022669,19.211069,0.048756,41.318519
0.011613,9.841321,0.028329,24.007085
0.050507,42.802631,0.018680,15.830817
0.015987,13.548087,0.024584,20.833534
0.034272,29.044211,0.008446,7.157262
0.055229,46.803801,0.013467,11.412905
0.044230,37.482688,0.027378,23.201630
0.014600,12.372959,0.035179,29.812410
0.027940,23.677634,0.018395,15.588667
0.029015,24.588499,0.019293,16.349740
0.057631,48.839184,0.052810,44.754073
0.030455,25.809383,0.010733,9.095383
0.013252,11.230671,0.063709,53.990016
0.032962,27.933511,0.014058,11.913879
0.059911,50.771539,0.043152,36.569496
0.017839,15.118031,0.040558,34.370623
0.026349,22.329629,0.030296,25.674078
0.023375,19.808849,0.047896,40.589395
0.014432,12.230363,0.046588,39.480987
0.012686,10.751091,0.055946,47.411219
0.013279,11.253733,0.040789,34.566386
0.041280,34.982698,0.008454,7.164205
0.022123,18.748076,0.025752,21.823616
0.027021,22.899407,0.037986,32.191610
0.018339,15.541684,0.051933,44.010815
0.028415,24.080629,0.015386,13.039030
0.047379,40.151511,0.010395,8.809505
0.036791,31.179021,0.017345,14.698779
0.037471,31.754827,0.035474,30.062133
0.047208,40.006580,0.034506,29.242561
0.012827,10.869902,0.013485,11.427547
0.025490,21.601840,0.024044,20.376306
0.036253,30.722397,0.016263,13.782492
0.034705,29.410613,0.046140,39.101201
0.026246,22.242545,0.019962,16.916669
0.004183,3.544624,0.028150,23.855674
0.044775,37.944975,0.037671,37.746607
0.015361,13.018057,0.059727,50.615660
0.053774,45.571068,0.058342,58.458520
0.024104,20.426779,0.056037,47.488708
0.031133,26.383436,0.077821,77.976199
0.032438,27.489997,-0.002108,-2.112044
0.053281,45.153339,0.002757,2.336534
0.018584,15.749465,0.020208,17.125151
0.035763,30.307518,0.017983,15.239707
0.029041,24.611201,0.020440,17.321911
0.028857,24.454910,0.036651,31.059564
0.014139,11.982231,0.018446,15.632526
0.019818,16.794694,0.014122,11.968145
0.051371,43.534367,0.022715,19.249656
0.054666,46.326416,0.032697,27.708912
0.028983,24.561818,0.037961,32.170362
0.017944,15.206740,0.050942,43.170683
0.034606,29.326638,0.027325,23.156953
0.030230,25.618698,0.002425,2.054986
0.051821,43.915980,0.020912,17.722289
0.022506,19.072753,0.023171,19.636606
0.004495,3.809661,0.005780,4.898370
0.006954,5.892938,0.014460,12.254178
0.027413,23.231443,0.026259,22.253300
0.031113,26.366988,0.032919,27.897151
0.017952,15.213159,0.015067,15.097510
0.012311,10.433155,0.008186,6.937257
0.045105,38.224028,0.029322,24.849259
0.014617,12.387081,0.015457,15.487882
0.047055,39.876952,0.008456,7.165908
0.003800,3.220657,0.043920,37.220218
0.014757,12.505473,0.003918,3.320055
0.030729,26.041061,0.016529,14.007210
0.031252,26.484518,0.052291,44.314154
0.017723,15.019284,0.027713,23.485373
0.008462,7.171012,0.024592,20.840597
0.008963,7.595527,0.037211,31.534295
0.050648,42.921620,0.044972,38.112051
0.028735,24.351466,0.002230,1.889666
0.018854,15.977519,-0.003513,-2.976709
0.010056,8.521684,0.022098,22.141678
0.023332,19.772364,0.069140,58.592569
0.058316,49.420031,0.015116,12.809958
0.013187,11.175321,0.061293,51.942709
0.014787,12.531071,0.037360,31.660954
0.042463,35.985262,0.024404,20.680896
0.015266,12.937197,0.060295,51.096969
0.027601,23.390420,0.023794,20.163878
0.009969,8.448199,0.064198,54.404927
0.031542,26.730182,0.026125,22.139822
0.013976,11.843709,0.041299,34.998987
0.054721,46.373546,0.025251,21.398894
0.021225,17.986798,0.002590,2.594747
0.035509,30.091991,0.013139,11.134901
0.024621,20.864764,0.024382,20.662321
0.011453,9.705626,0.032865,27.851726
0.026743,22.663648,0.039785,39.864202
0.052693,44.654557,0.027687,23.463666
0.023374,19.808480,0.021412,18.145570
0.020947,17.751330,0.012182,10.323445
0.008402,7.120391,0.053871,45.652943
0.013489,11.431303,0.036338,30.794887
0.039343,33.341641,0.043464,43.550394
0.016584,14.053745,0.051824,43.918115
0.029493,24.993598,0.014105,11.953602
0.038871,32.941636,0.035051,29.704055
0.024266,20.563936,0.022010,18.652576
0.007673,6.502438,0.052985,44.901991
0.002523,2.137904,0.031007,26.277099
0.027756,23.521991,0.013910,11.787726
0.045475,38.538054,0.036605,31.020685
0.013909,11.787528,0.042659,42.744461
0.017268,14.633908,0.034595,29.317870
0.016592,14.060613,0.033902,33.969428
0.008971,7.602367,0.007003,5.934827
0.013391,11.348536,0.015902,13.476407
0.024218,20.523224,0.026802,22.713389
0.008566,7.259539,0.017989,15.244971
0.001928,1.634097,0.043162,36.577668
0.001579,1.338448,0.040834,34.604579
0.061131,51.805578,0.050246,42.581291
0.019378,16.422194,0.037600,31.864401
0.035015,29.673126,0.038370,32.516324
0.008577,7.268774,0.063163,53.527938
0.055604,47.121423,0.026475,22.436343
0.024867,21.073640,0.063712,53.993047
0.058373,49.468741,0.048958,41.489758
0.003631,3.077467,0.029610,25.093240
0.023066,19.547082,0.030974,26.249081
0.004887,4.141677,0.065787,65.918074
-0.001356,-1.149060,0.045361,38.441236
0.054829,46.464684,0.012331,10.450085
0.016449,13.939795,0.066510,56.364412
0.023024,19.512013,0.069654,69.792829
0.025729,21.804119,0.051043,43.256095
0.030114,25.519912,0.030990,26.262672
0.058136,49.267518,-0.011302,-11.324950
0.030290,25.669099,0.029081,24.644612
0.007180,6.084472,0.015195,12.877377
0.007753,6.570583,0.015984,13.545611
0.012042,10.205091,0.033590,33.656727
0.016121,13.661445,0.004232,3.586489
0.026060,22.084742,-0.005319,-5.330033
0.041111,34.839569,0.022249,18.855004
0.025963,22.002424,-0.002607,-2.612257
0.015395,13.046472,0.032942,27.916710
0.059465,50.393374,0.017169,14.549906
0.053450,45.295914,0.046122,39.086517
0.031801,26.949581,0.060989,51.685109
0.018052,15.297892,0.062626,62.750609
0.032109,27.210641,0.027378,23.201884
0.051426,43.581227,0.028253,23.943104
0.013861,11.746296,0.001000,1.002346
0.040615,34.419012,0.021834,18.503268
0.030028,25.446913,0.049507,49.605614
0.007933,6.723044,0.040756,40.837070
0.017298,14.659590,0.037714,37.788841
0.006438,5.455803,0.038860,38.937515
0.017524,14.851050,0.006364,5.393228
0.035310,29.923428,0.012182,10.323351
0.021831,18.500577,0.029630,25.109939
0.048662,41.238343,0.034008,28.820562
0.025916,21.962494,0.017494,14.825186
0.047341,40.119165,0.046547,39.446566
0.011322,9.595029,0.058839,49.863632
0.041237,34.946485,0.015978,13.540893
0.037641,31.898888,0.027606,27.660887
0.048257,40.895619,0.049753,42.162879
0.044273,37.518863,0.042560,36.067757
0.020626,17.479713,0.026034,22.062210
0.035353,29.960223,0.037363,31.663160
0.007461,6.322987,0.007048,5.972914
0.056506,47.886300,0.026765,22.682199
0.001031,0.873853,0.001227,1.039408
0.024545,20.800623,0.048045,40.715560
0.053097,44.996768,0.026643,22.578784
0.041545,35.207363,0.054071,45.823010
0.029151,24.703869,0.052387,44.395151
0.010501,8.899482,0.038974,33.029004
0.029831,25.280341,0.027244,23.088206
0.012554,10.639130,0.057055,48.351567
0.034438,29.184890,0.040633,34.434858
0.023771,20.145116,0.049360,41.829858
0.052764,44.715190,0.051965,44.037848
0.035102,29.746970,0.022554,19.113177
0.012706,10.767557,0.035292,29.907950
0.021058,17.845819,0.030922,26.204640
0.026346,22.327110,0.026641,22.576860
0.046907,39.751124,0.016545,14.021338
0.022642,19.187932,0.042108,35.684113
0.062578,53.032086,0.034277,34.344936
0.018458,15.641950,0.066161,66.293270
0.027600,23.389273,0.015804,13.393319
0.048944,41.478007,0.034909,29.583727
-0.000961,-0.814734,-0.000571,-0.484248
0.047219,40.016007,0.006037,5.115917
0.010935,9.266985,0.013329,11.295997
0.048115,40.775059,0.027854,23.605026
0.027233,23.078584,0.044244,37.494474
0.041492,35.162205,0.080988,68.633064
0.023758,20.133904,0.025776,21.843623
0.023302,19.747376,0.024902,21.103548
0.000884,0.748932,0.060896,51.606147
0.027196,23.046980,0.037524,31.799573
0.055049,46.651061,0.040845,34.614476
0.018352,15.552059,0.024019,20.354652
0.034892,29.569044,0.033844,28.681198
0.035222,29.848670,0.013950,11.821998
0.025723,21.799146,0.061251,51.907651
0.016362,13.866017,0.038629,38.706088
0.033791,28.636598,-0.000917,-0.777400
0.052231,44.263206,0.032930,32.996042
0.020540,17.406443,0.055667,55.778130
0.029790,25.245494,0.025153,25.203633
0.032954,27.926715,0.032691,27.703907
0.051733,43.840905,0.060812,51.535440
0.046152,39.111937,0.006785,5.749912
0.017299,14.659819,0.028135,23.842951
0.028442,24.103487,0.032969,27.939399
0.061625,52.224182,0.023805,20.173686
0.022439,19.016149,0.029661,25.136614
0.060588,51.345353,0.024526,20.784701
0.034841,29.525810,0.014123,11.968981
0.019513,16.536076,-0.024030,-24.077877
0.007045,5.970333,0.030460,25.813713
0.057300,48.558748,0.006516,5.521723
0.032621,27.644564,0.009746,8.259038
0.016357,13.861722,0.072697,61.607197
0.013902,11.781088,0.012976,10.996330
0.022596,19.148887,0.010074,8.536974
0.003497,2.963457,0.014456,12.250511
0.014573,12.349727,0.028594,24.232025
-0.007574,-6.418978,0.020773,17.604534
0.019669,16.668369,0.034322,29.085957
0.006467,5.480138,0.006592,5.586211
0.029193,24.739689,0.024837,21.047796
0.044094,37.367821,0.031471,26.670387
0.025648,21.735384,0.016361,13.865170
0.024910,21.109896,0.029676,25.148919
0.040125,34.004277,0.047455,40.215895
0.044979,38.117656,0.053604,45.426913
0.028736,24.352245,0.046545,39.445076
0.051359,43.523939,0.051554,43.689288
0.014169,12.007541,0.033369,28.278339
0.016660,14.118430,0.027358,23.184254
0.032886,27.869629,0.017121,14.509575
0.025521,21.627897,0.014050,11.906997
0.011526,9.767544,0.008529,7.228152
0.011445,9.699225,0.020433,17.315726
0.009867,8.361839,0.033159,33.225582
-0.000253,-0.214557,0.049540,41.982896
0.031221,26.458304,0.022442,19.018534
0.037381,31.678747,0.008654,7.333502
0.028154,23.859215,0.036265,36.337628
0.051586,43.716830,0.006692,5.671329
0.051412,43.569417,0.029484,24.986293
0.001255,1.063833,0.016463,16.495673
0.035050,29.702819,0.055825,47.309046
-0.007113,-6.027849,0.054147,45.886912
0.021188,17.956060,-0.005621,-5.632057
0.036192,30.670610,0.018602,15.764349
0.010377,8.794087,0.034793,29.485459
0.004059,3.439507,0.049530,41.974025
0.023386,19.818144,0.024476,20.742516
0.053738,45.540186,0.007241,6.136119
0.032277,27.353477,0.036214,30.689787
0.056451,47.839141,0.004324,3.664138
0.055495,47.029171,0.035176,29.809590
0.030106,25.513131,0.054963,46.578275
0.011629,9.854639,0.006896,5.844280
0.022897,19.403870,0.048457,41.065410
0.038367,32.514587,0.005599,4.744469
0.024634,20.875776,0.041685,35.325750
0.036144,30.630037,0.017930,15.195054
0.018474,15.656100,0.046808,39.667680
0.021874,18.536834,0.037565,31.834766
0.010347,8.768722,0.024759,20.981842
0.034325,29.088687,0.020899,17.710708
0.011267,9.548077,0.002811,2.382270
0.008579,7.270069,0.034427,29.175645
0.033844,28.681202,0.013423,11.375455
0.062858,53.269092,0.018754,15.893399
0.023803,20.172096,0.023621,20.017337
0.019565,16.580402,0.039938,33.845401
0.026705,22.631603,0.040343,34.188708
0.024351,20.636433,0.039273,33.282169
0.018931,16.043072,0.004292,3.637432
0.004902,4.153811,0.057866,57.981772
0.026416,22.385926,0.041534,35.198305
0.032603,27.629596,0.007517,6.370408
0.026262,22.256212,0.031086,26.344136
0.021210,17.974748,0.015415,13.063810
0.034822,29.510301,0.033674,28.537049
0.058188,49.311620,0.038582,32.696143
0.038933,32.993921,0.015523,13.155409
0.044598,37.794383,0.014020,11.881427
0.045169,38.278346,0.033770,28.618512
0.005808,4.922183,-0.000235,-0.198899
0.029210,24.754370,0.024226,20.530152
0.023647,20.039400,0.027293,23.129808
0.033115,28.063417,0.008816,7.470880
0.013700,11.609870,0.017476,14.810388
0.017000,14.407108,0.018067,15.311240
0.015792,13.382600,0.017356,14.708143
0.045508,38.565443,0.008854,7.503091
0.046136,39.097741,0.027580,23.372389
0.039491,33.466436,0.036012,30.518866
0.010839,9.185253,0.030008,25.430061
0.031472,26.670735,-0.017016,-17.050104
0.009397,7.963873,0.018428,15.616458
0.051215,43.402239,0.011313,9.587573
0.027161,23.017627,0.059176,50.149131
0.017973,15.231203,0.031818,31.881887
0.008362,7.086315,0.001065,0.902468
0.010188,8.633509,0.070957,71.098262
0.020630,17.482773,0.028002,23.730571
0.062443,52.917127,0.026228,22.227246
0.035726,30.275732,0.024929,21.126233
0.001997,1.692061,0.014708,12.464398
0.059573,50.484917,0.005709,4.838111
0.047421,40.187256,0.001844,1.562552
0.008883,7.528103,0.022847,19.361536
0.004143,3.510626,0.010189,8.634843
0.017235,14.605428,0.032004,27.122212
0.025201,21.356970,0.028292,23.975796
0.022698,19.235717,0.051353,43.519037
0.028003,23.730873,0.036167,30.649678
0.002136,1.809748,0.054431,46.127442
0.027873,23.621071,0.044110,37.381448
0.003432,2.908658,0.033420,33.486918
0.025806,21.869435,0.011394,9.655960
0.021477,18.200637,0.029684,25.155513
0.050039,42.405765,0.039443,33.425989
0.036976,31.335575,0.003328,2.820253
0.020110,17.042439,0.009898,8.387706
0.024262,20.560819,0.012464,10.562947
0.024087,20.412625,0.048084,40.748885
0.055145,46.732506,0.027205,23.055140
0.026934,22.825027,0.050598,50.698440
0.031599,26.778656,0.041592,35.247023
0.026607,22.548553,0.050243,50.343718
0.031995,27.114451,0.056670,48.025419
0.006268,5.311920,0.026928,22.819910
0.019040,16.135332,0.019847,16.819286
0.015560,13.186245,0.007102,6.018360
0.046049,39.024383,0.031184,26.427061
0.053190,45.076068,0.005680,5.690946
0.029438,24.947681,0.033089,28.040995
0.017292,14.653805,0.045935,38.927649
0.034663,29.375478,0.055598,47.116957
0.025191,21.348124,0.049687,42.107164
0.018404,15.596892,0.047887,40.582311
0.051854,43.943474,-0.002736,-2.741216
0.017321,14.678481,0.012831,12.856611
0.033094,28.045897,0.017884,15.156008
0.032737,27.743176,0.043282,36.679493
0.031398,26.607893,0.006969,5.906283
0.034691,29.398704,0.053196,45.081493
0.017029,14.430886,0.021947,18.598950
0.009592,8.128394,-0.001043,-0.883686
0.021163,17.934304,0.029741,25.204504
0.020885,17.699129,0.024669,24.718455
0.031914,27.045375,0.030763,26.070523
0.048235,40.876584,0.003619,3.625972
0.034753,29.451388,0.023289,19.736476
0.010761,9.119730,0.007375,6.249799
0.000187,0.158073,0.012559,10.643565
0.023574,19.977494,0.006396,6.408579
0.008386,7.106324,0.034449,29.194205
0.058938,49.947335,0.044290,37.533260
0.008560,7.254402,0.014372,12.179350
0.054630,46.296355,0.001159,0.982057
0.004309,3.651790,0.043448,36.820281
0.021907,18.564867,0.066418,56.286288
0.022832,19.349332,0.019521,16.543197
0.055408,46.955730,0.049609,42.041133
0.026914,22.808400,0.005508,4.667792
0.028764,24.375712,0.031591,26.771873
0.010025,8.495388,0.049503,41.951481
0.020207,17.124431,0.021486,18.208328
0.055718,47.218095,0.017943,15.205755
0.039778,33.709732,0.049443,41.900682
0.033006,27.971166,0.029104,24.664421
0.050333,42.655020,0.037211,31.534818
0.038534,32.655319,0.052446,44.445143
0.053358,45.218745,0.016415,13.911069
0.055926,47.394606,-0.004200,-3.559427
0.016716,14.165957,0.040642,34.441928
0.031853,26.994026,0.054678,46.337250
0.050390,42.703350,0.036996,37.069835
0.037682,31.933442,0.031978,27.100220
0.031378,26.591702,0.026705,22.631497
0.005224,4.426985,0.016084,13.630168
0.052423,44.425700,0.020139,17.066548
0.041316,35.013588,0.028577,24.217543
0.055156,46.742461,0.050542,50.643194
0.016773,14.214720,0.029771,25.229780
0.008510,7.211565,0.024068,20.396551
0.017385,14.732955,0.032604,27.630612
0.023477,19.895434,0.003703,3.138355
0.051995,44.063512,-0.000608,-0.515361
0.016009,13.566616,0.004239,3.592479
0.021800,18.474607,0.046285,39.224623
0.035050,29.703038,0.019941,16.898995
0.057740,48.931508,0.063455,53.774947
0.008757,7.421378,0.063622,53.916716
0.006297,5.336377,0.014520,12.305245
0.039969,33.871492,0.021149,17.923153
0.027181,23.034779,0.075392,63.891167
0.024178,20.489422,0.018083,15.324564
0.031218,26.456049,0.026724,22.646893
0.034400,29.152133,0.010260,8.694935
0.038804,32.884717,0.033402,28.306197
0.027196,23.047033,0.046451,46.543235
0.036076,30.572769,-0.000334,-0.334698
0.025290,21.431792,0.037269,31.583424
0.029212,24.755578,0.045576,38.623180
0.023134,19.604924,0.050187,42.530907
0.058775,49.808891,-0.001648,-1.396301
0.058727,49.768051,0.030460,25.813387
0.042883,36.341511,0.023579,19.981998
0.030742,26.052193,0.005374,4.554337
0.001805,1.529376,0.053816,45.606185
0.031741,26.898713,0.044562,37.764095
0.048004,40.681085,0.011576,9.810521
0.027647,23.429773,0.029397,24.912834
0.020977,17.777140,0.006184,5.241025
0.005989,5.075489,0.035646,30.208344
0.030776,26.080959,0.052111,44.161830
0.004560,3.864516,0.035163,29.799371
0.024015,20.351536,0.012602,10.679479
0.011776,9.979867,0.004782,4.052709
0.022322,18.917206,0.040315,34.165285
0.055532,47.060360,0.059358,50.302705
0.012624,10.698060,0.030158,25.557885
0.056453,47.841425,-0.002481,-2.102324
0.061288,51.938828,0.011919,10.100768
0.020270,17.177728,0.012997,11.014096
0.022338,18.930116,-0.028738,-28.795451
0.009153,7.756476,0.018505,18.541534
0.049342,41.814861,0.006113,5.180307
0.037205,31.529399,-0.000724,-0.613900
0.034776,29.470784,0.028916,24.504866
0.034369,29.126072,0.030176,25.573089
0.000018,0.015058,0.012767,10.819283
0.034914,29.588370,-0.021360,-21.403077
0.022081,18.712876,0.045648,38.684427
0.033087,28.040007,0.045734,38.757416
0.022972,19.467731,0.060068,50.904705
0.005002,4.238555,0.032494,27.537078
0.025184,21.342182,0.056121,47.560134
0.034916,29.589832,0.038113,38.188540
0.048034,40.706730,0.032650,27.669026
0.026202,22.205229,-0.000887,-0.751672
0.017553,14.875455,0.039217,33.234139
0.053280,45.152356,0.060615,51.368624
0.040110,33.991379,0.054337,46.047842
0.036447,30.886953,0.046141,39.102342
0.020892,17.705283,0.040714,40.795587
0.031341,26.559977,0.008540,7.237391
0.006448,5.464589,0.022374,18.960980
0.023721,20.102251,0.019360,16.406277
0.047063,39.884049,-0.005818,-5.829406
0.030608,25.938400,0.033931,28.755117
0.030596,25.928785,0.033827,28.666445
0.013904,11.782935,0.030338,25.709712
0.042584,36.087987,0.072179,61.167888
0.001931,1.636056,0.047220,47.314681
0.028860,24.457564,0.026260,22.253825
0.038132,32.315309,0.017664,14.969551
0.039400,33.389282,0.044499,37.710967
0.003152,2.671557,0.013486,13.512782
0.029515,25.012371,0.018108,15.345467
0.048638,41.218592,0.023198,19.659495
0.044000,37.287871,0.024533,20.790702
0.004462,3.781631,0.039446,33.428850
0.029086,24.648629,0.051392,43.552091
0.007151,6.059723,0.022709,19.245026
0.043404,36.782722,0.003679,3.117647
0.005963,5.053696,0.042619,36.117261
0.022279,18.880193,0.055476,47.013289
0.050963,43.188528,0.027089,27.142737
0.021714,18.401224,0.011952,10.128592
0.007080,5.999613,0.013854,11.740305
0.002764,2.342201,0.020416,20.456736
0.050318,42.642356,0.004746,4.022341
-0.000193,-0.163485,0.051397,43.556606
0.019492,16.518185,0.025103,21.273773
0.011917,10.098883,0.044129,37.397009
0.035938,30.455436,0.023922,20.273075
0.047338,40.117081,0.013459,13.486001
0.030991,26.263479,0.006238,5.286067
0.014971,12.687437,0.058016,49.165689
0.055998,47.455939,0.001317,1.116045
0.061733,52.315577,0.018211,15.432566
0.032493,27.536691,0.055122,46.713363
0.010575,8.961907,0.039916,33.827100
0.022438,19.015209,0.030576,25.912074
0.032619,27.643010,0.066955,56.741241
0.010461,8.865567,0.031722,26.882564
0.040576,34.386270,0.013275,11.250231
0.054604,46.274200,0.014832,14.861533
0.051486,43.632341,0.043919,37.219143
0.044870,38.024928,0.027878,23.625271
0.009170,7.771369,0.060986,51.682520
0.009129,7.736666,0.054047,45.802051
0.020632,17.484557,0.070481,59.729283
0.004325,3.665495,0.048520,48.616353
0.022466,19.039176,0.058556,49.623450
0.051098,43.303040,0.048080,40.745298
0.009007,7.633239,0.025723,21.798846
0.035999,30.507860,-0.000433,-0.366536
0.046097,39.065311,0.003022,2.561330
0.007145,6.054660,0.028189,23.888876
0.005453,4.621150,0.024045,20.377237
0.047614,40.350244,0.012152,10.298611
0.044537,37.742870,0.038679,32.778532
0.024334,20.621678,0.027289,23.126420
0.037404,31.698248,0.055922,47.391587
0.020984,17.782563,0.047009,47.102666
0.025363,21.494257,0.008193,6.942964
0.051075,43.283424,0.065103,55.171870
0.050307,42.633053,0.040504,34.325140
0.039646,33.598206,0.062318,52.811182
0.030654,25.977633,0.020091,17.026246
0.017948,15.210276,0.030965,26.241682
0.044059,37.337707,0.054562,46.238671
0.004952,4.196930,0.021172,17.941971
0.020214,17.130071,0.018456,15.640282
0.000546,0.462705,0.029315,24.843068
0.005272,4.468023,0.028838,24.438755
0.024429,20.702324,0.033197,28.132736
0.025749,21.820955,0.015987,13.548441
0.049904,42.291616,0.028353,24.027885
0.023585,19.987036,0.025213,21.366860
0.042635,36.130899,0.020596,17.454509
0.009521,8.068215,0.032336,27.402873
0.011064,9.376565,0.030396,25.759223
0.025411,21.534442,0.045376,38.453651
0.034970,29.635030,0.029633,25.112633
0.027678,23.456076,0.017236,14.606720
0.047188,39.989605,0.030689,26.007409
0.032596,27.623361,0.020492,17.366218
0.005168,4.379883,0.020538,17.405107
0.021709,18.397425,0.038728,32.820375
0.040569,34.380119,0.015724,13.325454
0.047941,40.627852,0.026965,22.851307
0.018655,15.809485,0.029807,25.259683
0.025685,21.766979,0.044663,37.849434
0.017765,15.055020,0.022834,19.350704
0.030196,25.589493,0.024523,20.782043
0.015138,12.828321,0.040516,34.335223
0.027799,23.558460,0.005710,4.838554
0.020211,17.128191,0.013728,13.755684
0.027909,23.651665,0.030743,26.053360
0.033776,28.623744,0.059623,50.527499
0.033933,28.756278,0.015495,13.131234
0.033003,27.968089,0.034919,29.592172
0.044878,38.032183,0.027221,23.068248
0.013860,11.745863,0.069664,59.037299
0.048891,41.432844,0.015728,13.328369
0.026405,22.377087,0.033519,33.585564
0.041140,34.864003,0.045175,38.283830
0.058641,49.695180,0.029948,25.379657
0.008158,6.913528,0.011488,11.511408
0.038250,32.415064,0.036073,30.569728
0.026993,22.875125,0.010393,8.807627
0.024953,21.146363,0.019080,16.169782
0.058998,49.997594,0.000312,0.264292
0.001638,1.387799,0.057682,48.882861
0.007053,5.977121,0.051242,43.424820
0.020627,17.480069,0.000765,0.648540
0.003106,2.632070,0.018627,15.785753
0.011876,10.064460,0.014396,12.200210
0.014650,12.414912,0.019953,16.909456
0.042783,36.256752,0.047919,40.608959
0.054817,46.454995,0.036294,30.757148
0.017770,15.059492,0.015968,13.532224
-0.000125,-0.105681,0.034657,29.370459
0.018437,15.624764,0.013794,13.821048
0.033785,28.630980,0.052442,44.441790
0.011255,9.538208,0.059668,50.565776
0.012066,10.224976,0.046282,39.222019
0.021831,18.500743,0.010243,8.680246
0.046880,39.728762,0.037872,32.094703
0.011046,9.361364,0.023493,19.909455
0.037653,31.908707,0.043740,43.827198
0.007564,6.410008,0.028677,24.302169
0.028385,24.054543,0.016711,16.744043
0.020874,17.690126,0.007690,6.517248
0.017642,14.950779,0.021207,17.972109
0.044478,37.693225,0.021273,18.027523
0.002580,2.186300,0.016934,16.967341
0.056997,48.302401,0.042314,42.397906
0.022089,18.719594,0.025559,21.659629
0.031375,26.588721,0.025884,21.935392
0.032483,27.527781,0.054356,46.064354
0.003804,3.223967,0.024525,20.783371
0.007830,6.635667,0.005278,4.472895
0.027277,23.116328,0.014800,12.541896
0.003066,2.598233,0.007918,6.710539
0.028621,24.255280,0.034949,29.617513
0.025084,21.257357,0.023860,20.220008
0.023609,20.007599,0.005979,5.066538
0.026609,22.550174,0.039271,33.280009
0.012879,10.914679,0.045027,38.157853
0.000343,0.290290,0.044868,38.023118
0.056770,48.109731,0.052055,44.114476
0.050563,42.849389,0.054769,46.414467
0.034834,29.520039,0.043826,37.140270
-0.005073,-4.299283,0.045695,38.724506
0.027020,22.898160,0.019608,16.616738
0.014065,11.919751,0.048672,41.247621
0.048855,41.402669,0.010006,8.479295
0.031535,26.724728,0.000757,0.758879
0.061224,51.884823,0.024406,20.683002
0.032295,27.368145,0.059145,50.122974
0.033157,28.099233,0.008150,6.907030
0.033578,28.455507,0.024520,20.779626
0.052534,44.519684,0.031311,26.534442
0.053422,45.272352,0.020352,17.247061
0.032056,27.165574,-0.000355,-0.300821
0.034379,29.134245,0.042563,36.070498
0.014762,12.510256,0.040804,34.579248
0.027856,23.606852,0.063327,53.666314
0.003051,2.585852,0.069419,58.829073
0.059375,50.317651,0.000204,0.173083
0.005919,5.015711,0.040478,34.302796
0.031176,26.420028,0.025662,21.747442
0.036216,30.691064,-0.001598,-1.600747
0.011445,9.699401,0.023931,20.280664
0.060227,51.039711,0.025029,21.210834
-0.000326,-0.276211,0.030679,25.998595
0.032033,27.146845,0.033246,28.174225
0.048677,41.251329,0.015414,15.444551
0.053889,45.667999,0.010918,9.252463
0.005396,4.572999,0.046744,39.612990
0.038747,32.835858,0.017356,14.708472
0.049713,42.129065,0.046143,39.104306
0.023473,19.892470,0.013034,13.059944
0.013414,11.367371,0.022514,19.079356
0.005487,4.649878,0.048778,41.336760
0.009965,8.444643,0.054057,45.810454
0.032198,27.286169,0.052524,44.511629
0.020720,17.559569,-0.003822,-3.239163
0.065263,55.307320,0.005358,5.368329
0.017746,15.038981,0.055549,47.075239
0.034760,29.457354,0.027579,23.372262
0.016195,13.724194,0.000071,0.059820
0.012270,10.398640,0.032194,27.282976
0.004385,3.716354,0.054456,46.148824
0.048749,41.312514,0.070607,70.748317
0.025182,21.340760,0.083496,70.758838
0.050006,42.377659,0.041960,42.043835
0.022530,19.093369,0.022656,19.199905
0.013069,11.075676,0.016021,13.577107
0.024413,20.688773,0.049563,42.002670
0.028739,24.354544,0.044054,37.333418
0.021703,18.392543,0.017053,17.087376
0.011130,9.432563,0.028582,24.221638
0.007215,6.114775,0.034246,29.021616
0.057448,48.684702,0.030226,25.615166
0.034694,29.401743,0.000592,0.501798
-0.001726,-1.462552,0.018137,15.370294
0.042912,36.366044,0.028349,24.024716
0.056062,47.510212,0.021213,17.976744
0.006671,5.653412,0.054617,46.285139
0.017756,15.047485,0.048447,41.056171
0.011752,9.959166,0.016674,14.130774
0.012943,10.968532,0.003792,3.213291
0.024597,20.844949,-0.000173,-0.146220
0.036138,30.624986,0.000337,0.285506
0.029670,25.143542,0.028682,24.306506
0.050866,43.106429,0.042180,35.745476
0.067890,57.533531,0.030216,25.606462
0.025969,22.007886,0.013197,11.183611
0.021197,17.963431,0.034771,29.466770
0.027154,23.011658,0.032526,27.564058
0.001265,1.071958,0.048617,41.200603
0.006239,5.287557,-0.004369,-3.702893
0.012579,10.660176,0.018833,18.870872
0.040614,34.418015,0.053885,45.665040
0.034333,29.095205,0.005012,5.021777
0.067213,56.960089,0.014109,11.956460
0.050194,42.536764,0.031850,26.991413
0.015385,13.038076,0.035944,30.460943
0.022613,19.163460,0.025272,21.416462
0.063564,53.867352,0.040001,40.080934
0.013526,11.463057,-0.020423,-20.463529
0.052103,44.154539,0.018592,15.755955
0.059842,50.712832,0.066392,56.264472
0.012145,10.292732,0.029342,24.866348
0.058893,49.909375,0.005613,4.757137
0.021906,18.564700,0.041342,35.035577
0.023090,19.568068,0.002118,1.794604
0.043711,37.042627,0.020986,17.784606
0.002922,2.475954,0.046351,39.280303
0.013740,11.644116,0.010699,9.067300
0.062382,52.865919,0.016224,13.749233
0.008703,7.375173,0.060505,51.275160
0.046727,39.598983,0.001466,1.242071
0.041163,34.883558,0.033571,28.449443
0.032040,27.152675,0.041832,35.450469
0.002234,1.892806,0.023710,20.093050
0.035428,30.023212,0.017698,14.998266
0.031642,26.814670,0.026541,22.492147
0.068157,57.759682,0.050256,42.589977
0.015980,13.542368,0.021025,17.817317
0.012620,10.694903,0.029677,25.149535
0.036450,30.889628,0.006709,5.685331
0.057830,49.007929,-0.019427,-19.466128
0.050163,42.510791,0.049581,42.017223
0.027231,23.076749,0.023320,23.366457
0.022752,19.281525,0.029066,24.632067
0.024923,21.121397,0.046366,46.458411
0.063823,54.087033,0.034363,29.121205
0.024843,21.053601,0.033710,28.568011
0.056530,47.906803,0.026010,22.042027
0.023612,20.010339,0.023168,19.634036
0.035443,30.036265,0.019520,16.542565
0.056853,48.180476,0.011495,9.741302
0.033482,28.374550,0.064060,54.287485
-0.001311,-1.110619,0.057100,57.213777
0.047248,40.040020,0.014237,12.065204
0.018656,15.810412,0.050141,42.492046
0.056504,47.884550,0.009034,7.655734
0.005194,4.401875,0.041436,35.114968
0.051744,43.850738,0.013471,11.415828
0.053227,45.107412,0.057875,49.046569
0.006488,5.498598,0.068534,68.671158
0.007939,6.727557,0.035818,30.353877
0.023355,19.791845,0.018355,15.555161
0.040027,33.920554,0.033253,28.180244
0.024814,21.028306,0.022799,19.321489
0.012050,10.211568,0.036848,31.227094
0.008211,6.958753,0.024716,20.945764
0.021365,18.105586,0.030457,25.811090
0.008082,6.849401,-0.011682,-9.899985
0.002385,2.021301,0.011492,9.738620
0.063799,54.066847,0.041231,34.941529
0.011386,9.649038,0.028889,24.482111
0.061803,52.374809,0.052829,52.934670
0.054247,45.971512,0.034246,34.314510
0.026010,22.042612,0.046068,39.040506
0.050855,43.097075,0.026433,26.485768
0.031981,27.102316,0.059419,50.354722
0.054635,46.300152,0.035702,30.255564
0.055323,46.883786,0.016973,14.383860
0.044276,37.522104,0.040274,34.130537
0.017055,14.452923,0.012157,10.302245
0.032828,27.820009,-0.016138,-13.675992
0.037807,32.039418,0.018849,15.973701
0.020794,17.621763,0.024583,20.832514
0.027869,23.617376,0.052122,44.170900
0.014772,12.518367,0.042763,36.239923
0.014557,12.336581,0.053448,45.294538
0.046498,39.405056,0.049121,41.627873
0.043326,36.716561,0.016416,13.911629
-0.002399,-2.033021,0.039674,39.753094
0.050155,42.503600,0.034008,28.820056
0.023970,20.313256,0.039348,33.345482
0.042390,35.923897,0.027533,23.332908
0.055885,47.359599,0.009197,7.794294
0.032370,27.431812,0.015928,13.497945
0.016953,14.366711,0.047174,39.977855
0.061026,51.716778,0.013045,11.055289
0.037357,31.657884,0.057032,48.331994
0.016132,13.671123,0.026286,22.275724
0.029920,25.355393,0.019923,16.883945
0.018352,15.552342,0.052320,44.338786
0.026252,22.247529,0.047072,39.891204
0.006707,5.683771,0.008408,7.125340
0.033987,28.802573,0.011073,9.384260
0.029208,24.752731,0.022205,18.817763
0.009677,8.200584,0.056940,48.253586
-0.004090,-3.466449,0.051174,43.367868
0.033917,28.743318,0.025431,21.551347
0.059891,50.754783,0.039456,33.436717
0.009518,8.066125,0.006150,5.211978
0.004812,4.077653,0.019309,16.363219
0.046396,39.318387,0.029294,29.352207
0.007668,6.497972,0.055629,47.143090
0.046772,39.636794,-0.001379,-1.168513
0.044006,37.292678,0.033420,28.321889
0.034698,29.405003,0.025271,21.416322
0.018248,15.464494,0.033384,33.450465
0.025253,21.400537,0.022094,18.723439
0.033608,28.481079,0.010721,9.085698
0.019166,16.242448,0.005973,5.061702
0.064145,54.359959,0.031297,26.523103
0.028648,24.277613,0.027758,23.523545
0.039243,33.256606,-0.000604,-0.511966
0.056166,47.597989,0.034465,29.207281
0.012397,10.505748,0.035772,30.314823
0.022760,19.288273,0.039518,33.489496
0.049457,41.912271,0.032785,27.783941
0.033709,28.566413,-0.006105,-6.116809
0.025559,21.659905,0.002970,2.516645
0.000707,0.599039,0.038000,32.203610
0.005988,5.074444,0.030348,25.718727
0.023839,20.202701,0.047719,40.439483
0.024405,20.682020,0.016601,14.068733
0.010597,8.980091,0.023849,20.210484
0.000204,0.172552,0.016047,13.599467
0.005096,4.318993,0.058334,49.435034
0.049404,41.867495,0.003331,2.823241
0.003750,3.178021,0.066814,56.621692
0.053786,45.580720,0.022251,18.856889
0.007454,6.317089,0.011680,9.898509
0.003913,3.316429,0.008847,7.497695
0.011546,9.784411,0.002423,2.053531
0.024503,20.765362,0.023664,20.053913
0.002576,2.182645,0.049891,42.279898
0.057020,48.321902,0.024412,20.688310
0.060981,51.678888,0.062506,52.970546
0.053914,45.689442,0.045057,38.183513
0.024111,20.433119,0.003611,3.060051
0.019129,16.211083,0.022187,18.802106
0.028404,24.070758,0.033891,28.721281
0.029190,24.737492,0.014701,12.458318
0.024820,21.033957,0.001330,1.332401
0.056338,47.743563,0.048010,40.686260
0.033226,28.157126,0.008153,6.909302
0.024646,20.886044,0.032065,27.173505
0.007456,6.318917,0.070820,60.016459
0.013085,11.089126,0.029827,25.276703
0.047850,40.550603,0.015339,12.999400
0.035120,29.762161,0.071137,71.278432
0.040290,34.143821,0.009623,8.154660
0.040095,33.978346,0.060219,60.339280
0.053872,45.653575,0.042695,36.181566
0.051819,43.914071,0.003648,3.091574
-0.005013,-4.248365,0.030219,25.609368
0.043213,36.621306,0.034933,35.002358
0.026603,22.544531,0.008034,8.050034
0.009593,8.129897,0.013172,11.162311
0.020392,17.280829,0.022148,18.769264
0.028848,24.447679,0.028373,24.044579
0.029600,25.084346,0.056740,48.084786
0.061100,51.778987,0.033622,28.493147
0.007384,6.257720,0.006183,5.239892
0.028688,24.311524,0.013479,13.506047
0.036928,31.294540,0.023837,23.885032
0.020402,17.289663,0.057711,48.906906
0.006534,5.537572,0.048618,41.201304
0.049936,42.318445,0.055313,46.875508
0.023539,19.948459,0.001094,0.926764
0.053135,45.029727,0.044706,37.885869
0.018710,15.855920,0.015429,13.074991
0.032743,27.748143,0.038746,38.823309
0.041984,35.579456,0.008954,7.588059
0.053775,45.571338,0.047493,40.247765
0.004762,4.035714,-0.002542,-2.154380
0.013567,11.497751,0.006435,5.453049
0.033194,28.129927,0.016092,13.637487
0.030522,25.865615,0.027324,23.155888
0.036555,30.978600,0.015377,13.031552
0.024956,21.149323,0.012703,10.765568
0.027394,23.215330,0.017466,14.801332
0.052396,44.402968,0.006761,5.729218
0.015853,13.434743,0.061151,51.822537
0.024789,21.007123,0.006262,5.306408
0.018759,15.897634,0.034667,29.378993
0.026093,22.112786,0.028441,24.102190
0.016937,14.353350,0.008233,8.249519
0.013153,11.146334,0.062496,52.962498
0.048362,40.984340,0.006186,5.242660
0.026301,22.288460,0.039630,33.584122
0.019502,16.526666,0.009523,8.070337
0.049782,42.187765,0.050277,42.607101
0.011424,9.681043,0.041314,35.011434
0.029638,25.116614,0.051608,43.735679
0.053133,45.027646,0.028887,24.480308
0.023417,19.844686,0.024049,20.380037
0.019307,16.361906,0.039695,33.639363
0.044585,37.783496,0.006379,5.406221
0.051577,43.709135,0.027261,23.102387
0.015060,12.762773,0.024419,20.693839
0.023816,20.182746,0.056329,47.736284
0.018465,15.648478,0.023085,19.563024
0.054926,46.547230,0.014542,12.323595
0.041791,35.416206,0.035900,30.423322
0.025826,21.886615,0.030695,26.012895
0.032604,27.630214,0.051064,43.274066
0.044195,37.453454,0.012195,12.219436
0.006520,5.525144,0.029189,29.247352
0.026805,22.716070,0.057637,48.844243
0.012275,10.402532,0.053709,45.515931
0.050328,42.650503,0.033063,28.018909
0.051009,43.228041,0.028682,24.306908
0.020299,17.202411,0.024211,20.517432
0.056545,47.918834,0.020549,17.414298
0.049566,42.005190,0.018368,15.566369
0.059232,50.196315,0.025825,21.885076
0.021283,18.036489,0.031168,26.413637
0.048231,40.873887,0.109537,109.755606
0.056987,48.293922,0.024414,20.689898
0.009947,8.429693,0.018365,15.563461
0.027216,23.064657,0.018922,16.035478
0.062328,52.820143,0.046066,39.038630
0.020658,17.506700,0.018004,15.257695
0.034593,29.315845,0.005077,4.302221
0.007633,6.468476,0.035575,30.148307
0.020840,17.661247,0.031599,26.778309
0.021941,18.593979,0.008131,6.891014
0.019501,16.526257,0.062663,62.788035
0.014829,12.566516,0.005574,4.723750
0.065476,55.488035,0.016222,13.747603
0.054708,46.362549,0.001330,1.127402
0.030547,25.887206,0.021358,18.099572
0.017779,15.066625,0.018097,15.336515
0.037148,31.481484,0.048946,41.479639
0.027754,23.520002,0.016940,16.974168
0.020937,17.743321,0.024077,20.403827
0.013933,11.807724,0.042695,36.181902
0.010698,9.065895,0.056071,47.517403
0.009165,7.767022,0.030650,25.974802
0.026319,22.303729,0.054929,46.549498
0.028963,24.544739,0.067646,57.327156
0.021453,18.180383,0.014565,14.594551
0.024642,20.882866,0.030029,25.448081
0.021270,18.025137,0.053533,45.366409
0.015040,12.745471,0.008311,7.043472
0.031537,26.726464,0.076831,76.984119
0.018103,15.341133,0.016693,14.146885
0.030140,25.542124,0.030578,25.913687
0.032925,27.902185,0.007656,6.487857
0.055135,46.723868,0.016576,16.608853
-0.006592,-5.586062,0.049800,42.202929
0.029721,25.187057,0.029706,25.174380
0.023616,20.013589,0.043293,36.688796
0.054141,45.881637,0.058305,49.410858
0.007326,6.208550,0.012427,10.531096
0.027669,23.448571,0.026993,22.875075
0.008934,7.571279,0.024488,20.752544
0.042796,36.267859,0.047337,40.116092
0.023005,19.495286,0.038408,32.548889
0.029832,25.280929,0.041635,35.284005
0.045556,38.606785,0.025624,21.714711
0.050270,42.601403,0.008115,6.877220
0.007637,6.471905,0.027257,23.098896
0.035744,30.291148,-0.008695,-7.368755
0.024193,20.502343,0.009767,8.277140
0.051140,43.338379,0.041570,35.228416
0.050635,42.910426,0.028870,24.466331
0.055378,46.930545,0.032730,27.736949
0.056841,48.169714,0.014771,12.517316
0.023419,19.846220,0.010748,9.108606
0.060476,51.250517,-0.007883,-7.899059
0.053416,45.267282,0.028218,23.913148
0.003384,2.868175,0.040087,33.971806
0.018372,15.569449,0.045680,38.711221
0.007338,6.218537,0.053142,53.248281
0.015945,13.512877,0.004880,4.135973
0.023441,19.864953,0.026132,22.145873
0.036049,30.549703,0.037235,31.554934
0.031143,26.392172,0.058034,49.180896
0.006966,5.903757,0.024752,20.976398
0.044894,38.045567,0.023432,19.857629
0.015587,13.209628,0.057363,57.477263
0.016255,13.775342,0.006685,5.665226
0.025784,21.850547,0.059271,50.229466
0.049370,41.838824,0.051212,43.400109
0.049076,41.589890,0.016929,14.346276
0.027852,23.603007,0.007357,6.234666
0.030490,25.838459,0.003368,2.853821
0.004406,3.733966,0.048850,41.398344
0.017256,14.623818,0.057717,48.912059
0.015852,13.434232,0.030781,26.085662
0.044899,38.049984,0.072403,61.358352
0.000765,0.648297,0.002573,2.180357
0.011198,9.489566,0.015487,13.124907
0.032192,27.280829,0.039015,39.092665
0.004533,3.841514,0.033535,28.419503
0.036065,30.563521,0.003242,2.747216
0.003535,2.996011,0.036223,30.697556
0.048727,41.293952,0.011658,9.879227
0.023984,20.324985,0.032610,27.635345
0.030561,25.899360,0.014624,12.393377
0.047818,40.523214,0.010269,8.702872
0.044947,38.090810,0.035061,29.712640
0.007710,6.533463,0.016514,13.994975
0.029385,24.902469,0.073748,73.894731
0.028511,24.161689,0.021026,21.067795
0.004648,3.938737,0.011152,9.450975
0.012946,10.970741,0.007266,6.157368
0.053931,45.704249,0.034903,29.578371
0.027340,23.169710,0.060140,50.965893
0.028918,24.506326,0.038498,32.625260
0.035542,30.120466,0.061661,61.783660
0.038198,32.370776,0.027339,23.168731
0.005488,4.651178,0.009006,9.024077
0.014781,12.526308,0.039008,33.057354
0.015679,13.287475,0.025315,21.452962
0.033696,28.555884,0.020145,17.072251
0.027481,23.289051,0.026909,26.962606
0.033930,28.754059,0.056185,47.614082
0.016817,14.251571,0.022721,19.255069
0.029666,25.140353,0.000537,0.455249
0.023710,20.093449,0.047837,40.539763
0.025756,21.826744,0.011611,9.839773
0.017692,14.993459,0.053522,45.357669
0.026604,22.546016,-0.004503,-3.815832
0.003021,2.559987,0.060105,50.936180
0.018814,15.944351,0.030740,26.050795
0.062374,52.859393,0.008286,8.302544
0.031088,26.345901,0.020240,17.152702
0.021799,18.473635,-0.013756,-11.657964
0.045049,38.177116,0.014366,12.174249
0.023204,19.664194,0.027955,23.690439
0.009057,7.675207,0.004977,4.986832
0.036519,30.948279,0.012096,10.250953
0.009441,8.001085,0.027556,23.352588
0.034426,29.174562,0.047459,40.218895
0.024639,20.880366,0.019752,16.738509
0.011291,9.568316,0.036178,30.658791
0.050808,43.057664,0.027629,23.414236
0.017854,15.130269,0.025667,21.751428
0.026921,22.814651,0.015824,13.410010
0.016818,14.252649,0.011372,9.637317
0.050775,43.029736,0.027987,23.717654
0.030707,26.022910,0.015642,13.255788
0.001412,1.196242,0.010369,8.787555
0.034056,28.860929,0.021309,21.351635
0.034874,29.554281,0.033996,28.810051
0.026808,22.718229,0.049746,42.157680
0.053660,45.473930,0.002808,2.379640
0.036322,30.780839,0.022542,19.103424
0.013436,11.386112,0.015887,15.918338
0.017003,14.409179,0.066432,56.297598
0.032765,27.766943,0.028329,24.007133
0.065873,55.824011,0.026495,22.453456
0.028718,24.337106,0.078959,66.914402
0.017788,15.074887,0.028189,23.888717
0.026551,22.500402,0.062433,52.909157
0.026122,22.136887,0.042719,42.804085
0.049519,41.964821,-0.001951,-1.954831
0.007366,6.241924,0.013110,11.110434
0.028258,23.946905,0.025826,21.886001
0.039160,33.186545,0.005005,4.241222
0.005479,4.643368,0.052661,44.627964
0.023779,20.151504,0.034685,29.393951
0.041725,35.359851,0.019655,16.656365
0.042253,35.807573,0.045079,38.202637
0.006466,5.479313,0.044774,37.943728
0.061818,52.387479,-0.001502,-1.504900
0.002579,2.185515,0.029133,24.688658
0.013792,11.688482,0.014945,12.665280
0.020112,17.043637,0.025731,21.805419
0.019590,16.601314,0.027709,23.482177
0.054850,46.482628,-0.007424,-7.438798
0.038575,32.690420,0.057152,48.433580
0.020106,17.038628,0.024189,20.499101
-0.004187,-3.548451,0.034125,28.919007
0.005579,4.727684,0.022575,19.131387
0.020226,17.140316,0.003781,3.204434
0.063873,54.129540,0.013787,13.814201
0.015327,12.988818,0.029763,25.222718
0.019395,16.436074,0.061765,61.888401
0.034374,29.130440,0.002052,1.738781
0.047474,40.231806,0.041196,41.278581
0.026776,22.691311,0.010539,8.930937
0.010566,8.954475,0.035203,29.833055
0.031577,26.760294,0.023138,23.183828
0.041487,35.158258,0.049308,41.786331
0.027519,23.321065,0.045333,38.417156
0.018964,16.070713,0.050136,50.236298
0.013385,11.342896,0.013878,11.760642
0.005469,4.635131,0.015353,13.010658
0.034543,29.273159,0.038457,32.590577
0.048841,41.390421,0.015516,13.149308
0.021026,17.818578,0.025913,21.959832
0.035331,29.941513,0.034006,28.818077
0.021570,18.279708,0.032281,27.356357
0.016526,14.004611,0.029331,24.856995
0.052710,44.669599,0.031921,27.051346
0.011441,9.695847,0.038503,38.579472
0.004584,3.884442,0.016380,13.881195
0.056505,47.885608,0.056262,47.679009
0.020970,17.770754,0.005606,4.750513
0.015967,13.530974,0.049690,42.110270
0.038365,32.512638,0.028749,24.363213
0.006779,5.745172,0.026620,22.559237
0.007351,6.229433,0.048820,41.372270
0.015609,13.228258,0.011096,11.117712
0.033372,28.281219,0.011256,9.538624
0.031245,26.478583,0.066627,56.463319
0.047236,40.029904,0.000040,0.034130
0.018216,15.437196,0.026944,22.833383
0.008746,7.411621,0.054436,46.132333
0.030971,26.246596,0.021991,18.636207
0.051676,43.792545,0.052468,44.464212
0.029057,24.624716,0.049537,41.979837
0.022684,19.223560,0.028739,24.354820
0.053603,45.425999,0.053660,45.473894
0.029532,25.026779,0.007981,6.763608
0.059689,50.583262,0.054504,46.189835
0.013558,11.490004,0.012837,10.878988
0.012812,10.857688,0.056077,47.522185
0.000032,0.026820,0.060580,51.338368
0.021166,17.937128,0.020994,17.791021
0.030214,25.604981,0.017588,17.622618
0.048649,41.227959,0.043752,37.077661
0.016807,14.243469,0.021177,17.946263
0.010613,8.993834,-0.002982,-2.527341
0.033565,28.445159,0.024037,20.370167
0.018264,15.477885,0.029180,24.728262
0.028624,24.257211,0.032477,27.523066
0.015758,13.354022,0.016914,14.334169
0.059723,50.612060,0.017705,15.004263
0.026301,22.288744,0.008204,6.952120
0.011612,9.840437,0.057262,48.526679
0.048805,41.359646,0.007960,6.745815
0.054805,46.444898,0.020375,17.266556
0.011559,9.795791,0.032248,27.328371
0.038966,33.021420,0.023372,19.806244
0.024567,20.819761,0.055796,47.284122
0.068040,57.660843,0.018838,15.964656
0.030026,25.445494,-0.008353,-7.079026
0.048713,41.281971,0.008203,8.219772
0.034006,28.818217,0.049798,42.201687
0.029931,25.365102,0.028279,23.965276
0.027149,23.007288,0.032110,27.211527
0.044132,37.399776,0.065182,65.312020
0.039729,33.668592,0.043987,37.276943
0.006417,5.438253,0.025997,22.030803
0.052264,44.291450,0.035976,30.487600
0.024795,21.012572,0.024237,20.539537
0.064491,54.653014,0.031906,27.039071
0.050833,43.078417,0.028481,24.136196
0.013423,11.375073,0.036745,31.139908
0.006327,5.361702,0.021052,17.840152
0.018590,15.754190,0.023700,20.084814
0.030504,25.850563,0.005652,4.789951
0.008227,6.971968,0.037337,31.641311
0.048533,41.129079,0.015552,13.179555
0.047460,40.220064,0.004266,3.615438
0.044551,37.754556,0.032696,27.708251
0.012029,10.194327,0.026223,22.222634
0.028418,24.082837,0.018247,15.463095
0.034098,28.896431,0.069550,58.939990
0.019854,16.825396,0.017675,14.978992
0.020370,17.262182,0.016141,13.678987
0.014077,11.929667,0.007406,6.276497
0.011331,9.602417,0.019730,16.720234
0.046851,39.703681,0.022605,22.650574
0.027100,22.965815,0.024327,20.615753
0.041304,35.003065,0.001293,1.095664
0.018690,15.838557,0.013325,11.292436
0.026949,22.838264,0.018981,19.019301
0.023618,20.014753,0.050494,42.791315
0.059170,50.143847,0.012050,10.211952
0.035161,29.797230,0.033171,28.110768
0.011749,9.956478,0.005166,4.377980
0.022093,18.722975,0.006698,6.711503
0.031787,26.938231,0.039029,39.107289
0.015980,13.542218,0.020923,20.965098
0.013120,11.118716,0.059909,50.770170
-0.000141,-0.119264,0.042153,35.722436
0.012744,10.799944,0.013030,13.055613
0.037359,31.659569,0.004903,4.913078
0.004979,4.219088,0.032321,27.390909
0.032391,27.449711,0.015383,13.036714
0.005913,5.011361,0.053555,45.385437
0.017376,14.725304,0.033312,33.378680
0.010497,8.895671,0.073669,62.431285
0.028311,23.991838,0.032374,27.435221
0.018238,15.455779,0.051461,43.611009
0.059586,50.495895,0.023884,20.240215
0.021505,18.224562,0.055117,46.708755
0.068001,57.627369,0.048775,41.334254
0.019337,16.386815,0.017349,14.702572
0.037813,32.045107,0.053044,44.952413
0.045379,38.456423,0.068789,68.926473
0.024456,20.724909,0.025027,21.209476
0.034454,29.198330,0.046703,39.578386
0.030741,26.051312,0.026246,22.242552
0.048222,40.865790,0.069068,58.531610
0.053001,44.915990,0.028930,24.516460
0.021344,18.087867,0.041789,35.414196
0.021467,18.192349,0.025268,21.413395
0.035876,30.402996,0.011302,9.577818
0.052625,44.597412,0.035438,35.509009
0.050625,42.901919,0.052794,44.740300
0.016257,13.777089,0.004355,3.690658
0.044931,38.077243,0.024980,21.169537
0.057577,48.793461,0.024600,20.846918
0.045809,38.821037,0.031966,27.089660
0.017935,15.199017,0.024937,21.132590
0.018960,16.067285,0.058953,49.959681
0.014568,12.345736,0.004710,3.991320
0.018094,15.333964,0.056528,47.904919
0.015199,12.880770,0.038538,32.659371
0.016199,13.727892,0.051358,43.523773
0.033292,28.213217,0.019235,16.300938
0.035987,30.497583,0.038415,32.554749
0.006252,5.298029,0.057110,48.397606
0.025474,21.587686,0.027170,23.025407
0.042300,35.846865,0.031702,26.866019
0.043191,36.602161,-0.006347,-5.378823
0.026774,22.689613,0.065667,55.650044
0.023196,19.657619,0.014010,14.038091
0.014550,12.330576,0.026793,22.705575
0.012807,10.853719,0.033012,27.976385
0.044664,37.850600,0.047094,39.909876
0.033503,28.392314,0.046761,39.627559
0.050965,43.190216,0.049612,42.043404
0.037920,32.135439,0.015952,13.518717
0.045259,38.355233,-0.028801,-28.858513
0.014660,12.424001,0.010857,9.201081
0.033858,28.692859,0.005451,5.461915
0.009789,8.295976,0.029710,25.177940
0.022445,19.020830,0.005358,4.540535
0.008262,7.001894,0.046414,39.333882
0.057950,49.109987,0.033627,28.496990
0.013254,11.231765,0.022725,19.258365
0.021249,18.007378,0.051831,43.924684
0.048980,41.508059,0.053987,54.095172
0.043361,36.746472,0.029249,29.307434
0.025708,21.786454,0.034781,29.475073
0.028608,24.244335,0.021807,18.480281
0.023939,20.287371,0.035038,29.692941
0.033692,28.551961,0.001290,1.093216
0.033531,28.416142,0.045868,38.870579
0.024099,20.422726,0.027899,23.643219
0.026999,22.880032,0.042184,35.748539
0.012614,10.689932,0.003785,3.207829
0.012554,10.639066,0.036626,31.039138
0.017696,14.996575,0.030130,25.533940
0.027917,23.658322,0.062131,52.653015
0.015727,13.327966,0.040366,34.208443
0.029559,25.049893,0.024239,24.287696
0.031380,26.593171,0.041605,35.257975
0.043175,36.588906,0.020600,17.457188
0.008577,7.268643,0.052892,44.823753
0.034103,28.900926,0.028358,24.032249
0.015955,13.521222,0.057698,57.813253
0.027286,23.123978,0.052821,44.763230
0.026425,22.394210,0.042648,36.142174
0.015059,12.761649,0.014159,11.999364
0.044937,38.081913,0.066103,56.019493
0.033155,28.096920,0.044093,37.366663
0.037106,31.445413,0.054227,45.954381
0.033536,28.419998,0.030650,25.974048
0.059088,50.073919,0.038406,32.547320
0.021845,18.512944,0.024158,20.472527
0.047902,40.594448,0.034890,29.567325
0.023127,19.599200,0.009100,7.711661
0.021929,18.583884,0.069718,59.082476
0.024977,21.166804,0.049518,41.963825
0.009407,7.972112,-0.055212,-55.321656
0.006937,5.878447,0.073122,73.267773
0.017435,14.775467,0.013242,11.221616
0.007841,6.645085,0.013884,11.765612
0.054215,45.944800,0.048680,41.253810
0.048143,40.798556,0.037996,32.199508
0.034451,29.195265,0.009244,7.834211
0.033521,28.407588,0.021628,18.328383
0.046814,39.673057,0.021836,18.504688
0.049893,42.282162,0.030451,25.805603
0.054832,46.467262,0.023676,23.722921
0.028775,24.385272,0.008840,7.491732
0.018594,15.757154,0.003750,3.177727
0.019776,16.759543,0.076593,64.908558
0.056466,47.852380,0.007246,6.140664
0.025214,21.367739,0.002478,2.099605
0.001134,0.961416,0.055791,47.279978
0.037453,31.739802,0.036738,36.811570
0.029626,25.106787,0.030656,30.716943
0.019227,16.293973,0.041270,34.974436
0.009554,8.096759,0.049726,42.140118
0.031823,26.968606,0.043959,37.252882
0.001474,1.249060,0.032190,27.279879
0.021744,18.427347,0.051324,51.426333
0.031870,27.008333,0.045608,38.650975
0.035710,30.262611,0.022252,18.857252
0.020276,17.182669,0.015640,15.671596
0.056870,48.194941,0.006632,5.620257
0.012948,10.973167,0.029086,24.648780
0.030717,26.031013,0.027306,23.140755
0.053495,45.334342,0.019976,16.929022
0.031054,26.316576,0.013275,11.249911
0.033844,28.680910,0.006055,5.131010
0.003718,3.151154,0.032391,27.450147
0.000357,0.302663,0.033052,28.010062
0.047712,40.433391,-0.002750,-2.330863
-0.004262,-3.612192,0.035336,29.945344
0.014107,11.955018,0.026880,22.779545
0.010067,8.531026,0.057976,49.132014
0.012261,10.390906,0.002573,2.578542
0.054522,46.205058,0.020997,21.039010
0.026749,22.668444,0.033547,28.429338
0.059316,50.267517,0.082930,83.095540
0.012707,10.768809,0.009691,8.212657
0.012737,10.794173,0.056230,47.652391
0.031171,26.416105,0.102796,103.001075
0.028427,24.090315,-0.002688,-2.277963
0.050132,42.484468,0.019664,16.664248
0.007212,6.112178,0.066601,56.441534
0.036902,31.272597,0.010099,8.558774
0.015006,12.716941,0.034525,29.258622
0.036106,30.597893,0.020454,17.334002
0.064278,54.472423,0.020798,17.625452
0.025593,21.688922,0.029915,25.351115
0.028614,24.249236,0.026597,22.539751
0.025504,21.613034,0.053087,44.988413
0.021022,17.814805,0.026070,22.092663
0.041859,35.473660,0.007001,7.014623
0.042387,35.921180,0.044766,37.937116
0.019126,16.208622,0.013984,11.850717
0.011725,9.936755,0.020838,17.659089
0.025110,21.279223,0.054505,46.190476
0.012435,10.538004,0.052286,44.309516
0.047770,40.482507,0.043112,36.535573
0.056431,47.822523,0.028075,23.792619
0.025896,21.945488,0.018385,18.421973
0.025307,21.446805,0.039743,39.822036
0.033204,28.139096,0.035818,30.354048
-0.004104,-3.477552,0.021570,18.279896
0.031261,26.491905,0.009212,7.806336
0.048119,40.778912,0.075806,75.957576
0.015353,13.010985,0.007051,5.975464
0.012901,10.933291,0.020244,17.156069
0.061535,52.148246,0.040688,40.769492
0.052411,44.415779,0.030595,30.655538
0.043689,37.024488,0.013069,11.074947
0.012768,10.819935,0.041271,41.353114
0.019649,16.651425,0.026543,22.494351
0.036818,31.201644,0.032274,27.350756
0.057772,48.959326,0.002676,2.267402
0.015175,12.859799,0.021294,18.045613
0.060745,51.478688,0.038663,32.765090
0.053117,45.013874,0.026815,22.724189
0.039156,33.182896,0.002562,2.171307
0.011113,9.417786,0.053772,45.569555
0.016468,13.955801,0.048565,41.156542
0.012394,10.503000,0.020449,17.329388
0.050623,42.900182,0.014735,12.487356
0.059159,50.134117,0.050386,42.699937
0.053721,45.526151,0.026427,22.395639
0.054584,46.256947,0.021000,17.796797
0.027853,23.604468,-0.020606,-20.647015
0.039831,33.755270,0.030487,25.836411
0.004246,3.598239,0.018276,15.488046
0.025796,21.861255,0.039015,39.092671
0.014830,12.567993,0.036943,31.307856
0.019845,16.817598,0.028444,24.105057
0.056286,47.699990,0.035748,30.294426
0.021363,18.104477,0.012598,10.676004
0.007430,6.296346,0.042567,36.073434
0.017396,14.741932,0.026834,22.740140
0.014966,12.682554,0.023328,19.769642
0.002750,2.330804,0.028561,24.204160
0.018783,15.917709,0.029123,24.679986
0.053729,45.533142,0.038809,32.888995
0.015383,13.036520,0.004457,3.776858
0.026400,22.373085,0.031991,27.110994
0.015351,13.009523,0.024686,20.920002
0.010777,9.133363,0.008422,7.137248
-0.002868,-2.430878,0.049101,41.610499
0.008470,7.178176,0.043208,36.616534
0.019858,16.828787,0.035777,30.319513
0.018758,15.896825,0.052918,44.845093
0.042079,35.660070,-0.002334,-1.978348
0.009213,7.807364,0.024214,24.262139
0.013955,11.826052,0.039554,33.519802
0.021700,18.389617,0.047109,39.922917
0.023605,20.004075,0.007771,6.585462
0.035792,30.332040,0.047730,40.448906
0.030182,25.578004,0.010662,9.035622
0.011240,9.525213,0.042803,36.273572
0.031116,26.369578,0.025841,21.899275
0.058882,49.899966,0.038211,38.287385
0.021022,17.815319,0.030527,30.588196
0.034107,28.903997,0.018876,15.996791
0.033024,27.985992,0.012549,12.574091
0.021425,18.156259,0.023745,20.122342
0.007947,6.734633,0.039615,33.572244
0.018125,15.360346,0.013895,11.775083
0.026761,22.678262,0.037579,31.846285
0.050786,43.038663,0.027771,23.534224
0.021748,18.430566,0.023527,19.938393
0.013538,11.472914,0.009402,7.967743
0.051705,43.817769,0.030133,25.536522
0.025338,21.472383,0.063990,54.228653
0.008956,7.589408,0.052368,44.379080
0.053150,45.041944,0.059762,50.645747
0.050733,42.993556,0.007803,6.612754
0.022373,18.960157,0.035742,30.289397
0.046353,39.281956,0.060014,50.858781
0.039505,33.478286,0.021835,18.504089
0.008526,7.225378,0.033479,33.545333
0.009230,7.822041,0.031747,26.904121
0.058198,49.319984,0.009327,7.904293
0.033243,28.171806,0.029253,24.790202
0.030318,25.692688,0.025763,21.832529
0.045638,38.676149,0.034569,29.295984
0.000715,0.606135,0.049972,42.348952
0.049052,41.569438,0.002831,2.399104
0.033596,28.471406,0.036537,30.963287
0.018675,15.825965,0.011844,10.037274
0.063466,53.784205,0.019736,16.725457
0.017025,14.428084,0.045084,38.206471
0.029734,25.197768,0.061252,51.907806
0.018555,15.724232,0.029485,24.987361
0.029980,25.406445,0.030577,30.638020
0.036657,31.065000,0.009441,8.000548
0.034586,29.309622,0.007835,6.639583
0.053212,45.094646,-0.018736,-18.773785
0.047470,40.228220,0.019221,16.288584
0.008937,7.573918,-0.002563,-2.171958
0.041726,35.361146,0.016873,14.299186
0.040963,34.713860,0.048240,40.880817
0.041556,35.216457,0.019892,16.857221
0.019714,16.707081,0.026338,22.319779
0.059150,50.126397,0.039958,40.037911
0.024083,20.409451,0.017962,15.221602
0.005985,5.071592,0.017676,14.979487
0.049983,42.358189,0.029298,24.828744
0.012566,10.649291,0.030641,25.967057
0.018563,15.730966,0.016588,14.057531
0.056753,48.095388,0.026308,22.294536
0.023154,19.621834,0.042657,36.149684
0.024059,20.388981,0.008223,6.968618
0.031092,26.348842,0.054659,46.321307
0.033110,28.059284,0.027094,22.961102
0.015977,13.539437,0.019864,16.833449
0.019034,16.130116,0.023073,19.553030
0.021512,18.229995,0.039331,39.409658
0.058223,49.341605,0.017957,15.217805
0.033875,28.707383,0.045519,45.609813
0.030577,25.912379,0.050728,42.989756
0.009688,8.210063,0.034033,28.841535
0.010554,8.943702,0.012356,10.471020
0.035384,29.986470,0.041454,35.130414
0.021089,17.872097,0.005987,5.073384
0.013391,11.348141,0.049806,42.208448
0.017833,15.112260,0.065438,55.455335
0.031177,26.420983,0.025039,21.219069
0.027123,22.985140,0.043240,36.643763
0.014013,11.875440,0.015858,13.438707
0.015311,12.975380,0.062332,52.823182
0.042519,36.032535,0.047093,39.908706
0.020831,17.652950,0.055058,46.659443
0.022826,19.343758,0.004985,4.224321
0.033614,28.486264,0.014716,12.470998
0.036246,30.716982,0.006009,5.092555
0.059804,50.680675,0.016615,14.080735
0.011444,9.698531,0.047139,39.947888
0.023041,19.526317,0.000164,0.139037
0.017758,15.048981,0.061206,51.868994
0.032109,27.210851,0.044236,37.487522
0.049516,41.962136,0.040610,40.691173
0.013363,11.324353,0.041458,35.133509
0.006528,5.532033,0.036524,30.951975
0.050335,42.656835,0.006115,6.126913
0.029489,24.990769,0.055358,46.913188
0.027569,23.363103,0.003669,3.109470
0.032326,27.394720,0.039717,33.658591
0.031323,26.544467,0.011089,9.397508
0.041905,35.512573,0.023543,19.951596
0.049764,42.172942,0.017259,14.625818
0.027310,23.143837,0.033831,28.670565
0.024167,20.480392,0.009683,9.702697
0.039098,33.134093,0.007149,6.058727
0.013493,11.434829,0.018606,18.643388
-0.000471,-0.399527,0.021853,18.519203
0.020272,17.179933,-0.004363,-3.697764
0.025443,21.561432,0.009792,9.811655
0.030933,26.214479,0.034841,29.525664
0.018267,15.480086,0.010493,8.891942
0.044992,38.128194,0.017082,17.116193
0.052672,44.636785,0.057563,48.782050
0.012713,10.773946,0.008681,7.356668
0.059868,50.735590,0.005720,4.847460
0.018091,15.330928,0.015040,12.745823
0.030964,26.240194,-0.009871,-8.365216
0.034730,29.432180,0.029532,25.027053
0.006903,5.849838,0.022298,18.896491
0.020519,17.388923,0.053563,45.392471
0.025061,21.237995,0.012468,10.566101
0.006628,5.616664,0.058423,49.511110
0.027425,23.241203,0.041832,35.450903
0.007437,6.302892,0.005443,4.612801
0.021602,18.306302,-0.008901,-7.543020
0.022526,19.089348,0.033999,28.812426
0.020007,16.954630,0.016141,13.678312
-0.005338,-4.523563,0.039558,33.523836
0.012928,10.955691,0.029876,25.318649
0.065107,55.174863,0.082478,69.895936
0.011881,10.068860,-0.007594,-7.608896
0.021088,17.871086,0.029521,25.017727
0.053593,45.417481,0.026276,22.268071
0.051609,43.736083,0.056487,47.870387
0.011916,10.098396,0.006163,5.223008
0.027390,23.211489,0.017250,14.618400
0.050551,42.839945,0.006768,5.735268
0.048711,41.280628,0.051579,43.710574
0.067218,56.963750,0.017355,14.707326
0.053882,45.662254,-0.005109,-4.330044
0.002391,2.026068,0.000894,0.758005
0.030311,25.686791,0.020631,17.484175
0.012497,10.591020,0.023662,20.052173
0.017125,14.512413,0.065550,55.550320
0.034231,29.009041,0.046925,39.766568
0.021324,18.071211,0.035389,35.459259
0.025381,21.509156,-0.002599,-2.603800
0.031186,26.428995,0.010820,9.169023
0.020638,17.489380,0.009942,8.425724
0.006327,5.361940,0.020583,17.442926
0.005312,4.501781,0.020214,17.130544
0.005832,4.942057,0.028316,23.996497
0.028057,23.777325,0.027495,23.300441
0.054837,46.472009,0.033701,28.559786
0.028111,23.822579,0.055481,47.017510
0.055025,46.630675,0.064777,64.906139
0.043029,36.465026,0.051228,43.413616
0.026971,22.856433,0.024601,20.847917
0.043869,37.176580,0.036773,31.163292
0.023218,19.676206,0.051062,43.272418
0.022675,19.215641,0.058681,49.728992
0.055579,47.100976,0.041053,34.790339
0.046326,39.258932,0.024348,20.633816
0.061527,52.141273,0.026756,22.674485
0.052651,44.619074,0.025603,21.697019
0.038940,33.000174,-0.000089,-0.075683
0.016654,14.113656,0.013540,11.474678
0.018839,15.964955,0.019693,16.689001
0.052298,44.320442,0.014833,12.570014
0.020535,17.402504,0.031479,26.676893
0.021326,18.072349,0.040645,34.445123
0.047835,40.537467,0.029400,24.915343
0.055970,47.432051,0.042540,42.625302
0.053358,45.218476,0.060390,51.178003
0.011118,9.421886,0.019048,19.086302
0.055667,47.175534,0.022966,19.462663
0.057632,48.840169,0.049100,41.609761
0.009437,7.997428,0.059654,50.553539
0.036892,31.264441,0.014855,12.589204
0.038419,32.558052,0.031875,27.012298
0.046968,39.803543,0.015340,12.999533
0.033337,28.251421,0.030551,25.890889
0.049394,41.858774,0.009448,8.007053
0.010830,9.177847,0.016238,13.761097
0.051661,43.780175,-0.001542,-1.306377
0.012711,10.771994,0.028877,24.472020
0.056633,47.993430,0.009904,8.393406
0.034933,29.603755,0.015198,12.879592
0.024635,20.876966,0.042301,35.848065
0.049227,41.717627,0.005503,4.663586
0.014564,12.342663,0.010929,9.261501
0.019993,16.943290,0.015392,13.044376
0.028615,24.250011,0.049873,42.265060
0.026627,22.564716,0.009390,7.957889
0.055767,47.259765,0.043033,36.468050
0.031268,26.498037,0.014877,12.607341
0.014056,11.912150,0.036899,31.270035
0.040717,34.505687,0.023285,19.732801
0.009616,8.148804,0.015091,15.121462
0.022183,18.799390,0.020260,17.169620
0.054708,46.362567,0.027278,23.117134
0.001577,1.336052,0.046993,39.824645
0.026865,22.766723,0.006197,5.251371
0.051140,43.338837,0.026975,22.860246
0.002751,2.330987,0.009904,9.923447
0.023191,19.653401,0.053690,45.499354
0.002276,1.928814,0.033388,28.295097
0.021505,18.224691,0.024087,20.412291
0.017706,15.004649,0.017761,15.051379
0.044604,37.799747,0.049101,41.610622
0.041157,34.878476,0.037061,31.407454
0.009126,7.733903,0.046444,39.359432
0.016856,14.284570,0.008159,6.914425
0.020678,17.523497,0.012903,10.934911
0.032993,27.959999,0.023531,19.941787
0.045181,38.288472,-0.000163,-0.137749
0.030201,25.593512,-0.005047,-4.277351
0.010108,8.566217,0.061388,52.023824
0.021935,18.589031,0.011071,9.381900
0.025354,21.486173,0.023994,24.041953
0.016820,14.253748,0.037396,31.691493
0.030948,26.226695,0.032146,32.210003
0.028505,24.156421,0.057274,48.537067
0.023627,20.022639,0.059722,50.611792
0.034037,28.844886,0.054199,45.930701
0.025157,21.319138,-0.009330,-7.906673
0.045444,38.511977,0.023542,19.950970
0.017651,14.958380,0.050822,43.069327
0.035277,29.895797,0.011480,9.728851
0.032843,27.833001,0.057768,48.955938
0.044529,37.736241,0.046376,39.301466
0.013382,11.340995,0.017517,14.845206
0.039268,33.277588,0.026151,22.161430
0.061287,51.937393,0.004269,3.617368
0.033263,28.188435,-0.007439,-7.454135
0.025046,21.225588,0.023153,19.620957
0.044753,37.925634,0.028967,24.548258
0.011127,9.429244,0.029499,24.999090
0.018025,15.275013,0.030283,25.663321
0.025333,21.468286,0.000653,0.553110
0.042578,36.082729,0.019764,16.748689
0.030362,25.730484,0.027682,23.459023
0.059726,50.614818,0.025645,21.733115
0.024107,20.429413,0.026736,22.657741
0.063044,53.426440,0.020835,17.656606
0.017380,14.728596,0.018685,15.834922
0.012386,10.496393,0.034934,29.604869
0.024650,20.890066,0.031829,26.973225
0.013850,11.737389,0.027912,23.654294
0.014653,12.417670,0.015940,13.508752
0.008469,7.177319,0.012644,10.715414
0.024852,21.061180,0.054184,45.918146
0.009873,8.366789,0.008817,7.471820
0.019709,16.702139,0.038582,32.696238
0.030819,26.117471,0.049668,42.090856
0.037948,32.159106,0.064291,54.483423
0.034229,29.007556,0.025399,21.524040
-0.000476,-0.403233,0.023652,20.044122
0.050824,43.070842,0.022301,18.899027
0.008789,7.448621,0.024548,20.803434
0.025453,21.570060,0.025512,21.620109
0.038850,32.923552,0.014299,12.117738
0.037566,31.835619,0.041949,35.549544
0.044748,37.921754,0.005170,4.381481
0.048821,41.373832,0.042115,35.690045
0.005887,4.988533,0.015114,12.808554
0.058926,49.937104,0.032482,27.526872
0.006396,5.420628,0.016636,14.098222
0.032825,27.818045,0.058801,49.831043
0.020931,17.738236,0.007502,6.357732
0.024183,20.493587,0.001830,1.550495
-0.002549,-2.160320,0.038229,32.397492
0.051686,43.801473,0.033631,33.697757
0.025341,21.475677,0.036274,30.740080
0.056267,47.683931,0.050549,42.837738
0.027922,23.662851,0.031430,26.635455
0.056604,47.968881,0.027596,23.386702
0.025927,21.971643,0.068594,58.130109
0.050037,42.403581,0.002799,2.804631
0.004096,3.471549,0.029419,24.931189
0.018671,15.822552,0.006582,5.577881
0.031513,26.705905,0.032672,27.688120
0.044510,37.719857,0.006624,5.613628
0.042669,36.160343,0.005351,4.535058
0.045606,38.649117,0.048041,40.712637
0.060004,50.850680,0.016870,14.296365
0.052679,44.642563,0.039512,33.484290
0.028615,24.249923,0.011169,9.464785
0.012205,10.342913,0.029349,24.871526
0.026615,22.555215,0.017017,14.420760
0.022685,19.224294,0.013826,11.716854
0.031345,26.563604,0.030996,26.267621
0.007507,6.361857,0.034690,29.397701
0.018251,15.467184,0.039886,39.965154
0.019598,16.608509,0.059767,50.649776
0.051339,43.506937,0.038889,38.966927
0.012301,10.424576,0.031255,26.486988
0.030259,25.642947,0.011209,9.499467
0.016024,13.579859,0.019069,16.159824
0.004386,3.716756,0.014005,11.868492
0.057665,48.868539,0.041000,34.745887
0.046062,39.034945,0.013297,13.323700
0.015523,13.154913,0.048532,41.128231
0.023844,20.206594,0.062928,53.328252
0.038173,32.349741,0.022447,19.023165
0.007613,6.451488,0.059818,50.692534
0.024819,21.033022,0.069209,58.651754
0.041272,34.975724,0.033893,28.722354
0.050792,43.043456,0.047675,40.402646
0.057823,49.001976,0.029533,25.028045
0.035440,30.033345,0.029189,24.735952
0.061118,51.794194,0.023562,19.967619
0.024492,20.755654,0.010827,9.175476
0.038936,32.996774,0.038073,32.265409
0.009254,7.842161,0.023773,20.146130
0.044897,38.048322,0.037687,31.938357
0.048006,40.682557,0.044273,37.519258
0.051322,43.493036,0.010043,8.510582
0.030810,26.110304,0.000616,0.617268
0.006785,5.750040,0.039517,33.488681
0.031892,27.027010,0.019535,16.554578
0.019458,16.489947,0.027791,23.551951
0.044371,37.602302,-0.006977,-6.990804
0.044780,37.948762,0.017903,15.171927
0.011307,9.582371,0.019639,16.643386
0.028479,24.134898,0.050526,42.818730
0.028035,23.758357,0.063667,63.793611
0.015046,12.750420,0.038442,32.578108
0.027035,22.910874,0.018753,15.892601
0.013355,11.317784,0.027606,23.395156
0.030033,25.451884,0.035312,29.925490
0.050699,42.965265,0.012315,10.436113
0.066936,56.724881,0.013875,13.902533
0.022676,19.217108,0.058188,49.311852
0.038015,32.215804,0.031457,26.658660
0.000512,0.433771,0.035245,29.868231
0.051072,43.280786,0.071763,60.815365
0.004554,3.859700,0.015043,12.748311
0.030089,25.499169,0.045963,38.951675
0.008899,7.541230,0.020765,17.597615
0.029939,25.371563,0.007301,6.187055
0.053457,45.302662,0.018082,15.323818
0.032562,27.595147,0.027771,23.534215
0.030915,26.198599,0.039012,33.061041
0.053106,45.005040,0.054162,45.899296
0.033446,28.344289,0.030566,25.902951
0.054976,46.589279,0.041575,41.657644
0.015977,13.539722,0.058813,49.840882
0.018688,15.836942,0.011583,9.816026
0.032540,27.576166,0.008121,6.882457
0.022293,18.892669,0.032669,27.685820
0.028401,24.068733,0.036640,31.051049
0.008646,7.326961,0.020380,17.270679
0.051828,43.921750,0.019951,16.907221
0.035061,29.712634,0.050523,42.815877
0.034901,29.577226,0.015623,13.239656
0.022800,19.321641,0.019399,16.439348
0.005056,4.284522,0.004682,3.967440
0.007071,5.992596,0.020629,17.482429
0.029886,25.326838,0.060334,51.130083
0.029440,24.948791,0.049410,41.872258
0.005374,4.554195,0.016292,13.806366
0.028478,24.134016,0.028710,24.330123
0.017233,14.604021,0.026947,22.835906
0.008888,7.532042,0.044354,37.587846
0.024577,20.828135,0.016528,14.006945
0.042192,35.755939,0.021733,18.417627
0.020071,17.009617,0.057781,48.966365
0.030160,25.558998,0.024691,20.924252
0.005475,4.639831,0.020272,17.179937
0.011638,9.862700,0.026970,22.855537
0.049720,42.134959,0.011400,9.660587
0.064547,54.700834,0.043330,36.720170
0.026145,22.156955,0.016749,14.194072
0.013811,11.704273,-0.004318,-3.659120
0.046387,39.311047,0.045092,38.213736
0.017724,15.020119,0.011231,9.517414
0.052794,44.740736,0.039405,33.394197
0.023793,20.163637,0.011118,9.421641
0.029083,24.646513,0.030242,25.628409
0.059893,50.756677,0.044535,37.740997
0.048369,40.990537,0.037995,32.198642
0.018983,16.087342,0.028417,24.082320
0.024201,20.509187,0.034598,29.320135
0.006564,5.562411,-0.003634,-3.079800
0.066890,56.686493,0.037288,31.599570
0.008781,7.441681,0.016848,14.278146
0.031728,26.887760,0.031921,27.051582
0.026444,22.409655,0.023126,19.598333
0.051013,43.230715,0.070209,70.348768
0.043904,37.206615,0.045857,38.861604
0.030551,25.890799,-0.008372,-7.094754
0.021123,17.901084,0.034836,29.521485
0.027255,23.097111,0.038036,32.234052
0.032424,27.477466,0.021533,18.248615
0.042021,35.610425,0.055687,47.192148
0.009624,8.156293,0.058889,49.905783
0.042222,35.780975,0.019097,16.183695
0.023811,20.178530,0.040288,34.142376
0.030323,25.696948,0.012817,10.861471
0.021251,18.009040,0.023332,19.773178
0.043214,36.621678,0.016909,14.329741
0.007545,6.394152,0.033394,28.299496
0.053469,45.312823,0.004857,4.115711
0.036300,30.762365,0.028797,24.403684
0.035281,29.899094,0.017781,15.068145
0.007150,6.059554,0.048144,40.799563
0.055901,47.373851,0.036160,30.643633
0.049631,42.059969,0.044470,37.685850
0.009343,7.917447,0.051556,43.691237
0.017556,14.878169,0.027337,23.166921
0.073373,62.180511,0.043348,36.735322
0.060630,51.381041,0.055785,47.275294
0.057751,48.940910,0.019265,16.326027
0.066935,56.724253,0.004926,4.174481
0.049971,42.347846,0.047431,47.525739
0.014331,12.144572,0.012271,10.398828
0.009259,7.846955,0.029432,24.942623
0.039968,33.871208,0.018944,16.054288
0.005010,4.245609,0.015473,13.112981
0.054327,46.039789,0.037194,31.519974
0.035175,29.809477,0.048590,41.177602
0.057071,48.364902,0.017484,14.817085
0.031869,27.007376,0.051133,43.332542
0.030297,25.674900,0.021330,18.076451
0.035338,29.947264,0.063374,63.500687
0.048382,41.001726,0.029422,24.934144
0.021876,18.538772,0.016631,14.094025
0.014230,12.059444,0.052339,44.354462
0.011169,9.465375,0.046753,39.621254
0.053807,45.598929,0.015711,13.314590
0.024663,20.900922,0.061809,52.380086
0.024162,20.475764,0.007193,6.096128
0.007135,6.046439,0.052187,44.225990
0.013851,11.737979,0.019417,16.454644
0.018758,15.896573,0.061248,51.904596
0.036197,30.674882,0.040175,34.046804
0.030929,26.211078,0.024100,20.423753
0.018817,15.946669,0.006655,5.639851
0.036903,31.273676,0.017242,14.611959
0.052232,44.263978,0.082927,83.092642
0.023422,19.849028,0.015681,13.288498
0.038219,32.389195,0.054914,46.536677
0.014217,12.048467,-0.000125,-0.105591
0.020320,17.220428,0.011653,9.875342
0.055128,46.718274,0.027041,22.916103
0.005772,4.891424,0.058629,49.685365
0.037150,31.482502,0.020631,17.483832
0.020008,16.955660,0.017892,15.162234
0.006982,5.917001,0.032880,32.945711
0.031303,26.527889,0.080462,80.622287
0.024115,20.436032,0.008495,7.199179
0.049744,42.155313,0.039284,33.290927
0.006091,5.162065,0.046446,39.360995
0.018004,15.257335,0.022724,19.257264
0.061419,52.049422,0.050651,42.924718
0.048895,41.436457,0.045993,38.977216
0.033456,28.352523,0.029786,25.242327
0.018259,15.473910,0.044812,37.975653
0.039375,33.368378,0.008336,8.352746
0.049366,41.835649,0.002647,2.243612
0.039426,33.411377,0.054258,45.980827
0.030131,25.534892,0.016399,13.897427
0.010017,8.488976,0.019719,16.710907
0.004967,4.209652,0.027141,23.000291
0.030855,26.148099,0.016430,13.924047
0.048613,41.197539,0.048279,40.914391
0.027923,23.663824,0.011873,10.061466
0.026926,22.818220,0.010000,8.474899
0.036206,30.683193,0.048067,48.162926
0.058234,49.350366,0.012778,10.828514
0.033334,28.249241,0.017403,14.748311
0.046722,39.594734,0.031003,26.273650
0.041605,35.258511,-0.005302,-4.493037
0.025562,21.662503,0.026463,22.425992
0.055702,47.204586,0.063798,54.065885
0.034772,29.467814,0.004989,4.227774
0.030033,25.451122,0.007769,6.584057
0.022662,19.205237,0.081723,81.886392
0.053747,45.548202,0.029130,24.686061
0.027017,22.895977,0.019509,16.532975
0.015221,12.898832,0.048818,41.370799
0.034311,29.076533,-0.001085,-1.087206
0.026789,22.701983,0.002722,2.727338
0.030466,25.818543,0.049349,49.447833
0.020666,17.513155,0.037586,31.852140
0.051872,43.958842,0.018227,15.446737
0.033317,28.234230,0.027628,23.413187
0.007589,6.431556,0.052850,44.787774
0.058771,49.805510,0.041533,35.197486
0.058102,49.238468,-0.000142,-0.120059
0.007279,6.168360,0.011142,11.163842
0.013568,11.498383,0.026856,22.759415
0.018454,15.638480,0.051765,43.868715
0.017905,15.173971,0.011114,9.418453
0.053302,45.170975,0.032913,27.892433
0.006018,5.100346,0.053673,45.485111
0.014346,12.157339,0.013676,11.590109
0.003889,3.295494,0.043622,36.967761
0.013962,11.832319,0.018323,18.359460
0.026253,22.248309,0.045964,46.055224
0.020222,17.137431,0.049420,41.881134
0.028115,23.826385,0.031430,26.635105
0.016657,14.116418,0.046894,39.740374
0.031023,26.290596,0.072752,61.653838
0.011840,10.034088,0.006481,5.492600
0.028783,24.392381,0.004280,3.627369
0.058524,49.596367,0.031325,26.546047
0.014976,12.691642,0.005126,4.343688
0.013360,11.321794,0.056769,48.109079
0.008375,7.097329,0.009013,7.638181
0.025827,21.886752,0.012989,11.007631
0.027622,23.408402,0.023558,19.964039
0.048819,41.371716,0.004138,3.506536
0.017545,14.868560,0.047426,40.191392
0.023528,19.939005,0.027454,23.266025
0.020277,17.183908,0.008858,7.506727
0.025325,21.461362,0.046506,39.411477
0.020674,17.519949,0.016419,13.913900
0.004531,3.839437,0.049260,41.745672
0.046068,39.040095,0.006108,5.176305
0.023829,20.194085,0.020863,17.680142
0.012887,10.920796,0.016371,13.873482
0.026998,22.879739,0.024036,20.369359
0.056602,47.967904,0.028640,24.271247
0.022109,18.736086,0.000427,0.427809
0.059943,50.798904,0.029608,25.091207
0.037547,31.819546,0.013180,11.169223
-0.000193,-0.163962,0.025340,21.474601
0.019847,16.819670,0.038252,32.417103
0.030476,25.827142,0.038686,32.784945
0.026118,22.134119,0.041078,34.811899
0.050083,42.443160,0.038701,32.797029
0.011724,9.935441,0.026522,22.475950
0.009339,7.914319,0.060969,51.668155
0.048934,41.469281,0.028169,23.872176
0.058378,49.472635,0.063561,53.864560
0.024168,20.481635,0.028456,24.114741
0.019524,16.545652,-0.002888,-2.447557
0.055595,47.113981,0.021884,18.545358
0.025002,21.187781,0.010674,9.045349
0.038236,32.403036,0.007792,6.603633
0.010456,8.861053,0.011898,10.083387
0.005339,4.524467,0.035421,30.017335
0.021805,18.478670,-0.015979,-13.541037
0.057304,48.562344,0.046942,39.781417
0.054416,46.115028,0.037735,37.809888
0.038229,32.397027,0.012122,10.273031
0.024915,21.114659,0.078346,78.501863
0.024201,20.509145,0.024452,20.722268
0.049108,41.616661,0.044312,37.552696
0.054989,46.600501,0.073847,62.582139
0.022342,18.933699,0.032749,27.753362
0.022001,18.645037,0.014982,12.696758
0.002154,1.825366,0.031754,26.910326
0.011911,10.094070,0.043426,36.801051
0.011165,9.461805,0.048619,41.202004
0.014100,11.948975,0.009279,7.863499
0.002130,1.805340,0.027775,23.538038
0.043834,37.147528,0.031164,26.410009
0.029345,24.868620,0.040831,34.602305
0.012436,10.538686,0.089547,89.725438
0.039860,33.779413,0.013942,11.814909
0.030797,26.099255,0.004393,3.722853
0.006441,5.458402,0.018843,15.968281
0.021033,17.824693,0.053644,45.460599
0.064377,54.556169,0.027061,22.933228
0.046923,39.765229,0.025149,25.198783
0.033407,28.311211,0.053669,45.481871
0.010821,9.170236,0.008270,7.008610
0.026310,22.296050,0.010867,9.209170
0.007789,6.600859,0.009917,8.404062
0.015774,13.367314,0.056957,48.268407
0.014181,12.017800,0.035424,30.020434
0.035402,30.001269,0.026388,22.362980
0.028086,23.801656,0.096661,96.853849
0.014774,12.520406,0.059202,50.170988
0.019103,16.188725,0.046351,39.280163
0.024098,20.421501,-0.000134,-0.113145
0.026885,22.784124,0.034622,29.340834
0.014495,12.284007,0.030798,26.100026
0.021038,17.828671,0.055948,47.413406
0.049964,42.342231,0.030203,25.595869
0.052130,44.177800,-0.000015,-0.012883
0.018891,16.009090,0.059603,50.511004
0.025486,21.597773,0.028071,28.127252
0.019600,16.609981,0.024101,24.149021
0.013335,11.300444,-0.002677,-2.268492
0.028898,24.489839,0.029405,24.919729
0.043655,36.995504,0.055777,55.888310
0.025387,21.514141,0.004777,4.048234
0.052850,44.788153,0.032501,27.543181
0.020207,17.124630,0.009741,8.255345
0.047969,40.651400,0.025912,21.959213
0.027888,23.634068,0.058866,49.886424
0.052577,44.556397,0.028454,24.113123
0.041302,35.001074,0.027063,22.934794
0.009680,8.203086,0.035579,30.151893
0.003923,3.324347,0.040384,40.464685
0.035016,29.674788,0.056877,48.200818
0.028870,24.466033,0.026820,22.728782
0.007810,6.618558,0.058353,49.451659
0.016245,13.766637,0.030320,25.694382
0.024890,21.093353,0.043397,36.776961
0.027848,23.599479,0.017429,14.770256
0.037550,31.821651,0.016068,13.616841
0.027389,23.210946,0.024229,20.532725
0.008511,7.212721,0.038669,32.770048
0.027529,23.329194,0.057491,48.720502
0.037367,31.666656,0.035502,30.086604
0.015103,12.799433,0.018086,15.327298
0.030546,25.886393,0.027610,23.397796
0.031557,26.743096,0.019459,16.490481
0.015211,12.890389,0.052886,44.818733
0.029958,25.387662,0.034015,28.826369
0.010192,8.636902,0.064380,54.559042
0.036707,31.107710,0.049339,41.812692
0.024950,21.144238,0.040915,40.996821
0.007375,6.249933,0.031456,26.657778
0.015383,13.036276,0.032383,27.442824
0.033736,28.589969,0.056560,56.673036
0.045223,38.324570,0.028381,24.051445
0.050171,42.517618,0.014784,12.529087
0.031008,26.277541,0.009918,8.404851
0.039105,33.139970,0.017462,14.798636
0.058280,49.389460,0.000762,0.645726
0.054190,45.923481,0.039299,33.303836
0.014618,12.388095,0.014398,12.201780
0.044747,37.920909,0.022007,18.650090
0.020770,17.601861,-0.008540,-8.557368
0.051508,43.650813,0.035299,29.914462
0.038839,32.914139,0.032955,27.927920
0.012307,10.430008,0.056152,56.264456
0.043492,36.857152,0.011687,9.904136
0.030355,25.724112,0.015515,13.148419
0.054086,45.835541,0.050628,42.905240
0.027688,23.464314,0.027669,23.448304
0.022238,18.845793,0.025874,21.927091
0.051982,44.052465,0.036423,36.495703
0.031365,26.580274,0.024074,20.401391
0.033612,28.484906,0.081098,68.726513
0.056445,47.834821,0.040904,34.664409
0.024743,20.968554,-0.003189,-2.702279
0.005166,4.377917,0.034608,29.328713
0.024901,21.102463,0.026900,22.796394
0.028292,23.976479,0.022667,19.208961
-0.006164,-5.224118,0.012542,10.628719
0.052377,44.386933,0.012437,10.539674
0.019052,16.145886,-0.001602,-1.605455
0.029498,24.998361,0.011014,9.333690
0.007363,6.239659,0.024601,20.848521
0.049820,42.219693,0.029124,24.681145
0.022197,18.811253,0.046896,39.741791
0.038014,32.215385,0.030677,25.997090
0.036437,30.878810,0.050397,42.708748
0.017305,14.665084,0.024536,20.793138
0.030312,25.688038,0.046197,39.149448
0.055454,46.994442,0.034164,28.952068
0.003118,2.641939,0.040103,33.985020
0.032982,27.950250,0.021050,17.838778
0.026970,22.855891,0.020676,20.717317
0.002452,2.077630,0.028231,23.924794
0.068929,58.414375,0.031041,26.305589
0.058718,49.760926,0.041065,41.146884
0.033589,28.464702,0.037716,31.962123
0.033276,28.199957,0.028719,24.338179
0.019107,16.192540,0.055564,47.088141
0.043052,36.484401,-0.002876,-2.437334
0.026297,22.285481,0.017104,14.494968
0.030932,26.213455,0.025154,21.316812
0.042692,36.179056,0.025804,21.867644
0.026617,22.557050,0.027828,23.583254
0.014030,11.889834,0.035159,29.795513
0.043304,36.697953,0.054289,46.006954
0.019741,16.729933,0.034074,28.876099
0.028042,23.763947,0.021590,18.296225
0.037554,31.825482,0.058992,49.993269
0.010435,8.843296,0.022432,19.009968
0.015161,12.848099,0.044418,44.506185
0.022291,18.890416,0.034559,29.287007
0.016393,13.892214,0.013340,13.366556
0.065266,55.309995,0.033565,33.631783
0.030643,25.968073,0.022324,18.918456
0.023063,19.545212,0.002810,2.381069
0.020537,17.403862,0.021768,18.447689
0.015747,13.344689,0.050584,42.867153
0.043737,37.065005,0.042609,36.109270
0.016687,14.141856,0.021212,17.975737
0.052838,44.777312,0.023222,19.679248
0.014306,12.123731,0.056558,47.929968
0.054256,45.978968,0.046050,39.025263
0.047001,39.831449,0.007340,6.220300
0.004247,3.599208,0.040631,34.432709
0.029743,25.205474,0.023327,19.768252
0.034481,29.221423,-0.004755,-4.029739
0.052089,44.142649,0.056728,48.074130
0.033573,28.451209,0.021904,18.562203
0.023315,19.758327,0.002549,2.159738
0.032920,27.898508,0.044214,37.469422
0.013080,11.085020,0.029571,25.059772
0.036072,30.569615,0.060248,60.368584
0.051468,43.616640,0.049972,42.348632
0.009111,7.721482,0.003632,3.077932
0.014842,12.577835,0.019552,16.569032
0.023649,20.041739,0.016315,13.825818
0.023054,19.537404,0.038448,32.582949
0.035263,29.883780,0.022581,19.136254
0.026563,22.510599,0.046551,39.449557
0.044643,37.833038,0.025892,21.941825
0.048204,40.850837,0.031525,26.716149
0.059097,50.081681,0.062716,53.148417
0.028263,23.951593,0.034172,28.959417
0.045339,38.422471,-0.000439,-0.372025
0.008934,7.570971,0.062344,62.468295
0.058925,49.936279,0.043056,36.487703
0.049593,42.027380,0.034116,28.911904
0.013921,11.797597,0.064144,54.358739
0.029228,24.768990,0.028006,23.734047
0.036736,31.132406,0.021329,21.371125
0.020863,17.680380,0.017076,14.471305
0.031013,26.281661,0.035476,35.546919
0.008656,7.335798,0.007948,6.735292
0.068892,58.382512,0.029776,25.233513
0.056309,47.718829,0.030910,26.194537
0.011551,9.788852,0.054545,46.224152
0.055180,46.762832,0.033766,28.614697
0.061146,51.818618,0.026668,22.599483
0.019140,16.220095,0.028536,24.183097
0.000583,0.494449,0.000999,0.846917
0.008219,6.964818,0.031783,26.934532
0.035404,30.003528,0.031453,26.655062
0.033538,28.422173,0.012935,10.961779
0.012971,10.992570,0.044132,37.399390
0.035660,30.220571,0.004037,3.421086
0.038355,32.503682,0.025493,21.604351
0.035851,30.382216,0.021834,18.503548
0.003816,3.233613,0.028719,24.338062
0.031984,27.105161,0.022140,18.762937
-0.006532,-5.535653,0.024449,20.719319
0.034600,29.321973,-0.003864,-3.274891
0.013439,11.388772,0.040447,34.276810
0.027953,23.688882,0.005417,4.590290
0.042795,36.266908,0.040527,34.344720
0.037007,31.361405,0.018820,15.949050
0.003474,2.944324,0.043656,36.996776
0.017735,15.029894,0.042327,42.411170
0.057923,49.086788,0.040804,34.579081
0.007629,6.465259,0.053072,44.975800
0.018102,15.340501,0.045541,38.594160
0.029309,24.837946,0.045423,38.493562
0.020693,17.536475,0.052479,44.473299
0.036283,30.748464,0.058215,49.334642
0.031847,26.988451,0.022296,18.895151
0.005262,4.459066,0.025819,21.880101
0.005910,5.008757,0.021779,18.456803
0.014327,12.141634,0.027034,22.910032
0.023860,20.220396,0.024551,20.806192
0.053234,45.113101,0.029259,24.795965
0.049759,42.168138,0.023834,20.198355
0.014404,12.206895,0.040654,34.452238
0.035997,30.505959,0.019788,16.769550
0.029231,24.771677,0.022719,19.253479
0.023035,19.521190,0.010615,8.995906
0.024605,20.851860,0.029043,24.612179
0.027364,23.189732,0.010250,8.686177
0.022660,19.202996,0.026132,22.145263
0.030308,25.684516,0.063112,63.238179
0.025396,21.521654,0.060203,51.019592
0.024153,20.468462,0.000096,0.080944
0.039087,33.124678,0.032858,27.845281
0.033594,28.469435,0.023082,19.560650
0.013121,11.119706,0.039302,33.306420
0.055436,46.979473,0.019673,16.671747
0.012515,10.605828,0.006355,5.385836
0.038580,32.694871,0.016943,14.358594
0.038172,32.348565,0.052028,44.091646
0.006395,5.419644,0.037412,31.704825
0.021631,18.331129,0.049989,42.363439
0.043999,37.286781,0.033714,28.571031
0.043255,36.656192,0.028460,28.516542
0.014555,12.334788,0.004143,4.151198
0.004632,3.925471,0.061134,51.808160
0.009262,7.849215,0.023112,19.586358
0.018761,15.898707,0.006067,5.141672
0.017426,14.767769,0.027117,22.980429
0.051753,43.858044,0.022678,19.218276
0.033117,28.065255,0.032903,27.883523
0.039522,33.493040,0.006622,5.611478
0.008906,7.547693,0.033707,28.565235
0.033594,28.469318,0.021574,18.283246
0.045164,38.274757,0.034753,29.451686
0.051994,44.062628,0.031920,27.050265
0.023051,19.534234,0.048598,41.184239
0.064106,54.326409,0.013708,11.616894
0.025849,21.905442,0.018529,15.702272
0.023266,19.716833,0.035357,29.963317
0.035351,29.958486,0.022567,19.124535
0.061810,52.381194,0.027838,23.591584
0.022247,18.853598,0.036828,31.210158
0.001539,1.303895,0.038923,32.985032
0.028360,24.033976,0.051943,44.019300
0.054408,46.108165,0.018861,15.984200
0.034602,29.323141,0.008096,6.860593
-0.001432,-1.213475,0.021184,17.952570
0.013253,11.231549,0.018829,15.957026
0.029373,24.892463,0.028604,24.240316
0.029258,24.794696,0.044078,37.353952
0.027774,23.537067,0.011736,9.945311
0.017876,15.148760,0.044095,44.183339
0.007403,6.273831,0.006904,5.851152
0.014994,12.706830,0.027550,23.347076
0.064843,54.951369,0.042629,36.126242
0.062069,52.600450,0.025117,21.285548
0.038116,32.301705,0.024937,21.132507
0.024493,20.756502,0.016590,14.059562
0.046753,39.620803,0.003154,2.673121
0.024202,20.510205,0.015264,12.935608
0.060803,51.527697,0.091905,92.088810
0.053839,45.626399,0.025800,21.864558
0.010496,8.894786,0.033144,33.210498
0.044308,37.549281,0.006405,5.427875
0.017066,14.462589,0.021906,18.564682
0.017561,14.881982,0.045266,38.360925
0.040834,34.604732,0.065296,55.335034
0.004063,3.443054,0.020876,17.691404
0.032657,27.675026,0.012288,10.413447
0.016569,14.041471,0.021638,21.680723
0.020880,17.694857,0.028729,24.346644
0.033289,28.210909,0.032135,27.232629
0.012837,10.878380,0.015297,12.963748
0.023467,19.886924,0.025261,21.407322
0.019788,16.769785,0.004547,3.853670
0.030865,26.156787,0.002863,2.426078
0.024217,20.522547,0.077901,78.056620
0.029011,24.585293,0.034558,29.286423
0.006739,5.710962,0.010019,8.490564
0.020846,17.666371,0.025579,21.677210
0.016959,14.371643,0.025764,21.833678
0.027207,23.056787,0.047621,40.356387
0.045393,38.468616,0.058578,49.642253
0.024371,20.653181,0.007884,6.680916
0.033355,28.266631,0.028888,24.481537
0.055173,46.756472,0.023063,19.544562
0.053605,45.427837,-0.008596,-8.613310
0.023973,20.316054,0.009374,7.944235
0.013812,11.704844,0.020915,17.724292
0.007089,6.007897,0.048948,41.480952
0.025548,21.650514,0.058469,49.549658
0.033845,28.682013,0.019040,16.135092
0.036968,31.329024,0.029141,24.695379
0.016971,14.382241,0.031415,26.623099
0.031195,26.436672,0.015586,15.616737
0.028172,23.874815,0.018591,15.754823
0.049474,41.926667,0.003573,3.580480
0.024331,20.618974,0.022672,19.213195
0.028563,24.205788,0.009649,8.177378
0.030958,26.235052,0.017828,15.108042
0.011364,9.630498,0.039641,33.593656
0.057990,49.143888,0.019267,16.327877
0.020404,17.291808,-0.011285,-11.307573
0.027161,23.017554,0.045138,38.252316
0.022591,19.145168,0.017232,17.266030
0.022646,19.191525,0.062520,52.983131
0.018808,15.939241,0.015160,12.847687
0.015210,12.889570,0.033902,28.729925
0.038481,32.610715,0.031702,26.865742
0.017265,14.631196,0.013206,11.191765
0.039815,33.741161,0.018003,15.256410
0.023011,19.500739,0.033700,28.558816
0.041412,35.094677,0.019535,16.554913
0.049041,41.559787,0.035615,30.181907
0.015159,12.846142,0.025580,21.677535
0.021951,18.602317,0.027823,23.578260
0.037906,32.123349,0.016296,13.809784
0.052079,44.134459,0.031481,26.678370
0.019597,16.607457,-0.043341,-43.427018
0.034604,29.325249,0.025816,21.878176
-0.004013,-3.400997,-0.052038,-44.099732
0.017700,15.000157,0.019197,16.268315
0.047917,40.607648,0.010539,8.931250
0.055550,47.075720,0.013547,11.480712
0.026349,22.329715,0.025828,21.887928
0.029157,24.709256,0.020862,17.679918
0.017459,14.795348,0.046607,39.497411
0.043950,37.245185,0.055087,46.683699
0.034734,29.435401,0.026635,22.571793
0.008231,6.975524,0.023009,19.499415
0.047341,40.119102,0.045663,38.697033
0.018250,15.465845,0.048192,40.840229
0.050342,42.662092,0.020871,20.912215
0.029534,25.028362,0.030584,30.645092
0.036055,30.555300,0.061933,62.056482
0.020354,17.249321,0.029906,25.343859
0.058877,49.895219,0.035560,30.135511
0.033931,28.754613,0.019235,16.300858
0.057403,48.645904,0.011612,9.841025
0.051799,43.897593,0.027439,23.252859
0.011081,9.390727,0.010878,9.218208
-0.002066,-1.751179,0.009503,8.053710
0.016010,13.568132,0.039167,33.191944
0.025329,21.464746,-0.002171,-1.839528
0.057104,48.392612,0.059895,50.758366
0.020539,17.405626,0.015278,12.947187
0.041674,35.316742,0.021976,22.019984
0.015879,13.456832,0.013952,11.823863
0.011161,9.458236,0.002617,2.217599
0.005432,4.603092,0.055617,55.728336
-0.002387,-2.022893,0.045032,38.162828
0.017282,14.645875,0.047038,39.862338
0.067891,57.534354,0.024952,21.145451
0.026810,22.720558,0.006883,5.833119
0.020489,17.363103,0.046348,39.277442
0.034701,29.407702,0.019676,16.674768
0.041711,35.348267,0.031294,26.519957
0.027812,23.569715,0.010991,9.314388
0.010697,9.064814,0.046799,39.659625
0.045386,38.462321,0.032278,27.354463
0.023216,19.674420,0.033731,28.585353
0.048034,40.706538,0.069670,69.809259
0.027611,23.398942,0.034454,29.197852
0.019701,16.695734,0.041587,35.243362
0.011346,9.615526,0.068988,69.125651
0.067467,57.175286,0.032914,27.892786
0.057711,48.907278,0.022309,18.905417
0.044883,38.035890,0.034216,28.996013
0.045949,38.939779,0.011687,9.904102
0.021557,18.268338,0.028680,24.304669
0.025948,21.989495,0.019497,16.522641
0.031978,27.099614,0.032137,27.234315
0.031046,26.310367,0.038071,32.263515
0.052283,44.307258,0.063306,63.432174
0.002346,1.988236,0.057912,58.027176
0.017741,15.034254,0.031021,26.289178
0.033045,28.003641,0.025993,22.028231
-0.002575,-2.182139,0.034029,28.837947
0.012025,10.190953,0.058794,49.825488
0.018539,15.710800,0.026694,22.621888
0.037885,32.105562,0.015254,12.927299
0.014551,12.331574,0.012265,10.394278
0.055820,47.304716,0.042156,35.725527
0.011750,9.957407,0.010258,8.693353
0.016848,14.278016,0.008935,7.572301
0.028358,24.032239,0.014060,11.915436
0.021604,18.308636,0.026641,22.576730
0.002616,2.216600,0.012028,10.193418
0.015381,13.034953,0.052386,44.394373
0.016663,14.121288,0.021822,18.493137
0.052035,44.096945,0.038175,32.351807
0.040665,34.462039,0.052301,44.322426
0.041706,35.344111,-0.009032,-9.050134
0.041907,35.514282,0.015273,12.943458
0.004045,3.428362,0.031799,26.948145
0.035159,29.795774,0.014242,12.069667
0.012872,10.908779,0.036840,31.220006
0.053274,45.147131,0.028655,24.284020
0.027926,23.666149,0.003483,2.951575
0.037500,31.779681,0.015819,13.405877
0.005481,4.644607,0.051192,43.382674
0.050394,42.706290,0.038762,32.849249
0.058842,49.865737,0.020134,17.062229
0.038197,32.370545,0.042065,35.647758
0.030980,26.253810,0.065074,55.147395
0.041036,34.776474,0.044978,38.116375
0.034984,29.646971,0.040293,34.146250
0.017340,14.694564,0.037064,31.409642
0.047289,40.075222,0.028494,24.147086
0.013649,11.567009,0.018103,15.341814
0.002260,1.914873,0.017960,15.219828
0.033028,27.989818,0.018561,15.729877
0.010024,8.494810,0.026019,22.049829
0.029490,24.991167,0.038335,32.487481
0.011287,9.565090,0.024498,20.760918
0.026601,22.543112,0.036407,30.853429
0.029267,24.802569,0.018497,18.534346
0.044189,37.448283,0.054306,46.021414
0.014948,12.667752,0.021244,18.003397
0.060952,51.653552,0.020249,17.160453
0.011996,10.165617,0.008000,6.779744
0.037741,31.983298,0.011401,9.661459
0.049492,41.942456,0.022342,18.933464
0.056725,48.071348,0.048262,40.899704
0.022983,19.477377,0.013278,11.252158
0.009043,7.663093,-0.005470,-4.635225
0.023481,19.899415,0.005813,4.926460
0.041260,34.965664,0.016310,13.821579
0.036856,31.233497,0.060307,51.107021
0.004168,3.531954,0.031700,26.864125
0.055503,47.036045,0.044715,37.893952
0.027122,22.984603,0.067773,57.434314
0.058226,49.344078,0.028008,28.063707
0.014356,12.165819,0.028299,28.355321
0.029513,25.011103,0.022183,18.798675
0.063084,53.460751,-0.014612,-12.382974
0.013860,11.745314,0.013497,11.438132
0.021597,18.302314,0.021392,18.128726
0.044291,37.534611,0.025229,21.380499
0.027850,23.601605,0.044281,37.526352
0.024937,21.132673,0.006646,5.631858
0.062179,52.693900,0.014474,12.266225
0.030065,25.478318,0.018666,15.818619
0.052804,44.748783,0.047145,39.953340
0.055459,46.998885,0.052234,44.266030
0.054250,45.974082,0.024984,21.172652
0.025890,21.940952,0.038451,32.585243
0.045085,38.207763,0.011412,9.670990
0.036072,30.569374,0.008051,6.823134
0.037338,31.641989,0.040516,34.335479
0.025757,21.827889,0.007726,6.547069
0.043870,37.177973,0.032440,27.490979
0.033307,28.226388,0.007330,7.344826
0.034020,28.830384,0.068752,58.263735
0.010671,9.042907,0.029384,24.901334
0.012877,10.912969,0.044289,37.532856
0.034194,28.977934,0.028184,23.884374
0.015729,13.329404,0.036715,31.114486
0.010899,9.236588,0.053975,45.741218
0.051782,43.883131,0.026805,22.715979
0.026273,22.265396,0.050599,50.699826
0.039814,33.740159,0.011424,9.681282
0.044496,37.707956,0.020688,17.532499
0.034614,29.333845,0.022437,19.014237
0.014630,12.397846,0.041825,35.444956
0.002263,1.917930,0.043707,37.039813
0.022097,18.726462,0.019152,19.190426
0.057691,48.890398,0.026056,22.081419
0.028703,24.324139,0.010093,8.553108
0.014961,12.678510,0.045183,38.290747
0.037064,31.409576,0.032313,27.383552
0.032688,27.701156,0.049116,41.623358
-0.000578,-0.489954,0.033291,28.212340
0.020485,17.359712,0.016775,14.216300
0.055759,47.253217,0.051616,43.742183
0.020713,17.553392,0.065034,55.113479
0.035190,29.821888,0.032799,27.795919
0.009803,8.307688,0.036967,31.327469
0.035537,30.116048,0.079322,79.480673
0.052746,44.700088,0.007445,6.309451
0.055586,47.106764,0.050811,43.059954
0.028093,23.807839,0.021529,18.245096
0.007912,6.705002,0.003872,3.281669
0.036090,30.584601,0.029326,24.852277
0.062046,52.580886,0.022645,19.190975
0.032941,27.915999,0.055957,47.421076
0.055881,47.356849,0.015529,13.160333
0.031973,27.095709,0.002979,2.524668
0.053510,45.347055,0.032939,27.914417
0.023067,19.548168,0.030396,25.758968
0.024478,20.743615,0.012922,10.950855
0.027749,23.516226,0.007017,5.946784
0.061143,51.816171,0.002893,2.451317
0.039683,33.629673,0.042573,36.078664
0.063092,53.467163,0.014408,12.210404
0.012324,10.444023,0.007666,6.496313
0.025457,21.573762,0.036170,30.652100
0.052942,44.865648,0.055715,47.215412
0.021971,18.619604,0.051007,43.225589
0.008872,7.518869,0.027857,23.607331
0.055737,47.234587,0.014972,12.688387
0.016454,13.944158,0.031353,26.569943
0.026769,22.685273,0.016075,13.622749
0.042300,35.847542,0.024828,21.040317
0.013501,11.441863,0.030517,25.861587
0.053060,44.965841,0.006915,5.859754
0.016599,14.066740,0.053485,45.325867
0.038982,33.035730,0.016093,13.638295
0.054789,46.431205,0.022573,19.129636
0.032470,27.517109,0.008690,7.364640
0.010112,8.569148,0.024406,20.682636
0.061256,51.911745,0.064786,64.915067
0.011737,9.946831,0.024357,20.641266
0.027393,23.213944,0.055152,46.738815
0.030613,25.942781,0.019122,16.205038
0.026530,22.482935,0.005126,4.343697
0.011832,10.027480,0.032524,27.562545
0.055383,46.934330,0.027700,23.474819
0.037195,31.521020,0.007546,6.394802
0.016191,13.720740,0.032818,27.811575
0.013740,11.644288,0.036716,31.114896
0.020842,17.662317,0.041209,34.922746
0.039236,33.250342,0.009070,7.686514
0.030695,26.012886,0.000191,0.161576
0.010229,8.668227,0.059539,50.456429
-0.000556,-0.471087,0.049570,42.008398
0.047144,39.952023,0.036774,31.164297
0.017582,14.899556,0.032829,27.820868
0.008530,7.228654,0.002345,1.987390
0.030467,25.819234,0.019483,16.510572
0.033830,28.669188,0.025331,21.466404
0.023536,19.945799,0.032648,27.667232
-0.002252,-1.908830,0.052140,44.186063
0.017695,14.995799,0.042524,36.037193
0.050811,43.060111,0.049443,41.900751
0.003288,2.786540,0.041643,35.290726
0.016036,13.589540,0.032067,27.175367
0.041375,35.063493,0.022839,19.354902
0.025916,21.962659,0.049607,42.039234
0.038119,32.303639,0.047815,40.520806
0.044929,38.075568,0.051675,43.792136
0.053767,45.565017,0.004662,3.950743
0.046013,38.994206,0.036800,31.185882
0.009925,8.410832,0.023593,19.994041
0.030137,25.539748,0.035825,30.360302
0.054217,45.946015,0.045182,38.289324
0.049509,41.956345,0.015498,13.134136
0.016955,14.368917,0.023249,19.702346
0.024706,20.937481,0.066947,67.080774
0.065361,55.389933,0.054063,45.815583
0.035706,30.258728,0.010886,9.225684
0.029871,25.314268,0.024293,20.586827
0.058493,49.570348,0.002906,2.463062
0.052635,44.605271,0.002528,2.533446
0.012358,10.472877,0.011026,9.343821
0.019719,16.711036,0.038979,33.032919
0.028240,23.932429,0.053484,45.324869
0.013794,11.690089,0.023066,19.547530
0.002985,2.529927,0.036151,30.635937
0.020203,17.120983,0.032155,27.249973
0.034087,28.887005,0.014188,12.023573
0.033150,28.092915,0.012585,10.665296
0.060055,50.893350,0.034985,29.648230
0.049041,41.559863,0.023263,19.714164
0.010796,9.149460,0.020045,16.987163
0.030064,25.477934,0.034058,28.862196
0.015073,12.773300,0.024879,21.083912
0.033248,28.176057,0.053701,45.509257
0.012116,10.267690,0.017938,15.201607
0.024434,20.706668,0.046918,39.760892
0.016581,14.051557,0.047848,40.548589
0.021234,17.994536,0.041121,34.848222
0.026595,22.537771,0.034972,29.637493
0.018931,16.043503,0.029129,24.685487
0.051447,43.598815,0.031047,26.310547
0.029798,25.252367,0.014980,15.010123
0.016002,13.561017,0.042633,36.129343
0.025794,21.859354,0.000024,0.020169
0.008484,7.189765,0.064426,54.597727
0.004255,3.605771,0.029115,24.673311
0.044573,37.773186,0.028364,24.036862
0.026125,22.140012,0.027417,23.234944
0.047045,39.868256,0.001630,1.381114
0.029172,24.721780,0.054322,46.035135
0.032899,27.880756,0.009561,8.102520
0.056609,47.973164,0.041914,35.520507
0.028590,24.228559,0.052096,44.149000
0.014343,12.155098,0.067901,57.543112
0.048923,41.460283,0.041509,35.177322
0.007047,5.972055,0.006845,5.800626
0.027154,23.011642,0.062389,52.871464
0.017154,14.536915,0.028812,24.416448
0.045363,38.442731,0.026066,22.089652
0.025395,21.521348,0.030220,25.610185
0.046208,39.159204,0.001190,1.008714
0.036004,30.512083,0.026942,26.995314
0.036953,31.315685,0.060041,50.881838
0.037671,31.924151,0.054536,46.216780
0.046359,39.287155,0.004716,3.996528
0.059197,50.166658,0.005926,5.022360
0.027844,23.596643,0.005215,4.419165
0.029780,25.237305,0.018110,15.347616
0.008071,6.840006,0.024930,21.127045
0.034574,29.299455,0.052138,44.184401
0.024557,20.810466,0.012762,10.814837
0.059793,50.671780,0.022679,19.219301
0.025686,21.767609,0.026903,22.799206
0.043520,36.880925,0.038968,33.023681
0.015002,12.713496,0.030816,26.115203
0.044907,38.056311,0.020276,17.182553
0.055051,46.652740,0.038504,32.630464
0.032630,27.652007,0.033898,28.727065
0.046649,39.532849,0.033748,28.599705
0.018868,15.989574,0.047360,40.135649
0.003231,2.738424,0.001890,1.601442
0.046357,39.285419,0.045806,38.818540
0.019302,16.357612,0.051729,43.837969
0.029588,25.074665,0.036606,31.022067
0.014128,11.973115,0.045369,38.448289
-0.004533,-3.841580,0.007124,6.037229
0.021462,18.187797,0.024563,20.816146
0.047601,40.339450,0.018314,15.520241
0.018473,15.655199,0.072722,72.867439
0.057186,48.462588,0.056169,47.600330
0.024636,20.877666,0.047835,40.537473
0.030553,25.891809,0.057827,49.005426
0.000994,0.841961,0.046858,39.709657
0.041228,34.938568,0.025420,21.542575
0.026290,22.279794,0.029424,24.935702
0.019719,16.710644,0.004451,3.771921
0.023766,20.140799,0.052404,44.410312
0.023779,20.151518,0.005143,4.358365
0.020886,17.700070,0.013691,11.602064
0.049285,41.766701,0.025095,21.266845
0.045294,38.384546,0.026375,22.351559
0.023757,20.133024,0.055957,56.069066
0.044618,37.811841,0.025922,21.967491
0.025438,21.557835,-0.004340,-3.678119
0.036589,31.007526,0.014671,12.432801
0.008296,7.030194,0.028773,28.830451
-0.005940,-5.033818,0.029196,24.741800
0.012984,11.003093,0.018674,15.825120
0.015016,12.725520,0.013123,11.121199
0.022746,19.275891,0.010287,10.307326
0.015308,12.973101,0.057693,48.892001
0.015741,13.339775,0.037579,31.846540
0.051779,43.879822,0.031328,26.548875
0.020870,17.686479,0.008723,7.392392
0.043568,36.921772,0.014210,12.042137
0.031757,26.912162,0.035539,30.117404
0.043072,36.501142,0.010801,9.153259
0.049308,41.786483,0.028110,23.822109
0.017761,15.051835,-0.020728,-20.769478
0.032633,27.654985,0.007266,6.157583
0.009971,8.449815,0.025366,25.416515
0.026796,22.708621,0.015649,13.262182
0.020058,16.998410,0.057747,48.937731
0.022938,19.438522,0.005274,4.469414
0.034037,28.844646,0.050924,43.155956
0.029018,24.591250,0.028902,24.493215
0.055208,46.786318,0.059156,50.131839
0.023512,19.925403,0.024665,20.902141
0.015108,12.803505,0.025841,21.899043
0.040366,34.208453,0.010973,9.299043
0.011952,10.128847,0.036231,30.703864
0.032839,27.829304,0.004396,4.405051
0.029057,24.624781,0.030354,25.723308
0.009881,8.373573,0.009331,7.907220
0.046792,39.654279,0.036936,31.301434
0.059893,50.756136,0.068335,57.910454
0.004196,3.555749,0.060611,51.365045
0.033579,28.456749,0.034633,29.350148
0.026564,22.512120,0.012802,10.849287
0.067351,57.076792,0.014494,12.282680
0.024561,20.814441,-0.002592,-2.596670
-0.000817,-0.692227,0.015630,13.245968
0.027362,23.188011,0.027819,23.575117
0.031056,26.318624,0.035130,29.771036
0.009840,8.338949,0.013827,11.717514
0.029064,24.630476,0.044245,44.333361
0.038833,32.908846,0.035393,29.994073
0.020705,17.546428,0.012362,10.476256
0.020934,17.740271,0.035129,29.770272
-0.002593,-2.197862,0.035302,29.916534
0.025299,21.439305,0.063378,53.709692
0.037228,31.548641,0.014041,11.899429
0.019248,16.311849,0.032783,27.781839
0.020971,17.772003,0.015379,13.032776
0.029769,25.227952,0.053968,45.735301
0.017359,14.711181,0.032750,27.754055
0.048048,40.718257,0.010566,8.954537
0.016457,13.946893,0.051477,43.624391
0.040593,34.400349,0.053329,45.194082
0.026201,22.204254,0.021599,18.303837
0.007037,5.963695,0.050335,42.656851
-0.000907,-0.768560,0.050855,43.097001
0.024038,20.371142,0.033654,28.520381
0.038797,32.878206,0.033450,28.347662
0.040455,34.283359,0.025173,21.333147
0.015192,12.874899,0.014237,12.064999
0.061183,51.849721,0.047105,39.919377
-0.000039,-0.033164,0.014166,12.004836
0.006845,5.800457,0.034177,28.962976
0.027935,23.673812,0.042606,36.106627
0.025878,21.930605,0.018744,15.884809
0.017214,14.587919,0.008170,6.923288
0.004186,3.547330,0.046193,39.146497
0.060401,51.186567,0.029683,25.154980
0.032422,27.475790,0.065859,65.990369
0.048741,41.305312,0.039325,33.326443
0.016527,14.005774,0.008391,7.111367
0.021772,18.450813,0.050956,43.183050
0.035981,30.492356,0.008504,7.206689
0.034129,28.922806,0.040464,40.544464
0.038967,33.022922,0.006932,5.874439
0.018449,15.634674,0.059910,60.029060
0.015677,13.285333,0.003562,3.018782
0.027713,23.485503,0.003255,2.758693
0.007327,6.209208,0.048734,41.299719
0.017405,14.749670,0.005288,4.481621
0.009085,7.699078,0.004129,3.499460
0.019519,16.541275,0.065873,66.004726
0.006607,5.599119,0.051658,43.777847
0.029998,25.421549,0.014002,11.865850
0.023697,20.082296,0.029874,25.317106
0.019439,16.473960,-0.002615,-2.216503
0.023785,20.156947,0.023881,20.238346
0.008231,6.975476,0.056280,47.694971
0.009230,7.822273,0.048650,41.228214
0.029057,24.624313,0.024783,21.002124
0.033926,28.750778,0.009984,8.461240
0.038723,32.816172,0.046937,39.777260
0.056027,47.480079,0.056914,48.232218
0.000289,0.244953,0.024094,20.418819
-0.002591,-2.195357,0.045362,45.452415
0.026015,22.046071,0.042585,36.088674
0.019383,16.426190,0.050691,50.792264
0.029389,24.905614,0.017815,15.097368
0.030946,26.225324,0.023058,19.540648
0.033973,28.790801,0.034760,29.457839
0.011764,9.969275,0.050928,43.158849
0.057016,48.318544,0.028610,24.245648
0.009806,8.310042,0.025002,21.188366
0.034859,29.541720,0.031634,26.808439
0.054190,45.923645,0.025966,22.005194
0.039193,33.213995,0.046321,39.254528
0.004520,3.830406,0.017159,14.541504
0.039011,33.059834,0.041892,35.501331
0.046640,39.524954,0.009813,8.315948
0.028267,23.955049,0.045629,45.720430
0.049906,42.293202,0.015446,13.089907
0.036871,31.246528,0.047966,40.649202
0.034128,28.922247,0.022186,18.801355
0.032229,27.312522,0.068328,57.905143
0.016450,13.940174,0.014701,12.458630
0.006301,5.339829,0.000263,0.263242
0.016177,13.709034,0.024644,24.692673
0.010223,8.663424,0.045224,38.325559
0.037600,31.864160,0.057632,48.840704
0.032582,27.611687,0.030117,25.523136
0.022609,19.159867,0.015798,13.388061
0.034150,28.940280,0.006497,5.506295
0.012054,10.215262,0.043635,36.978183
0.009351,7.924438,0.000397,0.336739
0.016481,13.967171,0.049229,41.719099
0.011078,9.388214,0.011645,9.868900
0.016728,14.175785,0.057961,49.118937
0.022457,19.031488,0.022825,19.342745
0.038685,32.783493,0.026727,22.650278
0.007817,6.624413,0.012948,10.972458
0.019907,16.870014,0.014626,14.655161
0.058002,49.154077,0.055337,55.446905
0.063377,53.708728,0.038713,32.807103
0.019321,16.373272,0.048739,41.304235
0.054717,46.370375,0.034650,29.364052
0.029659,25.134704,0.003584,3.037267
0.011641,9.864862,0.028127,23.836538
0.056909,48.227317,0.000575,0.487049
0.012740,10.796265,0.031764,26.918595
0.019955,16.910591,0.014105,11.953719
0.052837,44.776522,0.036917,31.285386
0.015035,12.741532,0.026609,22.549944
0.024937,21.132552,0.030940,26.220186
0.009521,8.068348,0.021529,18.245211
0.015892,13.467976,0.008553,7.248226
0.051370,43.533665,0.007554,6.401727
0.045722,38.747503,0.018158,15.387808
0.056017,47.471501,0.029545,25.038185
0.020740,17.576334,0.010351,8.772063
0.041740,35.372819,0.001405,1.190355
0.022998,19.489497,0.033962,28.780842
0.050264,42.596524,0.007511,6.365461
0.002931,2.484267,0.004723,4.002722
0.008068,6.837526,0.034818,29.506269
0.026690,22.618537,0.031569,26.753647
0.035727,30.277204,0.008103,6.867098
0.023340,19.779635,0.015033,12.739903
0.026079,22.100622,0.058144,58.260331
0.025850,21.906397,0.048872,41.416323
0.019080,16.169382,0.014893,12.620881
0.036699,31.100835,0.011461,9.712377
0.011444,9.698518,0.019431,16.467082
0.016569,14.041369,0.004678,3.964015
0.011091,9.398955,0.005744,4.868110
0.021844,18.511477,0.021931,18.585141
0.030176,25.572953,0.052497,44.488804
0.005546,4.699691,0.027072,27.126124
0.027889,23.634406,0.045148,38.260402
0.016895,14.317589,0.036925,36.998769
0.009827,8.327981,0.029910,29.969459
0.046144,39.105018,0.003709,3.143219
0.018220,15.440601,0.012767,10.819565
0.025780,21.847616,0.008833,7.485435
0.032410,27.466116,0.014105,11.953474
0.037300,31.610331,0.028092,23.806603
0.003978,3.371261,0.030417,25.776838
0.039256,33.267960,0.024699,20.931007
0.063967,54.208731,0.032304,27.376224
0.011280,9.559026,0.095731,95.921547
0.050905,43.139479,0.003254,2.758000
0.019462,16.492731,0.023925,20.275589
0.033694,28.553840,0.048078,40.743657
0.010140,8.593570,0.013945,11.818010
0.022340,18.932371,0.022373,18.960236
0.012595,10.674042,0.018773,15.908972
0.004974,4.215267,0.014477,12.268246
0.036640,31.050704,-0.012883,-10.918015
-0.004352,-3.687763,0.034172,28.958758
0.005333,4.519228,0.030339,25.710582
0.042126,35.700092,0.013803,11.697494
0.030994,26.266087,0.026240,22.237078
0.025776,21.843887,0.033319,28.235944
0.027949,23.685238,0.021869,18.533204
0.035216,29.843645,0.038806,38.883443
0.023842,20.205100,0.048376,40.996671
0.008209,6.956438,0.032989,27.956466
0.007326,6.208684,0.052108,44.159323
0.024239,20.541765,0.026975,22.860032
0.030863,26.155162,0.029250,24.788400
0.028262,23.950785,0.031571,31.634239
0.051151,43.347623,0.008872,7.518376
0.014308,12.125085,0.057616,48.826585
0.019140,16.220655,-0.022022,-22.065764
0.043329,36.719521,0.006542,5.544034
0.052194,44.232271,0.027435,23.249546
0.064082,54.306789,0.023475,19.893797
0.055108,46.701549,0.020691,17.534672
0.036387,30.836574,0.023310,19.753885
0.044728,37.904426,0.028605,24.241110
0.027397,23.218015,0.022751,19.280531
0.051617,43.743062,0.058904,49.918083
0.045221,38.322922,0.053777,45.573313
0.041803,35.425942,0.032667,27.683982
0.026934,22.825229,-0.009226,-7.818639
0.026289,22.278261,0.032610,27.635325
0.012553,10.637824,0.030872,26.162423
0.008250,6.991235,0.050983,51.084938
0.018633,15.790947,0.030492,25.840633
0.034829,29.516288,0.024645,20.885714
0.034690,29.398483,0.041533,35.197012
0.051184,43.375889,0.020561,17.424847
0.026100,22.118562,0.020639,17.490531
0.032418,27.472593,0.022556,19.115372
0.050860,43.101162,0.064297,54.488339
0.025330,21.465577,0.020631,17.483846
0.023951,20.296944,0.059008,50.006576
0.003005,2.546937,0.042485,36.004129
0.007843,6.646443,0.019228,16.294903
0.050012,42.382421,0.006361,5.390670
0.048686,41.258891,0.036912,31.281098
0.039871,33.788624,0.046306,39.241759
0.052945,44.868779,0.064086,54.309584
0.030627,25.954848,0.027827,23.582440
0.027218,23.065561,0.020967,17.768895
0.054986,46.597734,0.006166,5.225205
0.055272,46.840757,0.044902,38.052035
0.020844,17.663964,0.035183,29.815986
0.004734,4.011750,0.001865,1.580517
0.014899,12.626381,0.011023,9.341836
0.048199,40.846779,0.053981,45.746064
0.023276,19.724983,0.032664,27.681257
0.011058,9.371215,0.032274,27.350773
0.044008,37.295032,0.023219,19.676676
0.025790,21.855767,0.031764,26.918824
0.003168,2.685107,0.055548,47.074441
0.035714,30.265965,0.051612,43.738861
0.012935,10.961783,0.002832,2.399571
0.048270,40.906169,0.049767,42.175204
0.025233,21.383595,0.046323,39.256439
0.022114,18.740957,0.021150,17.923807
0.023253,19.706035,0.007724,6.546143
0.009942,8.425326,0.043857,37.166903
0.032002,27.120190,0.012917,10.946659
0.052091,44.144470,0.030271,30.331557
0.013021,11.034261,0.013226,11.208128
0.030933,26.214027,0.026485,22.444661
0.004387,3.717463,0.089743,89.922282
0.060139,50.964963,0.043836,37.148610
0.000598,0.506504,0.022393,18.976669
0.007772,6.586149,0.069096,58.555473
0.015514,13.147570,0.075824,75.975115
0.002377,2.014079,0.017559,14.880825
0.012836,10.877481,0.025525,21.631084
0.060478,51.251964,0.019902,16.866084
0.032273,27.349667,0.014810,12.551139
0.025683,21.765150,-0.003810,-3.228474
0.014112,11.959143,0.062119,52.643012
0.027349,23.177172,0.022271,18.873959
0.003203,2.714257,0.027857,23.607274
0.015863,13.443072,0.021395,18.131213
0.019809,16.787325,0.024111,20.433155
0.007145,6.054832,0.035464,30.054391
0.008612,7.298184,0.056090,47.533393
0.025256,21.403598,0.063920,54.168923
0.031689,26.855226,0.010634,9.011534
0.057044,48.341726,0.001696,1.437113
0.026291,22.280443,0.016877,14.302306
0.029419,24.930788,0.042948,36.396462
0.017528,14.854033,0.049277,41.759772
0.022178,18.795088,0.025322,21.459521
0.027238,23.082881,0.074589,63.210270
0.056725,48.072130,0.059534,59.652360
0.010553,8.943443,0.022642,19.187931
0.029630,25.109875,0.061101,51.780015
0.024961,21.152860,0.007440,6.305301
0.033856,28.691160,-0.004940,-4.949664
0.009168,7.769109,0.016367,13.870497
0.029408,24.921479,0.009411,9.429986
0.015659,13.270362,0.038288,32.447070
0.050996,43.216508,0.064253,64.381497
0.057578,48.794569,0.063801,54.067910
0.011630,9.855620,0.023735,20.114483
0.004834,4.096281,0.036169,30.651364
0.023378,19.811943,0.016401,13.899054
0.025058,21.235375,0.055930,47.398020
0.029289,24.820973,0.029204,24.749420
0.054307,46.022301,0.028969,24.549478
0.022460,19.033783,0.058393,58.509967
0.018578,15.744166,0.034769,29.465221
0.020707,17.547848,0.042152,35.721919
0.011871,10.060191,0.053644,45.460547
0.056457,47.844978,0.044208,37.463953
0.054667,46.327718,0.071000,60.168920
0.027019,22.897382,0.022848,19.362638
0.033564,28.444094,0.044579,37.778998
0.012389,10.499213,0.021804,18.477818
0.045493,38.553406,0.028193,28.248816
0.017600,14.915208,0.023384,23.430503
0.052619,44.592093,0.034652,29.366246
0.035738,30.286019,0.038020,32.220491
0.007756,6.572471,0.008071,6.840032
0.018466,15.648710,0.019157,16.234246
0.036709,31.108824,0.037970,32.177592
0.034929,29.600476,0.050742,43.001266
0.061163,51.832411,0.016331,13.839805
0.025447,21.564777,-0.027865,-27.920765
0.032306,27.378215,0.074513,74.661733
0.035714,30.265963,0.007041,5.966904
0.006274,5.316969,0.012994,11.011379
0.054806,46.445377,0.024171,20.483597
0.036088,30.583157,0.031985,27.105695
0.034996,29.657270,0.038767,32.853328
0.001528,1.294862,0.005723,4.849931
0.059069,50.057874,0.044466,44.554814
0.036733,31.129416,0.043394,36.774503
0.027610,23.398342,0.012835,10.876787
0.026299,22.286998,0.055391,55.501483
0.032054,27.164337,0.030669,30.730117
0.043679,37.015733,0.035574,30.146867
0.027738,23.506297,0.032361,27.424038
0.021534,18.249010,0.016356,13.861314
-0.001319,-1.118190,0.055730,47.228824
0.046015,38.995249,0.001298,1.099656
0.024337,20.624361,0.018734,15.876280
0.059241,50.204164,0.035483,30.070502
0.051882,43.967634,0.008946,7.581264
0.012153,10.299268,0.013892,11.772523
0.066682,56.509773,0.008761,7.424918
0.025600,21.694859,0.073071,61.924090
0.015363,13.019617,0.017976,18.012051
0.033472,28.365713,0.024540,20.796141
0.001687,1.429234,0.001929,1.634625
0.038928,32.990037,0.024913,21.112512
-0.000428,-0.362544,0.020621,17.474894
0.049739,42.151047,0.025821,21.881972
0.020977,17.776702,0.072608,61.531556
0.013011,11.026168,0.059780,50.661122
0.042418,35.946948,0.052080,44.135533
0.002981,2.526059,0.026900,22.796784
0.033160,28.101804,0.039963,33.866834
0.018062,15.306282,0.008070,6.839244
0.003736,3.166126,0.053573,45.400515
0.015865,13.445187,0.065447,55.463456
0.015687,13.293767,0.007689,6.515896
0.040646,34.445530,0.048621,41.203652
0.008775,7.436595,0.046009,38.990132
0.000187,0.158188,0.021558,18.269088
0.052281,44.305904,0.026375,22.351472
0.029730,25.194857,0.046282,39.221460
0.037939,32.151293,0.046087,39.056889
0.054859,46.490326,0.080763,68.443009
0.031085,26.343420,0.054046,45.801304
0.026096,22.115364,0.052717,44.674900
0.016928,14.346035,0.013571,11.500647
0.020546,17.412111,0.024673,20.909469
0.023535,19.944663,0.027540,27.594671
0.031441,26.645121,0.074108,74.255883
0.066155,56.063136,0.009576,8.115178
0.034293,29.061989,0.045703,38.730815
0.044838,37.997768,0.015538,13.167595
0.048758,41.320084,0.083515,83.681593
0.023986,20.327277,0.027634,23.418796
0.026892,22.789988,0.038909,32.973116
0.068231,57.822487,0.028816,24.420381
0.033128,28.074795,0.000106,0.090161
0.025554,21.656176,0.042183,35.748398
0.055816,47.301216,0.017297,14.658614
0.060619,51.371297,0.007448,7.463070
0.028548,24.193366,0.013313,11.281782
0.016820,14.254299,0.013497,11.438105
0.030058,25.472668,0.040560,34.372470
0.001935,1.639902,0.047998,40.675752
0.027606,23.394964,0.013981,14.008692
0.009901,8.390575,0.018382,15.578233
0.010249,8.685154,0.053686,45.496558
0.043905,37.207744,0.048632,41.213391
0.037216,31.538545,0.035561,30.135885
0.012276,10.402952,0.025537,21.641593
0.020897,17.709294,0.010328,8.752580
0.028627,24.259927,0.028302,23.984785
0.053165,45.054980,0.030587,25.920664
0.022452,19.027048,0.025525,21.631128
0.032945,27.919098,0.034983,29.646507
0.015531,13.161636,0.005321,4.509344
0.013302,11.273171,0.015126,12.818663
0.025988,22.023645,0.047287,40.073346
0.047764,40.477582,0.055185,46.766620
0.011426,9.683155,0.025147,21.310468
0.068103,57.714396,0.034879,29.558700
0.046536,39.436721,0.037940,32.151967
0.034789,29.481608,0.033816,28.657213
-0.000912,-0.772527,0.029212,24.756069
0.049145,41.647967,0.037611,31.873153
0.011833,10.027807,0.055098,46.693157
0.060036,50.877836,0.039844,33.765581
0.052492,44.484344,0.049470,41.923256
0.042793,36.264812,0.034493,29.231108
0.018598,15.761282,0.028056,28.111702
0.017382,14.730214,0.025394,25.444299
0.006126,5.191136,0.042100,35.677885
0.010103,8.561629,0.046594,39.486282
0.017983,15.239402,0.029513,25.011040
0.038603,32.714088,0.013426,11.377788
0.057689,48.888362,0.017391,17.425995
0.021131,17.907411,0.020685,17.529569
0.010656,9.030188,0.009065,7.681928
0.037022,31.374158,0.050004,42.375714
0.025480,21.593271,0.023604,20.003026
0.041362,35.052403,0.032048,27.159546
0.011484,9.732225,0.002848,2.413211
0.018367,15.564837,0.020711,17.551484
0.034531,29.263089,0.051428,43.582864
0.057753,48.943260,0.093531,93.717899
-0.006351,-5.382480,0.029972,25.399992
0.031080,26.338553,0.052546,44.529869
0.022728,19.260578,0.020805,17.630937
0.028177,23.878625,0.029281,24.814221
0.021928,18.582752,0.044300,37.541984
0.019148,16.227267,0.033131,28.076960
0.054891,46.517154,0.026819,22.727404
0.009440,8.000360,0.019075,16.165194
0.062575,53.029356,0.024559,20.812836
0.009911,8.399084,0.043803,43.890390
0.029499,24.998836,0.054764,46.409936
0.027382,23.204801,0.036273,36.345483
0.021946,18.598224,0.012740,10.796898
0.027207,23.056582,0.029754,25.214778
0.029708,25.176183,0.028900,24.491495
0.001508,1.278119,0.021874,18.537191
0.052825,44.766318,0.052167,44.208749
0.004947,4.192431,0.001093,0.926302
0.027051,22.924472,0.037801,32.034829
0.011877,10.065235,0.029094,24.655432
0.036544,30.969200,0.056694,48.045128
0.040404,34.240401,0.043450,36.821854
0.008407,7.124605,0.029863,25.307709
0.029928,25.362559,0.042700,36.186598
0.043141,36.560265,0.009576,8.115135
0.045261,38.356863,0.012419,10.524527
0.023519,19.930824,0.035434,35.504334
0.039223,33.239852,0.035220,29.847091
0.029199,24.745011,0.008324,7.054327
0.028414,24.079587,0.022417,18.997279
0.038190,32.364351,0.031150,31.212230
0.055844,47.325357,0.002790,2.364469
0.050158,42.506093,0.009859,8.355219
0.054130,45.872183,0.013982,11.848745
0.058088,49.226967,0.004546,3.852844
0.017714,15.011937,0.047398,40.167736
0.011434,9.690122,0.011970,10.143764
0.010395,8.808903,-0.002145,-1.817708
0.010975,9.300867,0.012670,12.694913
0.016263,13.782523,0.063776,63.903593
0.023019,19.507275,0.060212,51.026936
0.058344,49.443809,0.043235,36.639736
0.017242,14.611929,0.024473,20.739797
0.035507,30.090351,0.027139,22.998957
0.031981,27.102014,0.006180,6.191919
0.021214,17.977732,0.029841,25.288501
0.024898,21.099666,0.010257,8.691937
0.009063,7.680169,0.061217,51.878512
0.012792,10.840634,0.058463,49.544434
0.052203,44.239668,0.048918,41.455304
0.029174,24.723387,0.052657,44.624083
0.011205,9.495527,0.039565,33.529238
0.027620,23.406489,0.039523,33.494096
0.006221,5.271620,0.043869,37.177049
0.003761,3.187032,0.023436,19.860635
0.026765,22.682003,0.025036,21.216506
0.025262,21.408345,0.050540,42.829890
0.050138,42.489546,0.040540,34.356048
0.024374,20.655684,0.017252,14.620415
0.028423,24.087393,0.048428,41.040655
0.034637,29.352988,0.022678,19.218946
0.037835,32.063402,0.023140,19.609773
0.022694,19.232141,0.008363,7.087249
0.060618,51.371066,0.032284,27.359377
0.018687,15.836364,0.067930,57.567345
0.058801,49.830885,0.051119,43.320940
0.050695,42.961226,0.046818,39.676037
0.007358,6.235532,0.019295,16.351199
0.019761,16.746826,0.037796,32.030285
0.046418,39.337229,0.059411,50.347862
0.046441,39.356252,0.069512,58.908346
0.021963,18.612277,0.027559,23.355260
0.056426,47.818123,0.028079,23.795544
0.055108,46.701434,0.038047,32.243078
0.021330,18.076201,0.026155,22.164838
0.038952,33.010149,0.054507,46.192278
0.055244,46.816977,0.055919,47.389022
0.028229,23.922739,0.055835,47.317723
0.067111,56.873590,0.022506,19.072496
-0.000950,-0.804913,0.010309,8.735987
0.048656,41.233977,0.019871,16.840069
0.046926,39.767419,0.014837,12.573406
0.024658,20.896424,0.053926,54.033586
0.016093,13.638298,0.011638,9.862889
0.017806,15.089811,-0.001037,-0.878996
0.060410,51.194815,-0.008830,-7.482663
0.014942,12.662291,0.018170,15.397802
0.013683,11.595306,0.030358,25.727379
0.049809,42.210729,0.049914,42.299430
0.049652,42.077724,0.026294,22.282609
0.036998,31.353945,0.016411,16.443367
0.046595,39.487205,0.043746,37.072338
0.041151,34.873545,0.021961,18.610833
0.031622,26.798381,0.024638,20.879195
0.036814,31.198304,0.062279,62.403502
0.054133,45.875371,0.033424,28.325604
0.056750,48.092512,0.013025,11.038376
0.007644,6.477877,0.015345,13.004383
0.034325,29.088662,0.027319,23.151459
0.051682,43.798362,0.051353,51.455642
0.022326,18.919890,0.059724,50.612932
0.010801,9.153638,0.013626,11.547240
0.013474,11.418223,0.039830,33.753626
0.056758,48.099931,0.008577,7.268750
0.023788,20.159288,0.048215,40.859678
0.040203,34.070303,0.030379,30.439592
0.030488,25.836841,0.034732,29.433864
0.016654,14.113779,-0.003244,-2.749410
0.024258,20.557921,0.047716,47.811464
0.027517,23.319619,0.009240,7.830421
0.066877,56.675257,0.010695,9.063773
0.052302,44.323471,0.009413,7.976740
0.023357,19.793566,0.053365,45.224716
0.013289,11.261877,0.004968,4.210068
0.005027,4.259925,0.022309,18.905480
0.052570,44.550650,0.007643,6.476772
0.010067,8.531121,0.056111,47.551613
0.040207,34.073818,0.024981,21.170366
0.031469,26.668144,0.038064,32.257262
0.048486,41.089825,0.041272,41.354119
0.053327,45.191722,0.051305,43.478875
0.034595,29.317578,-0.005571,-4.721456
0.034302,29.069249,0.027605,23.394176
0.010006,8.479563,0.036288,30.752138
0.022124,18.748709,0.017185,14.563400
0.031888,27.023416,0.050015,50.114781
0.021728,18.413588,0.011308,9.583150
0.026361,22.339930,0.030310,25.686426
0.016143,13.680388,0.031073,26.333161
0.055180,46.762507,0.024869,21.075078
0.023458,19.879933,-0.001036,-1.037838
0.041528,35.192597,0.036560,36.633131
0.006159,5.219503,0.002828,2.396521
0.046419,39.338209,-0.004531,-4.540502
0.013392,11.348998,0.057286,48.547052
0.028164,23.867621,0.055567,55.678081
0.027151,23.009313,0.010652,9.026858
0.030363,25.731046,0.001968,1.971949
0.006267,5.311174,0.018948,16.057360
0.036172,30.654297,0.063167,53.531125
0.019476,16.504796,0.007254,6.147708
0.031826,26.971272,0.011413,9.671961
0.034400,29.152697,0.042809,36.278660
0.015793,13.384021,0.046150,46.241663
0.013249,11.227846,0.053961,45.729733
0.028531,24.178716,0.022273,18.875372
0.006243,5.290530,0.024472,24.521215
0.023177,19.641111,0.038814,38.891400
0.024531,20.788884,0.037119,31.456996
0.061450,52.076123,0.014463,12.256666
0.036593,31.010783,0.032509,27.549918
0.012883,10.917862,-0.019687,-19.726611
0.054790,46.432286,0.055336,46.894691
0.028261,23.949914,0.007625,6.461948
0.061150,51.821788,0.072762,72.907487
0.034198,28.981251,-0.011651,-9.873254
0.004806,4.072528,0.055346,46.903073
0.039696,33.640247,0.022990,19.483297
0.031217,26.455292,0.039874,33.791626
0.027546,23.343799,0.003453,2.926306
0.023700,20.084235,0.018560,18.597416
0.026459,22.422551,0.039234,33.248887
0.036610,31.025435,0.037288,31.600116
0.030715,26.029246,0.012038,10.201765
0.015400,13.051020,0.010952,9.281073
0.011083,9.391949,0.053531,45.364823
-0.000604,-0.512180,0.049171,41.669822
0.024688,20.921790,0.033919,28.744796
0.034264,29.036814,0.044709,37.888623
0.030015,25.436568,0.029517,25.014501
0.034966,29.631758,0.065084,65.213913
0.012785,10.834412,0.024329,24.377702
0.061393,52.027508,0.032615,27.639255
0.031796,26.945242,0.017544,14.867293
0.010308,8.735193,0.025561,21.661822
0.026684,22.613306,0.041526,41.608677
0.052111,44.161496,0.010634,9.011886
0.020087,17.022373,0.026737,22.658657
0.029362,24.882660,0.029801,25.254971
0.062361,52.847997,0.027637,23.420968
0.052305,44.325816,0.010018,8.490003
0.028738,24.354258,0.052398,44.404482
0.028503,24.155123,0.055942,47.408378
0.024353,20.638422,0.033628,28.497760
0.013659,11.575110,0.023933,20.281772
0.029627,25.107263,0.003759,3.766320
0.056416,47.809690,0.043400,36.779522
0.034849,29.532798,-0.050644,-50.745327
0.033637,28.505822,0.063693,53.976913
0.018921,16.034468,0.054109,45.855199
0.021312,18.060526,0.047413,40.179992
0.001948,1.650838,0.029778,25.235455
0.025786,21.852378,0.052003,52.106775
0.062265,52.766669,0.032055,27.165470
0.047658,40.388165,0.029105,24.664732
0.038159,32.337560,0.055989,47.447800
0.018810,15.940725,-0.006197,-6.209092
0.011339,9.609329,0.033736,28.590024
0.023428,19.854458,0.049264,41.749045
0.007873,6.671725,0.024016,20.352471
0.058654,49.706705,0.001688,1.430092
0.007665,6.495836,0.027680,23.457714
0.050133,42.485090,0.038094,38.170275
-0.004953,-4.197781,0.021625,18.325874
0.034879,29.558526,0.024543,20.798771
0.015116,12.810398,0.050464,42.765811
0.031751,26.907217,0.022032,18.670971
0.027369,23.193646,0.004506,3.818472
0.009211,7.805725,0.026205,22.207757
0.030943,26.222425,0.011435,9.690800
0.062580,53.033856,0.003868,3.278357
0.039266,33.276114,0.025607,21.700576
0.008583,7.273369,0.014116,11.962984
0.045661,38.695100,0.028757,24.370437
0.063667,53.954998,0.053661,45.474789
0.038244,32.409975,0.027112,22.975878
0.055808,47.294821,-0.003437,-2.912739
0.010831,9.178490,0.021336,18.081575
0.006455,5.470422,0.001104,1.105857
0.049035,41.554506,0.029454,24.960911
0.023267,19.717592,0.049439,41.897510
0.013533,11.468301,0.010931,9.263645
0.028875,24.470437,0.032123,27.222984
0.039658,33.608154,-0.005942,-5.953856
0.036768,31.158756,0.028008,28.063790
0.033327,28.242845,0.022209,18.820935
0.045037,38.166806,0.021265,18.020908
0.021131,17.907561,0.022489,19.058334
0.057010,48.313116,0.046688,39.566228
0.038121,32.305944,0.038444,32.579696
0.041080,34.813749,0.012706,10.767475
0.031877,27.013872,0.032896,27.877515
0.046187,39.141392,0.017909,15.177388
0.043501,36.864693,0.025144,21.308022
0.056263,47.680289,0.034050,28.856141
0.041253,34.960068,0.018137,18.172864
0.034305,29.072258,0.029431,24.941610
0.037475,31.757939,0.035803,30.341130
0.011214,9.503019,0.046346,39.275976
0.019874,16.842433,0.012794,10.842006
0.025109,21.278441,0.025364,21.494415
0.022410,18.991513,0.044528,44.616900
0.005532,4.688519,0.043390,36.770674
0.003854,3.265943,0.027370,23.194983
0.022925,19.427813,0.001032,0.874250
0.014090,11.940492,0.046277,39.217418
0.026348,22.328776,0.025746,21.818884
0.030198,25.591534,0.022773,19.299001
0.057627,48.836030,0.021272,18.027181
0.026428,22.396730,0.021521,18.238056
0.036405,30.851547,0.048761,41.322301
0.022639,19.185440,0.025841,21.899007
0.010529,8.922743,0.035453,30.044844
0.023112,19.586286,0.025005,21.190877
0.005305,4.496077,0.026552,22.501977
0.054463,46.154648,0.007737,6.556952
0.017070,14.465595,0.037919,32.134532
0.005670,4.805160,0.008551,8.567876
0.007004,5.935503,0.030654,25.977509
0.026266,22.258942,0.042419,35.948437
0.025991,22.026162,0.050504,50.605131
0.006707,5.684209,0.024338,20.625343
0.013554,11.486703,0.018521,15.696031
0.007481,6.339805,0.005770,4.890188
0.023685,20.071921,0.030907,26.191792
0.009569,8.109157,-0.004047,-4.054994
0.046298,39.234938,0.022378,22.422526
0.044926,38.072643,0.051931,44.009048
0.025001,21.187344,0.032284,27.358976
0.007018,5.947403,0.053668,45.480855
0.015170,12.855581,-0.028974,-29.032290
0.025424,21.545513,0.039666,33.615411
0.045001,38.136512,0.008536,7.233731
0.017688,14.990082,0.005826,4.936966
0.006635,5.622982,0.005623,5.633887
0.023823,20.189110,0.043939,37.236582
0.011602,9.832238,0.020395,17.284071
0.034330,29.092851,0.031230,26.466113
0.025529,21.634736,0.008616,8.633069
0.034406,29.157347,0.030812,26.112016
0.036548,30.972450,0.005251,4.450034
0.056263,47.680477,0.018786,15.919819
0.029228,24.769646,0.014292,12.111425
-0.010036,-8.504877,0.082072,69.552126
0.069751,59.110246,0.000561,0.475654
0.007622,6.458892,0.045468,38.532281
0.052359,44.372036,0.041727,35.361267
0.033117,28.064836,0.011433,9.688814
0.025697,21.776953,0.018059,15.304016
0.064527,54.683867,0.014999,12.711252
0.028756,24.369411,0.046973,39.807036
0.015979,13.541082,0.040577,34.386841
0.029048,24.616416,0.010292,8.721751
0.029390,24.906382,0.008259,6.998730
0.054092,45.840251,0.050896,43.132243
0.017934,15.198579,0.035064,29.714893
0.011114,9.418367,0.024239,20.541469
0.056427,47.819162,0.020412,17.298023
-0.006923,-5.866824,0.038621,32.729085
0.036902,31.272782,0.031935,27.063167
0.026653,22.586742,0.010428,8.836840
0.032371,27.433204,0.050209,42.550116
0.003277,2.776925,0.046793,46.886110
0.028475,24.131603,0.068177,57.777120
0.022639,19.185839,0.061453,52.078264
0.006080,5.152785,0.005253,4.451649
0.016731,14.178947,0.025837,25.888831
0.006805,5.766735,0.012290,10.414947
0.059477,50.404025,0.033974,28.791474
0.018751,15.890983,0.053318,45.184163
0.029676,25.148800,0.017574,17.608701
0.009760,8.270929,0.032059,27.168608
0.006397,5.421264,0.071061,60.220647
0.006278,5.320233,0.052493,44.485166
0.006914,5.859354,0.049428,41.887797
0.030176,25.572819,0.057403,57.517325
0.014432,12.230444,0.026066,26.118298
0.004264,3.613922,0.016256,13.775861
0.056335,47.741132,0.049748,42.158765
0.058244,49.359019,0.019931,16.890983
0.025225,21.376754,0.060985,51.681803
0.023899,20.253185,0.033919,33.986575
0.032897,27.878826,0.028064,23.783125
0.041252,34.958835,0.030099,25.507198
0.050804,43.054285,0.047451,40.212763
0.017220,14.592821,0.025299,21.439314
0.024057,20.386904,0.017891,15.161463
0.027552,23.348654,0.007925,6.716186
0.008752,7.416713,0.035664,35.735602
0.032785,27.783351,0.042814,36.282779
0.014165,12.003941,0.053870,45.652640
0.036691,31.093727,0.025464,21.579552
0.040218,34.082462,0.028568,24.209631
0.012401,10.509591,0.045234,45.323827
0.051816,43.911837,0.053486,45.327041
0.017603,14.917853,0.012978,10.998231
0.035292,29.908382,0.053000,44.915359
0.000119,0.100512,0.053188,45.074661
0.018848,15.972470,0.035112,29.755746
0.018187,15.412753,0.022793,19.316344
0.009700,8.220652,0.017768,15.057224
0.033821,28.661749,0.024618,20.862493
0.056389,47.786803,0.037677,31.929315
0.015757,13.353148,0.023796,20.166046
0.021939,18.592008,0.022918,19.422117
0.031815,26.961485,0.048745,41.309442
0.050646,42.919673,0.007611,6.450286
0.005986,5.072439,0.006413,5.435056
0.024367,20.650157,0.014663,12.425880
0.007147,6.056553,0.040882,34.645378
0.002048,1.735591,0.061780,52.355744
0.020681,17.525917,0.017604,14.918842
0.016487,13.972339,0.030655,25.978745
0.048587,41.175349,0.016413,13.909073
0.014767,12.514344,0.046596,39.487533
0.006044,5.122126,0.048236,40.877742
0.029835,25.283921,0.013106,11.106900
0.015239,12.914701,0.037222,31.543662
0.035222,29.848853,0.019389,16.431202
0.007988,6.769221,0.041042,34.781433
0.055823,47.307129,0.012563,10.646335
0.011007,9.327512,0.046568,39.463748
0.032166,27.259210,0.020635,17.487412
0.028853,24.451637,0.011840,10.034212
0.017948,15.209828,0.027437,23.251372
0.023374,19.808170,0.022033,18.672162
0.047362,40.137446,0.047844,40.545371
0.034322,29.085876,0.037560,31.830112
0.056440,47.830306,0.045312,38.399704
0.042461,35.983549,0.017678,14.981626
0.037070,31.414966,0.048503,41.104254
0.053780,45.575662,0.068753,58.264802
0.054256,45.979646,0.057209,48.482241
0.038716,32.809891,0.049984,42.359141
0.056220,47.644021,0.069094,58.553838
0.049353,41.824069,0.050206,42.547115
0.017103,14.493614,0.031496,26.691605
0.059349,50.295477,0.017824,15.104946
0.028302,23.984276,0.052197,44.234273
0.016382,13.883309,0.034351,29.111172
0.034532,29.263818,0.029690,25.160821
0.054020,45.779592,0.076078,76.229831
0.047987,40.666953,0.029445,24.953068
0.028057,23.777222,0.051851,43.941135
0.035630,30.194658,0.069880,59.219802
0.049778,42.184591,0.065468,55.481262
-0.003008,-2.549322,0.022694,19.232247
0.021723,18.409155,0.050016,42.385950
0.032989,27.956226,0.013564,11.494437
0.039732,33.670999,0.042412,42.496250
0.031541,26.729251,0.059712,50.602655
0.026413,22.383650,0.006285,5.326503
0.004330,3.669062,0.006405,5.427632
0.053164,45.054336,0.020562,17.425027
0.053330,45.194914,0.056662,48.017980
0.056072,47.518653,0.048267,40.903898
0.057220,48.490843,0.047597,40.336260
0.011382,9.645440,-0.019166,-19.204261
0.032269,27.346397,0.015222,12.899959
0.041255,34.962056,0.052225,44.258075
0.024373,20.654752,0.062836,53.250228
0.019623,16.629541,0.002117,2.120800
0.015998,13.557599,0.012416,10.521906
0.045140,38.254079,0.007289,6.177202
0.033281,28.204477,0.015738,13.337134
0.001027,0.870611,0.042139,35.710925
0.052699,44.659540,0.055279,46.846492
0.026842,22.747431,0.047923,48.018852
0.041751,35.382389,0.047670,40.398015
0.013008,11.023485,0.057693,48.891942
0.045195,38.300777,0.033793,28.638175
0.010575,8.961387,0.003623,3.070057
0.028339,24.015552,0.025396,21.521601
0.007960,6.745503,0.053851,45.635851
0.011352,9.619919,0.034071,28.873248
0.019990,16.940518,0.043602,36.950590
0.020625,17.478961,0.034084,28.884266
0.020014,16.960501,0.035605,30.173398
0.044413,37.638214,0.069254,58.689286
0.013731,11.636755,0.033028,27.989458
0.013235,11.216406,0.030921,26.204039
0.049068,41.583028,0.032841,27.831144
0.045108,38.226990,0.064879,54.981942
0.019103,16.188851,0.045227,38.327465
0.010338,8.761036,0.056089,47.533063
0.025379,21.507155,0.021497,18.217894
0.031411,26.618911,0.031542,26.730634
0.007404,6.274599,0.023383,19.815876
0.019663,16.663600,0.034825,29.512764
0.023288,19.735182,0.016221,13.746124
0.054436,46.131982,0.057605,48.817157
0.019080,16.169791,0.045890,38.889204
0.035277,29.895186,0.015229,12.905968
0.055910,47.381209,0.023823,20.189040
0.051804,43.901592,0.026492,26.545153
0.011824,10.020350,0.035524,30.105160
0.049147,41.650108,0.033168,28.108263
0.029478,24.981094,0.060714,51.452043
-0.000007,-0.005733,0.023907,20.260388
0.011926,10.107098,0.065393,55.417226
0.039407,33.395249,-0.024831,-21.043018
0.027167,23.022960,0.023694,23.741065
0.031770,26.923906,0.008785,7.444453
0.048561,41.153120,0.028510,24.160954
0.060744,51.477922,0.022757,22.802030
0.006098,5.167803,0.026448,26.500892
0.024663,20.900328,0.017396,14.742428
0.023905,20.258373,0.035567,30.141162
0.005179,4.389214,0.020276,20.316211
0.004458,3.778193,0.003604,3.054529
0.059010,50.008340,0.017731,15.026328
0.010152,8.603602,0.008029,6.804514
0.018415,15.605875,0.052948,44.870683
0.034651,29.365037,0.010199,8.643344
0.049850,42.245860,0.037988,32.193191
0.052626,44.598288,0.061196,51.860623
0.052864,44.799605,0.052185,44.224287
0.032936,27.911982,0.005365,4.546332
0.060845,51.563416,0.029889,25.329358
-0.003059,-2.592527,0.027089,22.956803
0.028709,24.329443,0.039299,33.304021
0.026421,22.390365,0.035736,30.284440
0.011134,9.435804,0.046656,39.538629
0.033231,28.161487,-0.007418,-7.432814
0.029548,25.040475,0.026656,22.590071
0.003343,2.833131,0.028596,24.234115
0.046525,39.427854,0.027274,23.113102
0.031840,26.982758,0.015440,13.084402
0.012623,10.697802,0.011768,9.973123
0.056105,47.546248,0.035389,29.990745
0.012205,10.343239,0.035092,29.738563
0.028250,23.940620,0.020905,17.715960
0.007300,6.186078,0.049145,41.647684
0.007489,6.346806,0.017376,14.725367
0.027899,23.642891,0.035876,30.403248
0.035113,29.756583,0.020157,17.082243
0.025068,21.244250,0.042897,36.353426
0.036664,31.070781,0.009152,7.756029
0.015223,12.900729,0.011214,9.503428
0.042973,36.417447,0.056359,47.761187
0.057758,48.947350,0.008754,7.418701
0.025405,21.529321,0.038260,32.423682
-0.003067,-2.598774,0.061369,52.006921
0.006754,5.723332,0.008838,7.489924
0.044705,37.885123,0.012149,10.296018
0.039194,33.214747,0.032198,27.286214
0.037682,31.933876,0.025452,21.569434
0.054173,45.909335,0.024457,20.726268
0.015606,13.225654,0.044228,37.481250
0.042572,36.078125,0.023368,19.803283
0.037853,32.078533,0.004350,4.358931
0.071778,60.828699,0.014908,12.634151
0.027529,23.329458,0.056460,47.847543
0.051395,43.554538,0.067305,57.038199
0.040171,34.043037,0.015622,13.239284
-0.000159,-0.134574,0.049391,49.489356
0.005067,4.294179,0.022741,22.786536
0.019673,16.671899,0.013745,11.648302
0.011701,9.915662,0.010517,8.912795
0.042217,35.776669,0.051310,51.411924
0.049613,42.044483,0.039786,33.716419
0.016844,14.274841,0.064478,54.641672
0.020979,17.778891,0.025059,21.236422
0.023030,19.517232,0.034927,34.996775
0.056323,47.730826,0.051882,43.967411
0.030344,25.715170,0.012191,10.331198
0.046954,39.791588,0.026464,22.427057
0.029462,24.968040,0.001246,1.056130
0.057700,48.897939,0.026081,22.102075
0.034179,28.965195,0.062743,53.171459
0.056772,48.111651,0.036355,30.808876
0.050667,42.937505,0.026165,22.173629
0.013832,11.721831,0.025715,21.791831
0.048514,41.113423,0.092832,93.016695
0.023926,20.276514,0.019454,19.492765
0.024154,20.469648,0.042916,36.369422
0.022083,18.714585,0.014317,12.133072
0.049717,42.132591,0.036825,31.207533
0.023846,20.208521,0.035264,29.884374
0.006805,5.766932,0.014676,12.437431
0.026553,22.502346,0.030284,25.664377
0.033067,28.023073,0.023961,20.305506
0.034408,29.159171,0.034041,28.848013
0.029314,24.841952,0.036726,31.123843
0.035294,29.909871,0.011787,9.988863
0.030090,25.499435,0.112199,112.422609
0.027602,23.391189,0.039649,33.600820
0.016493,13.976653,0.027565,23.359723
0.022883,19.392424,0.010707,9.073609
0.011829,10.024209,0.011002,9.323557
0.034674,29.384657,0.040129,34.007449
0.028551,24.195749,0.016677,14.132806
0.055768,47.261010,0.071885,60.919110
0.032696,27.708490,0.020553,17.417590
0.029767,25.226445,0.031968,27.091167
0.004339,3.676741,0.037004,31.359243
0.014213,12.045047,0.065653,55.638141
0.031051,26.314211,0.038185,32.359732
0.023329,19.770528,0.042779,36.253128
0.022099,18.728243,0.030680,25.999745
0.020230,17.143817,0.016840,14.271414
0.037664,31.918027,0.031283,26.510710
0.001049,0.889329,0.027789,23.549791
0.005344,4.528717,0.013522,11.459570
0.057590,48.805157,0.011034,9.351110
0.021758,18.439156,0.030620,25.949217
0.029115,24.673911,0.037437,31.725661
0.032077,27.183697,-0.024412,-24.460304
0.013080,11.084678,0.012271,10.399083
0.017405,14.749701,0.015538,13.167712
0.028474,24.129944,-0.008001,-8.016772
0.041006,34.750437,0.074446,74.594835
0.052481,44.475018,0.009151,7.754751
0.035407,30.005430,0.053643,45.459570
0.028893,24.485564,0.025819,21.880532
0.020010,16.957408,0.014780,14.809649
0.007651,6.483799,0.015514,15.544627
0.018444,15.630356,0.052230,44.262452
0.028504,24.155667,0.006197,5.251450
0.047412,40.179722,0.010331,8.755048
0.044970,38.109638,0.047575,40.317188
0.020886,17.699820,0.017984,15.240887
0.047104,39.918028,0.012463,10.561645
0.007597,6.438139,0.023300,19.745281
0.031058,26.320038,0.054735,46.384937
0.032577,27.607192,0.058491,49.568272
0.027405,23.224724,0.029526,25.021648
0.031443,26.646663,0.027744,23.511915
-0.002134,-1.808856,0.064424,54.595972
0.037645,31.902281,0.016405,13.902507
0.001684,1.427222,0.010661,9.034283
0.037396,31.691261,0.018692,15.840575
0.013812,11.705135,0.014551,12.331404
0.014751,12.501110,0.002618,2.218701
0.054837,46.471366,0.012288,12.312493
0.028581,24.220856,0.046747,39.615968
0.013842,11.730375,0.033288,28.210243
0.054265,45.987382,0.027942,23.679840
0.048056,40.725304,0.063049,53.430746
0.016028,13.582976,0.062792,53.213370
0.025976,22.013034,0.008322,7.052422
0.023008,19.498257,0.015888,13.464520
0.011927,10.107686,0.028439,24.100420
0.057332,48.585798,0.023900,20.253781
0.025003,21.188501,0.029995,25.419244
0.035159,29.795204,0.031551,26.737625
0.036131,30.619201,0.017423,14.765393
0.033877,28.709511,0.010613,8.993979
0.060728,51.464398,0.008443,7.155049
0.036793,31.180636,0.044851,38.009494
0.051820,43.914853,0.028650,24.279522
0.030679,25.999144,0.041987,35.581784
0.014847,12.581725,0.049465,41.919354
0.051905,43.987106,0.012494,10.587646
0.033407,28.311193,0.028275,23.961397
0.010579,8.964972,0.046303,39.239497
0.013879,11.761437,0.062046,52.581043
0.017457,14.793847,0.039915,33.826171
0.042861,36.322310,0.008417,7.132901
0.051321,43.491693,0.015571,13.195900
0.018286,15.496417,0.039753,33.689111
0.029633,25.112826,0.011226,9.513159
0.053597,45.421044,0.041186,41.267789
0.050093,42.451295,0.033892,28.721785
0.053064,44.969280,0.049852,49.950983
0.015266,12.937139,0.065469,55.481886
0.036934,31.299690,0.024852,21.061097
0.025116,21.284482,0.004165,3.529547
0.064590,54.737358,0.020666,17.513586
0.024336,20.623211,0.049177,49.275020
0.029171,24.720756,0.064019,54.253227
0.008614,7.299719,0.028201,23.899101
0.013496,11.437455,0.025911,21.958451
-0.003806,-3.225704,0.016224,16.256253
0.017099,14.490754,0.017185,14.563645
0.045316,38.403315,0.032088,27.192855
0.053875,45.656869,-0.002987,-2.531555
0.014872,12.603616,0.015811,13.399096
0.071854,60.893021,0.018753,15.892268
0.023480,19.897901,0.056133,47.570311
0.045294,38.384148,0.029800,25.254202
0.039107,33.141536,0.044701,37.882218
0.054124,45.867864,0.018546,15.716925
0.020983,17.782395,0.028875,24.470552
0.009803,8.307780,0.030769,26.075068
0.046727,39.598536,0.008263,7.002889
0.005061,4.289368,0.038083,32.273223
0.060157,50.980472,0.006309,5.346794
0.011232,9.518473,0.013826,11.716974
0.047341,40.119490,0.028522,24.170767
0.050294,42.621893,0.027487,23.293648
0.021391,18.128223,0.034875,29.554770
0.022181,18.797529,-0.009112,-7.722381
0.022582,19.137143,0.004459,3.778905
0.006787,5.751306,0.056676,48.030114
0.053953,45.722191,0.005032,4.264491
0.039721,33.661725,0.030268,25.650340
0.040118,33.998003,0.019476,16.504972
0.028558,24.201961,0.038234,32.401210
0.011804,10.003610,-0.006007,-5.090538
0.028711,24.331574,0.012396,12.420614
0.019117,16.200930,0.023412,19.840570
0.017134,14.520227,0.012121,10.272392
0.033413,28.316023,0.007553,7.568492
0.034141,28.932578,0.006268,5.311986
0.036579,30.999197,0.038502,32.628532
0.027927,23.666498,0.052565,44.545933
0.035171,29.806112,0.034772,29.468029
0.010824,9.172975,0.034208,28.990023
0.002546,2.157600,0.014386,12.191226
0.006972,5.908528,0.043505,36.868697
0.047477,40.234591,0.068454,68.590867
0.044642,37.831875,0.028529,24.177391
0.029557,25.048535,0.023229,19.685452
0.007455,6.318034,0.064406,54.581360
0.031504,26.697950,0.055534,47.062602
0.014070,11.924021,0.037696,31.945311
0.042012,35.603205,0.036969,31.329846
0.031227,26.463072,0.050113,42.467962
0.021829,18.499350,0.004924,4.172691
0.034931,29.602192,0.031619,26.795467
0.051087,43.293646,0.022030,18.669644
0.020426,17.310328,0.039465,33.444974
0.040260,34.118033,0.004838,4.099864
0.025567,21.666674,0.049752,49.850766
0.030198,25.591195,0.022206,18.818907
0.024441,20.712881,0.046518,39.421365
0.055498,47.032207,0.024808,21.023442
0.033310,28.228662,0.003000,2.542760
0.016526,14.004775,0.059700,50.593087
0.018534,15.707070,0.024107,20.429385
0.026296,22.284231,0.019779,16.761775
0.024658,20.896490,0.028466,24.123245
0.046839,39.693615,0.015105,12.800511
0.034641,29.356200,0.041862,35.475775
0.008180,6.932358,0.031795,26.944782
0.003602,3.052722,0.008633,7.315978
0.052374,44.384420,0.018840,18.877945
0.046892,39.738953,0.048868,41.413382
0.014557,12.336768,0.020795,17.623021
0.022085,18.716245,0.014451,14.479660
0.024584,20.833830,0.023874,20.232316
0.036762,31.154045,0.022398,18.981332
0.032548,27.583253,0.012969,10.990465
0.019025,16.123106,0.047926,48.021650
0.054201,45.932651,0.010878,9.218445
0.033218,28.150864,0.013807,13.834812
0.039993,33.892206,0.018353,15.553308
0.030209,25.600620,0.056460,56.573104
0.036700,31.101921,0.054827,46.463135
0.051922,44.001655,0.029784,25.240839
0.033542,28.425531,0.029179,24.727552
0.010450,8.855845,0.018947,16.056812
-0.004946,-4.191507,0.022344,18.935241
0.026935,22.825761,0.018375,15.572347
0.028244,23.935260,0.037524,31.800126
0.006303,5.341635,0.023964,20.308397
0.030914,26.198267,0.030475,25.826386
0.037850,32.076024,0.049950,42.330477
0.004398,3.726936,0.027943,23.680168
0.019407,16.446558,0.022044,18.681126
0.028590,24.228517,0.012941,10.966610
0.010881,9.220869,0.023087,19.565156
0.052415,44.419316,0.030902,30.963256
0.034926,29.597904,0.005151,4.364939
0.038973,33.027742,0.056979,48.287348
0.038076,32.267846,0.043225,36.631256
0.022202,18.814999,0.010358,8.778184
0.038658,32.760399,0.018542,15.713058
0.008389,7.109217,0.005308,4.498533
0.012867,10.904025,0.022298,18.896763
0.038748,32.837286,0.044109,37.379875
0.012886,10.920157,0.023946,20.293497
0.024405,20.681743,0.006513,5.519707
0.029215,24.758018,0.016818,14.252341
0.048404,41.020466,0.029526,25.022194
0.053567,45.395712,0.063888,54.141736
-0.001674,-1.418472,0.044589,37.787044
0.053240,45.118098,0.024726,20.953818
0.016362,13.865816,0.023986,20.327027
0.055257,46.827831,0.016470,13.957501
0.041593,35.248332,0.025007,21.191948
0.034428,29.176254,0.020059,16.999030
0.040194,34.062884,0.040682,34.476272
0.057281,48.542875,0.007976,6.759325
0.041706,35.343758,0.025688,21.769627
0.021017,17.811258,0.050259,42.591977
0.040752,34.535367,0.019216,16.284464
0.021160,17.932067,0.016913,14.333236
0.033130,28.076149,0.049009,41.532813
0.013248,11.227437,0.019881,16.848420
0.066567,56.411965,0.015568,15.599486
0.001202,1.018613,0.031801,26.949754
0.011018,9.337109,0.009130,7.737486
0.013754,11.656021,0.017568,14.888189
0.004028,3.413741,0.010587,8.972239
0.056679,48.032485,0.018315,15.521167
0.002859,2.422557,0.031418,26.625415
0.049867,42.259504,0.025407,21.531578
0.029563,25.053493,0.031423,26.629900
0.051534,43.672935,0.000754,0.639345
0.008856,7.504980,0.007945,6.733016
0.028325,24.004267,0.052278,44.302790
0.033470,28.364400,0.038959,33.016029
0.002933,2.485654,0.011886,10.072598
0.053497,45.336422,0.027115,22.978918
0.026021,22.051800,0.050902,43.136745
0.009075,7.690386,0.052026,44.089684
0.009563,8.104352,0.036837,31.217301
0.029944,25.376225,0.046449,39.362995
0.036109,30.600571,0.030927,26.209180
0.031136,26.386438,0.013143,11.137712
0.034143,28.934563,-0.007542,-6.391870
0.054465,46.156634,0.056539,47.914042
0.001339,1.135114,0.037617,31.878982
0.045039,38.168590,0.044659,37.846741
0.066757,56.573479,0.004894,4.147140
0.019267,16.327511,0.030859,26.151148
0.033420,28.321521,0.007475,6.334492
0.053323,45.188752,0.048721,41.288974
0.008122,6.882773,0.031123,26.375037
0.009117,7.726515,0.005642,4.780928
0.028167,23.870425,0.043704,37.037229
0.030957,26.234195,0.040578,34.388139
0.039219,33.236637,0.024696,20.928480
0.034862,29.543811,-0.002766,-2.344155
0.057282,48.544097,0.016511,13.991982
0.048254,40.893099,0.020121,17.051589
0.033074,28.028707,0.027823,23.578506
0.028181,23.881878,0.035401,30.000687
0.023305,19.750044,0.016192,13.722084
0.049238,41.726589,0.009026,7.649294
-0.000602,-0.510446,0.011609,9.838035
0.027913,23.655171,0.050815,43.063378
0.054822,46.458620,0.027621,23.407452
0.019510,16.533507,0.033956,28.776336
0.039941,33.848433,0.026750,22.669149
0.021995,18.639572,0.006763,5.731574
0.021206,17.971227,0.051981,44.051479
0.025234,21.384790,0.020406,17.293062
0.027415,23.232730,0.028934,24.519983
0.052548,44.531666,0.051894,43.977527
0.043112,36.535724,0.052191,44.229258
0.008855,7.504372,0.032593,27.620717
0.035705,30.257936,0.029320,29.378086
0.035537,30.116141,0.028641,24.272233
0.060440,51.219837,0.020646,17.496144
0.059732,50.620392,0.032719,27.727849
0.032369,27.431528,-0.005918,-5.930010
0.033253,28.180429,0.071382,60.493101
0.029831,25.280100,0.015122,12.815491
0.033125,28.071954,0.040105,40.184756
0.010988,9.311475,0.016857,16.890646
0.029799,25.252947,0.045619,45.710424
0.008335,7.063190,0.010543,8.935099
0.030594,25.927367,0.048301,40.933062
0.031372,26.586668,-0.009250,-7.838979
0.016065,13.614516,0.017684,14.986165
0.003878,3.286521,0.027927,23.666663
-0.006472,-5.484474,0.028746,24.361283
0.037306,31.614924,0.054225,45.952819
-0.000200,-0.169863,0.039122,33.153861
0.009838,8.337505,0.040220,34.084368
0.036301,30.763398,0.053774,45.570806
0.017743,15.036613,0.011852,10.043887
0.016416,13.911736,0.038640,32.745867
0.025057,21.234740,-0.006073,-5.146675
0.056038,47.489645,0.035786,30.326904
0.049804,42.206260,-0.009843,-9.862144
0.057187,48.463504,0.028745,24.359684
0.043754,37.079764,0.013993,11.858066
0.053347,45.209280,0.024983,21.171957
0.026147,22.158469,0.043148,36.566077
0.033526,28.411572,0.035025,29.682431
0.024672,20.908466,0.020791,17.619299
0.003274,2.774908,0.034380,29.135333
0.027504,23.308659,0.022575,19.131640
0.015929,13.499023,0.013521,11.458819
-0.002811,-2.381826,-0.005138,-4.354239
0.023917,20.268909,0.025643,21.731293
0.058067,49.209133,0.007990,6.771447
-0.003628,-3.074296,0.042140,35.711258
0.029756,25.216535,0.014360,12.169762
0.033295,28.216204,0.014853,12.587136
0.020005,16.952995,0.030660,25.983046
0.060586,51.343847,0.049742,42.154283
0.016115,13.656868,0.013257,13.283234
0.057092,48.383173,0.023107,19.581724
0.004444,3.766236,0.014379,12.185340
0.012702,10.764299,0.018195,15.419287
0.058018,49.167546,0.005574,4.723994
0.029025,24.597581,0.035016,29.674432
0.049440,41.897885,0.008868,7.515391
0.027301,23.136072,0.043041,43.126650
0.048496,41.098011,0.055925,47.394158
0.014480,12.271081,-0.001417,-1.420294
0.047188,39.989556,0.021996,22.039799
0.028806,24.411566,0.042377,35.912861
0.065147,55.208573,0.019242,16.306629
0.052117,44.166639,0.044076,44.164086
0.031957,27.082443,0.001777,1.506236
0.011825,10.021210,0.028183,23.884020
0.032716,27.725411,-0.066578,-66.710610
0.031951,27.077361,0.004795,4.063883
0.025531,21.635890,0.039624,39.703186
0.029791,25.246652,0.028841,24.441401
0.002694,2.282771,0.007170,6.076264
0.004079,3.457111,0.006988,5.921990
0.007982,6.764083,0.065515,55.520960
0.006599,5.592445,0.026053,22.078410
0.012738,10.794782,0.007014,5.944090
0.027510,23.313406,0.052523,44.510521
0.023615,20.013001,0.032174,27.266264
0.059598,50.506150,0.030684,26.002816
0.033600,28.474632,0.020351,17.246819
0.027833,23.587358,0.020465,17.343304
0.060553,51.316154,0.044163,37.426373
0.060262,51.069384,0.037956,32.166216
0.058736,49.775979,-0.045777,-45.868641
0.005277,4.472411,0.005561,5.572099
0.026520,22.474235,-0.000989,-0.837838
0.018213,15.435058,0.032738,27.744249
0.013091,11.094182,0.026936,22.827383
0.011071,9.382294,0.032355,27.419599
0.015367,13.022447,0.038046,32.241861
0.022017,18.658555,0.018313,15.519338
0.001170,0.991428,0.042195,35.758160
0.013763,11.663786,0.023387,19.818986
0.002094,1.774910,0.022459,19.032650
0.028050,23.770942,0.012394,10.503467
0.013343,11.307359,0.032879,27.863482
-0.006868,-5.820455,0.022414,18.995170
0.055996,47.454024,0.010189,8.634488
0.026426,22.395062,0.017302,14.662614
0.015552,13.179158,0.034757,29.454675
0.022530,19.093426,0.034941,29.611137
0.006277,5.319403,0.016269,13.786864
0.035213,29.841296,0.028694,24.316550
0.029831,25.280411,0.054578,46.252474
0.012682,10.747787,0.016182,13.713188
0.019373,16.417777,0.000975,0.826672
0.011834,10.028404,0.053115,45.012285
0.021448,18.176052,0.028891,28.948366
0.052453,44.451175,0.029066,24.632151
0.053791,45.585677,0.048594,41.181212
0.050064,42.426650,0.007489,6.346887
0.040300,34.152161,0.021689,18.380155
0.065026,55.106536,0.022375,18.962006
0.049589,42.024282,0.061644,52.240169
0.059011,50.009302,0.049498,49.597236
0.052139,44.185716,0.011270,9.550872
0.028016,23.741943,0.010293,8.722861
0.020954,17.757505,0.030595,30.655778
0.037569,31.838311,0.021888,18.548817
0.060057,50.895323,0.022052,18.688310
0.033641,28.509054,0.025105,21.275622
0.034050,28.855515,0.036564,30.986149
0.021280,18.033442,0.037801,37.876660
0.008086,6.852412,0.029033,24.604094
0.016739,14.185309,0.003284,2.782853
0.043289,36.685124,0.023523,19.934866
0.070235,59.520513,0.039377,33.370063
-0.002399,-2.033000,0.029467,24.971557
0.008437,7.150018,0.033877,28.709511
0.029321,24.848214,0.001023,0.867251
0.016984,14.392735,0.036609,31.024637
0.038903,32.968318,0.010800,9.152414
0.053666,45.479492,0.060015,50.859555
0.015526,13.157530,0.051346,43.513442
0.044090,37.364044,0.050794,43.045852
0.034084,28.884437,0.022662,19.204726
0.057683,48.883462,0.049910,42.296123
0.051258,43.438567,0.056398,47.794459
0.051478,43.625274,-0.020432,-20.472987
0.024937,21.133324,0.056832,56.945596
0.021335,18.080609,0.029664,25.138968
0.025712,21.789499,0.038277,32.437533
0.016342,13.849002,0.024981,21.170587
0.033902,28.729927,0.041597,35.251634
0.032301,27.373451,0.036822,31.205308
0.033872,28.705273,0.015905,13.479050
0.012741,10.797519,0.009535,8.080203
0.040923,34.680106,0.014252,12.077993
0.006556,5.556010,0.029406,24.919865
0.033395,28.300339,0.023639,20.032622
0.050512,42.806487,0.035975,30.486875
0.020139,17.066566,-0.004307,-4.315405
0.011024,9.342624,0.032909,27.888696
0.036525,30.952810,0.014947,12.666922
0.040895,34.656411,0.028294,23.977800
0.033082,28.035175,0.058559,49.625975
0.017539,14.863738,0.039473,33.451487
0.009493,8.044756,0.059709,50.600732
0.044792,37.959445,-0.021999,-22.042655
0.027019,22.897452,0.064415,64.543975
0.004230,3.584937,0.023845,20.207292
0.007777,6.590989,0.020546,17.411976
0.027940,23.677839,0.025783,21.849473
0.022087,18.717583,0.030268,30.328244
0.005037,4.268257,0.039929,33.838220
0.037350,31.652014,0.012392,10.501790
0.054622,46.289406,0.004425,3.750307
0.038299,32.456766,0.039166,33.191497
0.015644,13.257962,0.065059,55.134200
0.033823,28.663607,0.018348,15.548981
0.026730,22.652422,0.033132,28.078059
0.048322,40.950401,0.054349,46.058561
0.004819,4.083682,0.042582,36.086234
0.008405,7.122895,0.006374,5.401745
-0.005994,-5.079232,0.006184,5.240265
0.019798,16.777765,0.035333,29.943062
0.020164,17.087868,0.000895,0.758222
0.061778,52.353966,0.026780,22.695109
0.030461,25.814460,0.044322,37.560936
0.040279,34.134110,0.015401,13.051488
0.018906,16.021583,0.044427,37.649579
0.052537,44.522738,0.025465,21.580736
0.032852,27.840357,0.016968,14.379299
0.042830,36.295986,0.036589,31.007480
0.032739,27.744922,-0.000189,-0.189021
0.040282,34.137192,0.029712,25.179326
0.005407,4.582030,0.062527,52.988569
0.015600,13.220330,0.036379,30.829211
0.043045,36.478376,0.029727,25.192309
0.060059,50.896925,0.087223,87.396554
0.014987,12.701076,0.030544,25.884812
0.062183,52.697296,0.036915,31.283990
0.004821,4.085245,0.010506,8.903022
0.020980,17.779768,0.092220,92.403801
0.048404,41.019725,0.031342,26.561108
0.028922,24.510132,0.057010,48.313298
0.027869,23.617456,0.054862,46.492844
0.054212,45.942210,0.001594,1.350743
0.053795,45.589114,0.031182,26.425047
0.036915,31.283876,0.033155,28.097436
0.004431,3.755223,0.035403,30.002246
-0.003051,-2.585413,0.007945,6.732934
0.005148,4.362529,0.029697,29.756062
0.032706,27.716900,0.024991,21.178343
0.015010,12.720609,0.016738,14.184370
0.021524,18.240449,0.036269,30.736428
0.033095,28.046571,0.021093,17.875472
0.013136,11.131905,0.017002,14.408142
0.048761,41.322399,0.063777,54.047576
0.006259,5.303826,0.027344,23.172840
0.034486,29.225278,0.032664,27.680926
0.017379,14.727554,0.035599,30.168403
0.014375,12.181745,0.059142,50.119632
0.063163,53.528049,0.016553,14.028099
0.039328,33.328376,0.021356,18.098307
0.028283,23.968073,0.032604,32.669425
0.007353,6.231124,0.052925,44.851298
0.008543,7.239638,0.007760,6.576379
0.028536,24.182534,0.009999,8.473781
0.051882,43.967450,0.036739,31.134307
0.053475,45.317121,0.021598,21.641516
0.022677,19.217300,0.016149,16.181603
0.046059,39.032527,0.024167,20.480434
0.025172,21.332084,0.033181,28.119098
0.027741,23.508900,0.044171,37.432665
0.025096,21.267490,0.036751,31.144493
0.034825,29.512859,0.008887,7.531056
0.007849,6.651263,0.000843,0.714206
0.029353,24.875140,0.019717,16.709524
0.029185,24.733029,0.012934,10.960637
0.036446,30.886614,0.040955,34.707179
0.020174,17.096852,0.038584,32.698029
0.042666,36.157342,0.022473,19.044833
0.047976,40.656993,0.040775,34.555034
0.054654,46.316515,0.010949,10.970388
0.029697,25.167196,0.039618,33.574338
0.043619,36.965171,0.036839,31.219374
0.049736,42.148985,0.046409,39.329517
0.028478,24.133934,0.012695,10.758492
0.039984,33.884264,0.027803,23.562046
0.054210,45.940329,0.019966,20.005536
0.006373,5.401087,0.028888,28.945761
-0.003106,-2.632401,0.014693,12.451928
0.029427,24.937803,0.040830,34.601542
0.031996,27.114778,0.048659,41.236111
0.012503,10.595760,0.007506,6.361136
0.022083,18.713991,0.017376,14.725210
0.024773,20.993615,0.014759,12.507859
0.010601,8.983969,0.021759,18.439672
0.023000,19.491547,0.040291,34.144436
0.059541,50.458294,0.027678,23.455499
0.008900,7.542128,0.015350,15.380229
0.047777,40.488845,0.048078,40.743804
0.025262,21.408555,0.011540,9.779733
0.019081,16.170516,0.063616,63.742895
0.014137,11.980831,0.027878,23.625321
0.018175,15.402548,0.033935,28.758004
0.048300,40.931663,0.025820,21.880984
0.004784,4.054407,0.028811,24.415896
0.024812,21.026984,0.010757,10.778114
0.026131,22.144820,0.046131,39.093663
0.053722,45.526672,0.031892,27.026822
0.047256,40.047118,0.029066,24.631981
0.049663,42.086844,0.015456,13.098281
0.023636,20.030369,0.010817,10.838388
0.025237,21.387125,0.011103,9.408857
0.012504,10.596200,0.061952,62.075665
0.045868,38.871191,0.023647,20.039960
0.021037,17.827891,0.009059,7.677217
0.053065,44.970282,0.042805,36.274776
0.009155,7.758351,0.022655,19.199302
0.021182,17.950443,0.027836,23.590059
0.005625,4.767227,0.062572,53.026964
0.048984,41.511519,0.003812,3.230638
0.040922,34.679538,0.023979,20.320694
0.051928,44.006234,0.034918,29.591048
0.018855,15.979027,0.018460,15.643552
0.020275,17.182240,0.005870,4.974196
0.008975,7.606085,0.043157,43.242678
0.021324,18.070844,0.045250,38.347543
0.035766,30.309635,0.014185,12.021130
0.046959,39.795568,0.010152,8.603027
0.031590,26.770629,0.002297,1.946213
0.006719,5.694176,0.014385,12.190997
0.050886,43.123382,0.056960,48.270758
0.030760,26.067356,0.005644,4.783100
0.017153,14.536567,0.032600,27.626767
0.030421,25.780184,0.037251,31.568364
0.016713,14.163061,0.043757,37.081708
0.047444,40.206787,0.018029,15.278842
0.031719,26.880024,0.030211,25.602007
0.012564,10.647545,0.000471,0.399294
0.028047,23.768648,0.032678,32.743362
0.004669,3.956585,0.015114,15.143747
0.029787,25.243420,0.008360,8.376924
0.047718,40.438421,0.041526,35.191556
0.027111,22.975367,0.007822,6.628957
0.021869,18.532975,0.056726,48.072236
0.024693,20.926400,0.016577,14.048157
0.049437,41.895874,0.021509,18.227974
0.008622,7.306591,0.071774,71.917525
0.053521,45.356206,0.047940,40.626486
0.000828,0.701985,0.035117,35.187060
0.011660,9.880979,0.057634,48.842270
0.005577,4.726191,-0.008210,-8.226687
0.034339,29.100671,0.027369,23.194036
0.019928,16.887960,-0.011016,-9.335342
0.052506,44.496476,0.022977,19.472010
0.034750,29.448668,-0.001721,-1.724044
0.027174,23.028785,0.034691,29.399122
0.054738,46.388188,0.003455,2.928025
0.012207,10.345053,0.031072,31.134182
0.012086,10.241917,0.064050,54.279546
0.029076,24.640218,0.001894,1.605384
0.031537,26.726400,0.048956,49.053723
0.006085,5.156851,-0.004464,-3.782889
0.042046,35.631788,0.011109,9.414438
0.016863,14.290497,0.033516,28.402859
0.035793,30.332684,0.060209,51.024241
0.033555,28.436645,0.035989,30.498823
0.010091,8.551988,0.067019,56.795317
0.046391,39.314038,0.028954,24.537353
0.015381,13.034619,0.016190,16.221923
0.025344,21.477515,0.043322,36.713063
0.023531,19.941243,0.023662,20.052125
0.017592,14.908709,0.007302,6.187966
0.041342,35.035118,0.031645,26.817651
0.050438,42.744081,0.044191,37.450118
0.019485,16.512750,0.013746,11.649253
0.041135,34.859883,0.028195,23.893609
0.063573,53.874857,0.037098,31.438740
0.002496,2.115534,0.017126,14.513697
0.003929,3.329338,0.045276,38.369596
0.051756,43.860576,0.043518,36.879220
0.039921,33.830819,-0.000029,-0.024156
0.009489,8.041878,0.021960,18.610284
0.016351,13.856361,0.074466,63.106424
0.037225,31.546432,0.060567,51.327565
0.007606,6.445427,0.061331,51.974704
0.032379,27.439798,0.033742,28.594600
0.012700,10.762865,0.032870,27.856142
0.029631,25.111143,0.042610,36.110101
0.047231,40.025748,0.016408,13.905223
0.017334,14.690036,0.012894,10.927300
0.015297,12.963825,0.049888,42.277640
0.024679,20.914207,0.019379,16.423045
0.016733,14.180179,0.009523,8.069954
0.030795,26.097455,0.008677,7.353405
0.029532,25.026547,0.019528,16.548791
0.053177,45.064887,0.036150,30.635422
0.026806,22.716646,0.039717,33.658136
0.024769,20.990793,0.052129,44.177030
0.031649,26.820905,0.034330,29.092644
0.023999,20.338139,0.042911,36.365305
0.017049,14.447918,-0.001174,-0.994869
0.042184,35.748974,0.043794,37.113314
0.041656,35.301664,0.061695,52.283804
0.030000,25.423463,0.023371,19.806166
0.003357,2.844681,0.027259,27.313216
0.001819,1.541621,0.051401,43.559505
0.019739,16.727640,0.021479,18.202589
0.036261,30.729232,0.033806,28.649292
0.051414,43.571296,0.021572,18.281017
0.053721,45.526106,0.007070,5.991131
-0.000065,-0.055139,0.012776,10.827292
0.029137,24.692517,0.035750,35.821655
0.039685,33.630853,0.049084,41.595987
0.032332,27.400222,0.038118,32.303257
0.061765,52.342958,0.034075,28.876547
0.028165,23.868729,0.037072,31.416459
0.009833,8.332957,-0.002006,-1.699908
0.049424,41.884528,0.021683,18.375626
0.017764,15.053789,0.017336,14.691199
0.055788,47.277314,0.022219,18.829401
0.029373,24.892574,0.027009,22.888489
0.020843,17.663475,0.014643,12.409210
0.038738,32.828398,0.028564,24.206783
0.029014,24.588112,0.016162,13.696522
0.035552,30.128427,0.025350,21.482822
0.047802,40.510020,0.024238,20.540462
0.015575,13.199382,0.030345,25.715688
0.029791,25.246129,0.055624,47.138730
0.030281,25.661883,0.014070,11.923372
0.021647,18.345204,0.033384,28.291030
0.010201,8.645087,0.004108,3.481509
0.011463,9.714222,0.011410,9.669251
0.024405,20.681786,0.024621,20.865273
0.004072,3.450437,0.048937,49.034675
0.011021,9.339562,0.061967,52.514493
0.030482,25.831678,-0.008039,-8.055230
0.007656,6.488137,0.019114,16.198148
0.000525,0.444870,-0.001264,-1.071390
0.014445,12.241521,0.020560,17.423617
0.028968,24.548898,0.051701,43.813770
0.011915,10.097319,0.057861,49.034724
0.023888,20.243739,0.009668,8.192826
0.032236,27.318152,0.032092,27.196749
0.054378,46.082575,0.021408,18.141912
0.029332,24.857434,0.030118,25.523349
0.027503,23.307104,0.014013,14.040788
0.026086,22.106909,0.038058,32.252666
0.026626,22.564489,0.028047,23.768826
0.001301,1.102334,0.027271,23.111291
0.003599,3.049607,0.038566,32.682477
0.022159,18.778333,-0.031391,-31.453554
0.014204,12.037357,0.053237,45.115789
0.022121,18.746239,0.025893,21.943246
0.016875,14.300770,0.035031,29.687144
0.048632,41.213066,0.070919,71.060562
0.041033,34.773753,0.013668,11.582642
0.007443,6.307734,0.040907,34.666496
0.010100,8.559319,0.024283,24.331690
0.056732,48.077592,0.039278,33.285839
0.031173,26.417719,0.034952,29.619882
0.000512,0.434206,0.004912,4.162570
0.043140,36.559174,0.033875,28.707811
0.054818,46.455589,0.026128,22.142077
0.017280,14.643788,0.024347,20.632723
0.019503,16.527748,0.024342,20.628931
0.022940,19.440813,0.011817,10.014273
0.032998,27.963877,0.014426,12.225560
0.027011,22.890488,0.012217,10.352946
0.039551,33.517786,0.031550,26.737061
0.039537,33.505516,0.094087,94.274854
0.062874,53.282810,0.020479,17.355158
0.030301,25.678329,0.041840,35.457660
0.052877,44.810637,0.028225,23.919386
0.025295,21.436219,0.037527,31.802314
0.033352,28.264094,0.053800,45.592598
0.044587,37.785118,0.062719,53.151534
0.056061,47.509377,0.038317,32.471964
0.048903,41.443217,0.066504,56.358618
0.039287,33.293551,0.020461,17.339884
0.024883,21.087388,0.011949,10.125951
0.027242,23.086054,0.016267,13.785117
0.026976,22.860658,0.025861,21.915930
0.039840,33.762104,0.010765,9.122969
0.017365,14.716089,-0.006329,-5.363450
0.062517,52.979864,0.050406,42.716372
0.059559,50.473550,0.006195,5.249921
0.006654,5.639203,0.056057,47.505584
0.035668,30.226655,0.032366,27.428859
0.046076,39.047632,0.043524,36.884326
0.014587,12.361837,0.038334,32.486021
0.008360,7.084435,0.030155,25.554575
0.009167,7.768212,0.004124,3.494724
0.024468,20.735137,0.030492,25.840310
0.023824,20.189771,0.023000,19.491627
0.033177,28.115913,0.022554,19.113517
0.014444,12.240880,0.024462,20.730437
0.030102,25.509809,0.020628,20.668845
0.035813,30.349665,0.021339,18.083471
0.005889,4.990643,0.086160,73.016123
0.050843,43.086708,0.019873,16.841546
0.003235,2.741369,0.056762,48.103277
-0.000811,-0.687689,0.041163,34.884081
0.002387,2.022753,0.026390,22.364617
0.027591,23.382023,0.026278,22.269645
0.016833,14.265116,0.015658,13.269131
0.021302,18.052712,0.030188,25.583036
0.029741,25.204240,0.020352,17.247084
0.012087,10.242748,0.032141,27.238246
-0.001411,-1.195817,0.008181,6.933026
0.041316,35.013265,0.048635,41.215727
0.046814,39.672336,0.012534,10.621819
0.007511,6.365179,0.007540,7.555322
0.043401,36.780312,0.075973,76.125016
0.031329,26.550070,-0.001181,-1.001247
0.017689,14.990499,-0.010092,-8.552854
0.064257,54.454666,0.028506,24.157167
0.045965,38.952847,0.029742,25.204833
0.017571,14.890362,0.024994,25.043509
0.026830,22.737235,-0.013116,-11.115224
0.038313,32.468751,0.018300,15.508358
0.035996,30.505167,0.040392,34.230661
0.012925,10.953548,0.027153,23.010994
0.048016,40.691463,0.026041,22.068099
0.014154,11.994974,0.034282,29.052434
0.052276,44.301086,0.038829,32.905557
0.039975,33.876842,0.034294,29.062652
0.007568,6.413228,0.031248,26.480978
0.029899,25.337725,0.001989,1.685176
0.026684,22.613196,0.033995,28.809197
0.014545,12.325984,0.019699,16.693950
0.023612,20.010211,0.009878,8.371361
0.012544,10.630698,0.013341,11.305747
0.037317,31.624455,0.007350,6.229198
0.018412,15.602985,0.052278,44.302902
0.015428,13.074459,0.042177,35.743338
0.041309,35.007348,0.059607,59.725771
0.049310,41.787961,0.057554,48.774528
0.008770,7.432399,0.027615,23.402386
0.030370,25.736720,0.013695,11.605632
0.010738,9.099624,0.014509,12.295369
0.026440,22.406681,0.005879,4.982044
0.045841,38.847748,0.044575,37.774976
0.050891,43.127823,0.025145,21.309611
0.056264,47.681434,0.025463,21.578538
0.004029,3.414268,0.044420,37.643631
0.015186,12.869249,0.053702,45.509756
0.051335,43.503659,0.024895,21.097628
0.013960,11.830711,0.000290,0.245729
0.026521,22.474931,0.036207,30.683821
0.029358,24.879916,0.047760,40.474145
0.033997,28.810844,0.063017,63.142270
0.044425,37.647726,0.032322,27.391352
0.047927,40.616193,0.019184,16.257754
0.015839,13.422442,0.018773,15.909555
0.006836,5.793574,0.049058,41.574675
0.014800,12.542254,0.021900,18.559015
0.005540,4.695268,0.012043,10.205484
0.052960,44.880696,0.060174,50.994709
0.025616,21.708685,0.017747,15.039378
0.003926,3.327204,0.012846,10.886271
0.000620,0.525645,0.011715,9.927541
0.015021,12.729579,0.000397,0.336728
0.011398,9.659561,0.024011,20.348462
0.042506,36.022026,0.036437,30.878596
0.027295,23.131431,0.002660,2.254108
0.003758,3.184880,0.017258,14.625138
0.049657,42.081618,0.033178,28.116428
0.020347,17.242717,0.016229,13.753719
0.031884,27.020516,0.033243,28.171883
0.037970,32.178073,0.044557,37.759964
0.030898,26.184189,0.049538,41.981407
0.028778,24.388001,0.038654,32.757378
0.047883,40.578653,0.054919,46.541401
0.004977,4.217734,0.033506,33.572866
0.044569,37.769999,0.000773,0.774859
0.020327,17.226510,0.012318,10.438858
0.032375,27.436148,0.039908,33.820317
0.051456,43.606584,0.033208,33.274616
0.007462,6.323269,0.025655,21.741299
0.006392,5.417090,0.017865,15.139711
0.026143,22.155222,0.029071,24.636062
0.028157,23.861391,0.011970,10.144097
0.028370,24.042515,0.007142,6.052687
0.014959,12.677279,0.017088,14.481299
0.031866,27.004761,0.010813,10.834218
0.037411,31.703920,0.054756,46.402762
0.029139,24.693844,0.035703,30.256245
0.016385,13.885749,0.038365,32.512908
0.030903,26.188560,0.022992,19.484871
0.008575,7.266707,0.019859,19.898152
0.061034,51.723798,0.045964,38.951984
0.011041,9.356784,0.007817,6.624545
0.043999,37.287437,0.039112,33.145970
0.030756,26.064478,0.006070,5.144188
0.017694,14.994435,0.066836,56.640161
0.019962,16.916465,0.009094,7.706919
0.063763,54.035748,0.031427,26.632867
0.008927,7.564989,0.037823,32.053100
0.029002,24.577458,0.015199,12.880831
0.051947,44.022506,0.041627,35.276603
0.019876,16.844315,0.077147,65.378650
0.012570,10.652546,0.020254,17.163977
0.021054,17.842142,0.000869,0.871009
0.026678,22.608023,0.000341,0.288618
0.002243,1.900801,0.047609,40.346320
0.022082,18.713384,0.040786,34.564180
0.006652,5.637161,0.009636,8.166245
0.032170,27.262875,0.056031,47.483204
0.023387,19.819074,0.002996,2.539339
0.032705,27.715897,0.012992,11.010384
0.053300,45.169152,0.010079,8.541322
0.060041,50.881831,0.038982,33.034972
0.003216,2.725148,0.055625,47.139785
0.032838,27.828619,0.019245,16.308871
0.021931,18.585685,0.027582,23.374476
0.052182,44.221884,0.010265,8.699512
0.022162,18.780898,0.028492,24.145683
0.054923,46.544965,0.024280,20.576486
0.060219,51.032620,0.047746,47.840937
0.006109,5.177324,0.051046,43.259405
0.047534,40.282793,0.019773,16.756544
0.032186,27.275982,0.030817,26.115917
0.033932,28.755643,0.021760,18.440900
0.026560,22.508639,-0.016483,-16.515445
0.024000,20.338469,0.018574,15.740999
0.004212,3.569879,0.002469,2.092475
0.035553,30.129858,0.023810,20.178107
0.054578,46.252521,-0.004768,-4.040399
0.019910,16.873122,0.012754,10.808063
0.017032,14.433655,0.012224,10.359594
0.024741,20.966719,0.038970,33.025475
0.051051,43.263598,0.053125,45.020928
0.047788,40.498447,0.010719,9.083970
0.056876,48.199735,0.001849,1.567011
0.026671,22.602357,0.057787,48.971635
0.024768,20.989960,0.022486,19.056207
0.019708,16.701212,0.023595,19.995485
0.007296,6.182796,0.033670,28.533427
0.057136,48.419854,0.009472,8.026923
0.013209,11.193597,0.020718,17.557203
0.023520,19.932488,0.019103,16.188707
0.028968,24.548765,0.018808,15.938947
0.008069,6.838367,0.053868,45.650484
0.031704,26.867992,0.033217,28.149704
0.046958,39.794817,0.016224,13.748973
0.052776,44.725298,0.019598,16.608100
0.049598,42.031719,0.035888,30.413379
0.012801,10.848246,0.055697,47.200898
0.029750,25.211824,0.004809,4.075396
0.037728,31.972839,0.051786,43.886298
0.026384,22.358910,0.046432,46.525016
0.052899,44.828997,0.067195,56.944236
0.039826,33.750633,0.017994,15.249372
0.051709,43.820513,0.033971,28.788937
0.011190,9.482974,0.024674,20.909909
0.046700,39.575732,-0.000609,-0.516402
0.020922,17.730733,-0.010649,-9.024494
0.004185,3.546609,0.058534,49.604792
0.021493,18.213988,0.049432,41.891586
0.030499,25.846388,0.010338,8.760710
0.036909,31.278858,0.023210,19.669194
0.036233,30.705446,0.031277,26.506175
0.033502,28.391274,0.049627,42.056915
0.026817,22.725760,0.010199,8.643079
0.039486,33.462546,0.023229,19.685226
0.013748,11.650941,-0.003460,-2.932031
0.042873,36.333065,0.002090,1.771385
0.060083,50.917233,0.037018,31.371020
0.048004,40.681497,0.017199,14.575121
0.026724,22.647106,0.019619,16.626117
0.044763,37.934346,0.050766,43.021600
0.054490,46.177671,0.005590,4.737323
0.050166,42.513319,-0.000581,-0.492761
0.003500,2.965979,0.023532,19.942051
0.050997,43.217138,0.068147,57.751372
0.063968,54.209513,0.009157,7.759908
0.027096,22.962827,0.029508,25.006679
0.056015,47.469672,0.017094,14.486240
0.024302,20.594693,0.002844,2.410433
0.011421,9.678910,0.001624,1.376622
0.033387,28.293739,0.034807,29.497178
0.034093,28.891771,0.057629,48.838156
0.036852,31.230459,-0.003117,-2.641672
0.023801,20.170369,0.022366,18.954072
0.039869,33.786931,0.013409,11.363539
0.025601,21.695720,0.023177,19.641377
0.060061,50.898460,0.027215,23.063046
0.040661,34.458242,0.013143,13.169690
0.017497,14.828251,0.037733,37.808671
0.030020,25.440438,0.054362,46.069557
0.015988,13.549440,0.011160,9.457355
0.064993,55.078571,0.063999,54.236359
0.010290,8.719903,0.057303,48.561515
0.058097,49.234786,0.011581,11.604601
0.012724,10.782900,0.008557,8.574259
0.012098,10.252799,0.033291,28.212294
0.048313,40.943375,0.023216,19.674183
0.013214,11.198032,0.034648,29.362198
0.001658,1.405420,0.049574,42.011239
0.028235,23.927646,0.027382,27.436855
0.058205,49.325844,0.050974,43.197804
0.012504,10.596210,0.020795,17.622681
0.025231,21.382214,0.017736,15.030494
0.055139,46.727408,0.052656,44.623543
0.035336,29.945771,0.041423,35.103758
0.034117,28.912663,0.034973,29.638257
0.014069,11.922765,-0.003306,-2.801429
0.030520,25.864227,0.015597,13.217425
0.024692,20.924976,0.059516,50.437339
0.021457,18.183446,0.033149,28.092485
0.048285,40.919105,0.019494,16.519907
0.013360,11.321617,0.024685,20.919305
0.026977,22.861601,0.057346,48.597782
0.046706,39.580783,0.012840,10.881559
0.020692,17.535846,0.035385,29.987283
0.013421,11.373785,0.024012,24.059877
0.007915,6.707357,0.023301,19.746682
0.002463,2.087555,0.036575,30.995826
0.040417,34.251543,0.032690,27.702823
0.031736,26.894700,0.051500,43.643972
-0.000246,-0.208287,0.018223,15.443537
0.036185,30.665257,0.012348,10.464242
0.033082,28.035438,0.007258,6.151132
0.058874,49.893211,0.014147,14.175604
0.013510,11.449502,0.041772,35.400002
0.046659,39.541351,0.043080,36.508194
0.062140,52.661026,0.023202,19.662187
0.040873,34.638001,0.063236,63.362522
0.013911,11.788652,0.008663,7.341426
0.054481,46.169992,0.050817,43.065257
0.038342,32.493192,-0.005018,-5.027557
0.022554,19.113218,0.013805,11.699117
0.023173,19.637954,0.020091,17.026349
0.029684,25.155806,0.034469,29.211221
0.011313,9.587011,0.021422,18.154289
0.062518,52.981422,0.042316,35.860960
0.028772,24.382966,0.035013,29.671639
0.051024,43.240585,0.008319,7.049673
0.009506,8.055821,0.012735,10.791997
0.059617,50.522833,0.002418,2.049521
0.064696,54.826556,0.002963,2.510910
0.054035,45.792360,0.039655,33.605638
0.054409,46.108999,0.013640,13.667379
0.064182,54.391580,0.047561,40.305371
0.028458,24.116977,0.025186,21.343698
0.058221,49.339804,0.026734,22.655494
0.049034,41.553962,0.000704,0.596545
0.053446,45.292741,0.057097,48.387324
0.019413,16.451490,0.024406,20.683050
0.009265,7.851371,0.012661,10.729835
0.000741,0.628228,0.006877,5.827971
0.030923,26.205471,0.006517,5.522812
0.038107,32.293555,0.054697,46.353282
0.028640,24.271308,0.021113,21.155502
0.019737,16.725930,-0.000346,-0.293052
0.020789,17.617517,0.005088,4.311783
0.003813,3.231565,0.032938,33.003813
0.025496,21.606772,0.053925,45.698988
0.038504,32.630659,0.059841,59.959896
0.025637,21.726027,0.018499,15.676975
0.013930,11.804790,0.007684,6.511620
0.021204,17.969285,0.033190,28.126898
0.028613,24.248279,0.041591,35.246366
0.050804,43.054243,0.016522,14.001225
0.009169,7.770275,0.017103,14.494008
0.029861,25.305869,0.050094,42.452507
0.051597,43.726380,0.027921,23.662094
0.018579,15.744950,0.047520,40.271276
0.027321,23.153584,0.047657,40.387288
0.031228,26.464549,0.028314,23.995179
0.047607,40.344882,-0.003123,-2.646433
0.016048,13.600329,0.027437,23.251316
0.014146,11.988068,0.049073,41.587338
0.005344,4.528429,0.015397,13.048635
0.014057,11.912246,0.032121,32.184992
0.015238,12.913861,0.011345,9.614321
0.053146,45.038555,0.014704,12.460797
0.007109,6.024372,0.034701,29.407666
0.027649,23.431614,0.005633,4.773969
0.066333,56.213999,0.015156,12.844203
0.030740,26.050715,0.020398,17.286248
0.029199,24.745167,0.028689,24.312366
0.051359,43.524169,0.003545,3.004096
0.023697,20.081871,0.012636,10.708407
0.034620,29.339072,0.032239,27.321267
0.021793,18.468448,0.009946,8.428581
0.016750,14.195137,0.015894,13.469050
0.036045,30.546044,0.015509,13.143276
0.048709,41.278171,0.048219,40.862992
0.008478,7.184302,0.016075,13.622999
0.026250,22.245490,0.055388,46.938496
0.010891,9.229467,0.026248,22.243572
0.033345,28.258024,0.041118,34.845211
0.056977,48.285234,0.025549,21.651319
0.025402,21.527076,0.008962,7.594486
0.004001,3.390634,0.052168,44.210240
0.040980,34.728513,0.000786,0.666149
0.039205,33.224092,0.011938,10.117178
0.058849,49.871806,0.049116,41.623342
0.052196,44.233954,0.032327,27.395647
0.052195,44.232611,-0.000484,-0.484575
0.031926,27.055498,0.036980,31.339144
0.035060,29.711792,0.029226,24.767575
0.020185,17.106073,0.033324,28.240700
0.006645,5.631605,0.048496,41.098198
0.047725,40.444390,0.013786,11.682559
0.049229,41.719040,0.029575,25.063307
0.019702,16.696634,0.015027,12.734934
0.012713,10.773344,0.020383,17.273854
0.027366,23.191111,0.035805,30.343244
0.028228,23.921869,0.032633,27.655009
0.027772,23.535563,0.047759,40.473170
0.050358,42.676067,0.028136,23.844204
0.021622,18.323644,0.024464,20.731675
0.037598,31.862797,0.067437,57.149836
0.055241,46.814085,-0.036805,-36.878497
0.033593,28.468615,0.056541,47.915566
0.013371,11.331306,-0.007200,-6.101366
0.023135,19.606102,0.025444,21.562811
0.018716,15.860961,0.061435,52.063189
0.033914,28.740543,-0.027700,-27.755043
0.014401,12.204413,0.011128,9.430603
0.073312,62.128809,0.012630,10.703023
0.045536,38.589928,0.050237,42.573216
0.010718,9.082808,0.055774,47.266169
0.000875,0.741102,0.044219,37.473392
0.006971,5.907222,0.004513,3.824366
0.018819,15.948187,0.047353,40.129107
0.027464,23.274126,0.024577,20.827575
0.031066,26.327280,0.050372,42.687873
0.031293,26.519453,0.002193,1.858667
0.018630,15.788088,-0.028743,-28.800532
0.054952,46.569030,0.010743,9.103785
0.030064,25.477940,0.018391,15.585577
-0.002126,-1.801837,0.060135,50.961430
0.022197,18.811172,0.050253,42.586935
0.058056,49.199628,-0.001811,-1.534582
0.058264,49.375886,0.021372,18.111501
0.057923,49.086727,0.033593,28.468424
0.015452,13.095073,0.029340,24.864269
0.020237,17.149863,0.060024,50.867565
0.052925,44.851737,-0.000330,-0.280003
0.056798,48.133610,0.031045,26.309351
0.017444,14.782712,0.003250,2.753966
0.003526,2.987702,0.020225,17.139985
0.028781,24.390651,0.056070,47.516837
0.008420,7.135617,0.049554,41.994380
0.054146,45.886133,0.052216,44.250881
0.027287,23.124268,0.004980,4.989897
0.026581,22.525841,0.008512,7.213356
0.051366,43.529979,0.031466,26.665957
0.055617,47.132985,0.030737,26.047968
0.020152,17.077847,0.032443,27.493838
0.003031,2.568831,0.068319,57.896984
0.024239,20.541124,0.074416,74.564386
0.019285,16.343425,0.037015,31.368236
0.019072,16.162476,0.062434,52.909748
0.046365,39.291860,0.019897,16.861341
0.010664,9.037221,0.038985,33.037768
0.048941,41.474903,-0.002050,-1.737246
0.057012,48.314976,0.039196,33.216439
0.035588,30.158996,0.002654,2.248887
0.034891,29.568774,0.016535,14.013019
0.025968,22.006667,0.055678,47.184560
0.036163,30.646288,0.021558,18.269732
0.008181,6.933245,0.021905,18.563864
0.026469,22.430940,0.062122,52.645486
0.008389,7.109229,0.007758,6.574153
0.036689,31.092218,0.027947,23.683362
0.011710,9.923468,-0.002650,-2.655303
0.020652,17.501415,0.004136,3.504661
0.048589,41.176625,0.022899,19.406092
0.036108,30.600100,0.092044,92.227732
0.049652,42.077320,0.061194,51.859092
0.036044,30.545409,0.015617,13.234784
0.057292,48.552139,0.000999,0.846334
0.043723,37.053052,0.018339,15.541478
0.053893,45.671329,0.011379,9.643552
0.019656,16.657580,0.019683,16.680823
0.007761,6.576836,0.000274,0.274240
0.012870,10.907030,0.002420,2.050559
0.012314,10.435516,0.067761,57.424114
0.008959,7.592398,0.026428,22.396891
0.025051,21.229516,0.061870,52.431685
0.051820,43.915140,0.029978,25.405344
0.017396,14.742443,0.031033,31.094568
0.040777,34.556290,0.041841,41.924097
0.063782,54.052189,0.025860,21.915506
0.037445,31.732881,0.050945,43.173619
0.048698,41.268984,0.032080,27.185866
0.023290,19.737062,0.032757,27.759921
0.016000,13.559350,0.029506,25.005256
0.018614,15.774891,0.037249,31.566547
0.015782,13.374637,0.065675,55.656248
0.047076,39.894543,0.036517,30.946127
0.030225,25.614647,0.044503,37.713841
0.034226,29.005052,0.079388,79.546107
0.004886,4.140987,0.039866,39.945900
0.002036,1.725397,0.020008,16.955759
0.044622,37.814985,0.021383,18.120675
0.016381,13.882063,0.046640,39.525571
0.019150,16.228368,0.038025,32.224041
0.032864,27.850963,0.037723,31.968774
0.022851,19.365438,0.035640,30.202947
0.033848,28.684265,0.041384,35.071111
0.012814,10.859468,0.056929,48.244316
0.031434,26.639114,0.050931,43.161214
0.016007,13.565416,0.050009,42.380461
0.040568,34.379710,0.034792,29.484312
0.031236,26.471154,0.063135,53.504036
0.006118,5.184825,0.036870,31.245226
0.045061,38.187234,0.001814,1.537581
0.030657,25.980376,0.017358,14.710159
0.049687,42.106987,0.025153,21.316076
0.032750,27.753821,0.008079,6.846956
0.048198,40.845842,0.029458,24.964494
0.022777,19.302088,0.018984,16.087803
0.034692,29.399799,0.010585,8.970498
0.013441,11.390773,-0.001549,-1.552262
0.034702,29.408042,0.011024,9.342275
0.035436,30.030308,0.006184,5.240611
0.019996,16.945958,0.035161,29.797692
0.061335,51.978816,0.041050,41.131573
0.031272,26.501289,0.079518,79.676407
0.025317,21.455330,0.029883,25.324176
0.021384,18.122345,0.017974,15.231700
0.009409,7.973635,0.008976,7.606356
0.020443,17.324766,0.023023,19.510879
0.029401,24.916323,0.018084,18.119896
0.068631,58.161194,-0.000134,-0.113730
0.050862,43.102703,0.022996,19.488244
0.028672,24.297744,0.012750,10.804612
0.000156,0.132075,0.024686,20.920077
0.040234,34.096606,0.035021,29.678886
0.007913,6.705768,0.002534,2.539452
0.024681,20.915829,0.034858,29.540667
0.002015,1.707816,0.022888,19.396747
0.045894,38.893361,0.004032,3.417085
0.017532,14.857801,0.000639,0.541523
0.011012,9.332566,0.028394,24.062612
0.022158,18.777688,0.015720,13.322180
0.025901,21.949955,0.038036,32.233877
0.019261,16.322951,0.029899,25.337618
0.060556,51.318246,0.013761,11.661464
0.034441,29.187411,0.049322,41.798460
-0.001654,-1.401534,0.013463,13.489859
0.031603,26.781764,0.015801,13.390212
0.027580,23.373016,0.056276,47.691437
0.016202,13.730099,0.027172,23.027161
0.017472,14.806481,0.064242,54.442373
0.047369,40.143291,0.067620,57.304929
0.021892,18.552518,0.017712,15.010069
0.014312,12.128679,0.033587,28.463218
0.055101,46.695854,0.003638,3.083276
-0.002461,-2.085624,0.024758,24.807301
0.025665,21.749978,0.055272,46.840691
0.016089,13.634812,0.000766,0.649545
0.048963,41.493631,0.033901,28.729548
0.018795,15.927626,0.018421,18.457605
0.029556,25.046881,0.033336,28.251091
0.007984,6.765730,0.035854,30.384478
0.055879,47.355194,0.008274,8.290021
0.008820,7.474941,0.017817,15.098949
0.028852,24.450466,0.012975,10.996052
0.041934,35.537173,0.028531,24.178954
0.005017,4.251691,-0.021556,-21.598729
0.028630,24.262437,0.034240,34.307833
0.022787,19.310907,0.036158,30.642582
-0.002989,-2.533358,0.030719,26.032708
0.042204,35.766256,0.026793,22.705489
0.060621,51.373611,0.044344,37.579484
0.027620,23.406947,0.019946,16.903401
0.013550,11.483066,0.020182,17.103706
0.024523,20.781808,0.025453,21.570247
0.016367,13.870414,0.032433,27.485477
0.028851,24.450042,0.028483,24.138013
0.042087,35.667109,0.030119,25.524567
0.029310,24.838591,0.033378,28.285850
0.026355,22.334627,0.062317,52.811093
0.060561,51.322693,0.019156,19.193971
0.057572,48.789526,0.028354,24.028933
0.047712,40.433497,0.026397,22.370411
0.040807,34.582320,0.035999,36.070435
0.014536,12.318932,0.055830,47.313291
0.032607,27.632656,0.052833,44.773034
0.010169,8.617511,0.028870,24.466268
0.033379,28.287113,0.035443,30.036302
0.036343,30.799030,0.013539,11.473507
0.017768,15.057637,-0.010172,-8.620105
0.027610,23.398255,0.051074,51.176207
0.004470,3.788025,0.042680,42.765506
0.049418,41.879197,0.017105,14.495617
0.009267,7.853096,0.038344,32.494954
-0.004283,-3.629219,0.042041,35.627358
-0.001608,-1.362414,0.006194,5.249174
0.026764,22.681181,0.043803,37.121015
0.007288,6.176509,0.043754,37.079544
0.035407,30.005473,0.040765,34.546779
0.028791,24.399269,0.023638,20.032163
0.042603,36.104145,0.018815,15.944763
0.014771,12.517378,0.050277,42.607730
0.050877,43.115453,0.021984,18.630033
0.059269,50.227292,0.051600,43.728858
0.048999,41.524173,-0.003172,-2.688399
0.032079,27.185575,0.003963,3.970682
0.037101,31.441306,0.059434,50.367361
0.012605,10.682442,0.002554,2.164698
0.060792,51.518653,0.013977,11.844627
0.015168,12.854068,0.025268,21.413444
0.005642,4.781580,0.017062,14.459536
0.051182,43.374116,0.001139,0.964912
0.015528,13.159362,0.017718,15.015557
0.007191,6.094258,0.042822,36.289223
0.027994,23.723239,0.036842,31.222102
0.016863,14.290764,0.015373,13.027618
0.038260,32.423382,0.059269,50.227280
0.050605,42.885688,0.053997,54.104590
0.046053,39.027325,0.021677,18.370098
0.020193,17.113002,0.009697,8.217637
0.005984,5.071092,0.014546,12.326678
0.010839,9.185595,0.016227,13.751755
0.015107,12.802610,0.014142,11.984915
0.042415,35.944681,0.002517,2.133116
0.052696,44.657144,0.003546,3.005372
0.036232,30.704776,0.022835,19.351767
0.008003,6.782167,0.040065,40.144869
0.047554,40.300047,0.002595,2.198911
0.023671,20.060295,0.035977,30.488964
0.023423,19.849719,0.020047,20.086551
0.040777,34.556983,-0.011698,-11.720915
0.054143,45.883211,0.049325,41.800238
0.036189,30.668506,0.022140,18.762462
0.057374,48.622056,0.011804,10.003605
0.043137,36.556305,0.053085,44.987052
0.026654,22.587912,0.045267,38.361635
0.028230,23.923926,0.041998,35.591193
0.009061,7.678410,0.008861,8.878895
0.009543,8.087368,0.038492,32.620377
0.032112,27.213718,0.007621,6.458855
0.037796,32.030358,0.036608,31.023954
0.027826,23.580955,0.013218,11.202018
0.025296,21.436939,-0.000021,-0.017848
0.052163,44.205513,0.037133,31.468380
0.039103,33.137596,0.020303,17.206246
0.042321,35.864816,0.056453,47.841196
0.060683,51.426153,0.004073,3.451255
0.004465,3.783820,0.042494,36.011432
0.026699,22.626199,0.000031,0.030818
0.015416,13.064036,0.024480,20.745888
0.034841,29.525885,0.032275,27.351746
0.023039,19.524141,0.017481,14.814035
0.022699,19.236129,0.015686,13.293182
0.027336,23.166125,0.060542,51.306163
0.028530,24.177719,0.042984,36.426823
0.034649,29.363021,0.030202,25.594548
0.013067,11.073566,0.037152,31.484686
0.044371,37.602327,0.002146,2.150054
0.028086,23.801959,0.021810,18.482602
0.051906,43.987488,0.004626,3.920177
0.030960,26.237339,0.020673,17.519489
0.063423,53.747992,0.058558,49.625230
0.023235,19.690417,0.026992,22.874400
0.016853,14.282431,0.016836,14.267698
0.039200,33.220104,0.037561,31.831035
0.020048,16.989720,0.054027,45.785063
0.019488,16.515062,0.046120,39.084081
0.030688,26.006856,0.042526,36.038557
0.015269,12.939771,0.039001,33.051552
0.040194,34.062844,0.004510,4.519182
0.021578,18.286581,0.034638,29.354401
0.058944,49.952588,-0.001448,-1.227186
0.053667,45.480336,-0.009947,-9.966661
0.045296,38.386119,0.004050,4.058277
0.047968,40.650622,0.006939,5.880888
0.027947,23.683995,0.041919,35.524047
0.014613,12.383958,0.021182,17.951146
0.017599,14.914199,0.020313,17.214458
0.034605,29.326074,0.058784,49.817007
0.010234,8.673096,0.005851,4.958415
0.036635,31.046309,0.046824,39.681285
0.026908,22.803321,0.016122,16.154018
0.031469,26.668832,0.012813,10.858322
0.025818,21.879520,0.036824,31.206335
0.054389,46.092132,0.052797,52.902493
0.031146,26.394618,0.000888,0.752474
0.062113,52.638117,0.035963,30.477064
0.032114,27.215051,0.029224,24.765601
0.035035,29.690250,0.042245,35.801034
0.032772,27.772574,0.011338,9.608713
0.029978,25.405314,0.012518,10.608814
0.027607,23.395505,0.028789,24.396919
0.030922,26.204914,0.039744,33.681483
0.032456,27.504955,0.063910,54.160355
0.047823,40.528010,0.008334,7.062570
0.041250,34.957656,0.026232,22.229954
0.038032,32.230544,0.023156,19.623401
0.019127,16.208947,0.005363,4.544984
0.008217,6.963385,0.033714,28.571298
0.025711,21.788585,0.060113,50.942782
0.019128,16.210314,0.047470,47.564243
0.028913,24.502461,0.020292,17.196655
0.041177,34.895361,0.046228,39.176334
0.057205,48.478927,0.087595,74.232628
0.010129,8.584129,0.031216,26.454255
0.037531,31.805803,0.046473,39.383627
0.023649,20.041524,0.008102,6.865774
0.021363,18.104125,0.011921,10.102636
0.038895,32.961500,0.051236,43.420402
0.066227,56.124473,-0.000914,-0.774587
0.021605,18.309035,0.017461,14.797207
0.058208,49.328650,0.043503,36.867077
0.040752,34.535609,0.026848,22.752044
0.020191,17.111197,0.055578,55.688659
0.024339,20.625777,0.046513,46.605946
0.038608,32.718861,0.015178,12.862307
0.055534,47.062360,0.021285,18.037721
0.033055,28.012300,0.008687,7.362110
0.037472,31.755978,0.037150,31.483103
0.025437,21.556918,0.104230,88.329777
0.053019,44.931093,0.013696,11.606673
0.036892,31.264076,0.009290,7.872905
0.016883,14.307749,0.027737,27.792195
0.016975,14.385342,0.043765,37.089165
0.023889,20.244981,0.008186,6.937584
0.030178,25.574839,0.021912,18.569566
0.042310,35.855485,0.022356,18.945262
0.023576,19.979314,0.036885,36.958762
0.050031,42.399264,0.013645,13.672685
0.029067,24.632709,0.049771,42.178345
0.031143,26.392602,0.028764,24.376204
0.038923,32.985016,0.017355,14.707588
0.047108,39.921682,0.018042,15.289515
0.034758,29.455847,0.006726,6.739528
0.001427,1.209446,0.046383,39.307007
0.030887,26.175427,0.012222,12.246684
0.011439,9.694039,0.017696,14.996205
0.027523,23.324830,0.018994,16.096312
0.050166,42.513396,0.009892,8.383109
0.048611,41.195280,0.039814,33.740558
0.054073,45.824493,0.030566,25.903109
0.000207,0.175734,0.011502,9.747187
0.014204,12.037032,0.015157,12.845192
0.026094,22.113175,0.027248,23.091166
0.019159,16.236494,0.034491,34.559984
-0.000023,-0.019233,0.003672,3.111855
0.014831,12.568658,0.033632,33.699384
0.026296,22.284253,0.025296,21.437082
0.037491,31.771870,0.033032,27.992934
0.032596,27.623306,0.063934,54.181325
0.022614,19.164671,-0.012439,-12.463910
0.024943,21.137883,0.022420,19.000185
0.026147,22.158360,0.024260,24.308572
0.034992,29.653831,0.020527,17.395390
0.029346,24.869404,0.003810,3.228964
0.038338,32.489878,0.015218,12.896241
0.050749,43.007037,0.028089,23.804204
0.053880,45.660881,0.029687,25.158479
0.058366,49.462462,0.037278,31.591313
0.063220,53.575562,0.031798,26.946960
0.006871,5.823178,0.025279,21.422482
0.064567,54.717210,0.035852,35.923802
0.047452,40.213547,0.014611,12.382323
0.032938,27.913797,0.026848,22.752657
0.050666,42.937149,0.014015,11.876823
0.053243,45.120874,0.029371,24.890344
0.022642,19.188187,0.030447,25.802341
0.037588,31.854443,0.024987,21.174880
0.018799,15.931123,0.014013,11.875684
0.009959,8.439623,0.053893,45.671433
0.067932,57.568787,0.003982,3.374697
0.065558,55.557243,0.016942,16.975473
0.050296,42.623507,0.065503,55.510619
0.032610,27.635133,0.074549,63.176475
0.024542,20.798079,0.040536,34.352460
0.046535,39.435992,0.010343,8.765121
0.006057,5.132973,0.067453,57.163044
-0.007974,-6.757276,0.032944,27.918453
0.025280,21.423511,0.024713,20.943211
0.015061,12.763613,0.029879,29.938578
0.012219,10.354868,-0.010608,-10.629307
0.043058,36.489392,0.051780,43.881092
0.024758,20.981168,0.046044,46.135546
0.024310,20.601614,0.054212,45.941822
0.054499,46.185288,0.010726,9.089528
0.025583,21.680572,0.014732,12.484247
0.039740,33.678052,0.007285,6.173325
0.031656,26.827210,0.033878,28.710000
0.047663,40.392091,0.041497,35.166551
0.044852,38.009942,0.008208,8.224794
0.021557,18.268910,0.028859,24.456638
0.042267,35.818999,0.011626,9.852342
0.044310,37.550565,0.034585,29.309140
0.029277,24.810953,0.045022,45.111313
0.014740,12.491736,0.054562,46.238652
0.056899,48.219424,0.020404,17.291327
0.019399,16.439542,0.030119,25.524745
0.021682,18.374441,0.025990,22.025023
0.040533,34.349944,0.053676,45.487701
0.018529,15.702485,0.032626,27.648788
0.025595,21.690282,0.024120,20.440695
0.046660,39.542234,0.018283,15.493624
0.011568,9.803385,0.005486,4.648777
0.054525,46.207035,0.002678,2.269695
0.007984,6.766141,0.066332,66.464603
0.029581,25.068897,0.006473,5.485543
0.052376,44.386390,0.033913,28.739719
0.065765,55.733089,0.001063,0.900733
0.056753,48.095315,0.015634,15.665548
0.051955,44.029529,0.024505,20.766633
0.025643,21.731300,0.001034,0.875898
0.043239,36.642997,0.051875,43.961474
0.029039,24.608875,0.053506,45.343920
0.007040,5.966251,0.022434,19.012149
0.018994,16.096632,0.021755,18.436096
0.035025,29.682301,0.032553,27.587328
0.040127,34.006049,0.014069,11.923158
0.054397,46.098577,0.044072,37.348710
0.023287,19.734934,0.018152,15.383182
0.030558,25.896350,0.053170,45.058709
0.056492,47.874490,0.024177,20.488680
0.004988,4.227482,0.022505,19.071808
0.029582,25.068959,0.016563,14.036533
0.023622,20.018752,0.027968,23.701701
0.059364,50.307796,0.051860,43.949294
0.028544,24.189866,0.052953,44.875445
0.023170,19.635079,0.016750,14.195081
0.049197,41.692020,0.022051,18.687561
0.035366,29.971102,0.027846,23.598262
0.009597,8.133293,0.066740,66.873155
0.057246,48.513472,0.016874,14.300323
0.054630,46.296091,0.008923,7.562218
0.052089,44.142910,0.042370,35.906207
0.005794,4.909867,0.016263,13.781870
0.051107,43.310560,0.036717,31.115662
0.019542,16.560522,0.021219,21.261354
0.023444,19.867652,0.060269,51.074866
0.026839,22.744512,0.042349,35.888912
0.026562,22.509684,0.046033,46.124932
0.051648,43.769274,0.020823,17.646527
-0.000432,-0.365676,0.038642,32.747084
0.022834,19.351115,0.021160,17.931789
0.031922,27.052539,0.025171,21.331196
0.048228,40.870957,0.047266,40.055600
0.027367,23.192046,0.032893,27.875341
0.008261,7.000717,0.038224,38.300036
0.035661,30.221215,0.017078,17.112238
0.006328,5.363092,-0.008560,-8.576662
0.014826,12.564163,0.019864,16.833837
0.000099,0.084319,0.009900,8.389806
0.005359,4.541201,0.021680,18.372623
0.026016,22.047363,0.053022,53.127420
0.038916,32.979711,0.018040,15.287674
0.042459,35.981959,0.039073,33.112840
0.019907,16.869957,0.027175,23.029658
0.011295,9.571585,0.029196,24.742215
0.009211,7.805618,0.020865,17.681887
0.039354,33.350974,0.052920,53.025394
0.020445,17.326543,0.032225,27.308737
0.051844,43.935643,0.022721,19.255020
0.014655,12.419649,0.019166,16.242042
0.016474,13.960910,0.038236,32.403319
0.061539,52.151729,0.022551,19.110729
0.071263,60.392152,0.028611,24.246147
0.035337,29.946433,0.025044,21.223631
0.016328,13.837157,0.013529,11.465014
0.009851,8.347959,0.003886,3.292860
0.061593,52.196947,0.015335,12.995564
0.057911,49.077064,0.010978,9.303461
0.001753,1.485717,0.005420,4.593381
0.026511,22.466573,0.019514,16.537022
0.022372,18.958900,0.031882,27.018110
0.010298,8.727226,0.043930,37.228907
0.025220,21.373167,0.020706,17.547368
0.049828,42.227219,0.056356,47.759116
0.016228,13.752159,0.029511,25.009544
0.053728,45.531768,0.024218,20.523295
0.028045,23.766410,0.021046,17.835790
0.054984,46.596005,-0.000882,-0.747423
0.013894,11.774725,0.039755,33.690748
0.029657,25.132650,0.029677,25.149963
0.062812,53.230116,0.045252,38.348781
0.046784,39.647539,0.021498,21.541161
0.008892,7.535762,0.047825,40.529227
0.019934,16.893200,0.020553,17.418100
0.045288,38.379089,0.001626,1.629674
0.033039,27.998999,0.014842,12.577830
0.057892,49.060893,-0.001496,-1.267735
0.010565,8.952959,0.033238,28.167351
0.020715,17.554934,0.009393,7.959991
0.006574,5.571361,0.008907,8.924331
0.056932,48.246997,0.035452,30.043721
0.011655,9.877204,0.019329,16.380329
0.033586,28.462683,0.002379,2.015978
0.025622,21.713472,0.005503,4.663581
0.017027,14.429873,0.031362,26.578024
0.021586,18.293395,0.027909,23.651476
0.023817,20.183592,0.050603,42.884047
0.019939,16.897390,0.022675,19.215795
0.051875,43.961498,0.047527,40.277159
0.022898,19.404675,-0.003841,-3.848888
0.045062,38.187738,0.014601,12.373787
0.036774,31.164412,0.010831,9.178766
0.050102,42.458719,0.054496,46.182804
0.005955,5.046744,-0.003068,-2.599732
0.054910,46.533638,0.007193,6.095315
0.049342,41.815361,0.025728,21.803394
0.025465,21.580171,0.022587,19.141442
0.008126,6.886752,0.037369,31.668056
0.046748,39.616494,0.050699,42.965385
0.039057,33.098566,0.007835,6.640153
0.022634,19.181203,0.052705,44.665012
0.010110,8.567857,0.066139,56.049387
0.061155,51.826045,0.007411,6.280610
0.018724,15.868079,0.037786,32.021997
0.028673,24.299115,-0.005252,-4.451068
0.024992,21.179755,0.038717,38.794128
0.036190,30.669468,0.026587,26.640326
0.058140,49.271285,0.050027,42.395826
0.028279,23.964788,0.029931,25.365368
0.057339,48.591888,0.000092,0.078227
0.010656,9.030866,0.073272,73.418186
0.019502,16.527131,0.017237,17.271600
0.028555,24.199357,-0.006360,-6.372884
0.031861,27.000300,0.003788,3.210528
0.013367,11.327673,0.055189,46.769763
0.056778,48.116403,0.012867,10.903784
0.004939,4.185977,0.032628,27.650559
0.027808,23.565732,0.036739,31.134762
0.046984,39.816756,0.002765,2.343550
0.006705,5.681946,0.007803,6.612779
0.035871,30.399334,0.056979,48.286727
0.039649,33.600760,0.008144,6.901724
0.061828,52.396106,0.011290,9.567334
0.012796,10.843649,0.030722,26.035098
-0.004957,-4.201098,0.019401,16.441014
0.031182,26.425252,0.019856,16.827119
0.013243,11.222413,0.054872,46.501377
0.030141,25.542816,0.028066,23.784501
0.005096,4.318444,0.052620,44.592802
0.046823,39.680283,0.021196,17.962521
0.054196,45.928322,0.056230,47.652320
0.017848,15.125451,0.004446,3.767842
0.027692,23.467798,0.093695,93.881949
0.020916,17.725526,0.028745,24.359813
0.016333,13.841583,0.042028,35.616982
0.030697,26.014410,0.008300,7.033988
0.051943,44.019145,0.020849,17.668805
0.023564,19.969218,-0.001606,-1.608895
0.050528,42.820418,0.002468,2.091136
0.011052,9.366437,0.044045,44.132455
0.057881,49.051641,0.000073,0.073340
0.058471,49.551535,0.036529,30.956683
0.010582,8.967518,0.051849,43.939137
0.031387,26.599366,0.054352,46.060948
0.016038,13.591354,0.057201,48.475187
0.041828,35.447429,-0.003903,-3.307283
0.061365,52.004230,0.064155,54.368549
0.055966,47.428350,0.006179,5.236639
0.028417,24.082180,0.017344,14.698398
0.001341,1.136458,0.015727,13.327901
0.029773,25.231058,0.018366,15.564051
0.012112,10.264450,0.054571,46.246106
0.032199,27.286854,0.002308,1.955576
0.025260,21.406317,0.021672,18.365621
0.029798,25.252616,0.000618,0.523922
0.027975,23.707704,0.008578,7.269289
0.018224,15.443886,0.029513,25.010626
0.022278,18.879407,0.059911,50.771787
0.050333,42.654725,0.053350,45.211330
0.038349,32.498923,0.041941,35.542792
0.051316,43.487720,0.033072,28.026630
0.031831,26.975563,0.021718,18.404707
0.058765,49.800576,0.038046,32.242128
0.023999,20.337816,0.043431,36.805467
0.016053,13.604361,0.027469,23.278778
0.019550,16.567693,0.030312,25.688008
0.005651,4.788565,0.048771,41.330961
0.020225,17.140002,0.015887,13.463521
0.014069,11.922977,0.025117,25.167516
0.045120,38.237210,0.053384,53.490294
0.016266,13.784797,0.054309,46.024240
0.014917,12.641507,0.011207,9.497604
0.028641,24.272021,0.042822,36.289271
0.037699,31.948083,0.021267,18.022909
0.007138,6.048876,0.027314,23.147488
0.051376,43.538924,0.053234,45.113285
0.049317,41.794226,0.041151,34.873587
0.039235,33.249947,0.018889,16.007497
0.051126,43.327019,0.022219,18.829843
0.049453,41.908809,0.031324,26.545438
0.043496,36.860523,0.012111,10.263658
0.014270,12.093087,0.018829,15.956468
0.024733,20.960114,0.027110,27.163606
0.011258,9.540402,0.016971,14.382302
0.009896,8.386511,0.024087,20.412874
0.025194,21.351000,0.062107,52.632662
0.021466,18.191624,0.012914,10.944124
0.007205,6.105524,0.008543,7.240182
0.021881,18.542907,0.050970,51.071963
0.016888,14.311903,0.011587,9.819111
0.025365,21.495244,0.010939,9.270270
0.050224,42.562274,0.056336,47.742390
0.048957,41.488824,0.019403,16.442844
0.018540,15.712033,0.032266,27.343929
0.076395,64.741470,0.016828,14.260701
0.028359,24.032829,0.013873,13.900510
0.031197,26.437619,0.030552,30.613378
0.052919,44.846426,0.047619,40.354531
0.007011,5.941690,0.022882,19.391021
0.030416,25.776007,0.058817,58.934496
0.050814,43.062109,0.034141,28.932958
0.035065,29.716282,0.029500,29.558487
0.022054,18.689897,0.024957,21.149631
0.041786,35.411240,0.050356,42.674622
0.024690,20.923186,0.008138,6.896625
0.041463,35.137814,-0.015919,-15.950355
0.023519,19.931627,0.011591,9.822754
0.040642,34.442474,0.040243,34.104062
0.009166,7.767855,0.032865,27.851362
0.056453,47.841103,0.010371,8.788956
0.023045,19.529867,0.011633,9.858391
0.019065,16.156899,0.044010,37.296354
0.013780,11.678298,0.023600,20.000182
0.021407,18.141792,0.030112,25.518388
0.026313,22.298857,0.006445,6.457925
0.032764,27.766034,0.023879,20.236637
0.041253,34.960279,0.029971,25.399202
0.027636,23.420468,0.022805,19.325914
0.061668,52.260694,0.033516,28.403184
0.018293,15.502638,0.003916,3.318407
0.055683,47.188475,0.023708,20.091250
0.013477,11.420740,0.011157,9.455014
0.036372,30.823829,0.026161,22.170285
0.060020,50.864055,0.031251,26.483985
0.026469,22.431314,0.005601,4.746334
0.019743,16.731578,0.044072,37.348755
0.014351,12.161662,0.045347,38.429676
0.046631,39.517552,-0.010632,-10.653430
0.016572,14.043667,0.027570,23.364480
0.030036,25.454230,0.015783,13.375005
0.010418,8.828419,0.035700,30.253679
0.056111,47.551429,0.011687,9.904450
0.038100,32.288201,0.027207,23.056538
0.021150,17.923810,0.013926,11.801718
0.015283,12.951972,0.042047,35.632631
0.029950,25.381182,0.020632,17.484824
0.042975,36.419553,0.025870,21.923343
0.016550,14.025722,0.045401,38.474863
0.053517,45.353372,0.007575,6.419870
0.024734,20.960933,0.004197,3.557152
0.000981,0.831342,0.029653,25.129085
0.037071,31.415612,0.083467,83.633447
0.055853,47.332778,0.057529,48.752841
0.032825,27.817747,0.036988,31.345203
0.008909,7.550009,0.008526,7.225209
0.031342,26.560782,0.066394,56.265936
0.032781,27.780748,0.033623,33.689656
0.003865,3.275370,0.021983,18.629255
0.015398,13.049162,0.020631,17.483982
0.052347,44.361961,0.014582,12.357611
0.015431,13.076787,0.013041,11.051914
0.013141,11.136180,0.006446,5.462572
0.048637,41.217833,0.012468,10.565825
0.005721,4.848391,0.028883,24.476704
0.048409,41.024309,0.030721,26.034239
0.057606,48.818337,0.011446,9.700016
0.060621,51.373567,0.046118,39.082471
0.026119,22.134771,0.032621,27.645038
0.013088,11.091155,0.046008,38.989888
0.022403,18.985737,0.038583,38.660460
0.023856,20.217202,0.039978,33.879386
0.016650,14.110084,-0.028488,-28.545213
0.020632,17.484497,0.008271,8.287425
0.045646,38.682749,0.053953,45.722411
0.005027,4.260494,0.025075,21.249872
0.019365,16.411318,0.057970,49.126470
0.012697,10.759836,0.023362,19.798592
0.048106,40.767288,0.039943,40.022994
0.003057,2.590991,0.025541,21.644963
0.036203,30.680441,0.029458,24.964431
0.050375,42.690194,0.035828,30.362103
0.000019,0.015830,0.047640,40.372521
0.014441,12.237903,0.001661,1.663949
0.033881,28.712897,0.009448,8.006897
0.063930,54.177291,0.026607,22.548085
0.056193,47.620872,0.029594,25.079336
0.018161,15.390580,0.022219,18.829619
0.026209,22.210562,0.014580,12.355732
0.004437,3.759914,0.024618,20.862653
0.027390,23.211621,0.012610,10.685957
0.031426,26.632200,0.028224,23.918370
0.040290,34.143450,0.020164,17.087773
0.019225,16.292472,0.017697,14.997272
0.033337,28.251312,0.010273,8.705826
0.024555,20.808867,0.019963,16.917416
0.028861,24.458033,0.048709,41.278895
0.052244,44.274030,0.033257,28.183784
0.014567,12.344673,0.041744,35.375673
0.025576,21.674187,0.003292,2.789443
0.058691,49.738029,0.051131,43.330884
0.009923,8.409569,0.054096,45.844081
0.049724,42.139093,0.022158,18.777998
0.051444,43.596168,0.031477,26.675397
0.025034,21.215412,0.039936,33.844094
0.012860,10.898132,0.024672,20.908271
0.025469,21.583631,0.023521,19.932690
0.019493,16.519300,0.036920,31.287749
0.022423,19.002707,0.061504,52.122090
0.027199,23.049552,0.003020,2.559133
0.035727,30.276858,0.032828,27.819853
0.011673,9.892449,0.044488,37.701701
0.008889,7.532656,0.012399,10.507506
0.013484,11.427178,-0.000182,-0.154653
0.032599,27.625961,0.025854,25.905531
0.008274,7.012037,0.018730,18.767287
0.026080,22.101372,0.038925,32.987450
0.040241,34.102546,0.031614,26.790977
0.036471,30.907642,0.026546,26.599374
0.002994,2.537292,0.040247,40.327398
0.071635,60.707266,0.003324,2.817027
0.005023,4.257042,0.053383,45.239495
0.021111,17.890255,0.014701,12.458698
0.052967,44.886908,0.037958,32.167307
0.051999,44.067094,0.007637,6.471750
0.052965,44.885332,0.051101,43.305354
0.039042,33.086204,0.014408,12.210372
0.041708,35.345623,-0.002270,-2.274844
0.021835,18.504432,0.044011,37.297048
0.051876,43.962161,0.014468,12.261078
0.008825,7.479112,0.008232,6.976097
0.032714,27.723856,0.015999,13.558364
0.031545,26.732843,0.039265,33.275086
0.014384,12.189788,-0.003952,-3.349257
0.042908,36.362286,0.057817,48.997139
0.038149,32.329352,0.023353,19.790779
0.020499,17.372037,0.019794,16.774318
0.047109,39.922218,0.040073,33.959707
0.011389,9.651748,0.035387,29.988525
0.011246,9.530606,-0.003038,-2.574819
0.062109,52.634144,0.003344,2.833589
0.034558,29.286461,0.062146,52.665993
0.037474,31.757113,0.055568,47.091145
0.058608,49.667501,0.006363,5.392221
0.042709,36.193423,0.039038,33.083235
0.029685,25.156965,0.043843,37.155212
0.065113,55.179889,0.104659,88.693632
0.020522,17.391204,0.005127,4.344930
0.039115,33.148199,-0.003443,-2.918114
0.018562,15.730508,0.033184,28.121682
0.011180,9.474604,0.017089,14.482359
0.054947,46.564935,0.046909,39.753105
0.055740,47.236613,0.058629,49.685042
0.018700,15.847300,0.007826,6.632240
0.053923,45.696932,0.014636,12.403068
0.010217,8.658831,0.035415,30.012801
0.039796,33.724926,0.058100,49.236628
0.052658,44.624954,0.047841,47.936257
0.027087,22.954608,0.022334,18.927076
0.054149,45.888706,0.037792,32.027227
0.036452,30.891052,0.032317,27.387185
0.062757,53.183744,0.015719,13.321140
0.063015,53.402422,0.059189,50.159494
0.030621,25.949960,0.045687,38.717708
0.053888,45.667315,0.027941,23.678746
0.025046,21.224988,-0.018889,-18.926288
0.028880,24.474547,0.022475,19.046423
0.029920,25.355443,0.031010,26.279839
0.021599,18.304176,0.037264,37.338590
0.051835,43.928104,0.038229,32.397479
0.026467,22.429769,0.049566,42.004690
0.030774,26.079267,0.036707,31.107046
0.051599,43.727966,0.035609,30.177101
0.034107,28.903959,0.054744,46.393308
0.030404,25.766044,0.038915,32.978274
0.026476,22.436808,0.043921,37.221308
0.028920,24.508276,0.006930,5.873137
0.005156,4.369085,0.067587,57.276756
0.025851,21.907438,0.022442,22.486536
0.025719,21.795788,0.046385,39.308766
0.017928,15.193424,0.041697,35.336192
0.001821,1.543449,0.029330,24.855879
0.000573,0.485356,0.001912,1.620458
0.024116,20.436993,0.061943,62.066435
0.032233,27.315764,0.034466,29.208228
0.009237,7.827532,0.055554,47.079618
0.030426,25.784168,0.058158,58.274131
0.020052,16.992785,0.001826,1.829464
0.050557,42.844573,0.027502,23.306512
0.022927,19.429307,0.042449,35.973656
0.064775,54.893429,0.008032,6.806835
0.010094,8.554586,0.032170,27.262902
0.026853,22.756333,0.059125,50.105515
0.054668,46.328523,0.048647,41.225701
0.030838,26.133374,0.007867,7.882580
0.018846,15.971128,0.009996,10.016173
0.022799,19.321175,0.047749,47.844126
0.010456,8.860737,0.025897,25.948727
0.063490,53.805054,0.017942,15.204684
0.054715,46.368624,0.002906,2.462912
0.026370,22.347577,0.014022,11.883065
0.025052,21.230209,0.020535,17.402658
0.015135,12.825954,0.031536,26.725284
-0.001390,-1.178241,0.045491,38.551635
0.056813,48.146206,0.042411,35.941255
0.012030,10.195264,0.040056,40.135418
0.029776,25.234125,-0.015420,-15.451106
0.008049,6.821003,0.018455,15.639957
0.014288,12.108360,0.015956,13.522090
0.003679,3.117635,0.050715,42.978436
0.020872,17.687974,0.047865,40.563381
0.025228,21.379559,0.023956,20.301655
0.036607,31.023053,0.017122,14.510426
0.022206,18.818488,0.008305,7.037838
0.053315,45.182330,0.026869,26.922220
0.042458,35.981506,0.031942,27.069631
0.035381,29.983560,0.020146,17.072523
0.029887,25.327804,0.010520,8.915064
0.006181,5.238524,0.046063,39.035832
0.028281,23.966755,0.014233,12.061443
-0.004409,-3.736717,0.013666,11.581003
0.035007,29.667096,-0.000225,-0.190824
0.044142,37.408642,-0.004399,-3.727757
0.054550,46.228268,0.013701,11.610566
0.008406,7.124072,0.035310,29.923494
0.001898,1.608638,0.055288,46.853866
0.031589,26.769869,0.036764,31.155871
0.036307,30.768255,0.037520,37.594448
0.052605,44.580195,0.028918,24.506769
0.024791,21.009591,0.012893,10.926201
0.027428,23.244232,0.025429,21.549743
-0.000493,-0.417723,0.007820,6.627396
0.033229,28.159698,0.024199,20.507113
0.008987,7.615679,0.049649,42.075462
0.044280,37.525134,0.057757,48.946163
0.054188,45.921597,0.048602,41.187717
0.030022,25.442385,0.048139,40.795274
0.057706,48.902704,0.050823,43.069736
0.035712,30.264620,-0.000786,-0.665736
0.024264,20.562445,0.000314,0.266007
0.009112,7.722064,0.001910,1.618493
0.002752,2.332346,0.017214,14.587890
0.040031,33.924596,0.024125,20.444536
0.042685,36.173671,0.046603,39.493671
0.041193,34.909458,0.029897,25.336236
0.027121,22.984051,0.014456,12.250985
0.009630,8.161354,0.020493,17.366519
0.040828,34.599540,0.044678,37.862234
0.021667,18.361683,0.008615,7.300871
0.042256,35.810118,0.020924,20.965782
0.006359,5.388961,0.007041,5.966979
0.004173,3.536450,0.006283,6.295281
0.022303,18.900458,0.018147,18.183003
0.033299,28.219531,0.027637,23.421390
0.050652,42.925394,0.052618,44.591511
0.010861,9.204164,0.032186,27.276283
0.043790,37.110217,0.060141,50.966388
0.012529,10.617409,0.046707,39.582116
0.022595,19.148306,0.021213,17.976665
0.006720,5.695024,0.008732,7.400359
0.051804,43.901216,0.073147,61.988401
0.010744,9.105388,0.055548,47.074463
0.016185,13.715818,0.029015,24.589125
0.026995,22.877274,0.014068,14.096490
0.025373,21.502126,0.024651,20.890671
0.051991,44.059740,0.031700,26.864194
0.052532,44.518007,0.028602,24.238752
0.048992,41.518695,0.037124,31.460538
0.017522,14.849390,0.025822,21.883070
0.067719,57.388741,0.069944,59.274252
0.029465,24.969859,0.054444,46.139041
0.020083,17.019026,0.006993,5.925981
0.035871,30.399141,-0.003901,-3.305723
0.026550,22.500243,0.010148,8.600265
0.025652,21.738885,0.026493,22.451748
0.048442,41.052591,0.055887,47.361605
0.051261,43.441555,0.014965,12.681907
-0.001010,-0.855734,0.065446,55.462682
0.006767,5.734609,0.001538,1.303327
0.036611,31.025932,0.054990,46.601453
0.008197,6.946973,0.047562,40.306444
0.016685,14.139719,0.039408,33.396695
0.007832,6.637365,0.011218,9.506673
0.009653,8.180814,0.014085,11.936633
0.041273,34.976934,0.027206,23.055880
0.031271,26.500810,0.007066,5.987756
0.024833,21.044445,0.010487,8.887422
0.031376,26.589259,0.016905,14.326232
0.013514,11.452537,0.063889,54.142535
0.028143,23.849801,0.058092,49.230233
0.012168,10.311497,0.029826,25.276320
0.033093,28.044377,0.010053,8.519808
0.040037,33.929479,0.001947,1.649737
0.040869,34.634251,0.066042,66.173472
0.039137,33.167127,0.008118,6.879232
0.032227,27.310589,-0.004517,-3.827873
0.026589,22.532825,0.023214,19.672883
-0.007174,-6.079681,0.044719,37.897034
0.039785,33.715816,0.061203,51.866859
0.032768,27.769056,0.021143,17.917623
0.011160,9.457512,0.021213,17.976935
0.022616,19.166145,0.028601,28.657964
0.049188,41.684764,0.006714,5.689502
0.044436,37.657005,0.014668,12.430775
0.019809,16.787345,0.038497,32.624516
0.060951,51.652775,0.039715,33.656941
0.026037,22.065395,0.029116,24.674753
0.051613,43.739262,0.048338,40.964107
0.016936,14.352184,0.020502,17.374599
0.031502,26.696501,0.010378,8.794813
0.015079,12.778599,0.024929,21.126031
0.053600,45.423293,0.022732,19.264082
0.027759,23.524842,0.020356,17.250536
0.013730,11.635260,0.014757,12.506066
0.033895,28.724637,0.016449,13.939386
0.017518,14.845641,0.021710,18.398466
0.029548,25.040493,0.009343,7.917727
0.026598,22.540576,0.002613,2.214345
0.017369,14.719574,0.053637,45.454487
0.010536,8.928989,0.058101,49.237820
0.028000,23.728732,0.021979,18.625816
0.068205,57.800080,0.041564,35.223447
0.010342,8.764346,0.013577,11.506047
0.016987,14.395871,0.048955,41.486974
0.047705,40.427917,0.018898,16.014795
0.025352,21.484556,0.027441,23.255356
0.033335,28.249959,0.029818,25.269677
0.002776,2.352922,0.028544,24.189755
0.018431,15.619254,0.025348,21.481275
0.025135,21.300466,0.033652,28.518600
0.025557,21.658694,-0.001186,-1.005080
0.016471,13.958290,0.039400,33.389952
0.059673,50.570014,0.023729,20.109616
0.020531,17.398793,0.060601,51.356228
0.029843,25.290455,0.046062,39.034964
0.050252,42.585834,0.017804,15.088081
0.045296,38.386378,0.021137,17.912685
0.038398,32.540123,0.064738,64.867291
0.005587,4.735112,0.028073,23.790279
0.028696,24.318552,0.022510,19.076296
0.002960,2.508683,0.026953,27.006788
0.019977,16.929248,0.024763,20.985310
0.032642,27.662246,0.032860,27.847385
0.016551,14.026367,0.025884,21.935801
0.025371,21.500467,0.013460,11.406892
0.011772,9.976607,0.011409,9.668394
0.047182,39.984860,0.040445,34.275417
0.037151,31.483622,0.031525,26.715769
0.016660,14.118775,0.017202,14.578235
0.015128,12.820048,0.048275,40.910820
0.043467,36.836356,0.061881,52.441315
0.017940,15.203700,0.004222,3.578038
0.065098,55.167729,0.061927,52.480336
0.006408,5.430769,0.012690,10.753849
0.011998,10.168056,0.040989,34.736307
0.008773,7.434321,0.021420,18.152363
0.012668,10.735530,0.044447,37.666424
0.053067,44.971462,0.034741,29.441730
0.033910,28.737051,0.012945,10.970510
0.044663,37.850101,0.046435,39.351600
0.028063,23.782331,0.039264,39.342589
0.023802,20.171401,0.016955,14.368386
0.026025,22.055029,0.015092,12.789640
0.003344,2.833863,0.054759,46.405392
0.036210,30.686374,0.049059,49.156408
0.023787,20.158026,0.043874,37.180906
0.060827,51.548040,0.070184,59.477352
0.050730,42.991043,0.022656,19.200190
0.000188,0.159433,-0.007245,-6.139863
0.030836,26.132262,0.022285,18.885783
0.022490,19.059317,0.058021,49.170418
0.035524,30.104576,0.022045,18.682263
-0.000626,-0.530811,0.056571,47.941301
0.022464,19.037404,0.011375,9.639514
0.034950,29.618636,-0.028784,-24.393053
0.027686,23.462600,0.059840,59.959546
0.031787,26.937630,0.050969,43.193693
0.059803,50.680146,0.001975,1.674125
0.006239,5.287603,0.003805,3.224760
0.046707,39.581707,0.021923,18.578405
0.045786,38.801662,0.046945,47.038192
0.016731,14.178329,0.058504,49.579445
0.010559,8.948651,0.054153,45.892025
0.044455,37.673900,0.003828,3.244270
0.058663,49.714056,0.050778,43.032172
0.046610,39.499992,0.064626,54.767079
0.038786,32.868887,0.028978,24.557416
0.021381,18.119710,0.069026,58.496664
0.002079,1.762125,0.018647,15.802425
0.021560,18.271083,0.027148,23.006863
0.026931,22.823000,0.016787,14.226356
0.003378,2.862356,0.035284,29.901561
0.029073,24.638356,0.051688,43.803140
-0.002522,-2.137411,0.046388,39.311662
0.025214,21.367681,0.036843,36.916266
0.021641,18.339618,0.012044,12.068421
0.009021,7.644759,0.011904,10.088160
0.032877,27.861521,0.044632,37.823626
0.055600,47.118121,0.005726,5.737510
0.016003,13.561616,0.005867,4.971866
0.027861,23.611284,0.033442,33.509024
0.024333,20.621312,0.041631,35.280704
0.058407,49.497207,0.037328,31.633579
0.020495,17.368546,0.010427,8.836439
0.030086,25.496502,0.048375,40.995136
0.002429,2.058638,0.015585,13.207655
0.012744,10.800176,0.060908,61.029364
0.010509,8.906047,0.020627,17.480356
0.021897,18.556840,0.048544,41.138667
0.001412,1.196477,0.014874,12.605169
0.046776,39.640701,0.025248,21.396109
0.013732,11.637156,0.058441,49.525866
0.037708,31.955922,0.033404,28.308672
0.032255,27.334413,0.015780,13.372775
0.031504,26.698404,0.005223,4.426262
0.027504,23.308285,0.021388,18.125412
0.059783,50.663332,0.054296,46.013315
0.029628,25.108393,0.006728,5.701675
0.023973,20.315686,0.011978,10.150611
0.030745,26.055138,0.041421,35.102369
0.044549,37.752846,0.040269,34.126285
0.027535,23.334600,0.035054,29.706501
0.060304,51.104898,0.038918,32.981323
0.028321,24.001116,0.025604,21.697845
0.028294,23.977820,0.041094,34.825515
0.058282,49.391223,0.020940,17.745623
0.035426,30.021970,0.024306,20.598069
0.039205,33.223993,0.072530,61.465471
0.005619,4.761946,0.049731,42.144570
0.033794,28.638671,0.006580,5.576259
0.011418,9.676159,0.046445,39.359690
0.020822,17.645694,0.050341,42.661573
0.001910,1.618392,0.037218,31.540687
0.038848,32.921495,0.027217,23.064782
0.024248,20.549098,0.020890,17.703306
0.021227,17.989048,0.041735,35.368228
0.041492,35.162419,0.054533,46.213815
0.025347,21.479987,0.029845,25.292437
0.036774,31.163970,0.028575,24.215727
0.056784,48.121853,0.007234,6.130111
0.032039,27.151436,0.020419,17.304272
0.026648,22.582974,0.032875,27.860016
0.044179,37.439582,0.051184,43.376098
0.020965,17.767183,0.012362,10.476028
0.003209,2.719240,0.027621,23.407854
0.044970,38.110183,0.034705,29.410771
0.023631,20.026431,0.041461,35.135952
0.054190,45.923318,0.017059,14.456346
0.023114,19.588253,0.016449,16.481665
0.024549,20.803994,0.064371,54.551653
0.033017,27.979992,0.052554,44.537202
0.007830,6.635364,0.031302,26.526902
0.052890,44.821412,0.017244,17.278182
0.021873,18.536515,0.032286,27.360840
0.008250,6.991682,0.055448,46.989701
0.026693,22.621251,0.039611,33.568182
0.016378,13.879723,-0.008660,-7.339299
0.054779,46.422488,0.026207,26.259480
0.040020,33.914894,-0.015104,-15.133634
0.008023,6.799529,0.035618,30.184711
0.030840,26.135814,0.011163,9.460155
0.057576,48.793330,0.011807,11.830815
0.023012,19.501644,0.017550,14.873197
0.017828,15.108347,0.051003,43.222824
0.022771,19.297555,0.035868,30.396672
0.025715,21.792584,0.051423,43.578335
0.021753,18.434326,0.024681,24.729962
0.030423,25.781816,0.082288,82.452103
0.026818,22.726727,0.002776,2.352183
0.010258,8.692778,0.045669,38.702643
0.049499,41.947728,0.057366,48.615031
0.053801,45.593835,0.031101,26.356374
0.040390,34.228955,0.038605,32.715762
0.015885,13.461819,0.016457,13.946828
0.026777,22.691993,-0.003407,-2.887296
0.024998,21.184398,0.041401,41.483639
0.008066,6.835511,0.054976,46.589124
0.013725,11.631134,0.031530,26.720082
0.015555,13.182501,0.029091,24.653223
0.007704,6.528514,0.001827,1.548158
0.026629,22.566477,0.015726,13.326900
0.011840,10.034131,0.055884,47.359243
0.009566,8.106484,0.034611,29.331445
0.037970,32.177695,0.026142,22.153687
0.055328,46.887562,0.027530,23.330340
0.026831,22.738314,0.023489,19.905748
0.042167,35.734892,0.045069,38.193480
0.023253,19.705452,0.007042,5.968130
-0.000867,-0.734559,0.028331,24.009079
0.036689,31.091967,0.012571,10.653110
0.025206,21.360913,0.059213,50.179870
0.027934,23.672377,0.009450,8.008443
0.024002,20.340274,0.049894,42.282946
0.046751,39.619597,0.032323,27.392222
0.014370,12.178198,0.030557,25.895967
0.012344,10.461305,0.045810,38.822180
0.061661,52.254993,0.006637,5.624864
0.023018,19.506280,0.013620,11.542090
0.026785,22.698654,0.002041,2.045397
0.034835,29.520695,0.009388,7.955706
0.011922,10.103668,0.044259,37.507790
0.001719,1.456957,0.053601,53.708154
0.050339,42.659647,0.018736,15.877722
0.024330,20.618731,0.004721,4.000873
0.007470,6.330857,0.028946,24.530341
0.038246,32.411386,0.007174,6.079670
0.014713,12.468506,0.044258,37.506384
0.056822,48.154038,0.021513,18.231011
0.019189,16.261800,0.020509,17.380168
0.049073,41.587194,0.017339,14.693592
0.015282,12.950832,0.024706,20.937408
0.027406,23.224932,0.009977,8.455186
0.032107,27.209236,0.026828,22.735635
0.036136,30.623454,0.016074,13.621644
0.046443,39.358207,0.039302,33.306639
0.043902,37.204632,0.027184,23.036926
0.008717,7.387112,0.026965,22.851561
0.007254,6.147127,0.023093,19.570543
0.024635,20.877122,0.016432,13.925136
0.026506,22.462261,0.020524,17.393514
0.000586,0.496353,0.067558,57.251856
0.007074,5.994753,0.014106,11.954072
0.006317,5.353402,0.044596,44.685113
0.029873,25.315555,0.030515,30.576341
0.022720,19.253729,0.008153,6.909686
0.046612,39.501503,0.049441,49.539739
0.012289,10.414438,0.039239,33.252774
0.051730,43.838471,0.028977,24.556257
0.056296,47.708174,0.021426,18.157799
0.045730,38.754067,0.033755,28.605627
0.025450,21.567683,0.018539,15.710794
0.022515,19.080583,0.041626,35.275789
0.028788,24.396620,-0.005567,-5.578003
0.050948,43.176395,0.029542,25.035313
0.012455,10.554909,0.038931,32.992234
0.027791,23.551801,0.006021,5.102222
0.009451,8.009172,0.041520,35.185865
0.028360,24.033857,0.036627,31.040047
-0.000570,-0.482763,0.049684,42.105244
0.016257,13.777425,0.022898,19.404591
0.044939,38.083403,0.013855,11.741486
0.031182,26.425075,0.033523,28.408937
0.010882,9.222010,0.033480,28.372682
0.037842,32.069599,0.067062,56.831761
0.045961,38.949888,0.013773,11.671749
0.026105,22.122968,0.008583,8.599984
0.010944,9.274428,0.050563,42.849661
0.049410,41.873032,0.030923,26.205855
0.013615,11.537901,0.040511,40.592145
0.030899,26.185162,0.029149,24.702418
0.002772,2.348779,0.025314,21.452781
0.017066,14.462837,0.024085,20.411266
0.026021,22.051758,0.025617,21.709455
-0.000883,-0.748254,0.008686,7.360548
0.033811,28.653099,0.042740,36.219934
0.002664,2.257269,0.052649,52.754416
0.018015,15.267110,0.011264,9.545794
0.057978,49.133460,0.060856,51.572316
0.005903,5.002227,0.027418,23.235615
0.025699,21.778560,0.010522,8.917126
0.034030,28.838708,0.014629,12.397718
0.016162,13.696918,-0.005052,-4.281026
0.057090,48.381275,0.048948,41.480698
-0.002678,-2.269054,0.018648,15.803484
0.028837,24.438142,0.044982,45.071712
0.013710,11.618783,0.003906,3.913315
0.021029,17.820706,0.016971,14.381831
0.047989,40.668309,0.030253,25.637858
0.023512,19.925294,0.064102,54.323377
0.059260,50.219663,0.052535,44.520871
0.018731,15.873349,0.021018,17.812039
0.033036,27.996835,0.033154,28.096394
0.022186,18.801771,0.048255,40.894231
0.054107,45.852806,0.014547,12.327884
0.046447,39.361251,0.033584,28.460914
0.001648,1.396396,0.025166,21.327385
0.048636,41.216797,0.003059,2.592510
0.029227,24.768576,0.030734,26.045678
0.027122,22.984237,-0.008597,-7.285770
0.026957,22.844421,0.004030,3.415653
0.010806,9.157598,0.052291,44.313940
0.018168,15.396189,0.046977,39.810566
0.056033,47.484984,0.000432,0.366368
0.046662,39.543894,0.011217,9.505490
0.024870,21.076323,0.028798,24.404988
0.048842,41.391445,0.024464,20.732182
-0.005432,-4.603019,0.032125,27.224314
0.005466,4.632364,0.029224,29.282423
0.026044,22.070905,0.016834,14.265699
0.026561,22.508950,0.018801,15.933173
0.036465,30.902380,0.016259,13.779148
0.004599,3.897681,0.018576,15.742448
0.015325,12.987107,0.040895,34.656666
0.051327,43.497587,0.059880,50.745585
0.012506,10.598200,0.013769,11.668661
0.010139,8.592091,0.006811,5.772322
0.046001,38.983923,0.014726,12.479712
0.026031,22.060043,0.027252,23.095015
0.021906,18.564318,0.031718,26.879320
0.039434,33.418682,0.051145,43.342868
0.026028,22.057137,0.020129,17.057977
0.016409,13.906182,0.005121,4.340046
0.030086,25.496040,0.022265,18.868414
0.033273,28.197679,0.028542,24.188020
0.022857,19.370621,0.003414,2.893244
-0.001148,-0.972788,0.028440,24.101945
0.053064,44.969499,0.018108,15.345386
0.024372,20.654482,0.010383,8.799507
0.058453,49.536457,0.016140,13.678008
0.010916,9.250507,0.039151,33.178398
0.056623,47.985240,0.003723,3.155151
0.012609,10.685386,0.015780,13.372626
0.022550,19.110009,-0.001887,-1.890862
0.037767,32.005923,0.037283,31.595254
0.055078,46.676225,0.038026,38.102060
0.026426,22.394518,0.041289,34.990743
0.056395,47.791817,0.006728,5.702071
0.004609,3.905675,0.014728,12.481201
0.049811,42.212708,0.046897,39.742844
0.009748,8.261005,0.056407,47.802486
0.015492,13.128804,0.018795,15.927458
0.005145,4.359988,0.020358,17.252024
0.060014,50.858799,0.012801,10.848168
0.050048,42.413682,0.028518,24.167547
-0.000678,-0.574400,0.038859,32.931099
0.026963,22.849847,0.044177,37.438256
0.027458,23.269096,0.030204,25.596504
0.056946,48.259212,0.035325,29.936237
0.055415,46.961577,0.031081,26.339867
0.052503,44.493411,0.010527,8.920728
0.009069,7.685201,0.025506,21.615123
0.016781,14.220686,0.037404,31.698394
0.033367,28.276536,0.027989,23.719334
0.019695,16.690184,0.033138,28.082770
0.047099,39.913957,0.019376,16.420269
0.030988,26.260615,0.022025,18.665494
0.006879,5.829343,0.018267,15.480345
0.066401,56.272046,0.018666,15.818764
0.024184,20.494716,0.037096,31.436781
0.000917,0.777439,0.033249,28.176834
-0.004405,-3.733060,0.032751,27.754781
0.029012,24.586237,0.031181,26.424223
0.017730,15.025182,0.073970,74.117731
0.028312,23.993445,0.026851,22.754887
0.021458,18.184934,0.013387,11.344664
0.021182,17.950913,0.010701,9.068646
0.045445,38.512442,0.035331,29.940977
0.020555,17.419797,0.034194,28.977610
0.016857,14.285123,0.074121,62.814143
0.055335,46.893892,0.037330,31.635575
0.035806,30.343635,0.015857,13.437858
0.006505,5.512506,0.067442,57.153490
0.038854,32.926617,0.034066,28.869706
0.031812,26.959319,0.032226,27.309587
0.022542,19.103224,0.019765,16.750005
0.013239,11.219734,0.007522,6.374174
0.048822,41.374502,0.012014,10.181435
0.033253,28.180482,0.035597,30.166354
0.025422,21.543809,0.001184,1.003785
0.071263,60.391851,0.042752,36.230262
0.059095,50.079970,0.060058,50.896509
-0.000573,-0.485622,0.058126,49.258856
0.002232,1.891183,0.054298,46.015363
0.071624,60.697834,0.034024,28.833415
0.010150,8.601537,0.026343,22.324636
0.009441,8.001219,0.039890,33.804900
0.046832,39.687610,0.027155,23.012915
0.017516,14.844182,0.025691,21.771923
0.017135,14.521384,0.054336,46.046993
0.015850,13.431751,0.027379,23.202722
0.032953,27.926096,0.027782,23.544241
0.023534,19.943840,0.029236,24.776212
-0.003280,-2.779293,0.025837,21.895724
0.045055,38.182333,0.026450,22.414967
0.004567,3.870594,0.010392,8.806641
0.034634,29.350695,0.005946,5.039100
0.000720,0.609838,0.005056,4.284528
0.011464,9.715579,0.028518,24.167309
0.010441,8.848268,0.026063,22.087357
0.023967,20.310582,0.022916,22.961965
0.012890,10.923648,-0.002192,-1.857332
0.050735,42.995075,0.034238,29.015418
0.013346,11.310189,0.001134,0.961059
0.011086,9.395015,0.028661,24.289100
0.049879,42.270232,0.040690,34.482538
0.018641,15.797268,0.031256,26.487914
0.024645,20.885423,0.052611,44.585618
0.049058,41.573911,0.050337,42.658058
0.034252,29.026572,0.009108,9.126339
0.056708,48.057245,0.011033,9.349896
0.026127,22.141490,0.022629,19.177413
0.054953,46.569937,0.045646,38.683105
0.038516,32.640752,0.021187,17.954569
0.057422,48.662570,0.019734,16.723610
0.062540,53.000044,0.030344,25.714881
0.017247,14.615777,0.033873,28.706049
0.037993,32.197504,0.055394,46.944187
0.032255,27.334585,0.013392,11.348889
0.002991,2.534828,0.024094,20.418710
0.030154,25.554435,0.017125,14.512459
0.030920,26.203060,0.024231,20.534523
0.047497,40.251615,0.063028,53.413411
0.010212,8.653835,0.050402,42.712995
0.052155,44.198752,0.045768,38.786609
0.033613,28.485494,0.019379,16.423055
0.063793,54.061754,0.018855,18.893084
0.000786,0.666013,0.008415,7.131153
0.019151,16.229901,0.042351,35.890703
0.053598,45.421601,0.047102,47.196413
0.007534,6.384796,0.013644,11.562972
0.027215,23.063064,0.058349,58.465514
0.001537,1.302612,0.032611,27.635982
0.030942,26.222142,0.050348,42.667391
0.041301,35.000470,0.029534,25.028715
0.008141,6.898961,0.041840,35.457297
0.048424,41.037413,0.051071,43.280621
0.053118,45.014895,0.031855,31.918444
0.050829,43.075480,0.014138,11.981322
0.027604,23.392902,0.023767,20.141405
0.022125,18.750218,0.036128,30.616997
0.025095,21.266498,0.008630,7.313311
0.028584,24.223231,0.011517,11.540401
0.009695,8.215961,0.012644,10.715598
0.015199,12.880379,0.025567,25.617556
0.046525,39.427782,0.047753,40.468650
0.054181,45.915678,0.038814,32.892601
0.019851,16.823038,0.051281,43.457984
0.014862,12.595058,0.027931,23.669799
0.024864,21.070721,0.010108,8.566370
0.014774,12.520500,0.051653,43.773709
0.045226,38.326812,0.026174,22.180824
0.009275,7.859964,0.010177,8.624372
0.062647,53.090483,0.000452,0.382860
0.017144,14.528817,0.003871,3.280552
0.025617,21.709124,0.026708,26.761607
0.017618,14.930482,0.011881,10.068815
0.028095,23.809371,0.009527,9.545937
0.035593,30.163282,0.004774,4.045413
0.030417,25.777258,0.029220,24.762165
0.016051,13.602713,0.076025,76.177154
0.061490,52.109544,0.033951,34.018537
0.034569,29.295402,0.023272,19.721560
0.022064,18.698161,0.012124,10.274665
0.015713,13.316250,0.034064,28.867827
0.029250,24.787941,0.045087,38.208923
0.034034,28.842453,0.058668,49.718101
0.001849,1.567289,0.051776,43.877752
0.003721,3.153331,0.000502,0.425587
0.066643,56.476699,0.031464,26.664235
0.037826,32.055824,0.020623,17.477116
0.054287,46.005701,0.028946,24.530296
0.005412,4.586324,0.047384,40.156004
0.011877,10.065295,0.057998,58.113581
0.011571,9.806190,0.038905,32.970254
0.034376,29.131761,0.046658,39.540355
0.022172,18.789682,0.057389,48.634596
0.005711,4.839986,0.032179,27.270062
0.016973,14.383992,0.013393,11.350162
0.000956,0.809893,0.028010,23.737495
0.049128,41.633841,0.053218,45.100016
0.033603,28.476643,0.021081,17.865292
0.031755,26.910699,0.064399,54.575144
0.019652,16.653769,0.037851,32.077192
0.023786,20.157218,0.017571,14.890475
0.026552,22.501584,0.019419,16.456643
0.035922,30.441985,0.058270,49.381284
0.021250,18.008211,0.020203,17.120668
0.026942,22.832077,-0.024356,-24.404313
0.017197,14.573237,0.035560,30.135170
0.027983,23.714094,0.045992,38.976155
0.018375,15.572073,0.013844,11.731829
0.010331,8.754706,0.026684,22.613520
0.024633,20.875116,0.021189,17.956659
0.029918,25.353845,0.027847,23.599294
0.030622,25.950282,0.024899,24.948633
0.029009,24.583371,0.016489,13.973338
0.024883,21.087184,0.058248,49.362530
0.049620,42.050769,0.018631,15.789097
0.051059,43.269689,0.045418,38.489272
0.001719,1.457034,0.044413,37.637953
0.030191,25.585455,0.020392,17.281355
0.025541,21.644563,0.037882,37.957797
0.034980,29.643952,0.047664,40.392833
0.055260,46.830244,0.007197,6.099162
0.015255,12.928061,0.002553,2.163767
0.048134,40.791215,0.020893,17.706170
0.005108,4.328510,0.051432,43.586592
0.022114,18.740390,0.052525,44.512453
0.018327,15.530993,0.025675,21.758136
0.052232,44.264028,0.035086,29.733828
0.029625,25.105706,0.050712,42.976042
0.027194,23.045917,0.023344,19.783179
0.024223,20.527895,0.053733,45.535948
0.004454,3.774437,0.069023,69.160768
0.031470,26.669597,0.000826,0.827852
0.013836,11.725519,0.010084,8.545844
0.027240,23.084746,0.057192,57.305789
0.008216,6.962776,0.016148,13.684521
0.031745,26.902646,0.058587,49.649360
0.022674,19.215143,0.048752,41.314891
0.010657,9.031216,0.037544,31.817077
0.019003,16.104173,0.007072,5.993386
0.040520,34.338422,-0.004788,-4.057411
0.053819,45.609409,0.024598,20.845321
0.047117,39.929770,0.028606,24.242018
0.040135,34.012153,0.004880,4.135622
0.027303,23.137804,0.021546,18.259435
0.031420,26.626556,0.014652,12.416620
0.046522,39.425413,0.049381,41.848094
0.021856,18.521534,0.047475,40.233114
0.040145,34.020567,0.038950,33.007924
0.014827,12.565281,0.020252,17.162559
0.014609,12.380180,-0.004942,-4.188336
0.044062,37.340045,0.047537,40.285024
0.019380,16.423379,0.057802,48.984686
0.056075,47.520648,0.032392,27.450425
0.034394,29.147618,0.074416,63.064129
0.036900,31.271085,0.047320,40.101287
0.028912,24.501711,0.032323,32.387286
0.032779,27.778719,0.009767,8.277107
0.029554,25.045666,0.022245,18.851930
0.010346,8.767782,0.014930,12.652828
0.032576,27.606220,0.034659,29.371547
0.017398,14.744369,0.026368,22.345589
0.043824,37.138936,-0.005072,-4.298561
0.029206,24.750839,0.047509,40.261892
0.063668,53.955670,0.029117,24.675318
0.006039,5.117740,0.048896,41.436759
0.014960,12.677479,0.015764,13.358881
0.014132,11.976091,0.031220,26.457848
0.002544,2.155742,0.011317,9.590898
0.013787,11.684112,0.031075,26.334345
0.021146,17.920541,0.009181,7.780356
0.052966,44.885932,0.071692,71.835131
0.023595,19.995748,0.064184,54.392599
0.036183,30.663315,0.030176,25.572657
0.012499,10.592288,0.023385,19.818043
0.027712,23.484226,0.016958,14.370973
0.020271,17.178489,0.026279,22.270494
0.028348,24.023557,0.038022,38.098020
0.013049,11.058499,0.036227,30.700539
0.024199,20.507156,0.045764,38.782510
0.045852,38.857035,0.047086,39.902966
0.022754,19.282704,0.026678,22.608004
0.021637,18.336385,0.012725,10.783509
0.020453,17.332985,0.018185,15.410702
0.033334,28.249314,0.003265,2.767038
0.019357,16.404484,0.058553,49.620890
0.050666,42.936793,0.029056,24.623808
0.045836,38.844221,0.048195,40.842846
0.035106,29.750282,0.011478,9.727112
0.012296,10.420648,0.035535,30.113799
0.068508,58.057554,0.025241,25.290957
0.006893,5.841650,-0.006797,-5.760075
0.007453,6.316455,0.062024,52.562389
0.030844,26.139143,0.050408,42.718533
0.014796,12.538748,0.000363,0.307656
0.048867,41.412343,0.010079,8.541098
0.006125,5.190999,0.015891,13.466866
0.009058,7.675855,0.026194,22.198175
0.015751,13.348036,0.046518,39.422023
0.031541,26.729443,0.016136,13.674707
0.022395,18.979024,0.035884,30.409638
0.026061,22.085512,0.028251,23.941239
0.010699,9.066677,0.014052,11.908533
0.048787,41.345045,0.000206,0.174156
0.021149,17.922416,0.051379,43.541602
0.022440,19.017094,0.020861,17.678485
0.000746,0.632160,0.004108,3.481595
0.011408,9.667920,0.015831,13.416189
0.032095,27.199240,0.053749,45.549653
-0.001844,-1.562442,0.015834,13.418242
0.050380,42.694875,0.027757,23.522321
0.044330,37.567677,0.010054,8.520637
0.065082,55.154061,0.030944,26.223704
0.045249,38.346202,0.007712,6.535484
0.030567,25.903920,0.019373,16.417819
0.006053,5.129747,0.029847,25.293526
0.004593,3.892151,0.033200,28.135378
0.035202,29.832299,0.031833,26.976679
0.014995,12.707892,0.030612,25.942007
0.006415,5.436505,0.010425,8.834348
0.038637,32.742730,0.027428,23.244259
0.032189,27.278488,0.066165,56.071742
0.028095,23.809580,0.022060,18.694494
0.017089,14.482201,0.006159,5.219798
0.027868,23.616968,0.032253,27.332761
0.033760,28.610299,0.011292,9.569261
0.028332,24.010196,0.020610,20.651323
0.028810,24.415162,0.011004,9.325065
0.015956,13.522344,0.033186,28.123398
0.012921,10.949766,0.016302,13.815437
0.009899,8.388599,0.048829,48.926479
0.036886,31.258757,0.012583,12.607615
0.025827,21.886801,0.022354,18.944007
0.012598,10.676094,0.041425,35.105462
0.020971,17.771997,0.062648,53.091326
0.051478,43.625102,0.027163,27.217575
0.036866,31.241995,0.037722,37.796878
0.032347,27.412515,0.022436,19.013424
0.046506,39.412008,0.014987,12.700941
0.008748,7.413824,0.015327,12.989235
0.033644,28.511459,0.040820,34.593084
0.043384,36.766182,0.017415,14.758303
0.028779,24.388810,0.023053,19.536592
0.059252,50.213435,0.017827,15.107470
0.050436,42.742154,0.026453,22.417959
0.018636,15.793110,0.021923,18.578789
0.021046,17.835199,0.052427,52.531125
0.053674,45.486175,0.026838,22.743542
0.005670,4.805381,0.013378,11.336969
0.025925,21.970226,0.035535,30.114594
0.009256,7.843603,0.033793,28.637790
0.016243,13.764913,0.002052,1.739084
0.001263,1.070079,0.025245,21.394297
0.030900,26.186252,0.038881,32.950099
0.027671,23.449460,0.024818,21.031942
0.021168,17.938660,0.029109,24.668338
0.048801,41.356474,0.049928,42.311920
0.030160,25.559157,0.026842,22.747492
0.022237,18.845161,-0.001268,-1.270972
0.052872,44.806644,0.022658,19.201526
0.024807,21.022929,0.036061,30.559896
0.028418,24.083196,0.008951,7.585290
0.022171,18.788711,0.005786,4.903162
0.024557,20.811187,0.028497,24.150020
0.054874,46.503016,0.035552,30.128904
0.065376,55.402991,0.032241,27.322860
0.014773,12.519191,0.023659,20.050169
0.054040,45.796126,0.056700,48.050908
0.015229,12.905991,-0.015614,-15.645141
0.009763,8.273556,0.016704,14.155797
0.032173,27.265158,0.037506,31.784304
0.051164,43.358726,0.021167,17.937689
0.040858,34.625620,0.034069,28.872187
0.026255,22.249817,0.021080,17.864195
0.026157,22.166734,0.042993,36.434198
0.015632,13.247026,0.015974,13.537574
0.024511,20.772092,0.023540,23.587438
0.051606,43.733292,0.049390,41.855273
0.051532,43.671015,0.026293,22.282381
0.052135,44.181805,0.024774,20.994647
0.009127,7.734659,0.024935,21.131568
0.036329,30.787318,0.015720,13.321823
0.060119,50.947723,0.012274,10.401470
0.054727,46.378141,0.022124,18.748815
0.031393,26.604376,0.039505,33.478937
0.028452,24.111381,0.035939,30.456271
0.033380,28.288252,0.059204,50.172193
0.001987,1.684111,0.075030,75.179238
0.014154,11.994862,0.036346,30.801103
0.017574,14.893216,0.015722,13.323979
-0.001550,-1.313619,0.006366,5.395030
0.013960,11.830121,0.042014,35.604957
0.036309,30.770115,0.074013,74.160636
0.058910,49.923115,0.073413,73.559314
0.044322,37.560844,0.005965,5.054814
0.028992,24.568925,0.019067,16.157963
0.000816,0.691668,0.041993,35.586873
0.054020,45.779593,0.046860,39.711404
0.047992,40.671147,0.033936,28.759176
0.049838,42.234950,0.026211,22.212963
0.006689,5.668975,0.032071,27.178408
0.065729,55.701988,0.038897,32.963625
0.057756,48.945051,0.026818,22.726705
0.037852,32.077448,0.036653,31.061630
0.012098,10.252607,0.020639,17.490626
0.017305,14.665139,0.028504,24.155644
0.013538,11.472966,0.047398,40.167544
0.019099,16.185825,0.024660,20.897998
0.031766,26.919826,0.014947,14.976961
0.049427,41.887447,0.033096,28.047094
0.017185,14.563691,0.008385,7.106298
0.037391,31.686893,0.028143,23.850175
0.054316,46.029956,0.033236,28.166040
0.007304,6.189693,0.047547,40.293669
0.023112,19.586682,0.050771,50.872706
0.034136,28.928789,0.017887,15.158169
0.042702,36.188208,0.030471,30.531362
0.038936,32.996464,0.019838,16.811578
0.013600,11.525199,0.015827,13.412588
0.030630,25.957292,0.001074,0.909991
-0.002439,-2.067226,0.006472,5.484794
0.031589,26.769769,0.056447,47.835752
0.051874,43.961122,0.004385,3.716312
0.031838,26.980958,0.015099,12.795503
0.013708,11.617120,0.014857,12.590693
0.023461,19.882487,0.019815,16.792415
0.028387,24.056569,0.035891,30.416272
0.000444,0.376413,0.033267,28.192219
0.014143,11.985781,0.009691,8.212328
0.037630,31.889719,0.021765,18.444893
0.005005,4.241155,0.009074,7.689749
0.026803,22.714273,0.019937,16.895595
0.028680,24.305153,0.022706,19.242418
0.011988,10.159504,0.009735,8.249546
0.049836,42.233388,0.051198,43.388109
0.012553,10.638170,0.023332,19.773056
0.043870,37.177643,0.040382,34.221419
0.057119,48.405795,-0.002593,-2.197160
0.025222,21.374241,0.065008,65.137979
0.047563,40.307043,0.035601,30.170494
0.029045,24.614661,0.037277,37.350879
0.046046,39.022182,-0.002146,-1.818510
0.003814,3.232003,0.050646,42.920366
0.049711,42.128003,0.059644,50.545438
0.019207,16.277015,0.042718,36.201145
0.017974,15.232005,0.061318,51.964490
0.020140,17.068111,0.051590,43.720333
0.032287,27.361710,0.023777,23.824798
0.025207,21.362067,0.068586,68.722835
0.032992,27.959432,0.017736,17.771504
0.049627,42.056841,-0.005601,-4.746513
-0.001710,-1.449253,-0.006403,-5.426419
0.036473,30.908980,0.043057,36.488829
0.021462,18.187925,0.024700,20.932482
0.014400,12.202978,0.024201,20.509015
0.008648,7.329122,0.007574,6.418594
0.034712,29.416720,0.013096,11.098608
0.048263,40.900813,0.063043,53.426188
-0.008440,-7.152187,0.055538,47.065617
0.029733,25.197502,0.055562,47.086303
0.049641,42.068477,0.029458,24.963881
0.015487,13.124881,0.056901,57.014732
0.014551,12.331657,0.052298,44.319743
0.024774,20.994813,0.006388,6.400969
0.022577,19.133156,0.032634,27.656066
0.045388,38.464201,0.035091,29.737931
0.003279,2.779168,0.044569,44.657914
0.056062,47.510047,0.006124,5.189739
0.029794,25.249062,0.014295,12.114554
0.019720,16.711896,0.018589,15.753338
0.014835,12.571640,0.030431,25.788839
0.029875,25.317495,0.050282,42.611279
0.026333,22.315721,0.012623,10.697255
0.021127,17.904201,0.030447,30.507246
0.046680,39.558872,0.004373,3.706109
0.011825,10.020760,0.024095,20.419473
0.008708,7.379531,0.036301,30.763657
0.036147,30.633156,0.034760,29.457726
0.034345,29.105494,0.031252,26.484675
0.009523,8.070528,0.029808,25.261060
0.035068,29.718691,0.025273,21.417399
0.023522,19.933527,0.062104,52.630348
0.001398,1.184735,0.029797,25.251183
0.052387,44.395533,0.052537,44.522424
0.029228,24.769674,0.022546,19.107022
0.042220,35.779747,0.037456,37.530321
0.035231,29.856234,0.017622,14.933780
0.023692,20.077743,0.053331,53.437572
0.026542,22.493110,0.026568,22.515479
0.060134,50.960527,0.014392,12.196492
0.028038,23.760511,0.006755,5.724333
0.009313,7.892550,0.004475,3.792308
0.026230,22.228526,0.031346,26.564338
0.044467,37.683367,0.031414,26.622256
0.019112,16.196246,0.039188,33.209978
0.044262,37.509828,0.001361,1.153584
0.008827,7.480281,0.053347,45.209006
0.050941,43.170092,0.053848,45.633928
0.002562,2.170831,0.062073,52.604328
0.018784,15.918225,0.054356,46.063902
0.023977,20.319704,0.018313,15.519619
0.017360,14.711951,0.029265,24.800765
0.025339,21.473416,0.024845,21.054671
0.033739,28.592569,0.054071,45.822584
0.032080,27.186368,0.050822,43.069021
0.017500,14.830374,0.117245,117.478471
0.047849,40.549610,0.059284,50.240110
0.005905,5.004434,0.018759,15.897469
0.053538,45.371236,0.049478,41.929852
0.054365,46.071807,0.053819,45.609062
0.034827,29.514100,0.044824,37.986088
0.027113,22.977320,0.005695,5.706694
-0.000009,-0.007806,0.052028,44.091486
0.013223,11.205809,0.021868,18.532210
0.026249,22.245022,0.030165,25.563463
0.022685,19.224787,0.045354,38.435688
0.030816,26.114680,0.000858,0.726755
0.046595,39.486755,0.018952,16.060688
0.024763,20.985604,0.042740,36.220071
0.059599,50.506958,0.024363,20.646375
0.014852,12.585979,-0.001327,-1.329755
0.042753,36.231480,0.053576,45.403134
0.009415,7.978885,0.021627,18.327799
0.018894,16.011699,0.028381,28.437144
0.027912,23.654426,0.044943,38.086954
0.051545,43.681691,0.046172,39.128553
0.055529,47.057825,0.017557,14.878482
0.016524,14.003025,0.035816,30.352484
0.019846,16.818165,-0.002425,-2.055048
0.060288,51.091308,0.023852,20.213116
0.052750,44.703211,0.042143,35.714086
0.021886,18.547210,0.029519,25.016200
0.027102,22.967652,0.045642,38.679272
0.033879,28.710794,-0.003881,-3.288783
0.028836,24.437339,0.009203,7.799057
0.030902,26.187912,0.028750,24.364077
0.032094,27.198118,0.036043,30.544738
0.045775,38.791988,0.034075,28.877327
0.020635,17.487149,0.023774,20.147092
0.026237,22.234348,0.007064,5.986171
0.031493,26.689213,0.059018,50.015072
0.032712,27.722123,0.033620,28.491592
0.024540,20.796274,0.028714,24.333960
0.015120,12.813741,0.021335,18.080074
0.002052,1.739322,0.051103,43.307662
0.019198,16.269328,0.027083,22.951976
0.051943,44.018810,0.018369,15.566487
0.024692,20.925188,0.030239,25.626533
0.035611,30.178252,0.006014,5.096620
0.028035,23.758120,0.011058,9.370750
0.010828,9.176166,-0.021910,-21.954166
0.020402,17.289367,0.047733,40.451844
0.035678,30.235657,0.033048,28.006629
0.032116,27.217187,0.007817,6.624804
0.042480,35.999781,0.039983,33.883787
0.006600,5.593210,0.025878,21.930108
0.022672,19.213422,0.055104,46.698247
0.046669,39.549431,0.033033,27.993916
0.066922,56.713199,0.022886,19.395032
0.048224,40.867154,0.022576,19.132040
0.035231,29.856412,0.024577,24.625660
0.053789,45.583458,0.052346,44.361047
0.035907,30.429185,0.045744,38.766267
0.032169,27.261491,0.011123,9.426141
0.041456,35.132229,0.023977,24.024917
0.047580,40.321377,-0.005659,-4.795524
0.018758,15.896653,0.018927,16.040054
0.060851,51.568618,0.010813,9.163505
0.058930,49.940412,0.035183,29.815711
0.044051,37.331434,0.002306,1.953967
0.045139,38.253336,0.065696,55.674150
0.019150,16.228630,0.058085,49.224280
0.035494,30.079796,0.025709,21.787561
0.047723,40.442806,0.044688,37.870630
0.053944,45.715312,0.032109,27.210769
0.060179,50.999212,0.060192,60.312111
0.019764,16.748665,0.021817,18.488515
0.015222,12.900218,0.023318,19.761236
0.000660,0.558999,0.012402,10.510150
0.027594,23.384221,0.063463,63.589991
0.063520,53.830558,0.019434,16.469695
0.030131,25.534260,0.008855,7.503789
0.035827,30.361349,0.010957,9.285663
0.046725,39.597006,0.055357,46.912261
0.026355,22.334471,0.046769,46.862095
0.042770,36.245721,0.015518,13.151127
0.031160,26.406258,0.027615,23.402400
0.056645,48.003679,0.020571,17.433157
0.024640,20.881149,0.053281,45.153422
0.015861,13.441735,0.029419,24.931470
0.048463,41.069878,0.037012,31.365748
0.010320,8.745390,0.024864,24.913903
0.014956,12.674660,0.046487,39.395797
0.039136,33.165690,0.016670,14.127154
0.016555,14.029536,0.025520,21.627389
0.012258,10.388486,0.020178,17.099636
0.021980,18.627376,-0.001448,-1.226987
0.034264,29.037110,0.030665,30.726072
0.041752,35.382998,0.003649,3.092246
0.019325,16.377236,0.023416,19.844170
0.058881,49.899020,0.065978,55.913451
0.021700,18.390120,0.016275,13.791989
0.028275,23.961350,0.050110,42.465702
0.042341,35.881737,0.024745,20.970545
0.016899,14.320989,0.019515,16.538451
0.006793,5.756689,0.061628,52.226696
0.005611,4.754781,0.007152,6.061326
0.048155,40.809034,0.006866,5.819029
0.001734,1.469890,0.036552,30.976134
0.006992,5.925032,0.031919,27.049907
0.030670,25.991385,0.024105,20.427651
0.054935,46.554705,0.012976,10.996264
0.058336,49.437212,0.026137,22.149683
0.048090,40.754209,0.031283,26.511150
0.046754,39.621944,0.029309,24.837870
0.007656,6.488244,0.007240,6.135907
0.029426,24.937242,0.051753,51.856176
0.057821,49.000254,0.016456,13.945352
0.024735,20.961586,0.048555,41.148029
0.024416,20.691704,0.033523,33.589845
0.027679,23.456518,0.006393,5.417510
0.040486,34.310211,0.041716,35.352476
0.032810,27.804647,0.036843,31.222403
0.050849,43.092149,0.032819,27.812154
0.050056,42.419790,0.043505,36.868219
0.061338,51.980843,0.030012,25.434089
0.050420,42.728203,0.033514,28.401320
0.055773,47.265114,0.045434,38.503104
0.018052,15.297933,0.004381,3.712592
0.046050,39.025375,0.038683,32.782354
0.004371,3.704537,0.002607,2.209590
